# Blender 3.6.23
# www.blender.org
o Head
v -5.452109 7.381437 8.706531
v -5.513893 9.266519 8.674691
v -5.920667 9.349249 6.387208
v -5.874777 7.362947 6.419526
v -4.830379 11.160035 8.409619
v -5.153009 11.335546 6.354887
v -5.513893 9.431978 4.099722
v -5.452108 7.546981 4.129224
v -4.830379 11.308539 4.303451
v -3.848391 6.231010 10.225583
v -4.248238 7.429925 10.579844
v -4.493363 5.851242 8.709573
v -4.299014 9.197873 10.572759
v -3.833046 10.984013 10.062567
v -3.204168 12.219154 9.415257
v -3.587921 12.699916 8.138690
v -3.774091 12.983703 6.328071
v -3.587921 12.830625 4.524560
v -3.204168 12.441689 3.262145
v -3.833046 11.251941 2.654288
v -4.299013 9.500624 2.201654
v -4.248237 7.731108 2.252127
v -4.493362 6.015203 4.176004
v -3.848391 6.505139 2.645844
v -4.823936 5.714792 6.446342
v -2.336093 7.657690 1.068119
v -2.349493 9.543403 1.018839
v 0.000000 9.557725 0.622800
v 0.000000 7.571554 0.651569
v -2.123340 11.402869 1.695185
v 0.000000 11.515247 1.386108
v 2.349492 9.543403 1.018839
v 2.336092 7.657690 1.068120
v 2.123340 11.402869 1.695186
v -2.299736 6.093630 2.007515
v -1.884546 12.889421 2.898899
v 0.000000 13.114058 2.723737
v 1.884545 12.889421 2.898899
v 3.204167 12.441689 3.262145
v 3.833046 11.251941 2.654288
v 4.299013 9.500624 2.201654
v 4.248237 7.731108 2.252127
v 2.299736 6.093630 2.007514
v 3.848391 6.505139 2.645844
v 0.000000 5.887189 1.679573
v 5.452108 7.546981 4.129224
v 5.513893 9.431978 4.099722
v 5.920666 9.349249 6.387208
v 5.874776 7.362948 6.419526
v 4.830379 11.308539 4.303451
v 5.153008 11.335546 6.354887
v 5.513892 9.266519 8.674691
v 5.452108 7.381437 8.706531
v 4.830379 11.160035 8.409619
v 4.493362 6.015203 4.176005
v 3.587920 12.830625 4.524560
v 3.774091 12.983703 6.328071
v 3.587921 12.699916 8.138689
v 3.204168 12.219154 9.415257
v 3.833046 10.984013 10.062567
v 4.299013 9.197873 10.572759
v 4.248237 7.429925 10.579844
v 4.493362 5.851242 8.709573
v 3.848391 6.231010 10.225583
v 4.823935 5.714791 6.446343
v 2.336092 7.270727 11.767637
v 2.349492 9.155094 11.755575
v 0.000000 9.140772 12.151613
v 0.000000 7.154344 12.187481
v 2.123339 11.065703 11.017885
v 0.000000 11.155844 11.323668
v -2.349493 9.155094 11.755575
v -2.336093 7.270727 11.767637
v -2.123341 11.065703 11.017885
v 2.299736 5.772817 10.878062
v 1.884545 12.641123 9.764351
v 0.000000 12.853348 9.932405
v -1.884546 12.641123 9.764351
v -2.299737 5.772817 10.878061
v 0.000000 5.542396 11.213114
v -2.540581 5.093719 3.942856
v 0.000000 4.784894 3.775984
v 0.000000 4.343822 6.468649
v -2.710377 4.687713 6.463055
v 2.540581 5.093719 3.942856
v 2.710376 4.687713 6.463055
v 0.000000 4.590532 9.150126
v -2.540581 4.911798 8.973002
v 2.540581 4.911798 8.973002
v 1.918851 13.761802 4.489820
v 0.000000 14.079061 4.423463
v 0.000000 14.354675 6.305763
v 1.988608 14.010782 6.311359
v -1.918852 13.761802 4.489820
v -1.988609 14.010782 6.311359
v 0.000000 13.942505 8.199254
v 1.918851 13.629675 8.143150
v -1.918852 13.629675 8.143150
v 5.978995 8.938588 6.944242
v 5.344593 8.938157 6.343823
v 2.682344 7.761313 9.945523
v 6.889213 9.494023 5.234592
v 7.001195 9.494100 5.340576
v 7.049706 9.356978 5.289421
v 6.937722 9.356902 5.183436
v 7.539645 6.500938 4.549490
v 7.651629 6.501016 4.655475
v 7.582520 6.384169 4.728579
v 7.470537 6.384093 4.622594
v 4.392153 5.431830 7.315218
v 5.095002 5.432309 7.980416
v 6.553052 4.929372 5.593051
v 6.665036 4.929451 5.699036
v 6.563848 4.883674 5.805984
v 6.451865 4.883596 5.700000
v 6.500790 7.005331 6.717094
v 6.407127 8.145951 6.598893
v 5.173328 4.286274 7.051331
v 5.285311 4.286350 7.157313
v 5.179429 4.293180 7.269185
v 5.067445 4.293104 7.163200
v 6.202655 8.690274 5.668851
v 6.605931 8.690548 6.050524
v 5.666441 8.145448 5.897882
v 6.431235 9.184357 6.234752
v 6.027961 9.184082 5.853079
v 6.496279 8.956560 5.474952
v 6.783197 8.956755 5.746500
v 6.658906 9.308084 5.877573
v 6.371990 9.307889 5.606025
v 6.732481 9.170769 5.318974
v 6.925796 9.170899 5.501934
v 6.842053 9.407612 5.590247
v 6.648737 9.407481 5.407286
v 6.840848 6.772388 5.026524
v 7.213560 6.772643 5.379268
v 6.989477 7.015512 5.818426
v 6.414507 7.015121 5.274256
v 7.443571 7.161535 5.135959
v 7.220027 7.732428 5.574312
v 7.070860 7.161282 4.783214
v 6.645058 7.732037 5.030141
v 7.091425 6.617871 4.865786
v 7.360381 6.618055 5.120336
v 7.526365 6.898691 4.944757
v 7.257407 6.898509 4.690207
v 7.293979 6.492968 4.735851
v 7.479067 6.493093 4.911026
v 7.593290 6.686217 4.790197
v 7.408201 6.686090 4.615025
v 6.086775 6.981441 5.500390
v 6.781734 6.981913 6.158121
v 5.544081 7.004682 5.811635
v 6.889567 7.925743 6.043507
v 6.194608 7.925270 5.385776
v 6.175947 5.162560 5.773860
v 6.505075 5.162786 6.085358
v 6.445068 5.567070 6.595198
v 5.669890 5.566542 5.861544
v 6.802480 5.297328 5.771024
v 7.024093 6.222057 5.982930
v 6.473351 5.297103 5.459526
v 6.248913 6.221530 5.249278
v 5.779216 5.850821 7.408170
v 4.894567 5.850219 6.570910
v 4.914581 4.760221 7.152677
v 5.198010 4.760414 7.420921
v 5.234056 5.099422 7.557642
v 4.775842 5.099112 7.123977
v 5.465999 4.743131 7.137777
v 5.633104 5.346125 7.135829
v 5.182570 4.742938 6.869531
v 5.174891 5.345813 6.702164
v 4.998613 4.503439 7.158463
v 5.187796 4.503569 7.337510
v 5.366671 4.492031 7.148517
v 5.177489 4.491901 6.969470
v -5.978996 8.938588 6.944242
v -2.682345 7.761313 9.945523
v -5.344594 8.938157 6.343823
v -6.889213 9.494023 5.234592
v -6.937722 9.356902 5.183435
v -7.049706 9.356978 5.289420
v -7.001195 9.494100 5.340576
v -7.539645 6.500938 4.549489
v -7.470537 6.384093 4.622593
v -7.582520 6.384169 4.728578
v -7.651629 6.501016 4.655475
v -4.392154 5.431830 7.315218
v -5.095003 5.432309 7.980416
v -6.553052 4.929372 5.593051
v -6.451865 4.883596 5.699999
v -6.563848 4.883674 5.805984
v -6.665036 4.929451 5.699035
v -6.500791 7.005331 6.717094
v -6.407128 8.145951 6.598893
v -5.173328 4.286274 7.051331
v -5.067446 4.293101 7.163200
v -5.179430 4.293180 7.269185
v -5.285312 4.286350 7.157313
v -6.202655 8.690274 5.668851
v -5.666441 8.145448 5.897882
v -6.605931 8.690548 6.050522
v -6.431236 9.184357 6.234751
v -6.027961 9.184082 5.853079
v -6.496279 8.956560 5.474950
v -6.783197 8.956755 5.746500
v -6.658906 9.308084 5.877572
v -6.371990 9.307889 5.606023
v -6.732481 9.170769 5.318973
v -6.925796 9.170899 5.501933
v -6.842053 9.407612 5.590246
v -6.648737 9.407481 5.407285
v -6.840848 6.772388 5.026523
v -6.414507 7.015121 5.274254
v -6.989477 7.015512 5.818425
v -7.213560 6.772643 5.379267
v -7.220027 7.732428 5.574310
v -7.443571 7.161535 5.135958
v -6.645058 7.732037 5.030140
v -7.070860 7.161282 4.783214
v -7.091425 6.617871 4.865786
v -7.360381 6.618055 5.120335
v -7.526365 6.898691 4.944757
v -7.257407 6.898509 4.690207
v -7.293979 6.492968 4.735851
v -7.479067 6.493093 4.911026
v -7.593290 6.686217 4.790196
v -7.408201 6.686090 4.615024
v -6.086775 6.981441 5.500390
v -5.544081 7.004682 5.811635
v -6.781734 6.981913 6.158121
v -6.889567 7.925743 6.043507
v -6.194608 7.925270 5.385776
v -6.175947 5.162560 5.773860
v -5.669890 5.566542 5.861544
v -6.445069 5.567070 6.595198
v -6.505076 5.162785 6.085357
v -7.024093 6.222057 5.982930
v -6.802480 5.297328 5.771022
v -6.248913 6.221530 5.249277
v -6.473351 5.297103 5.459525
v -4.894568 5.850219 6.570910
v -5.779217 5.850821 7.408170
v -4.914582 4.760221 7.152677
v -4.775843 5.099112 7.123977
v -5.234056 5.099422 7.557642
v -5.198011 4.760414 7.420921
v -5.633105 5.346125 7.135829
v -5.466000 4.743131 7.137777
v -5.174891 5.345813 6.702164
v -5.182570 4.742938 6.869531
v -4.998614 4.503439 7.158463
v -5.187796 4.503569 7.337510
v -5.366672 4.492031 7.148517
v -5.177490 4.491901 6.969470
v -7.571646 -4.250560 -4.535177
v -6.132985 -4.063977 -5.516685
v -5.703200 -4.159590 -3.757820
v -6.805170 -4.340463 -3.407941
v -9.198777 -3.784205 -7.289404
v -9.236569 -3.538831 -7.283895
v -9.080894 -3.510560 -7.475294
v -9.043099 -3.755934 -7.480803
v -4.047781 -2.955437 -9.326008
v -4.085400 -2.710042 -9.320313
v -3.878555 -2.681453 -9.185905
v -3.840937 -2.926848 -9.191601
v -1.201895 -1.876943 -2.827004
v -2.448390 -1.710888 -4.204785
v -3.388288 -2.083236 -3.438805
v -2.096381 -2.080539 -1.983370
v -1.246984 -2.571121 -7.385797
v -1.284603 -2.325726 -7.380100
v -1.179233 -2.314786 -7.155504
v -1.141614 -2.560183 -7.161200
v -4.505107 -1.914392 -5.537271
v -4.483803 -2.218028 -3.970450
v 0.219591 -2.417291 -4.327571
v 0.181973 -2.171895 -4.321876
v 0.205976 -2.173953 -4.074719
v 0.243594 -2.419349 -4.080416
v -5.955859 -2.451081 -3.670359
v -6.381804 -2.440856 -5.479009
v -7.795773 -2.702181 -4.430849
v -7.057827 -2.631954 -3.320481
v -9.306952 -3.868408 -1.008828
v -9.276549 -4.113995 -1.029549
v -9.049980 -4.094359 -0.929816
v -9.080381 -3.848773 -0.909096
v -8.124112 -3.859243 -7.048422
v -8.232620 -3.154715 -7.032607
v -7.458396 -2.829413 -6.642639
v -7.285720 -3.953388 -6.668274
v -8.679606 -3.235894 -6.483063
v -8.280685 -2.973365 -5.870038
v -8.571097 -3.940423 -6.498877
v -8.108008 -4.097340 -5.895671
v -8.420226 -3.817304 -7.176136
v -8.503270 -3.278117 -7.164032
v -8.845354 -3.340245 -6.743456
v -8.762311 -3.879432 -6.755560
v -8.776245 -3.800574 -7.377285
v -8.839123 -3.392310 -7.368120
v -9.098144 -3.439353 -7.049668
v -9.035265 -3.847615 -7.058834
v -4.245304 -3.310116 -7.953664
v -4.370510 -2.493369 -7.934707
v -4.680364 -2.332809 -7.121227
v -4.487213 -3.592783 -7.150475
v -5.058944 -2.588519 -8.382050
v -5.885954 -2.508899 -7.497052
v -4.933738 -3.405267 -8.401010
v -5.692802 -3.768875 -7.526299
v -4.084392 -3.157601 -8.446284
v -4.174744 -2.568213 -8.432603
v -4.671535 -2.636877 -8.755418
v -4.581185 -3.226264 -8.769100
v -3.954317 -3.034313 -8.844495
v -4.016494 -2.628715 -8.835081
v -4.358372 -2.675968 -9.057232
v -4.296194 -3.081565 -9.066648
v -4.326133 -3.716897 -6.539854
v -4.559592 -2.193981 -6.504501
v -4.183718 -4.010900 -5.585938
v -6.082514 -2.426497 -6.545292
v -5.849055 -3.949409 -6.580644
v -1.489972 -2.867548 -6.716591
v -1.600536 -2.146304 -6.699850
v -2.219455 -1.758291 -5.942235
v -1.959047 -3.456995 -5.981666
v -1.910231 -2.178457 -7.359965
v -3.441864 -1.917875 -7.140238
v -1.799666 -2.899699 -7.376708
v -3.181457 -3.616579 -7.179668
v -2.151208 -3.649483 -4.249785
v -0.441852 -2.722713 -3.825376
v -0.537064 -2.101615 -3.810958
v -1.083763 -1.993923 -3.612197
v -0.929835 -2.998038 -3.635506
v -0.597817 -2.096406 -4.436512
v -1.603601 -2.053393 -4.483243
v -0.502605 -2.717504 -4.450929
v -1.449672 -3.057509 -4.506552
v -0.065052 -2.555948 -3.965575
v -0.128603 -2.141380 -3.955951
v -0.169155 -2.137904 -4.373495
v -0.105603 -2.552473 -4.383118
v -1.001479 -3.202547 -2.857344
v -8.471991 -3.473282 -1.813995
v -8.387383 -4.156699 -1.871653
v -7.951166 -4.217476 -2.444948
v -8.089997 -3.215096 -2.395487
v -9.017882 -4.211336 -2.149188
v -8.771422 -4.265986 -3.068165
v -9.102490 -3.527922 -2.091528
v -8.901329 -3.264607 -2.973425
v -8.711565 -3.621145 -1.457660
v -8.648304 -4.132151 -1.500773
v -9.119742 -4.173006 -1.708291
v -9.183002 -3.662000 -1.665179
v -8.907831 -3.742275 -1.165742
v -8.862053 -4.112040 -1.196937
v -9.203188 -4.141603 -1.347097
v -9.248962 -3.771839 -1.315902
v -7.775929 -2.983020 -2.891128
v -7.583694 -4.282941 -2.957671
v -8.296732 -4.289824 -3.700472
v -8.475636 -2.991397 -3.566267
v -6.822713 -3.940643 -6.068631
v -7.008274 -2.730186 -6.040530
v -7.995711 -2.897928 -5.335361
v -7.810149 -4.108385 -5.363461
v -4.231145 -3.926536 -4.057909
v -3.135630 -3.791745 -3.526264
v -1.878996 -3.550524 -2.058620
v -0.471663 -3.145678 -2.266607
v -1.349180 -3.493654 -1.467883
v -0.672079 -1.820075 -2.236268
v -1.566565 -2.023670 -1.392633
v 1.911416 14.033136 7.997086
v 1.479636 13.792603 7.556886
v 1.203556 13.645549 7.763403
v 1.423840 13.691298 8.100128
v 5.011923 15.349866 9.340126
v 6.770908 13.186336 10.579217
v 7.454629 12.906980 8.488853
v 6.186667 15.128953 7.375760
v 7.073985 11.684727 11.003368
v 7.819078 11.349258 9.659356
v 7.370055 9.969797 11.279072
v 7.837308 9.882740 10.609160
v 6.291742 9.208942 11.265102
v 7.441481 8.321154 11.206492
v 6.130350 8.980628 11.009679
v 7.356832 8.190299 11.038335
v 7.701151 11.118008 9.382717
v 7.245799 12.690953 8.317996
v 4.134562 11.665529 10.542672
v 4.018217 11.489255 10.134198
v 4.884213 10.225491 10.629375
v 5.147892 10.502357 10.891713
v 7.706377 9.688204 10.312206
v 4.415225 13.219170 5.826219
v 3.923058 12.261303 5.701197
v 4.075469 12.093037 5.004291
v 4.699672 13.439487 5.403425
v 6.284733 14.447030 7.306499
v 2.405345 13.913714 9.669975
v 2.081696 13.403497 9.329563
v 2.883415 13.344973 6.370939
v 3.502202 14.777770 7.090291
v 2.193808 13.633452 8.014027
v 1.723743 13.320246 7.989874
v 1.450660 13.226114 7.710567
v 1.733044 13.387526 7.664005
v 4.966822 14.906386 9.137467
v 5.878096 14.795227 7.557943
v 6.994713 12.768375 8.583954
v 6.545105 12.947694 10.216118
v 7.331650 11.302567 9.662958
v 6.856110 11.535154 10.591133
v 7.354427 9.897897 10.529320
v 7.150409 9.903484 10.846479
v 6.440722 9.310595 10.809855
v 7.184371 8.585896 10.884647
v 7.188856 8.575024 10.786245
v 6.370120 9.197649 10.641994
v 6.845418 12.705051 8.599556
v 7.255925 11.193448 9.572087
v 4.361327 11.678158 10.108856
v 5.354806 10.539440 10.449459
v 5.199094 10.382574 10.288854
v 4.353705 11.646573 9.814075
v 7.247395 9.810519 10.431174
v 3.980274 13.443878 5.836391
v 4.475550 13.296470 5.814636
v 3.717606 12.100391 5.338445
v 3.516978 12.491640 5.553471
v 5.893140 14.504286 7.594866
v 2.691979 13.678462 9.350166
v 2.469060 13.295909 9.050006
v 3.669805 14.357318 7.277128
v 3.101665 13.064006 6.707396
v -1.911417 14.033136 7.997086
v -1.423841 13.691298 8.100128
v -1.203557 13.645549 7.763403
v -1.479637 13.792603 7.556886
v -5.011924 15.349866 9.340126
v -6.186668 15.128953 7.375760
v -7.454629 12.906980 8.488853
v -6.770908 13.186336 10.579217
v -7.819078 11.349258 9.659356
v -7.073985 11.684727 11.003368
v -7.837308 9.882740 10.609160
v -7.370055 9.969797 11.279072
v -6.291743 9.208942 11.265102
v -7.441481 8.321154 11.206492
v -7.356832 8.190299 11.038335
v -6.130351 8.980628 11.009679
v -7.245799 12.690953 8.317996
v -7.701151 11.118008 9.382717
v -4.134563 11.665529 10.542672
v -5.147892 10.502357 10.891713
v -4.884214 10.225491 10.629375
v -4.018218 11.489255 10.134198
v -7.706377 9.688204 10.312206
v -4.415225 13.219170 5.826219
v -4.699672 13.439487 5.403425
v -4.075469 12.093037 5.004291
v -3.923058 12.261303 5.701197
v -6.284734 14.447030 7.306499
v -2.405346 13.913714 9.669975
v -2.081697 13.403497 9.329563
v -3.502203 14.777770 7.090291
v -2.883416 13.344973 6.370939
v -2.193809 13.633452 8.014027
v -1.733045 13.387526 7.664005
v -1.450660 13.226114 7.710567
v -1.723744 13.320246 7.989874
v -4.966823 14.906386 9.137467
v -6.545105 12.947694 10.216118
v -6.994713 12.768375 8.583954
v -5.878097 14.795227 7.557943
v -6.856110 11.535154 10.591133
v -7.331650 11.302567 9.662958
v -7.150409 9.903484 10.846479
v -7.354427 9.897897 10.529320
v -6.440723 9.310595 10.809855
v -7.184371 8.585896 10.884647
v -6.370121 9.197649 10.641994
v -7.188856 8.575024 10.786245
v -7.255925 11.193448 9.572087
v -6.845418 12.705051 8.599556
v -4.361328 11.678158 10.108856
v -4.353706 11.646573 9.814075
v -5.199095 10.382574 10.288854
v -5.354807 10.539438 10.449459
v -7.247395 9.810519 10.431174
v -3.980274 13.443878 5.836391
v -3.516978 12.491640 5.553471
v -3.717606 12.100391 5.338445
v -4.475550 13.296470 5.814636
v -5.893141 14.504286 7.594866
v -2.691980 13.678462 9.350166
v -2.469061 13.295909 9.050006
v -3.101666 13.064006 6.707396
v -3.669806 14.357318 7.277128
v 2.249371 9.083829 12.104369
v 2.503164 9.015797 11.992579
v 2.752754 9.034969 11.855196
v 2.965532 9.135159 11.711348
v 3.129040 9.303533 11.571680
v 3.230820 9.527267 11.446829
v 3.258415 9.793531 11.347439
v 3.204780 10.067681 11.288258
v 3.080380 10.313368 11.275367
v 2.899034 10.515216 11.306399
v 2.674556 10.657843 11.378996
v 2.420764 10.725879 11.490789
v 2.171173 10.706705 11.628173
v 1.958395 10.606518 11.772017
v 1.794888 10.438141 11.911687
v 1.693109 10.214406 12.036536
v 1.665512 9.948142 12.135928
v 1.719149 9.673990 12.195109
v 1.843547 9.428306 12.208000
v 2.024894 9.226458 12.176966
v 2.167178 9.034014 11.948092
v 2.420971 8.965979 11.836297
v 2.670561 8.985153 11.698916
v 2.883339 9.085340 11.555071
v 3.046846 9.253716 11.415401
v 3.148626 9.477449 11.290551
v 3.176222 9.743715 11.191159
v 3.122586 10.017863 11.131978
v 2.998187 10.263552 11.119088
v 2.816841 10.465399 11.150123
v 2.592363 10.608029 11.222718
v 2.338570 10.676062 11.334511
v 2.088980 10.656887 11.471894
v 1.876202 10.556700 11.615740
v 1.712695 10.388325 11.755406
v 1.610915 10.164591 11.880260
v 1.583319 9.898327 11.979649
v 1.636955 9.624177 12.038831
v 1.761354 9.378489 12.051722
v 1.942701 9.176642 12.020687
v 3.262861 7.739677 11.671601
v 3.688416 7.940053 11.383908
v 4.015431 8.276804 11.104572
v 4.218991 8.724272 10.854871
v 4.274182 9.256803 10.656088
v 4.166911 9.805099 10.537727
v 3.918112 10.296475 10.511945
v 3.555419 10.700170 10.574014
v 3.106464 10.985429 10.719206
v 2.598879 11.121495 10.942792
v 2.099698 11.083146 11.217557
v 1.674143 10.882771 11.505248
v 1.347128 10.546020 11.784584
v 1.143568 10.098552 12.034285
v 1.088377 9.566023 12.233068
v 1.195647 9.017724 12.351431
v 1.444446 8.526348 12.377213
v 1.807140 8.122655 12.315144
v 2.256094 7.837396 12.169951
v 2.763680 7.701330 11.946365
v 2.934087 7.540408 11.046487
v 3.359642 7.740787 10.758795
v 3.686657 8.077536 10.479458
v 3.890217 8.525002 10.229758
v 3.945408 9.057534 10.030975
v 3.838137 9.605832 9.912611
v 3.589338 10.097206 9.886830
v 3.226645 10.500902 9.948899
v 2.777690 10.786159 10.094092
v 2.270104 10.922228 10.317677
v 1.770924 10.883879 10.592443
v 1.345369 10.683502 10.880135
v 1.018354 10.346751 11.159472
v 0.814794 9.899284 11.409171
v 0.759602 9.366755 11.607954
v 0.866873 8.818457 11.726318
v 1.115672 8.327082 11.752100
v 1.478366 7.923388 11.690030
v 1.927320 7.638127 11.544839
v 2.434906 7.502061 11.321252
v 2.213085 8.058142 12.327337
v 2.669912 7.935682 12.126108
v 3.119174 7.970194 11.878820
v 3.502174 8.150533 11.619898
v 3.796487 8.453610 11.368495
v 3.979691 8.856330 11.143765
v 4.029364 9.335606 10.964861
v 3.932820 9.829074 10.858334
v 3.708901 10.271313 10.835130
v 3.382477 10.634635 10.890992
v 2.978417 10.891371 11.021665
v 2.521591 11.013829 11.222892
v 2.072328 10.979316 11.470181
v 1.689328 10.798978 11.729103
v 1.395016 10.495901 11.980506
v 1.211812 10.093182 12.205237
v 1.162139 9.613907 12.384142
v 1.258683 9.120440 12.490667
v 1.482602 8.678201 12.513871
v 1.809025 8.314875 12.458010
v 2.139111 8.013307 12.186687
v 2.595938 7.890846 11.985457
v 3.045200 7.925359 11.738171
v 3.428200 8.105697 11.479247
v 3.722513 8.408775 11.227844
v 3.905717 8.811493 11.003115
v 3.955389 9.290770 10.824210
v 3.858845 9.784239 10.717684
v 3.634927 10.226478 10.694479
v 3.308503 10.589800 10.750342
v 2.904443 10.846536 10.881015
v 2.447617 10.968994 11.082242
v 1.998353 10.934481 11.329530
v 1.615354 10.754142 11.588454
v 1.321042 10.451066 11.839857
v 1.137837 10.048345 12.064587
v 1.088165 9.569070 12.243489
v 1.184709 9.075603 12.350019
v 1.408628 8.633365 12.373220
v 1.735051 8.270039 12.317359
v -2.249372 9.083829 12.104369
v -2.024895 9.226458 12.176966
v -1.843549 9.428306 12.208000
v -1.719150 9.673990 12.195109
v -1.665514 9.948142 12.135928
v -1.693110 10.214406 12.036536
v -1.794890 10.438141 11.911687
v -1.958396 10.606518 11.772017
v -2.171174 10.706705 11.628173
v -2.420765 10.725879 11.490789
v -2.674557 10.657843 11.378996
v -2.899035 10.515216 11.306399
v -3.080382 10.313368 11.275367
v -3.204781 10.067681 11.288258
v -3.258417 9.793531 11.347439
v -3.230821 9.527267 11.446829
v -3.129041 9.303533 11.571680
v -2.965533 9.135159 11.711348
v -2.752756 9.034969 11.855196
v -2.503165 9.015797 11.992579
v -2.420972 8.965979 11.836297
v -2.167179 9.034014 11.948092
v -2.670562 8.985153 11.698916
v -2.883340 9.085340 11.555071
v -3.046847 9.253716 11.415401
v -3.148628 9.477449 11.290551
v -3.176223 9.743715 11.191159
v -3.122587 10.017863 11.131978
v -2.998188 10.263552 11.119088
v -2.816842 10.465399 11.150123
v -2.592364 10.608029 11.222718
v -2.338572 10.676062 11.334511
v -2.088981 10.656887 11.471894
v -1.876203 10.556700 11.615740
v -1.712696 10.388325 11.755406
v -1.610916 10.164591 11.880260
v -1.583320 9.898327 11.979649
v -1.636956 9.624177 12.038831
v -1.761355 9.378489 12.051722
v -1.942702 9.176642 12.020687
v -3.262862 7.739677 11.671601
v -2.763681 7.701330 11.946365
v -2.256096 7.837396 12.169951
v -1.807141 8.122655 12.315144
v -1.444447 8.526348 12.377213
v -1.195648 9.017724 12.351431
v -1.088377 9.566023 12.233068
v -1.143569 10.098552 12.034285
v -1.347129 10.546020 11.784584
v -1.674144 10.882771 11.505248
v -2.099699 11.083146 11.217557
v -2.598880 11.121495 10.942792
v -3.106465 10.985429 10.719206
v -3.555420 10.700170 10.574014
v -3.918113 10.296475 10.511945
v -4.166912 9.805099 10.537727
v -4.274183 9.256803 10.656088
v -4.218992 8.724272 10.854871
v -4.015431 8.276804 11.104572
v -3.688416 7.940053 11.383908
v -3.359643 7.740785 10.758795
v -2.934088 7.540408 11.046487
v -3.686658 8.077536 10.479458
v -3.890218 8.525002 10.229758
v -3.945409 9.057534 10.030975
v -3.838137 9.605832 9.912611
v -3.589339 10.097206 9.886830
v -3.226646 10.500902 9.948899
v -2.777691 10.786159 10.094092
v -2.270106 10.922227 10.317677
v -1.770925 10.883879 10.592443
v -1.345369 10.683502 10.880135
v -1.018355 10.346751 11.159472
v -0.814795 9.899284 11.409171
v -0.759603 9.366755 11.607954
v -0.866874 8.818457 11.726318
v -1.115673 8.327082 11.752100
v -1.478366 7.923388 11.690030
v -1.927322 7.638127 11.544839
v -2.434907 7.502061 11.321252
v -2.213086 8.058142 12.327337
v -1.809027 8.314875 12.458010
v -1.482603 8.678201 12.513871
v -1.258684 9.120440 12.490667
v -1.162140 9.613907 12.384142
v -1.211812 10.093182 12.205237
v -1.395017 10.495901 11.980506
v -1.689330 10.798978 11.729103
v -2.072329 10.979316 11.470181
v -2.521593 11.013829 11.222892
v -2.978419 10.891371 11.021665
v -3.382478 10.634635 10.890992
v -3.708902 10.271313 10.835130
v -3.932820 9.829074 10.858334
v -4.029365 9.335606 10.964861
v -3.979692 8.856330 11.143765
v -3.796488 8.453610 11.368495
v -3.502175 8.150533 11.619898
v -3.119176 7.970194 11.878820
v -2.669914 7.935682 12.126108
v -2.595939 7.890846 11.985457
v -2.139112 8.013307 12.186687
v -3.045201 7.925359 11.738171
v -3.428201 8.105697 11.479247
v -3.722514 8.408773 11.227844
v -3.905718 8.811493 11.003115
v -3.955390 9.290770 10.824210
v -3.858846 9.784239 10.717684
v -3.634928 10.226478 10.694479
v -3.308503 10.589800 10.750342
v -2.904444 10.846536 10.881015
v -2.447618 10.968994 11.082242
v -1.998355 10.934481 11.329530
v -1.615355 10.754142 11.588454
v -1.321043 10.451066 11.839857
v -1.137838 10.048345 12.064587
v -1.088166 9.569070 12.243489
v -1.184710 9.075603 12.350019
v -1.408629 8.633365 12.373220
v -1.735052 8.270039 12.317359
v 0.000000 4.484390 2.178436
v 1.007797 4.436677 2.316593
v 1.260570 3.974046 1.720821
v 0.000000 4.059133 1.580048
v 1.740719 4.216027 2.826907
v 2.158276 3.621218 2.275532
v 2.487978 3.070076 1.729227
v 1.456297 3.563493 1.129755
v 0.000000 3.690215 0.985591
v 1.975440 3.775852 3.741322
v 2.406530 2.983057 3.270161
v 1.694830 3.348188 4.644492
v 2.016882 2.495414 4.322242
v 2.412531 1.357805 4.621463
v 2.783246 2.169277 2.940755
v 0.000000 -1.196094 -2.790680
v 1.499370 -1.240188 -2.616632
v 1.523209 -2.685619 -2.624645
v 0.000000 -2.669854 -2.792695
v 2.611746 -1.438913 -1.810780
v 2.604491 -2.785856 -1.891117
v 2.381387 -3.719172 -1.693691
v 1.496281 -3.909724 -2.068520
v 0.000000 -3.950662 -2.198812
v 2.862744 -2.081686 -0.400896
v 2.918226 -3.256179 -0.392972
v 2.961911 -1.985788 1.046845
v 3.213082 -3.174712 0.976404
v 2.875828 -4.004607 1.112715
v 2.551980 -4.167446 -0.339144
v 0.000000 5.617113 2.660933
v 0.809349 5.597539 2.796673
v 0.867808 4.954322 2.583370
v 0.000000 4.976983 2.445226
v 1.407564 5.475358 3.336910
v 1.507736 4.824059 3.100673
v 1.618699 5.204186 4.347742
v 1.730598 4.542127 4.036183
v 1.407564 4.932908 5.361568
v 1.501999 4.261841 4.967928
v 1.444739 3.100460 0.548064
v 0.000000 3.252589 0.413997
v 2.487627 2.520343 1.107680
v 2.360154 1.910614 0.438772
v 1.355133 2.540386 -0.062729
v 0.000000 2.704367 -0.185360
v 2.859214 1.412997 2.258831
v 2.762979 0.287507 3.539572
v 2.517558 -0.663132 2.413992
v 2.770024 0.749211 1.421785
v 0.809349 4.810455 5.909293
v 0.862789 4.135703 5.475821
v 0.000000 4.790720 6.049524
v 0.000000 4.115514 5.608317
v 0.000000 3.129869 5.247982
v 0.967643 3.158818 5.126692
v 1.133552 2.309515 4.828756
v 0.000000 2.271513 4.919212
v 0.000000 1.037490 5.193879
v 1.312806 1.447505 5.239267
v 1.644110 -4.194584 1.607059
v 1.482096 -4.495911 -0.178369
v 0.000000 -3.921354 2.030879
v 0.000000 -4.518771 -0.106396
v 2.498760 -0.308932 1.666735
v 1.446049 -0.511636 2.356444
v 1.528375 -1.078662 1.962883
v 2.577128 -1.129185 1.036055
v 0.000000 -0.556801 2.504819
v 0.000000 -1.070952 2.204375
v 0.000000 -1.653083 2.497624
v 1.717185 -1.464723 2.103255
v 1.159173 -4.097311 5.562148
v 0.663386 -4.118938 5.520158
v 0.922461 -4.329592 4.823123
v 1.466730 -4.239141 5.024569
v 0.260532 -4.097311 5.228139
v 0.378747 -4.239141 4.620185
v 0.686568 -4.294769 4.081895
v 1.182090 -4.359344 4.124595
v 1.585209 -4.294769 4.415904
v 4.695192 -2.887823 4.386514
v 4.349923 -2.689444 4.685628
v 4.228313 -3.451164 4.734104
v 4.663624 -3.521121 4.346031
v 3.904105 -2.728585 4.904144
v 3.705856 -3.328330 4.972723
v 3.632760 -3.936428 4.861021
v 4.019557 -4.160007 4.633124
v 4.423847 -4.095666 4.343390
v 1.360775 -3.278557 5.196221
v 0.780499 -3.230623 5.205070
v 0.672121 -3.363383 5.496658
v 1.326311 -3.409151 5.469262
v 0.346868 -3.278557 4.819373
v 0.194634 -3.409151 5.048639
v 0.068344 -3.580601 5.255076
v 0.576452 -3.532367 5.754056
v 1.287112 -3.580601 5.708069
v 0.352289 -3.406377 4.222649
v 0.218048 -3.531209 4.335886
v 0.737924 -3.534198 3.767243
v 0.665842 -3.653261 3.780864
v 0.608484 -3.837858 3.801838
v 0.109895 -3.709231 4.443521
v 1.318200 -3.582130 3.758393
v 1.320031 -3.699034 3.753467
v 1.751830 -3.534198 4.144093
v 1.797519 -3.653261 4.201487
v 1.827252 -3.837858 4.254831
v 1.319145 -3.886093 3.755853
v 1.746410 -3.406377 4.740817
v 1.774104 -3.531208 4.914240
v 1.785701 -3.709230 5.066387
v 1.673360 -1.959282 4.758372
v 0.960803 -1.898331 4.731169
v 0.934120 -2.326947 4.793155
v 1.553305 -2.393986 4.818923
v 0.399932 -1.959282 4.285063
v 0.447976 -2.393986 4.408093
v 0.476929 -2.790231 4.538061
v 0.900520 -2.721956 4.882154
v 1.446021 -2.790231 4.898253
v 0.366643 -2.121821 3.638981
v 0.418519 -2.572753 3.852153
v 0.809128 -2.284359 3.169735
v 0.803341 -2.751522 3.450192
v 0.802020 -3.154368 3.663408
v 0.457770 -2.972301 4.033198
v 1.516985 -2.345311 3.195190
v 1.421938 -2.818558 3.475741
v 2.073156 -2.284357 3.639549
v 1.907495 -2.751522 3.860585
v 1.771112 -3.154368 4.023600
v 1.347521 -3.222646 3.679507
v 2.111145 -2.121820 4.287378
v 1.937539 -2.572753 4.416743
v 1.790271 -2.972301 4.528462
v 0.000000 0.778626 -2.038887
v 1.392018 0.722969 -1.863298
v 1.449533 -0.112107 -2.286131
v 0.000000 -0.058987 -2.458819
v 2.437010 0.502777 -1.128238
v 2.534445 -0.335431 -1.509631
v 2.838068 0.093425 0.278319
v 2.824151 -0.917080 -0.194606
v 0.553590 -3.818228 5.815565
v 1.239814 -3.861340 5.758737
v 0.071068 -3.861340 5.324337
v 0.123117 -3.991623 4.513880
v 0.613064 -4.113407 3.866104
v 1.299262 -4.165017 3.809345
v 1.781810 -4.113407 4.300505
v 1.729736 -3.991621 5.111030
v 4.218181 -3.044050 3.591687
v 3.807492 -2.743647 3.873313
v 3.971968 -2.488759 4.046268
v 4.418427 -2.840177 3.718652
v 3.325624 -2.864387 4.175711
v 3.422195 -2.639644 4.370514
v 3.541261 -2.458986 4.582947
v 4.140856 -2.279703 4.240064
v 4.614161 -2.674951 3.880919
v 3.063360 -3.392225 4.312911
v 3.097652 -3.271783 4.488250
v 3.135806 -3.987436 4.231102
v 3.146696 -3.979124 4.361537
v 3.204488 -3.991068 4.539577
v 3.171706 -3.184534 4.692894
v 3.546494 -4.287839 3.949474
v 3.593157 -4.330540 4.033925
v 4.028363 -4.167099 3.647077
v 4.142928 -4.179656 3.709675
v 4.277387 -4.207034 3.837549
v 3.677794 -4.386318 4.180432
v 4.290626 -3.639262 3.509877
v 4.467472 -3.547515 3.591941
v 4.646943 -3.481487 3.727604
v 3.706388 -2.726513 2.352870
v 3.197602 -2.340360 2.791738
v 3.348693 -2.710606 3.158793
v 3.791925 -3.031286 2.833178
v 2.527800 -2.488297 3.160485
v 2.811664 -2.833987 3.479126
v 3.042426 -2.980256 3.734274
v 3.491909 -2.875872 3.431688
v 3.895531 -3.151978 3.176063
v 2.093136 -3.156178 3.209409
v 2.502935 -3.389095 3.592068
v 2.099893 -3.913155 2.960392
v 2.561731 -4.018178 3.463394
v 2.920129 -3.994906 3.859508
v 2.821321 -3.455383 3.901556
v 2.607209 -4.298688 2.534629
v 3.004771 -4.338825 3.139416
v 3.275543 -4.150130 2.178988
v 3.541607 -4.215413 2.820722
v 3.773235 -4.166626 3.301299
v 3.323752 -4.271014 3.603885
v 3.711676 -3.482870 2.116959
v 3.850530 -3.660336 2.706143
v 3.994341 -3.691503 3.134017
v 4.299820 -2.303191 4.490233
v 4.747515 -2.694236 4.140073
v 3.718649 -2.487133 4.813288
v 3.355817 -3.217924 4.916185
v 3.374355 -4.023824 4.759840
v 3.826143 -4.417353 4.416700
v 4.403219 -4.230925 4.086626
v 4.770147 -3.502619 3.990750
v 2.448115 -1.896990 2.504056
v 3.356518 -2.340163 1.913714
v 1.394844 -2.083545 2.876465
v 0.000000 -2.908611 2.578158
v 0.980199 -2.888360 2.846344
v 1.076370 -3.712981 2.581183
v 2.012501 -4.101301 2.159491
v 3.042069 -3.942990 1.732141
v 3.467868 -3.194136 1.676939
v 1.858664 -0.961513 4.757833
v 1.010690 -0.856766 4.801754
v 1.009827 -1.418763 4.724229
v 1.791240 -1.491319 4.726757
v 0.340695 -0.969308 4.264111
v 0.389317 -1.492357 4.234688
v 0.308222 -1.267703 3.401100
v 0.350555 -1.688323 3.496398
v 0.836893 -1.559240 2.720520
v 0.832300 -1.883412 2.940823
v 1.663280 -1.653499 2.669362
v 1.599807 -1.954658 2.938519
v 2.311689 -1.530468 3.199764
v 2.206410 -1.879753 3.423226
v 2.365748 -1.242562 4.070014
v 2.259079 -1.685095 4.166348
v 2.763304 0.619043 0.609946
v 2.351810 1.400614 -0.496989
v 2.460402 -0.178644 1.676536
v 1.343312 1.831892 -1.077005
v 0.000000 1.942831 -1.220698
v 1.411106 -1.361343 2.351649
v 1.415403 -0.595984 2.140348
v 0.000000 -1.327541 2.712049
v 0.000000 -0.672085 2.247361
v 2.543828 -0.599867 4.060915
v 2.383784 -1.148880 3.085434
v 2.082106 -0.074439 4.952497
v 1.582806 -1.422560 2.621174
v 0.659554 -1.290091 2.835357
v 0.000000 -0.409038 4.097695
v 0.207647 -0.743825 3.743201
v 0.347488 -0.133430 4.716795
v 1.163539 0.098363 5.165035
v 1.735856 -3.240905 4.621854
v 1.727749 -3.397529 4.101710
v 1.389995 -3.084279 5.010434
v 1.319124 -3.456266 3.755908
v 0.783840 -3.397529 3.750878
v 0.437980 -3.240906 4.139460
v 0.446085 -3.084280 4.659601
v 0.854711 -3.025546 5.005403
v 4.137082 -3.680634 3.383030
v 3.924921 -4.148416 3.552393
v 4.037640 -3.150131 3.417557
v 3.488318 -4.251965 3.849529
v 3.093984 -3.981155 4.096099
v 2.994543 -3.450650 4.130627
v 3.206703 -2.982869 3.961263
v 3.643307 -2.879319 3.664129
v -1.260571 3.974046 1.720821
v -1.007797 4.436677 2.316593
v -1.456297 3.563494 1.129755
v -2.487978 3.070076 1.729226
v -2.158276 3.621218 2.275532
v -1.740719 4.216027 2.826907
v -2.406530 2.983057 3.270161
v -1.975440 3.775852 3.741322
v -2.783246 2.169277 2.940755
v -2.412532 1.357805 4.621462
v -2.016882 2.495414 4.322242
v -1.694830 3.348188 4.644492
v -1.523209 -2.685618 -2.624645
v -1.499370 -1.240187 -2.616632
v -1.496281 -3.909724 -2.068520
v -2.381387 -3.719172 -1.693690
v -2.604491 -2.785856 -1.891117
v -2.611746 -1.438914 -1.810780
v -2.918226 -3.256177 -0.392973
v -2.862744 -2.081686 -0.400897
v -2.551980 -4.167446 -0.339144
v -2.875829 -4.004609 1.112716
v -3.213082 -3.174712 0.976403
v -2.961911 -1.985788 1.046845
v -0.867809 4.954322 2.583370
v -0.809349 5.597539 2.796673
v -1.507736 4.824059 3.100673
v -1.407564 5.475358 3.336910
v -1.730598 4.542127 4.036183
v -1.618699 5.204186 4.347742
v -1.502000 4.261841 4.967929
v -1.407564 4.932908 5.361568
v -1.444739 3.100460 0.548064
v -1.355133 2.540386 -0.062729
v -2.360153 1.910613 0.438772
v -2.487627 2.520342 1.107679
v -2.859214 1.412997 2.258830
v -2.770024 0.749211 1.421785
v -2.517558 -0.663132 2.413992
v -2.762979 0.287507 3.539572
v -0.862790 4.135703 5.475821
v -0.809350 4.810455 5.909293
v -0.967644 3.158818 5.126692
v -1.133552 2.309515 4.828756
v -1.312807 1.447505 5.239267
v -1.482096 -4.495911 -0.178370
v -1.644110 -4.194584 1.607059
v -2.498760 -0.308932 1.666736
v -2.577127 -1.129184 1.036054
v -1.528375 -1.078663 1.962883
v -1.446049 -0.511635 2.356443
v -1.717184 -1.464723 2.103255
v -1.159173 -4.097311 5.562148
v -1.466730 -4.239141 5.024569
v -0.922461 -4.329592 4.823123
v -0.663386 -4.118938 5.520159
v -1.585209 -4.294769 4.415904
v -1.182090 -4.359345 4.124595
v -0.686568 -4.294769 4.081895
v -0.378746 -4.239141 4.620185
v -0.260532 -4.097311 5.228139
v -4.695190 -2.887823 4.386513
v -4.663622 -3.521121 4.346028
v -4.228312 -3.451164 4.734101
v -4.349921 -2.689444 4.685627
v -4.423845 -4.095666 4.343390
v -4.019556 -4.160007 4.633124
v -3.632758 -3.936428 4.861020
v -3.705853 -3.328330 4.972723
v -3.904103 -2.728585 4.904143
v -1.360775 -3.278558 5.196221
v -1.326311 -3.409153 5.469263
v -0.672121 -3.363383 5.496658
v -0.780498 -3.230624 5.205070
v -1.287112 -3.580601 5.708069
v -0.576452 -3.532367 5.754056
v -0.068344 -3.580601 5.255076
v -0.194634 -3.409153 5.048640
v -0.346868 -3.278557 4.819373
v -0.218048 -3.531206 4.335886
v -0.352289 -3.406377 4.222650
v -0.109895 -3.709231 4.443522
v -0.608484 -3.837857 3.801838
v -0.665841 -3.653263 3.780864
v -0.737924 -3.534197 3.767242
v -1.320031 -3.699034 3.753468
v -1.318200 -3.582130 3.758393
v -1.319144 -3.886093 3.755853
v -1.827252 -3.837857 4.254831
v -1.797518 -3.653263 4.201487
v -1.751830 -3.534197 4.144093
v -1.774104 -3.531205 4.914240
v -1.746410 -3.406377 4.740817
v -1.785701 -3.709230 5.066387
v -1.673360 -1.959281 4.758372
v -1.553305 -2.393986 4.818923
v -0.934120 -2.326946 4.793156
v -0.960803 -1.898331 4.731170
v -1.446020 -2.790231 4.898253
v -0.900520 -2.721956 4.882154
v -0.476929 -2.790232 4.538061
v -0.447976 -2.393986 4.408094
v -0.399932 -1.959281 4.285064
v -0.418519 -2.572753 3.852154
v -0.366643 -2.121820 3.638982
v -0.457770 -2.972301 4.033199
v -0.802020 -3.154369 3.663408
v -0.803340 -2.751521 3.450192
v -0.809128 -2.284358 3.169735
v -1.421938 -2.818558 3.475741
v -1.516985 -2.345311 3.195191
v -1.347521 -3.222646 3.679507
v -1.771112 -3.154369 4.023601
v -1.907494 -2.751521 3.860585
v -2.073156 -2.284358 3.639550
v -1.937539 -2.572751 4.416743
v -2.111145 -2.121820 4.287378
v -1.790271 -2.972301 4.528463
v -1.449533 -0.112107 -2.286134
v -1.392018 0.722969 -1.863298
v -2.534445 -0.335431 -1.509631
v -2.437010 0.502777 -1.128239
v -2.824151 -0.917080 -0.194606
v -2.838068 0.093425 0.278320
v -1.239814 -3.861340 5.758737
v -0.553590 -3.818228 5.815565
v -0.071067 -3.861340 5.324337
v -0.123116 -3.991623 4.513882
v -0.613064 -4.113406 3.866104
v -1.299262 -4.165016 3.809345
v -1.781810 -4.113406 4.300505
v -1.729736 -3.991622 5.111030
v -4.218179 -3.044050 3.591687
v -4.418426 -2.840178 3.718651
v -3.971967 -2.488761 4.046268
v -3.807491 -2.743647 3.873312
v -4.614159 -2.674951 3.880918
v -4.140855 -2.279703 4.240065
v -3.541259 -2.458986 4.582946
v -3.422194 -2.639644 4.370514
v -3.325622 -2.864387 4.175711
v -3.097651 -3.271784 4.488252
v -3.063359 -3.392225 4.312911
v -3.171705 -3.184534 4.692892
v -3.204487 -3.991069 4.539577
v -3.146695 -3.979122 4.361537
v -3.135805 -3.987435 4.231101
v -3.593154 -4.330540 4.033924
v -3.546492 -4.287839 3.949473
v -3.677791 -4.386318 4.180430
v -4.277386 -4.207034 3.837548
v -4.142927 -4.179656 3.709674
v -4.028362 -4.167099 3.647076
v -4.467470 -3.547517 3.591939
v -4.290624 -3.639262 3.509876
v -4.646942 -3.481488 3.727603
v -3.706388 -2.726512 2.352870
v -3.791925 -3.031286 2.833179
v -3.348693 -2.710607 3.158795
v -3.197603 -2.340360 2.791739
v -3.895530 -3.151978 3.176063
v -3.491908 -2.875871 3.431688
v -3.042424 -2.980256 3.734273
v -2.811664 -2.833987 3.479126
v -2.527800 -2.488297 3.160485
v -2.502934 -3.389095 3.592068
v -2.093136 -3.156178 3.209409
v -2.821319 -3.455383 3.901556
v -2.920128 -3.994905 3.859507
v -2.561731 -4.018178 3.463393
v -2.099893 -3.913155 2.960392
v -3.004770 -4.338825 3.139415
v -2.607210 -4.298686 2.534628
v -3.323750 -4.271014 3.603883
v -3.773234 -4.166626 3.301296
v -3.541607 -4.215413 2.820722
v -3.275543 -4.150130 2.178987
v -3.850528 -3.660338 2.706142
v -3.711675 -3.482870 2.116958
v -3.994340 -3.691503 3.134017
v -4.747512 -2.694235 4.140071
v -4.299819 -2.303192 4.490233
v -3.718647 -2.487134 4.813286
v -3.355815 -3.217924 4.916183
v -3.374352 -4.023824 4.759839
v -3.826141 -4.417353 4.416699
v -4.403217 -4.230925 4.086624
v -4.770145 -3.502619 3.990749
v -3.356518 -2.340163 1.913714
v -2.448115 -1.896991 2.504057
v -1.394844 -2.083546 2.876465
v -0.980199 -2.888360 2.846344
v -1.076370 -3.712983 2.581184
v -2.012501 -4.101301 2.159491
v -3.042069 -3.942990 1.732139
v -3.467868 -3.194135 1.676940
v -1.858664 -0.961513 4.757833
v -1.791241 -1.491320 4.726757
v -1.009827 -1.418761 4.724229
v -1.010690 -0.856765 4.801753
v -0.389317 -1.492357 4.234688
v -0.340695 -0.969309 4.264111
v -0.350555 -1.688323 3.496398
v -0.308222 -1.267705 3.401100
v -0.832300 -1.883412 2.940824
v -0.836893 -1.559240 2.720520
v -1.599807 -1.954658 2.938518
v -1.663281 -1.653500 2.669362
v -2.206410 -1.879754 3.423226
v -2.311689 -1.530468 3.199764
v -2.259079 -1.685094 4.166349
v -2.365748 -1.242562 4.070014
v -2.351810 1.400613 -0.496989
v -2.763304 0.619044 0.609945
v -2.460402 -0.178645 1.676536
v -1.343312 1.831893 -1.077006
v -1.415403 -0.595984 2.140348
v -1.411106 -1.361343 2.351649
v -2.383784 -1.148880 3.085434
v -2.543828 -0.599869 4.060915
v -2.082106 -0.074441 4.952498
v -0.659554 -1.290091 2.835358
v -1.582806 -1.422560 2.621174
v -0.347488 -0.133430 4.716795
v -0.207647 -0.743825 3.743201
v -1.163539 0.098363 5.165035
v -1.727749 -3.397529 4.101711
v -1.735855 -3.240903 4.621854
v -1.389995 -3.084280 5.010434
v -0.783840 -3.397530 3.750878
v -1.319124 -3.456265 3.755909
v -0.446085 -3.084280 4.659602
v -0.437979 -3.240905 4.139460
v -0.854711 -3.025544 5.005404
v -3.924920 -4.148416 3.552393
v -4.137081 -3.680633 3.383030
v -4.037639 -3.150131 3.417557
v -3.093982 -3.981155 4.096098
v -3.488317 -4.251965 3.849528
v -3.206701 -2.982871 3.961262
v -2.994541 -3.450651 4.130625
v -3.643306 -2.879320 3.664127
v -1.293057 5.812897 13.219239
v -1.458386 6.866404 13.482243
v -2.048510 6.915485 12.125097
v -1.680473 5.561399 12.053953
v -1.087105 7.936157 13.296030
v -1.294503 8.271177 12.151954
v -1.246556 8.401242 10.233894
v -2.047548 6.985736 10.182701
v -1.731695 5.570230 10.131508
v 1.731695 5.570230 10.131508
v 2.047547 6.985736 10.182701
v 2.048509 6.915487 12.125096
v 1.680472 5.561399 12.053953
v 1.246555 8.401242 10.233894
v 1.294502 8.271175 12.151956
v 1.087104 7.936155 13.296027
v 1.458385 6.866404 13.482243
v 1.293056 5.812897 13.219236
v 0.000000 6.849357 13.953605
v 0.000000 5.572133 13.435436
v 0.000000 8.160675 13.529051
v 0.000000 5.039415 10.112310
v 0.000000 5.051081 12.057669
v 0.000000 8.932057 10.253092
v 0.000000 8.779893 12.192526
v -0.405268 7.104211 13.843838
v 0.000000 7.014976 13.912195
v 0.000000 7.491616 14.079657
v -0.596647 7.497044 13.929629
v 0.405267 7.104209 13.843838
v 0.596646 7.497044 13.929629
v 0.573535 7.895048 13.872442
v 0.000000 7.979112 13.947063
v -0.573535 7.895048 13.872442
v -0.405268 7.127808 13.191369
v -0.596647 7.525812 13.134181
v 0.000000 7.531237 12.984154
v 0.000000 7.043742 13.116747
v -0.573535 7.918645 13.219970
v 0.000000 8.007878 13.151616
v 0.573535 7.918645 13.219970
v 0.596646 7.525812 13.134178
v 0.405267 7.127810 13.191369
v -0.821711 7.511427 13.531905
v -0.459541 7.029359 13.514468
v -0.733754 7.993495 13.549339
v 0.000000 6.847514 13.507893
v 0.459540 7.029359 13.514468
v 0.821711 7.511427 13.531905
v 0.733753 7.993497 13.549339
v 0.000000 8.175339 13.555918
vn -0.9017 -0.2611 0.3446
vn -0.9166 0.1679 0.3629
vn -0.9861 0.1658 0.0053
vn -0.9569 -0.2902 -0.0095
vn -0.8064 0.4900 0.3312
vn -0.8628 0.5053 0.0170
vn -0.9214 0.1595 -0.3543
vn -0.8949 -0.2662 -0.3583
vn -0.8179 0.4887 -0.3035
vn -0.5728 -0.5946 0.5642
vn -0.6870 -0.2219 0.6920
vn -0.6523 -0.7010 0.2883
vn -0.6859 0.1738 0.7066
vn -0.6047 0.4762 0.6384
vn -0.5043 0.6687 0.5463
vn -0.5969 0.7381 0.3146
vn -0.6396 0.7683 0.0262
vn -0.6090 0.7457 -0.2701
vn -0.5201 0.6779 -0.5196
vn -0.6215 0.4724 -0.6250
vn -0.6930 0.1574 -0.7036
vn -0.6775 -0.2357 -0.6968
vn -0.6395 -0.6951 -0.3284
vn -0.5573 -0.5897 -0.5845
vn -0.6729 -0.7393 -0.0243
vn -0.3386 -0.2564 -0.9053
vn -0.3458 0.1648 -0.9237
vn -0.0000 0.1708 -0.9853
vn -0.0000 -0.2775 -0.9607
vn -0.3053 0.4894 -0.8169
vn -0.0000 0.5062 -0.8624
vn 0.3458 0.1648 -0.9237
vn 0.3386 -0.2564 -0.9053
vn 0.3053 0.4894 -0.8169
vn -0.2977 -0.6856 -0.6643
vn -0.2819 0.7454 -0.6041
vn -0.0000 0.7704 -0.6376
vn 0.2819 0.7454 -0.6041
vn 0.5201 0.6779 -0.5196
vn 0.6215 0.4724 -0.6250
vn 0.6930 0.1574 -0.7036
vn 0.6775 -0.2357 -0.6968
vn 0.2977 -0.6856 -0.6643
vn 0.5573 -0.5897 -0.5845
vn -0.0000 -0.7227 -0.6912
vn 0.8949 -0.2662 -0.3583
vn 0.9214 0.1595 -0.3543
vn 0.9861 0.1658 0.0053
vn 0.9569 -0.2902 -0.0095
vn 0.8179 0.4887 -0.3035
vn 0.8628 0.5053 0.0170
vn 0.9166 0.1679 0.3629
vn 0.9017 -0.2611 0.3446
vn 0.8064 0.4900 0.3312
vn 0.6395 -0.6951 -0.3284
vn 0.6090 0.7457 -0.2701
vn 0.6396 0.7683 0.0262
vn 0.5969 0.7381 0.3146
vn 0.5043 0.6687 0.5463
vn 0.6047 0.4762 0.6384
vn 0.6859 0.1738 0.7066
vn 0.6870 -0.2219 0.6920
vn 0.6523 -0.7010 0.2883
vn 0.5728 -0.5946 0.5642
vn 0.6729 -0.7393 -0.0243
vn 0.3449 -0.2396 0.9075
vn 0.3410 0.1866 0.9213
vn -0.0000 0.1940 0.9810
vn -0.0000 -0.2620 0.9651
vn 0.2942 0.4934 0.8185
vn -0.0000 0.5091 0.8607
vn -0.3410 0.1866 0.9213
vn -0.3449 -0.2396 0.9075
vn -0.2942 0.4934 0.8185
vn 0.3100 -0.6978 0.6458
vn 0.2703 0.7305 0.6271
vn -0.0000 0.7526 0.6585
vn -0.2703 0.7305 0.6271
vn -0.3100 -0.6978 0.6458
vn -0.0000 -0.7384 0.6743
vn -0.2823 -0.9056 -0.3166
vn -0.0000 -0.9464 -0.3231
vn -0.0000 -0.9994 -0.0347
vn -0.2912 -0.9561 -0.0328
vn 0.2823 -0.9056 -0.3166
vn 0.2912 -0.9561 -0.0328
vn -0.0000 -0.9640 0.2660
vn -0.2898 -0.9206 0.2616
vn 0.2898 -0.9206 0.2616
vn 0.3124 0.9026 -0.2960
vn -0.0000 0.9476 -0.3193
vn -0.0000 0.9994 0.0335
vn 0.3340 0.9420 0.0318
vn -0.3124 0.9026 -0.2960
vn -0.3340 0.9420 0.0318
vn -0.0000 0.9284 0.3717
vn 0.3048 0.8866 0.3478
vn -0.3048 0.8866 0.3478
vn 0.4046 0.6884 0.6021
vn -0.6414 0.6749 -0.3649
vn -0.6544 0.2190 0.7238
vn -0.1329 0.7726 -0.6208
vn 0.6267 0.7731 0.0981
vn 0.9557 -0.1570 -0.2489
vn 0.1961 -0.1575 -0.9678
vn 0.2173 -0.0626 -0.9741
vn 0.9607 -0.0621 -0.2705
vn 0.5019 -0.8378 0.2149
vn -0.2415 -0.8383 -0.4888
vn -0.7973 -0.5801 -0.1670
vn 0.2393 -0.5900 0.7711
vn 0.1284 -0.6134 -0.7793
vn 0.7715 -0.6129 -0.1707
vn 0.1904 -0.8758 0.4435
vn -0.4527 -0.8762 -0.1651
vn 0.8406 0.0027 0.5417
vn 0.8793 0.2023 0.4312
vn -0.0411 -0.7265 -0.6860
vn 0.6877 -0.7260 0.0037
vn -0.0013 -0.6815 0.7318
vn -0.7301 -0.6820 0.0421
vn -0.0903 -0.4248 -0.9008
vn 0.9047 -0.4241 0.0409
vn -0.4948 0.1978 -0.8462
vn 0.4305 0.7433 0.5121
vn -0.5355 0.7426 -0.4022
vn -0.1244 -0.4907 -0.8624
vn 0.8683 -0.4901 0.0772
vn 0.4382 0.7255 0.5307
vn -0.5545 0.7248 -0.4089
vn -0.6291 -0.7085 -0.3198
vn 0.3544 -0.7078 0.6110
vn 0.5693 -0.6645 0.4840
vn -0.5141 -0.6653 -0.5414
vn 0.9400 0.3406 -0.0222
vn 0.8166 0.5738 0.0622
vn -0.0298 0.3399 -0.9400
vn -0.1074 0.5732 -0.8124
vn -0.6350 -0.7078 -0.3095
vn 0.3444 -0.7071 0.6175
vn 0.9489 0.3148 -0.0219
vn -0.0305 0.3142 -0.9489
vn 0.3445 -0.7071 0.6175
vn -0.0306 0.3142 -0.9489
vn -0.4065 -0.7263 -0.5543
vn 0.5764 -0.7256 0.3759
vn -0.6001 0.0075 -0.7999
vn 0.7173 0.6552 0.2369
vn -0.2765 0.6546 -0.7036
vn -0.6891 -0.7090 -0.1495
vn 0.1877 -0.7084 0.6804
vn 0.4339 -0.6463 0.6277
vn -0.6502 -0.6470 -0.3983
vn 0.9527 -0.2629 -0.1525
vn 0.9678 0.2281 -0.1064
vn 0.1001 -0.2635 -0.9594
vn 0.0529 0.2274 -0.9724
vn 0.7533 -0.3398 0.5631
vn -0.6284 -0.3275 -0.7056
vn -0.9467 -0.3208 0.0300
vn 0.0223 -0.3201 0.9471
vn 0.2204 -0.6024 0.7672
vn -0.7888 -0.5878 -0.1798
vn 0.9440 -0.3264 -0.0488
vn 0.9590 -0.1914 -0.2090
vn -0.0030 -0.3270 -0.9450
vn 0.1445 -0.1869 -0.9717
vn -0.9500 -0.3101 0.0364
vn 0.0161 -0.3094 0.9508
vn 0.9296 -0.3683 -0.0144
vn -0.0365 -0.3690 -0.9287
vn -0.4046 0.6884 0.6021
vn 0.6544 0.2190 0.7238
vn 0.6414 0.6749 -0.3649
vn 0.1329 0.7726 -0.6208
vn -0.1961 -0.1575 -0.9678
vn -0.9557 -0.1570 -0.2489
vn -0.6267 0.7731 0.0981
vn -0.2173 -0.0626 -0.9741
vn 0.2415 -0.8383 -0.4888
vn -0.5019 -0.8378 0.2149
vn -0.9607 -0.0621 -0.2705
vn 0.7973 -0.5801 -0.1670
vn -0.2393 -0.5900 0.7711
vn -0.1284 -0.6134 -0.7793
vn 0.4527 -0.8762 -0.1651
vn -0.1904 -0.8758 0.4435
vn -0.7715 -0.6129 -0.1707
vn -0.8406 0.0027 0.5417
vn -0.8793 0.2023 0.4312
vn 0.0411 -0.7265 -0.6860
vn 0.7301 -0.6820 0.0421
vn 0.0013 -0.6815 0.7318
vn -0.6877 -0.7260 0.0037
vn 0.0903 -0.4248 -0.9008
vn 0.4948 0.1978 -0.8462
vn -0.9047 -0.4241 0.0409
vn -0.4305 0.7433 0.5121
vn 0.5355 0.7426 -0.4022
vn 0.1244 -0.4907 -0.8624
vn -0.8683 -0.4901 0.0772
vn -0.4382 0.7255 0.5307
vn 0.5545 0.7248 -0.4089
vn 0.6291 -0.7085 -0.3198
vn 0.5141 -0.6653 -0.5414
vn -0.5693 -0.6645 0.4840
vn -0.3544 -0.7078 0.6110
vn -0.8166 0.5738 0.0622
vn -0.9400 0.3406 -0.0222
vn 0.1074 0.5732 -0.8124
vn 0.0298 0.3399 -0.9400
vn 0.6350 -0.7078 -0.3095
vn -0.3444 -0.7071 0.6175
vn -0.9489 0.3148 -0.0219
vn 0.0305 0.3142 -0.9489
vn -0.3445 -0.7071 0.6175
vn 0.0306 0.3142 -0.9489
vn 0.4065 -0.7263 -0.5543
vn 0.6001 0.0075 -0.7999
vn -0.5764 -0.7256 0.3759
vn -0.7173 0.6552 0.2369
vn 0.2765 0.6546 -0.7036
vn 0.6891 -0.7090 -0.1495
vn 0.6502 -0.6470 -0.3983
vn -0.4339 -0.6463 0.6277
vn -0.1877 -0.7084 0.6804
vn -0.9678 0.2281 -0.1064
vn -0.9527 -0.2629 -0.1525
vn -0.0529 0.2274 -0.9724
vn -0.1001 -0.2635 -0.9594
vn 0.6284 -0.3275 -0.7056
vn -0.7533 -0.3398 0.5631
vn 0.9467 -0.3208 0.0300
vn 0.7888 -0.5878 -0.1798
vn -0.2204 -0.6024 0.7672
vn -0.0223 -0.3201 0.9471
vn -0.9590 -0.1914 -0.2090
vn -0.9440 -0.3264 -0.0488
vn -0.1445 -0.1869 -0.9717
vn 0.0030 -0.3270 -0.9450
vn 0.9500 -0.3101 0.0364
vn -0.0161 -0.3094 0.9508
vn -0.9296 -0.3683 -0.0144
vn 0.0365 -0.3690 -0.9287
vn -0.4663 -0.8620 -0.1989
vn -0.0512 -0.9266 -0.3726
vn 0.2408 -0.7313 0.6381
vn 0.2977 -0.7655 0.5705
vn -0.7868 -0.6087 -0.1019
vn -0.9341 0.3478 -0.0805
vn -0.3273 0.4580 -0.8265
vn -0.1800 -0.4985 -0.8480
vn 0.0184 -0.4949 -0.8687
vn -0.1366 0.5166 -0.8453
vn 0.7160 0.6345 -0.2912
vn 0.8711 -0.3771 -0.3147
vn 0.4546 0.8814 -0.1280
vn 0.1637 0.9816 -0.0980
vn -0.4918 0.6112 0.6202
vn -0.6198 0.5652 0.5444
vn 0.5753 -0.3426 -0.7427
vn 0.4412 0.5324 -0.7224
vn 0.8169 0.5714 0.0784
vn 0.9510 -0.3036 0.0581
vn -0.1658 0.9742 -0.1529
vn -0.2265 0.6787 0.6987
vn 0.7207 -0.3838 -0.5773
vn 0.5687 0.6078 -0.5543
vn 0.6657 0.5994 0.4444
vn 0.8177 -0.3921 0.4214
vn 0.0469 0.6900 0.7223
vn -0.3140 0.9016 -0.2974
vn -0.6683 0.7369 -0.1012
vn 0.1016 0.7372 0.6680
vn -0.8025 0.3875 0.4537
vn -0.6753 -0.6397 0.3671
vn 0.2723 -0.5576 0.7842
vn 0.1451 0.4696 0.8709
vn 0.2501 -0.6115 -0.7507
vn 0.0496 0.6907 -0.7214
vn 0.2927 0.7327 -0.6144
vn 0.4949 -0.5827 -0.6447
vn -0.7886 0.5407 0.2929
vn -0.7389 0.6111 0.2839
vn -0.5875 -0.7651 0.2635
vn -0.5199 -0.8164 0.2514
vn 0.2919 -0.6196 -0.7286
vn 0.0871 0.7100 -0.6988
vn -0.7591 0.5570 0.3370
vn -0.5541 -0.7737 0.3071
vn 0.2914 -0.6203 -0.7283
vn 0.0865 0.7105 -0.6984
vn -0.7578 0.5571 0.3396
vn -0.5528 -0.7736 0.3097
vn 0.8236 -0.5609 0.0847
vn 0.6184 0.7773 0.1158
vn 0.5320 0.8390 -0.1143
vn 0.7580 -0.6351 -0.1485
vn -0.5268 0.6086 -0.5933
vn -0.7298 0.5415 -0.4172
vn -0.3246 -0.7109 -0.6240
vn -0.5371 -0.7157 -0.4464
vn 0.8241 -0.5582 0.0963
vn 0.6198 0.7744 0.1273
vn -0.5035 0.6191 -0.6026
vn -0.2992 -0.7135 -0.6336
vn 0.7962 -0.5544 -0.2421
vn 0.5925 0.7770 -0.2127
vn 0.1368 -0.9619 -0.2369
vn -0.7651 0.5896 -0.2588
vn -0.5550 -0.7802 -0.2886
vn 0.8361 -0.4885 0.2497
vn 0.6532 0.7045 0.2774
vn 0.5417 0.8364 0.0838
vn 0.7679 -0.6387 0.0496
vn 0.0614 0.6215 -0.7810
vn -0.4223 0.5887 -0.6893
vn 0.2392 -0.5385 -0.8079
vn -0.2315 -0.6562 -0.7182
vn 0.4816 -0.8526 -0.2027
vn 0.5089 -0.6111 0.6063
vn 0.3067 0.7073 0.6369
vn 0.5563 0.8155 0.1595
vn 0.7804 -0.6133 0.1218
vn 0.1250 0.6953 -0.7078
vn -0.0107 0.5783 -0.8158
vn 0.3225 -0.5931 -0.7377
vn 0.1580 -0.5139 -0.8432
vn 0.4990 -0.6108 0.6147
vn 0.2975 0.7037 0.6452
vn 0.1690 0.7147 -0.6787
vn 0.3705 -0.5998 -0.7092
vn 0.7261 -0.6420 -0.2462
vn 0.4238 0.6958 0.5800
vn 0.5911 -0.6555 0.4701
vn 0.5908 -0.6551 0.4710
vn 0.4079 0.7057 0.5793
vn -0.6480 -0.7550 -0.1005
vn -0.6513 -0.7040 -0.2832
vn -0.8132 0.5819 0.0126
vn -0.8124 0.5584 -0.1679
vn 0.4316 0.6928 0.5777
vn 0.5982 -0.6532 0.4641
vn -0.6436 -0.7609 -0.0825
vn -0.8103 0.5852 0.0310
vn 0.2193 0.7333 0.6435
vn 0.4182 -0.7433 0.5221
vn -0.5545 -0.7206 -0.4162
vn -0.7258 0.6291 -0.2784
vn 0.5319 -0.6114 -0.5858
vn 0.3209 0.7684 -0.5537
vn -0.7966 0.5797 0.1714
vn -0.5845 -0.7991 0.1407
vn 0.0142 -0.7971 0.6036
vn -0.2346 -0.8166 0.5274
vn -0.3617 -0.8154 0.4521
vn 0.9169 -0.3990 0.0096
vn 0.0798 -0.6508 0.7551
vn 0.7138 0.6975 0.0633
vn -0.1249 0.5200 0.8450
vn -0.5767 0.8162 -0.0346
vn -0.6660 0.3764 -0.6440
vn -0.9845 0.0995 -0.1447
vn -0.8739 0.1222 0.4706
vn 0.0921 0.9057 0.4139
vn 0.4611 0.4873 0.7415
vn 0.9392 0.2831 -0.1942
vn 0.6302 0.6815 -0.3720
vn 0.4449 0.3055 0.8419
vn 0.9954 0.0954 -0.0074
vn 0.4486 0.1354 0.8834
vn 0.9861 -0.0310 0.1630
vn -0.3042 -0.2076 0.9297
vn 0.5251 -0.5407 0.6573
vn -0.6408 -0.7611 0.1003
vn 0.1144 -0.9898 -0.0849
vn 0.3964 -0.4775 -0.7841
vn 0.2849 -0.4226 -0.8604
vn -0.4631 -0.0258 0.8859
vn -0.7569 -0.6535 0.0002
vn -0.7636 -0.6451 0.0264
vn -0.4226 -0.0757 0.9032
vn 0.5206 -0.4522 -0.7242
vn 0.5078 -0.6622 0.5510
vn 0.2409 -0.6249 0.7426
vn -0.1320 -0.8903 -0.4358
vn 0.4577 0.2921 -0.8398
vn 0.5511 -0.5794 -0.6005
vn -0.5854 0.4804 0.6531
vn -0.8809 -0.2994 0.3665
vn -0.7148 0.0821 -0.6945
vn -0.3423 0.8586 -0.3816
vn 0.6089 -0.7911 0.0582
vn 0.0555 -0.9944 0.0903
vn -0.4082 -0.8697 -0.2776
vn 0.0576 -0.9204 -0.3866
vn -0.0817 -0.9025 -0.4229
vn -0.6525 -0.7219 0.2303
vn -0.9032 -0.1396 0.4059
vn -0.4643 -0.4724 -0.7492
vn -0.9844 0.0173 0.1751
vn -0.4528 -0.2928 -0.8422
vn -0.9979 0.0321 -0.0571
vn -0.4468 -0.1460 -0.8826
vn 0.4126 0.2332 -0.8806
vn -0.2648 0.7245 -0.6364
vn -0.3794 -0.2520 -0.8902
vn 0.1407 -0.1288 -0.9816
vn -0.9468 -0.2744 0.1681
vn -0.9734 -0.1885 -0.1300
vn 0.5205 0.1037 -0.8476
vn 0.4784 0.1326 -0.8681
vn 0.1630 -0.1830 -0.9695
vn 0.2766 -0.1336 -0.9517
vn -0.9420 -0.1384 -0.3056
vn -0.8322 0.4969 0.2461
vn 0.9319 0.2338 -0.2774
vn -0.5643 -0.8254 0.0133
vn -0.9256 -0.2861 -0.2479
vn -0.7787 0.0420 0.6260
vn 0.6330 -0.4517 -0.6287
vn 0.2459 -0.7654 -0.5948
vn 0.3694 -0.8566 0.3603
vn -0.0840 -0.9503 0.2998
vn 0.5767 0.8162 -0.0346
vn 0.8739 0.1222 0.4706
vn 0.9845 0.0995 -0.1447
vn 0.6660 0.3764 -0.6440
vn -0.0921 0.9057 0.4139
vn -0.6302 0.6815 -0.3720
vn -0.9392 0.2831 -0.1942
vn -0.4611 0.4873 0.7415
vn -0.9954 0.0954 -0.0074
vn -0.4449 0.3055 0.8419
vn -0.9861 -0.0310 0.1630
vn -0.4486 0.1354 0.8834
vn 0.3042 -0.2076 0.9297
vn -0.5251 -0.5407 0.6573
vn -0.1144 -0.9898 -0.0849
vn 0.6408 -0.7611 0.1003
vn -0.2849 -0.4226 -0.8604
vn -0.3964 -0.4775 -0.7841
vn 0.4631 -0.0258 0.8859
vn 0.4226 -0.0757 0.9032
vn 0.7636 -0.6451 0.0264
vn 0.7569 -0.6535 0.0002
vn -0.5206 -0.4522 -0.7242
vn -0.5078 -0.6622 0.5510
vn -0.4577 0.2921 -0.8398
vn 0.1320 -0.8903 -0.4358
vn -0.2409 -0.6249 0.7426
vn -0.5511 -0.5794 -0.6005
vn 0.5854 0.4804 0.6531
vn 0.8809 -0.2994 0.3665
vn 0.3423 0.8586 -0.3816
vn 0.7148 0.0821 -0.6945
vn -0.6089 -0.7911 0.0582
vn -0.0576 -0.9204 -0.3866
vn 0.4082 -0.8697 -0.2776
vn -0.0555 -0.9944 0.0903
vn 0.0817 -0.9025 -0.4229
vn 0.4643 -0.4724 -0.7492
vn 0.9032 -0.1396 0.4059
vn 0.6525 -0.7219 0.2303
vn 0.4528 -0.2928 -0.8422
vn 0.9844 0.0173 0.1751
vn 0.4468 -0.1460 -0.8826
vn 0.9979 0.0321 -0.0571
vn -0.4126 0.2332 -0.8806
vn 0.2648 0.7245 -0.6364
vn -0.1407 -0.1288 -0.9816
vn 0.3794 -0.2520 -0.8902
vn 0.9734 -0.1885 -0.1300
vn 0.9468 -0.2744 0.1681
vn -0.5205 0.1037 -0.8476
vn -0.2766 -0.1336 -0.9517
vn -0.1630 -0.1830 -0.9695
vn -0.4784 0.1326 -0.8681
vn 0.9420 -0.1384 -0.3056
vn 0.8322 0.4969 0.2461
vn 0.9256 -0.2861 -0.2479
vn 0.5643 -0.8254 0.0133
vn -0.9319 0.2338 -0.2774
vn 0.7787 0.0420 0.6260
vn -0.6330 -0.4517 -0.6287
vn -0.2459 -0.7654 -0.5948
vn 0.0840 -0.9503 0.2998
vn -0.3694 -0.8566 0.3603
vn 0.1272 -0.4702 0.8733
vn 0.3356 -0.5263 0.7813
vn 0.5409 -0.5104 0.6686
vn 0.7188 -0.4262 0.5493
vn 0.8545 -0.2865 0.4334
vn 0.9393 -0.1001 0.3282
vn 0.9619 0.1186 0.2463
vn 0.9179 0.3440 0.1979
vn 0.8142 0.5493 0.1881
vn 0.6637 0.7167 0.2139
vn 0.4760 0.8358 0.2735
vn 0.2673 0.8917 0.3652
vn 0.0623 0.8760 0.4783
vn -0.1148 0.7923 0.5992
vn -0.2504 0.6526 0.7151
vn -0.3361 0.4657 0.8186
vn -0.3589 0.2468 0.9001
vn -0.3147 0.0216 0.9490
vn -0.2102 -0.1832 0.9604
vn -0.0597 -0.3506 0.9346
vn -0.2359 -0.8831 0.4056
vn 0.0462 -0.9585 0.2813
vn 0.3236 -0.9374 0.1286
vn 0.5643 -0.8249 -0.0338
vn 0.7480 -0.6357 -0.1907
vn 0.8624 -0.3826 -0.3316
vn 0.8928 -0.0867 -0.4420
vn 0.8334 0.2180 -0.5078
vn 0.6934 0.4958 -0.5228
vn 0.4897 0.7226 -0.4879
vn 0.2359 0.8831 -0.4056
vn -0.0462 0.9585 -0.2813
vn -0.3236 0.9374 -0.1286
vn -0.5643 0.8249 0.0338
vn -0.7480 0.6357 0.1907
vn -0.8624 0.3826 0.3316
vn -0.8928 0.0867 0.4420
vn -0.8334 -0.2180 0.5078
vn -0.6935 -0.4958 0.5228
vn -0.4897 -0.7226 0.4879
vn 0.9393 -0.1001 0.3283
vn -0.6934 -0.4958 0.5228
vn -0.1272 -0.4702 0.8733
vn 0.0597 -0.3506 0.9346
vn 0.2102 -0.1832 0.9604
vn 0.3147 0.0216 0.9490
vn 0.3589 0.2468 0.9001
vn 0.3361 0.4657 0.8186
vn 0.2504 0.6526 0.7151
vn 0.1148 0.7923 0.5992
vn -0.0623 0.8760 0.4783
vn -0.2673 0.8917 0.3652
vn -0.4760 0.8358 0.2735
vn -0.6637 0.7167 0.2139
vn -0.8142 0.5493 0.1881
vn -0.9179 0.3440 0.1979
vn -0.9619 0.1186 0.2463
vn -0.9393 -0.1001 0.3283
vn -0.8545 -0.2865 0.4334
vn -0.7188 -0.4262 0.5493
vn -0.5409 -0.5104 0.6686
vn -0.3356 -0.5263 0.7813
vn -0.0462 -0.9585 0.2813
vn 0.2359 -0.8831 0.4056
vn -0.3236 -0.9374 0.1286
vn -0.5643 -0.8249 -0.0338
vn -0.7480 -0.6357 -0.1907
vn -0.8624 -0.3826 -0.3316
vn -0.8928 -0.0867 -0.4420
vn -0.8334 0.2180 -0.5078
vn -0.6934 0.4958 -0.5228
vn -0.4897 0.7226 -0.4879
vn -0.2359 0.8831 -0.4056
vn 0.0462 0.9585 -0.2813
vn 0.3236 0.9374 -0.1286
vn 0.5643 0.8249 0.0338
vn 0.7480 0.6357 0.1907
vn 0.8624 0.3826 0.3316
vn 0.8928 0.0867 0.4420
vn 0.8334 -0.2180 0.5078
vn 0.6935 -0.4958 0.5228
vn 0.4897 -0.7226 0.4879
vn 0.6934 -0.4958 0.5228
vn -0.0000 0.6712 -0.7413
vn 0.3683 0.6777 -0.6365
vn 0.3419 0.8091 -0.4779
vn -0.0000 0.8304 -0.5572
vn 0.7833 0.5656 -0.2580
vn 0.7571 0.6327 -0.1631
vn 0.8323 0.4993 -0.2406
vn 0.3823 0.7613 -0.5237
vn -0.0000 0.8165 -0.5773
vn 0.9338 0.3039 0.1890
vn 0.8976 0.3764 0.2296
vn 0.7816 0.0003 0.6238
vn 0.7478 0.2422 0.6182
vn 0.7612 0.1662 0.6269
vn 0.9611 0.2351 0.1452
vn -0.0000 0.1462 -0.9892
vn 0.3611 0.1483 -0.9207
vn 0.3253 -0.1806 -0.9282
vn -0.0000 -0.2075 -0.9782
vn 0.8400 0.1070 -0.5319
vn 0.8065 -0.1477 -0.5724
vn 0.6268 -0.5920 -0.5066
vn 0.2340 -0.7224 -0.6507
vn -0.0000 -0.7498 -0.6616
vn 0.9880 0.1023 -0.1160
vn 0.9667 -0.1639 -0.1964
vn 0.9143 0.4022 0.0486
vn 0.9641 -0.1213 -0.2361
vn 0.6151 -0.7850 -0.0739
vn 0.6210 -0.7652 -0.1695
vn -0.0000 0.3237 -0.9462
vn 0.4185 0.3319 -0.8454
vn 0.3997 0.4229 -0.8133
vn -0.0000 0.4069 -0.9135
vn 0.8526 0.2827 -0.4394
vn 0.8293 0.3746 -0.4146
vn 0.9913 0.1170 0.0598
vn 0.9783 0.1938 0.0737
vn 0.8266 -0.2042 0.5245
vn 0.8477 -0.0871 0.5233
vn 0.3919 0.6814 -0.6181
vn -0.0000 0.7604 -0.6494
vn 0.8433 0.3749 -0.3852
vn 0.8362 0.4177 -0.3554
vn 0.3833 0.7113 -0.5892
vn -0.0000 0.7735 -0.6337
vn 0.9982 0.0362 -0.0469
vn 0.9814 -0.1003 0.1639
vn 0.7708 -0.5054 -0.3879
vn 0.9886 -0.0790 -0.1282
vn 0.3774 -0.4712 0.7972
vn 0.4076 -0.3624 0.8382
vn -0.0000 -0.5396 0.8419
vn -0.0000 -0.4424 0.8968
vn -0.0000 -0.3344 0.9424
vn 0.3540 -0.2587 0.8988
vn 0.2949 0.0880 0.9515
vn -0.0000 -0.0082 1.0000
vn -0.0000 -0.0550 0.9985
vn 0.1876 0.1665 0.9680
vn 0.0455 -0.9755 0.2154
vn 0.1232 -0.9907 -0.0569
vn -0.0000 -0.8320 0.5547
vn -0.0000 -0.9998 -0.0199
vn 0.8245 0.1226 0.5525
vn 0.2667 0.4473 0.8537
vn 0.4394 -0.0461 0.8971
vn 0.9085 0.0678 0.4123
vn -0.0000 0.6049 0.7963
vn -0.0000 -0.0616 0.9981
vn -0.0000 0.3774 0.9261
vn 0.3600 0.6578 0.6616
vn 0.2123 -0.8139 0.5409
vn -0.1863 -0.8450 0.5013
vn -0.0544 -0.9877 0.1464
vn 0.3830 -0.8782 0.2866
vn -0.5140 -0.8139 0.2709
vn -0.4772 -0.8782 -0.0332
vn -0.3101 -0.8963 -0.3169
vn 0.1021 -0.9561 -0.2746
vn 0.4418 -0.8963 -0.0374
vn 0.8394 0.0982 0.5346
vn 0.5649 0.2490 0.7867
vn 0.5200 -0.1501 0.8409
vn 0.8399 -0.2131 0.4992
vn 0.1996 0.2270 0.9532
vn 0.0826 -0.0606 0.9947
vn 0.0422 -0.3801 0.9240
vn 0.3706 -0.5622 0.7393
vn 0.7039 -0.5132 0.4911
vn 0.4265 0.7229 0.5436
vn -0.1832 0.8506 0.4929
vn -0.1670 0.8777 0.4492
vn 0.4229 0.7456 0.5150
vn -0.6780 0.7229 0.1331
vn -0.6566 0.7456 0.1137
vn -0.8607 0.4120 0.2992
vn -0.2941 0.5360 0.7913
vn 0.4563 0.4120 0.7887
vn -0.8255 0.3628 -0.4324
vn -0.8223 0.4107 -0.3939
vn -0.3879 0.0637 -0.9195
vn -0.4527 0.0949 -0.8866
vn -0.4970 -0.0772 -0.8643
vn -0.9335 0.1316 -0.3337
vn 0.3479 -0.0511 -0.9361
vn 0.3480 -0.0448 -0.9364
vn 0.8943 0.0637 -0.4429
vn 0.9219 0.0949 -0.3757
vn 0.9409 -0.0772 -0.3298
vn 0.3448 -0.1435 -0.9276
vn 0.9075 0.3628 0.2117
vn 0.8799 0.4107 0.2388
vn 0.9248 0.1316 0.3570
vn 0.3890 -0.0035 0.9212
vn -0.3493 0.1070 0.9309
vn -0.3426 0.1878 0.9205
vn 0.3810 0.0553 0.9229
vn -0.8987 0.0275 0.4377
vn -0.8904 0.0568 0.4516
vn -0.8950 0.1641 0.4148
vn -0.3319 0.3048 0.8927
vn 0.4069 0.1639 0.8986
vn -0.9379 -0.1917 -0.2890
vn -0.9390 -0.2163 -0.2674
vn -0.4288 -0.4434 -0.7871
vn -0.4244 -0.4459 -0.7880
vn -0.4309 -0.3522 -0.8308
vn -0.9449 -0.1274 -0.3016
vn 0.2884 -0.5446 -0.7875
vn 0.3007 -0.5103 -0.8057
vn 0.8292 -0.4538 -0.3263
vn 0.8386 -0.4385 -0.3232
vn 0.8693 -0.3511 -0.3480
vn 0.3170 -0.4164 -0.8521
vn 0.8964 -0.2238 0.3827
vn 0.8892 -0.2128 0.4051
vn 0.9129 -0.1268 0.3880
vn -0.0000 0.5161 -0.8565
vn 0.3599 0.4935 -0.7918
vn 0.3667 0.3555 -0.8597
vn -0.0000 0.3693 -0.9293
vn 0.8096 0.3410 -0.4779
vn 0.8332 0.2357 -0.5002
vn 0.9964 0.0849 0.0080
vn 0.9950 0.0925 -0.0387
vn -0.3385 -0.2370 0.9106
vn 0.3943 -0.3019 0.8679
vn -0.8655 -0.3019 0.3997
vn -0.8785 -0.4098 -0.2455
vn -0.4559 -0.5072 -0.7314
vn 0.2919 -0.5458 -0.7854
vn 0.8229 -0.5072 -0.2561
vn 0.8256 -0.4098 0.3879
vn 0.2674 0.4560 -0.8488
vn -0.2399 0.7623 -0.6011
vn -0.2693 0.7245 -0.6344
vn 0.2318 0.4453 -0.8649
vn -0.7281 0.6564 -0.1975
vn -0.7325 0.6394 -0.2339
vn -0.6024 0.7857 0.1410
vn -0.0024 0.9548 -0.2974
vn 0.5589 0.5519 -0.6189
vn -0.9729 0.1418 0.1825
vn -0.9709 0.1917 0.1435
vn -0.8164 -0.5513 0.1719
vn -0.8571 -0.4799 0.1872
vn -0.7893 -0.4938 0.3649
vn -0.8769 0.2148 0.4301
vn -0.2899 -0.9448 -0.1525
vn -0.2938 -0.9425 -0.1590
vn 0.2974 -0.7755 -0.5569
vn 0.3453 -0.7220 -0.5996
vn 0.4753 -0.7484 -0.4626
vn -0.2334 -0.9706 -0.0581
vn 0.5535 -0.1654 -0.8163
vn 0.5317 -0.1107 -0.8397
vn 0.7593 -0.1146 -0.6405
vn 0.8815 0.4632 -0.0921
vn 0.4665 0.7930 0.3917
vn 0.4364 0.7980 0.4157
vn 0.9005 0.4347 -0.0085
vn -0.0527 0.5903 0.8055
vn -0.2109 0.6617 0.7195
vn -0.3680 0.7763 0.5118
vn 0.2753 0.9528 0.1279
vn 0.8023 0.5406 -0.2531
vn -0.4631 0.0113 0.8862
vn -0.6635 0.0964 0.7419
vn -0.5149 -0.6699 0.5349
vn -0.6120 -0.6001 0.5151
vn -0.6095 -0.5839 0.5362
vn -0.7332 0.1430 0.6648
vn -0.1628 -0.9840 -0.0731
vn -0.1216 -0.9858 0.1159
vn 0.4153 -0.8032 -0.4270
vn 0.5124 -0.8281 -0.2276
vn 0.5377 -0.8151 -0.2157
vn -0.0856 -0.9816 0.1706
vn 0.8784 -0.2037 -0.4323
vn 0.9252 -0.2284 -0.3029
vn 0.8965 -0.1859 -0.4021
vn 0.4034 0.8424 0.3573
vn 0.9011 0.4337 -0.0012
vn -0.2082 0.6570 0.7246
vn -0.5312 0.0995 0.8414
vn -0.4778 -0.5343 0.6973
vn 0.0100 -0.9513 0.3080
vn 0.6477 -0.7609 -0.0392
vn 0.9692 -0.2025 -0.1403
vn 0.3209 0.8520 0.4136
vn 0.7747 0.6201 -0.1241
vn -0.0809 0.4784 0.8744
vn -0.0000 -0.1860 0.9825
vn -0.2939 -0.1139 0.9490
vn -0.2841 -0.6606 0.6950
vn -0.1026 -0.9864 0.1281
vn 0.4893 -0.7963 -0.3556
vn 0.8986 -0.0836 -0.4308
vn 0.4404 -0.2222 0.8699
vn -0.2677 -0.2377 0.9337
vn -0.3232 -0.0295 0.9459
vn 0.4316 -0.0731 0.8991
vn -0.8639 -0.1821 0.4696
vn -0.8911 -0.0410 0.4519
vn -0.9453 -0.1072 -0.3079
vn -0.9441 -0.1742 -0.2799
vn -0.4126 -0.2286 -0.8817
vn -0.4620 -0.4555 -0.7609
vn 0.3010 -0.3860 -0.8720
vn 0.2719 -0.5984 -0.7537
vn 0.8439 -0.3563 -0.4012
vn 0.8352 -0.4513 -0.3144
vn 0.9227 -0.2261 0.3124
vn 0.9145 -0.2046 0.3492
vn 0.9901 0.1332 -0.0451
vn 0.7877 0.4738 -0.3938
vn 0.9978 -0.0283 -0.0597
vn 0.3614 0.6677 -0.6509
vn -0.0000 0.7037 -0.7104
vn 0.0860 -0.8305 -0.5504
vn -0.0720 0.3825 -0.9211
vn -0.0000 -0.9698 -0.2438
vn -0.0000 0.3496 -0.9369
vn 0.9269 -0.2139 0.3083
vn 0.8762 -0.3870 -0.2872
vn 0.5769 -0.1524 0.8025
vn 0.3177 -0.5809 -0.7494
vn -0.5553 -0.7851 -0.2744
vn -0.0000 -0.7158 0.6983
vn -0.7019 -0.6039 0.3777
vn -0.5232 -0.3986 0.7533
vn -0.0032 -0.2068 0.9784
vn 0.9483 0.1049 0.2995
vn 0.8996 -0.1306 -0.4168
vn 0.4580 0.4312 0.7774
vn 0.3408 -0.2081 -0.9168
vn -0.4090 -0.1306 -0.9032
vn -0.9137 0.1049 -0.3926
vn -0.8545 0.4312 0.2895
vn -0.2845 0.5770 0.7656
vn 0.7569 -0.1888 -0.6257
vn 0.4276 -0.8161 -0.3888
vn 0.5762 0.5436 -0.6103
vn -0.1903 -0.9817 0.0111
vn -0.7248 -0.5841 0.3653
vn -0.8831 0.1413 0.4474
vn -0.6033 0.7810 0.1614
vn 0.0030 0.9571 -0.2899
vn -0.3419 0.8091 -0.4779
vn -0.3683 0.6777 -0.6365
vn -0.3823 0.7613 -0.5237
vn -0.8323 0.4993 -0.2406
vn -0.7571 0.6327 -0.1631
vn -0.7833 0.5656 -0.2580
vn -0.8976 0.3764 0.2296
vn -0.9338 0.3039 0.1890
vn -0.9611 0.2351 0.1452
vn -0.7612 0.1662 0.6269
vn -0.7478 0.2422 0.6182
vn -0.7816 0.0003 0.6238
vn -0.3253 -0.1806 -0.9282
vn -0.3611 0.1483 -0.9207
vn -0.2340 -0.7224 -0.6507
vn -0.6268 -0.5920 -0.5066
vn -0.8065 -0.1477 -0.5724
vn -0.8400 0.1070 -0.5319
vn -0.9667 -0.1639 -0.1964
vn -0.9880 0.1023 -0.1160
vn -0.6210 -0.7652 -0.1695
vn -0.6151 -0.7850 -0.0739
vn -0.9641 -0.1213 -0.2361
vn -0.9143 0.4022 0.0486
vn -0.3997 0.4229 -0.8133
vn -0.4185 0.3319 -0.8454
vn -0.8293 0.3746 -0.4146
vn -0.8526 0.2827 -0.4394
vn -0.9783 0.1938 0.0737
vn -0.9913 0.1170 0.0598
vn -0.8477 -0.0871 0.5233
vn -0.8266 -0.2042 0.5245
vn -0.3919 0.6814 -0.6181
vn -0.3833 0.7113 -0.5892
vn -0.8362 0.4177 -0.3554
vn -0.8433 0.3749 -0.3852
vn -0.9982 0.0362 -0.0469
vn -0.9886 -0.0790 -0.1282
vn -0.7708 -0.5054 -0.3879
vn -0.9814 -0.1003 0.1639
vn -0.4076 -0.3624 0.8382
vn -0.3774 -0.4712 0.7972
vn -0.3540 -0.2587 0.8988
vn -0.2949 0.0880 0.9515
vn -0.1876 0.1665 0.9680
vn -0.1232 -0.9907 -0.0569
vn -0.0455 -0.9755 0.2154
vn -0.8245 0.1226 0.5525
vn -0.9085 0.0678 0.4123
vn -0.4394 -0.0461 0.8971
vn -0.2667 0.4473 0.8537
vn -0.3600 0.6578 0.6616
vn -0.2123 -0.8139 0.5409
vn -0.3830 -0.8782 0.2866
vn 0.0544 -0.9877 0.1464
vn 0.1863 -0.8450 0.5013
vn -0.4418 -0.8963 -0.0374
vn -0.1021 -0.9561 -0.2746
vn 0.3101 -0.8963 -0.3169
vn 0.4772 -0.8782 -0.0332
vn 0.5140 -0.8139 0.2709
vn -0.8394 0.0982 0.5346
vn -0.8399 -0.2131 0.4992
vn -0.5200 -0.1501 0.8409
vn -0.5649 0.2490 0.7867
vn -0.7039 -0.5132 0.4911
vn -0.3706 -0.5622 0.7393
vn -0.0422 -0.3801 0.9240
vn -0.0826 -0.0606 0.9947
vn -0.1996 0.2270 0.9532
vn -0.4265 0.7229 0.5436
vn -0.4229 0.7456 0.5150
vn 0.1670 0.8777 0.4492
vn 0.1832 0.8506 0.4929
vn -0.4563 0.4120 0.7887
vn 0.2941 0.5360 0.7913
vn 0.8607 0.4120 0.2992
vn 0.6566 0.7456 0.1137
vn 0.6780 0.7229 0.1331
vn 0.8223 0.4107 -0.3939
vn 0.8255 0.3628 -0.4324
vn 0.9335 0.1316 -0.3337
vn 0.4970 -0.0772 -0.8643
vn 0.4527 0.0949 -0.8866
vn 0.3879 0.0637 -0.9195
vn -0.3480 -0.0448 -0.9364
vn -0.3479 -0.0511 -0.9361
vn -0.3448 -0.1435 -0.9276
vn -0.9409 -0.0772 -0.3298
vn -0.9219 0.0949 -0.3757
vn -0.8943 0.0637 -0.4429
vn -0.8799 0.4107 0.2388
vn -0.9075 0.3628 0.2117
vn -0.9248 0.1316 0.3570
vn -0.3890 -0.0035 0.9212
vn -0.3810 0.0553 0.9229
vn 0.3426 0.1878 0.9205
vn 0.3493 0.1070 0.9309
vn -0.4069 0.1639 0.8986
vn 0.3319 0.3048 0.8927
vn 0.8950 0.1641 0.4148
vn 0.8904 0.0568 0.4516
vn 0.8987 0.0275 0.4377
vn 0.9390 -0.2163 -0.2674
vn 0.9379 -0.1917 -0.2890
vn 0.9449 -0.1274 -0.3016
vn 0.4309 -0.3522 -0.8308
vn 0.4244 -0.4459 -0.7880
vn 0.4288 -0.4434 -0.7871
vn -0.3007 -0.5103 -0.8057
vn -0.2884 -0.5446 -0.7875
vn -0.3170 -0.4164 -0.8521
vn -0.8693 -0.3511 -0.3480
vn -0.8386 -0.4385 -0.3232
vn -0.8292 -0.4538 -0.3263
vn -0.8892 -0.2128 0.4051
vn -0.8964 -0.2238 0.3827
vn -0.9129 -0.1268 0.3880
vn -0.3667 0.3555 -0.8597
vn -0.3599 0.4936 -0.7918
vn -0.8332 0.2357 -0.5002
vn -0.8096 0.3410 -0.4779
vn -0.9950 0.0925 -0.0387
vn -0.9964 0.0849 0.0080
vn -0.3943 -0.3019 0.8679
vn 0.3385 -0.2370 0.9106
vn 0.8655 -0.3019 0.3997
vn 0.8785 -0.4098 -0.2455
vn 0.4559 -0.5072 -0.7314
vn -0.2919 -0.5458 -0.7854
vn -0.8229 -0.5072 -0.2561
vn -0.8256 -0.4098 0.3879
vn -0.2674 0.4560 -0.8488
vn -0.2318 0.4453 -0.8649
vn 0.2693 0.7245 -0.6344
vn 0.2399 0.7623 -0.6011
vn -0.5589 0.5519 -0.6189
vn 0.0024 0.9548 -0.2974
vn 0.6024 0.7857 0.1410
vn 0.7325 0.6394 -0.2339
vn 0.7281 0.6564 -0.1975
vn 0.9709 0.1917 0.1435
vn 0.9729 0.1418 0.1825
vn 0.8769 0.2148 0.4301
vn 0.7893 -0.4938 0.3649
vn 0.8571 -0.4799 0.1872
vn 0.8164 -0.5513 0.1719
vn 0.2938 -0.9425 -0.1590
vn 0.2899 -0.9448 -0.1525
vn 0.2334 -0.9706 -0.0581
vn -0.4753 -0.7484 -0.4626
vn -0.3453 -0.7220 -0.5996
vn -0.2974 -0.7755 -0.5569
vn -0.5317 -0.1107 -0.8397
vn -0.5535 -0.1654 -0.8163
vn -0.7593 -0.1146 -0.6405
vn -0.8815 0.4632 -0.0921
vn -0.9005 0.4347 -0.0085
vn -0.4364 0.7980 0.4157
vn -0.4665 0.7930 0.3917
vn -0.8023 0.5406 -0.2531
vn -0.2753 0.9528 0.1279
vn 0.3679 0.7763 0.5118
vn 0.2109 0.6617 0.7195
vn 0.0527 0.5903 0.8055
vn 0.6635 0.0964 0.7419
vn 0.4631 0.0113 0.8862
vn 0.7332 0.1430 0.6648
vn 0.6095 -0.5839 0.5362
vn 0.6120 -0.6001 0.5151
vn 0.5149 -0.6699 0.5349
vn 0.1216 -0.9858 0.1159
vn 0.1628 -0.9840 -0.0731
vn 0.0856 -0.9816 0.1706
vn -0.5377 -0.8151 -0.2157
vn -0.5124 -0.8281 -0.2276
vn -0.4153 -0.8032 -0.4270
vn -0.9252 -0.2284 -0.3029
vn -0.8784 -0.2037 -0.4323
vn -0.8965 -0.1859 -0.4021
vn -0.9011 0.4337 -0.0012
vn -0.4034 0.8424 0.3573
vn 0.2082 0.6570 0.7246
vn 0.5312 0.0995 0.8414
vn 0.4778 -0.5343 0.6973
vn -0.0100 -0.9513 0.3080
vn -0.6477 -0.7609 -0.0392
vn -0.9692 -0.2025 -0.1403
vn -0.7747 0.6201 -0.1241
vn -0.3209 0.8520 0.4136
vn 0.0809 0.4784 0.8744
vn 0.2939 -0.1139 0.9490
vn 0.2841 -0.6606 0.6950
vn 0.1026 -0.9864 0.1281
vn -0.4893 -0.7963 -0.3556
vn -0.8986 -0.0836 -0.4308
vn -0.4404 -0.2222 0.8699
vn -0.4316 -0.0731 0.8991
vn 0.3232 -0.0295 0.9459
vn 0.2677 -0.2377 0.9337
vn 0.8911 -0.0410 0.4519
vn 0.8639 -0.1821 0.4696
vn 0.9441 -0.1742 -0.2799
vn 0.9453 -0.1072 -0.3079
vn 0.4620 -0.4555 -0.7609
vn 0.4126 -0.2286 -0.8817
vn -0.2719 -0.5984 -0.7537
vn -0.3010 -0.3860 -0.8720
vn -0.8352 -0.4513 -0.3144
vn -0.8439 -0.3563 -0.4012
vn -0.9145 -0.2046 0.3492
vn -0.9227 -0.2261 0.3124
vn -0.7877 0.4738 -0.3938
vn -0.9901 0.1332 -0.0451
vn -0.9978 -0.0283 -0.0597
vn -0.3614 0.6677 -0.6509
vn 0.0720 0.3825 -0.9211
vn -0.0860 -0.8305 -0.5504
vn -0.8762 -0.3870 -0.2872
vn -0.9269 -0.2139 0.3083
vn -0.5769 -0.1524 0.8025
vn 0.5553 -0.7851 -0.2744
vn -0.3177 -0.5809 -0.7494
vn 0.5232 -0.3986 0.7533
vn 0.7019 -0.6039 0.3777
vn 0.0032 -0.2068 0.9784
vn -0.8996 -0.1306 -0.4168
vn -0.9483 0.1049 0.2995
vn -0.4580 0.4312 0.7774
vn 0.4090 -0.1306 -0.9032
vn -0.3408 -0.2081 -0.9168
vn 0.8545 0.4312 0.2895
vn 0.9137 0.1049 -0.3926
vn 0.2845 0.5770 0.7656
vn -0.4276 -0.8161 -0.3888
vn -0.7569 -0.1888 -0.6257
vn -0.5762 0.5436 -0.6103
vn 0.7248 -0.5841 0.3653
vn 0.1903 -0.9817 0.0111
vn 0.6033 0.7810 0.1614
vn 0.8831 0.1413 0.4474
vn -0.0030 0.9571 -0.2899
vn -0.5446 -0.5805 0.6053
vn -0.6779 0.0319 0.7345
vn -0.9760 0.1080 0.1893
vn -0.7090 -0.6800 0.1871
vn -0.5347 0.5790 0.6154
vn -0.6520 0.7309 0.2016
vn -0.6564 0.7533 0.0415
vn -0.9909 0.1339 0.0118
vn -0.7247 -0.6890 0.0071
vn 0.7247 -0.6890 0.0071
vn 0.9909 0.1339 0.0118
vn 0.9760 0.1080 0.1893
vn 0.7090 -0.6800 0.1871
vn 0.6564 0.7533 0.0415
vn 0.6520 0.7309 0.2016
vn 0.5347 0.5790 0.6154
vn 0.6779 0.0319 0.7345
vn 0.5446 -0.5805 0.6053
vn -0.0000 -0.0242 0.9997
vn -0.0000 -0.7123 0.7019
vn -0.0000 0.6722 0.7403
vn -0.0000 -1.0000 0.0048
vn -0.0000 -0.9865 0.1637
vn -0.0000 0.9977 0.0679
vn -0.0000 0.9746 0.2237
vn -0.4768 -0.6319 0.6110
vn -0.0000 -0.7097 0.7045
vn -0.0000 -0.0576 0.9983
vn -0.6220 -0.1466 0.7692
vn 0.4768 -0.6319 0.6110
vn 0.6220 -0.1466 0.7692
vn 0.4987 0.5028 0.7060
vn -0.0000 0.6326 0.7745
vn -0.4987 0.5028 0.7060
vn -0.4768 -0.5861 -0.6550
vn -0.6220 -0.0907 -0.7778
vn -0.0000 0.0147 -0.9999
vn -0.0000 -0.6570 -0.7539
vn -0.4987 0.5525 -0.6679
vn -0.0000 0.6869 -0.7268
vn 0.4987 0.5525 -0.6679
vn 0.6220 -0.0907 -0.7778
vn 0.4768 -0.5861 -0.6550
vn -0.9818 -0.1896 -0.0069
vn -0.6048 -0.7959 -0.0288
vn -0.7518 0.6590 0.0238
vn -0.0000 -0.9993 -0.0361
vn 0.6048 -0.7959 -0.0288
vn 0.9818 -0.1896 -0.0069
vn 0.7518 0.6590 0.0238
vn -0.0000 0.9993 0.0361
vt 0.581638 0.533091
vt 0.610272 0.556917
vt 0.595262 0.591355
vt 0.556633 0.580069
vt 0.633542 0.574465
vt 0.624858 0.599243
vt 0.595354 0.629068
vt 0.556633 0.635394
vt 0.623952 0.625089
vt 0.797246 0.230614
vt 0.815012 0.247884
vt 0.778959 0.274320
vt 0.769301 0.241014
vt 0.620163 0.502192
vt 0.636268 0.532232
vt 0.649822 0.555751
vt 0.659413 0.571607
vt 0.653679 0.586167
vt 0.648993 0.604760
vt 0.646328 0.623369
vt 0.646162 0.637874
vt 0.632387 0.647071
vt 0.610865 0.661268
vt 0.580310 0.685287
vt 0.688882 0.252269
vt 0.687589 0.286554
vt 0.645278 0.275624
vt 0.655864 0.251514
vt 0.730580 0.250062
vt 0.733703 0.286647
vt 0.622409 0.710039
vt 0.636519 0.682833
vt 0.667144 0.694928
vt 0.660583 0.722766
vt 0.650425 0.661241
vt 0.673229 0.669115
vt 0.699947 0.697783
vt 0.700422 0.728428
vt 0.697148 0.672254
vt 0.569209 0.717218
vt 0.603706 0.743459
vt 0.660163 0.643102
vt 0.678204 0.648006
vt 0.696536 0.651676
vt 0.711398 0.653250
vt 0.719616 0.667631
vt 0.732532 0.689946
vt 0.749143 0.725082
vt 0.702230 0.766682
vt 0.744816 0.758610
vt 0.652117 0.758681
vt 0.792610 0.691015
vt 0.760791 0.668062
vt 0.777716 0.634361
vt 0.817318 0.641514
vt 0.736981 0.651731
vt 0.747713 0.628201
vt 0.779666 0.596844
vt 0.815926 0.588315
vt 0.751008 0.602153
vt 0.655864 0.071690
vt 0.645278 0.047580
vt 0.687589 0.036650
vt 0.688882 0.070935
vt 0.717728 0.640199
vt 0.723654 0.622358
vt 0.727765 0.603629
vt 0.729138 0.588041
vt 0.744799 0.578138
vt 0.767431 0.563148
vt 0.795256 0.543463
vt 0.769301 0.082190
vt 0.778959 0.048885
vt 0.815012 0.075320
vt 0.797246 0.092590
vt 0.730580 0.073142
vt 0.733703 0.036557
vt 0.762344 0.506991
vt 0.742805 0.536836
vt 0.708219 0.520666
vt 0.716481 0.485613
vt 0.726073 0.561367
vt 0.700851 0.551927
vt 0.670052 0.519688
vt 0.665900 0.484258
vt 0.674068 0.549109
vt 0.836852 0.114863
vt 0.804527 0.122178
vt 0.714469 0.582078
vt 0.695045 0.576557
vt 0.675200 0.572822
vt 0.804527 0.201026
vt 0.836852 0.208341
vt 0.809044 0.161602
vt 0.843198 0.161602
vt 0.679044 0.211883
vt 0.674494 0.161602
vt 0.724599 0.161602
vt 0.726565 0.209204
vt 0.679044 0.111321
vt 0.726565 0.114000
vt 0.770852 0.161602
vt 0.769226 0.204066
vt 0.769226 0.119138
vt 0.637128 0.222991
vt 0.640302 0.808805
vt 0.582762 0.790591
vt 0.699921 0.818206
vt 0.637128 0.100213
vt 0.699755 0.634471
vt 0.682383 0.630277
vt 0.686271 0.613783
vt 0.704221 0.617867
vt 0.664967 0.626271
vt 0.668386 0.609420
vt 0.690371 0.596389
vt 0.708602 0.600551
vt 0.672200 0.591971
vt 0.586381 0.897482
vt 0.580467 0.895056
vt 0.603680 0.849641
vt 0.581829 0.900328
vt 0.581834 0.900329
vt 0.581834 0.900334
vt 0.581830 0.900332
vt 0.571399 0.926605
vt 0.571403 0.926609
vt 0.571401 0.926616
vt 0.571395 0.926611
vt 0.915903 0.080534
vt 0.909094 0.080110
vt 0.915265 0.036557
vt 0.909912 0.111933
vt 0.909556 0.111952
vt 0.909620 0.111635
vt 0.909893 0.111630
vt 0.603680 0.970279
vt 0.589192 0.914344
vt 0.912675 0.084870
vt 0.912649 0.084874
vt 0.912643 0.084838
vt 0.912678 0.084844
vt 0.579963 0.901022
vt 0.582524 0.901761
vt 0.568264 0.902266
vt 0.582694 0.899901
vt 0.581421 0.899255
vt 0.581517 0.900451
vt 0.581955 0.900555
vt 0.582003 0.900242
vt 0.581749 0.900104
vt 0.581799 0.900350
vt 0.581845 0.900356
vt 0.581863 0.900318
vt 0.581814 0.900290
vt 0.570808 0.926913
vt 0.571666 0.927113
vt 0.573342 0.930157
vt 0.567506 0.927359
vt 0.571963 0.926362
vt 0.573648 0.925403
vt 0.571183 0.926076
vt 0.571037 0.923950
vt 0.571255 0.926662
vt 0.571458 0.926756
vt 0.571562 0.926547
vt 0.571356 0.926484
vt 0.571374 0.926620
vt 0.571409 0.926643
vt 0.571438 0.926598
vt 0.571386 0.926582
vt 0.562091 0.928809
vt 0.575649 0.937048
vt 0.515618 0.933688
vt 0.579351 0.922568
vt 0.569168 0.918752
vt 0.910781 0.111140
vt 0.908879 0.110610
vt 0.904812 0.107251
vt 0.915007 0.108810
vt 0.908572 0.112720
vt 0.905757 0.115588
vt 0.910498 0.112884
vt 0.912130 0.117285
vt 0.899868 0.092187
vt 0.923323 0.092607
vt 0.843394 0.161847
vt 0.965736 0.161847
vt 0.912988 0.084503
vt 0.912245 0.084408
vt 0.910779 0.083356
vt 0.914296 0.083476
vt 0.912209 0.085268
vt 0.910284 0.087723
vt 0.913011 0.085181
vt 0.914457 0.087182
vt 0.912747 0.084768
vt 0.912549 0.084744
vt 0.912567 0.084950
vt 0.912734 0.084927
vt 0.662184 0.895543
vt 0.644880 0.847688
vt 0.668098 0.893107
vt 0.666742 0.898382
vt 0.666741 0.898386
vt 0.666736 0.898387
vt 0.666737 0.898382
vt 0.677164 0.924651
vt 0.677168 0.924657
vt 0.677162 0.924661
vt 0.677160 0.924655
vt 0.751735 0.327890
vt 0.735916 0.286842
vt 0.757904 0.324964
vt 0.769222 0.354745
vt 0.769161 0.354475
vt 0.769390 0.354321
vt 0.769563 0.354633
vt 0.644880 0.968308
vt 0.659370 0.912378
vt 0.756341 0.330712
vt 0.756336 0.330686
vt 0.756363 0.330668
vt 0.756371 0.330704
vt 0.668606 0.899081
vt 0.680307 0.900322
vt 0.666039 0.899809
vt 0.665872 0.897960
vt 0.667144 0.897305
vt 0.667051 0.898511
vt 0.666609 0.898607
vt 0.666562 0.898300
vt 0.666815 0.898155
vt 0.666769 0.898406
vt 0.666723 0.898410
vt 0.666704 0.898365
vt 0.666758 0.898352
vt 0.677755 0.924959
vt 0.681057 0.925406
vt 0.675220 0.928202
vt 0.676897 0.925159
vt 0.674916 0.923448
vt 0.676600 0.924408
vt 0.677527 0.921996
vt 0.677380 0.924122
vt 0.677308 0.924707
vt 0.677105 0.924802
vt 0.677001 0.924593
vt 0.677207 0.924529
vt 0.677189 0.924666
vt 0.677154 0.924689
vt 0.677125 0.924643
vt 0.677177 0.924628
vt 0.686471 0.926858
vt 0.732955 0.931748
vt 0.672911 0.935093
vt 0.669212 0.920610
vt 0.679397 0.916799
vt 0.768023 0.354022
vt 0.762880 0.353777
vt 0.771981 0.348896
vt 0.769901 0.353381
vt 0.774310 0.356633
vt 0.770733 0.355068
vt 0.769032 0.360644
vt 0.768963 0.355827
vt 0.749332 0.341745
vt 0.771049 0.332826
vt 0.848845 0.375681
vt 0.735916 0.422576
vt 0.755908 0.330496
vt 0.754318 0.330027
vt 0.757542 0.328607
vt 0.756563 0.330126
vt 0.759612 0.332496
vt 0.756910 0.330918
vt 0.755530 0.333522
vt 0.756135 0.331134
vt 0.756234 0.330651
vt 0.756405 0.330548
vt 0.756462 0.330727
vt 0.756320 0.330811
vt 0.901789 0.214250
vt 0.946437 0.167601
vt 0.946543 0.276543
vt 0.901911 0.230479
vt 0.893405 0.198380
vt 0.893385 0.198394
vt 0.893376 0.198375
vt 0.893401 0.198291
vt 0.913664 0.911979
vt 0.912796 0.912192
vt 0.912152 0.912144
vt 0.912312 0.911898
vt 0.891723 0.912105
vt 0.893483 0.911903
vt 0.893184 0.912037
vt 0.891142 0.911998
vt 0.894242 0.912208
vt 0.894255 0.912207
vt 0.894232 0.912210
vt 0.894224 0.912206
vt 0.898330 0.917217
vt 0.889493 0.917328
vt 0.892244 0.911995
vt 0.892242 0.911995
vt 0.892239 0.911994
vt 0.892241 0.911993
vt 0.850097 0.962864
vt 0.965077 0.974916
vt 0.843394 0.162042
vt 0.882888 0.212473
vt 0.881772 0.231192
vt 0.843394 0.265329
vt 0.892585 0.224010
vt 0.892595 0.224004
vt 0.892602 0.224015
vt 0.892592 0.224078
vt 0.893869 0.198216
vt 0.892919 0.198149
vt 0.891658 0.196779
vt 0.895250 0.196533
vt 0.892942 0.199064
vt 0.891086 0.200328
vt 0.893771 0.198957
vt 0.895476 0.200657
vt 0.893566 0.198362
vt 0.893231 0.198356
vt 0.893200 0.198698
vt 0.893553 0.198688
vt 0.893420 0.198392
vt 0.893351 0.198412
vt 0.893360 0.198457
vt 0.893426 0.198484
vt 0.908901 0.911814
vt 0.908429 0.912143
vt 0.906451 0.913215
vt 0.906046 0.910811
vt 0.908728 0.912192
vt 0.908785 0.912839
vt 0.908891 0.911830
vt 0.908514 0.911049
vt 0.910052 0.911916
vt 0.909819 0.912031
vt 0.909726 0.912046
vt 0.910410 0.911953
vt 0.911533 0.911922
vt 0.910906 0.912013
vt 0.911259 0.911910
vt 0.911610 0.912042
vt 0.903472 0.909709
vt 0.903796 0.914439
vt 0.899380 0.907466
vt 0.912092 0.917710
vt 0.909707 0.906510
vt 0.965077 0.807922
vt 0.894182 0.912188
vt 0.894190 0.912213
vt 0.893942 0.912210
vt 0.894107 0.912120
vt 0.894301 0.912221
vt 0.894621 0.912336
vt 0.894291 0.912210
vt 0.894391 0.912141
vt 0.893870 0.912112
vt 0.892205 0.911970
vt 0.892199 0.912017
vt 0.892120 0.912124
vt 0.892067 0.911878
vt 0.892277 0.912003
vt 0.892722 0.912005
vt 0.892299 0.911992
vt 0.892467 0.911894
vt 0.892230 0.911990
vt 0.892234 0.911998
vt 0.892254 0.911995
vt 0.892251 0.911993
vt 0.891722 0.911936
vt 0.892506 0.223907
vt 0.892707 0.223883
vt 0.893170 0.224128
vt 0.891973 0.224299
vt 0.892702 0.223628
vt 0.893153 0.223026
vt 0.892472 0.223683
vt 0.891943 0.222947
vt 0.892579 0.223897
vt 0.892627 0.223890
vt 0.892618 0.223848
vt 0.892566 0.223822
vt 0.892591 0.223993
vt 0.892603 0.223959
vt 0.892603 0.223934
vt 0.892589 0.223924
vt 0.889975 0.225646
vt 0.894951 0.225204
vt 0.894849 0.221067
vt 0.890122 0.221517
vt 0.902662 0.190623
vt 0.885074 0.191027
vt 0.887565 0.204185
vt 0.898274 0.204333
vt 0.825316 0.858213
vt 0.891704 0.907036
vt 0.893602 0.911739
vt 0.892105 0.911929
vt 0.890650 0.912026
vt 0.890813 0.911813
vt 0.890612 0.912155
vt 0.889252 0.911975
vt 0.682748 0.741086
vt 0.683461 0.744276
vt 0.684787 0.743893
vt 0.685359 0.742507
vt 0.674240 0.728381
vt 0.673134 0.717014
vt 0.663084 0.717753
vt 0.665645 0.731627
vt 0.674074 0.710598
vt 0.666549 0.708891
vt 0.675009 0.703704
vt 0.671171 0.702255
vt 0.549294 0.215145
vt 0.555638 0.194278
vt 0.532600 0.179990
vt 0.558281 0.216366
vt 0.558390 0.194775
vt 0.664877 0.707857
vt 0.661501 0.717382
vt 0.688990 0.715791
vt 0.692213 0.715727
vt 0.687927 0.706084
vt 0.685507 0.707415
vt 0.669970 0.700575
vt 0.666567 0.741255
vt 0.667064 0.742325
vt 0.667446 0.742270
vt 0.667464 0.740811
vt 0.680970 0.699136
vt 0.680000 0.700752
vt 0.662287 0.730848
vt 0.685975 0.733033
vt 0.689320 0.735303
vt 0.672934 0.747947
vt 0.674334 0.738735
vt 0.562477 0.167036
vt 0.552706 0.164927
vt 0.691175 0.745638
vt 0.687371 0.744364
vt 0.685406 0.744590
vt 0.685530 0.746962
vt 0.643595 0.732946
vt 0.658426 0.732931
vt 0.658269 0.716920
vt 0.647907 0.710223
vt 0.661536 0.706322
vt 0.656146 0.700920
vt 0.667696 0.698264
vt 0.667258 0.695901
vt 0.508105 0.213956
vt 0.521314 0.212603
vt 0.508146 0.199020
vt 0.572255 0.213474
vt 0.566160 0.193269
vt 0.564199 0.193705
vt 0.568014 0.214412
vt 0.659172 0.716993
vt 0.662455 0.706586
vt 0.697410 0.714174
vt 0.692041 0.702970
vt 0.690540 0.704324
vt 0.695330 0.715132
vt 0.668431 0.698952
vt 0.666068 0.741899
vt 0.665096 0.742638
vt 0.667311 0.742692
vt 0.666901 0.742447
vt 0.682406 0.695635
vt 0.681966 0.697040
vt 0.659454 0.731860
vt 0.697410 0.734947
vt 0.692902 0.735533
vt 0.655100 0.751159
vt 0.671588 0.751843
vt 0.675576 0.696677
vt 0.675607 0.697268
vt 0.509705 0.237994
vt 0.535020 0.232389
vt 0.511312 0.260162
vt 0.546308 0.250615
vt 0.514596 0.298957
vt 0.550628 0.289646
vt 0.540419 0.321530
vt 0.514656 0.319427
vt 0.508105 0.325628
vt 0.528117 0.339593
vt 0.572255 0.168845
vt 0.683043 0.598234
vt 0.686596 0.596276
vt 0.685806 0.594390
vt 0.683994 0.593876
vt 0.671528 0.615627
vt 0.659780 0.611260
vt 0.656386 0.630205
vt 0.670102 0.631141
vt 0.661176 0.642270
vt 0.671429 0.639887
vt 0.667529 0.651290
vt 0.672755 0.649285
vt 0.588971 0.166148
vt 0.572276 0.201303
vt 0.595315 0.187015
vt 0.598067 0.186517
vt 0.597958 0.164927
vt 0.654229 0.630723
vt 0.658903 0.643692
vt 0.691740 0.632696
vt 0.687050 0.644148
vt 0.690361 0.645946
vt 0.696138 0.632760
vt 0.665903 0.653590
vt 0.660969 0.598119
vt 0.662196 0.598719
vt 0.662160 0.596728
vt 0.661639 0.596656
vt 0.679585 0.653276
vt 0.680920 0.655474
vt 0.655204 0.612347
vt 0.687504 0.609197
vt 0.692051 0.606075
vt 0.671583 0.601501
vt 0.669607 0.588944
vt 0.592382 0.216366
vt 0.602153 0.214256
vt 0.694507 0.591963
vt 0.686797 0.590197
vt 0.686645 0.593434
vt 0.689327 0.593728
vt 0.629691 0.609619
vt 0.635736 0.640587
vt 0.649823 0.631376
vt 0.649923 0.609534
vt 0.647042 0.653219
vt 0.654356 0.645811
vt 0.662237 0.659986
vt 0.662817 0.656759
vt 0.593182 0.213956
vt 0.593141 0.199020
vt 0.579972 0.212603
vt 0.611932 0.167819
vt 0.607690 0.166881
vt 0.603876 0.187588
vt 0.605837 0.188024
vt 0.655608 0.645443
vt 0.651055 0.631270
vt 0.703239 0.634841
vt 0.700395 0.633550
vt 0.693938 0.648329
vt 0.695995 0.650164
vt 0.663815 0.655815
vt 0.660283 0.597244
vt 0.661415 0.596491
vt 0.661973 0.596153
vt 0.658952 0.596244
vt 0.682293 0.658326
vt 0.682903 0.660239
vt 0.651332 0.610987
vt 0.703090 0.606503
vt 0.696935 0.605735
vt 0.667742 0.583639
vt 0.645255 0.584690
vt 0.673579 0.658867
vt 0.673617 0.658062
vt 0.591581 0.237994
vt 0.566267 0.232389
vt 0.589975 0.260162
vt 0.554978 0.250615
vt 0.586691 0.298957
vt 0.550659 0.289646
vt 0.560868 0.321530
vt 0.573169 0.339593
vt 0.593182 0.325628
vt 0.586631 0.319427
vt 0.539777 0.216387
vt 0.532600 0.241450
vt 0.539777 0.241482
vt 0.611932 0.212448
vt 0.553652 0.217536
vt 0.557378 0.217399
vt 0.560875 0.218466
vt 0.563716 0.220532
vt 0.565823 0.223236
vt 0.566965 0.226434
vt 0.567003 0.229936
vt 0.566036 0.233290
vt 0.564083 0.236049
vt 0.561341 0.238090
vt 0.558111 0.239199
vt 0.554580 0.239199
vt 0.551146 0.238336
vt 0.548283 0.236469
vt 0.546135 0.233932
vt 0.544911 0.230832
vt 0.544757 0.227358
vt 0.545630 0.223911
vt 0.547528 0.221017
vt 0.550277 0.218836
vt 0.553061 0.214664
vt 0.557823 0.214664
vt 0.562141 0.216107
vt 0.565604 0.218673
vt 0.568139 0.222051
vt 0.569496 0.226045
vt 0.569501 0.230334
vt 0.568272 0.234343
vt 0.566037 0.237947
vt 0.562502 0.240458
vt 0.558461 0.241705
vt 0.554281 0.241644
vt 0.550186 0.240704
vt 0.546507 0.238484
vt 0.544017 0.235165
vt 0.542482 0.231430
vt 0.542187 0.227162
vt 0.543213 0.222923
vt 0.545495 0.219279
vt 0.548826 0.216467
vt 0.546633 0.309205
vt 0.541638 0.305308
vt 0.538093 0.300103
vt 0.536353 0.294031
vt 0.536706 0.287452
vt 0.539170 0.281167
vt 0.543412 0.276207
vt 0.549025 0.272761
vt 0.555395 0.271060
vt 0.562096 0.271567
vt 0.568215 0.274095
vt 0.573018 0.278348
vt 0.576357 0.283471
vt 0.577906 0.289316
vt 0.577434 0.295542
vt 0.575042 0.301426
vt 0.570951 0.306106
vt 0.565500 0.309325
vt 0.559391 0.311399
vt 0.552797 0.311343
vt 0.541388 0.318831
vt 0.534116 0.312362
vt 0.528756 0.304847
vt 0.525754 0.295764
vt 0.525754 0.285583
vt 0.529124 0.275597
vt 0.535613 0.267154
vt 0.544832 0.262193
vt 0.554506 0.260251
vt 0.564885 0.260509
vt 0.574363 0.265084
vt 0.581276 0.271839
vt 0.585636 0.279855
vt 0.587385 0.288432
vt 0.587164 0.297475
vt 0.584034 0.306433
vt 0.578234 0.313941
vt 0.570234 0.319439
vt 0.560873 0.321691
vt 0.551155 0.321858
vt 0.131775 0.495305
vt 0.136771 0.487577
vt 0.144111 0.481766
vt 0.152562 0.478791
vt 0.161233 0.478349
vt 0.169697 0.480674
vt 0.177289 0.485877
vt 0.183003 0.493416
vt 0.185844 0.502092
vt 0.185799 0.510997
vt 0.183211 0.519709
vt 0.177708 0.527416
vt 0.170132 0.532844
vt 0.161528 0.535406
vt 0.152726 0.535561
vt 0.144377 0.532961
vt 0.137123 0.527623
vt 0.131919 0.520452
vt 0.129463 0.512396
vt 0.129654 0.503889
vt 0.128823 0.494095
vt 0.134309 0.485422
vt 0.142477 0.478783
vt 0.151980 0.475744
vt 0.161520 0.475201
vt 0.170989 0.477739
vt 0.179516 0.483453
vt 0.186084 0.491808
vt 0.189098 0.501650
vt 0.188933 0.511448
vt 0.186310 0.521213
vt 0.180011 0.529799
vt 0.171511 0.535789
vt 0.161979 0.538606
vt 0.152220 0.538713
vt 0.142904 0.535760
vt 0.134868 0.529792
vt 0.129150 0.521757
vt 0.126551 0.512808
vt 0.126551 0.503527
vt 0.560813 0.279932
vt 0.563786 0.281962
vt 0.565902 0.284724
vt 0.567026 0.287977
vt 0.567028 0.291512
vt 0.566029 0.294817
vt 0.564100 0.297491
vt 0.561397 0.299439
vt 0.558199 0.300704
vt 0.554680 0.300871
vt 0.551310 0.299887
vt 0.548491 0.297895
vt 0.546267 0.295218
vt 0.545000 0.292050
vt 0.544840 0.288529
vt 0.545738 0.285097
vt 0.547651 0.282237
vt 0.550341 0.280123
vt 0.553580 0.278974
vt 0.557208 0.278941
vt 0.557479 0.276208
vt 0.562045 0.277302
vt 0.553031 0.276432
vt 0.549136 0.277900
vt 0.545636 0.280357
vt 0.543299 0.284079
vt 0.542280 0.288329
vt 0.542558 0.292560
vt 0.543908 0.296605
vt 0.546728 0.299901
vt 0.550274 0.302228
vt 0.554374 0.303337
vt 0.558758 0.303337
vt 0.562697 0.301657
vt 0.565809 0.299163
vt 0.568206 0.295986
vt 0.569549 0.291955
vt 0.569600 0.287614
vt 0.568286 0.283538
vt 0.565742 0.280017
vt 0.570158 0.214057
vt 0.574177 0.219262
vt 0.576446 0.225507
vt 0.576545 0.232014
vt 0.575083 0.238119
vt 0.571808 0.243399
vt 0.566842 0.247412
vt 0.560960 0.249827
vt 0.554747 0.250183
vt 0.548745 0.248515
vt 0.543227 0.245157
vt 0.538963 0.240041
vt 0.536538 0.233820
vt 0.536282 0.227300
vt 0.537905 0.221006
vt 0.541319 0.215587
vt 0.546506 0.211434
vt 0.552566 0.209075
vt 0.558799 0.208834
vt 0.564817 0.210555
vt 0.568907 0.201329
vt 0.577095 0.205899
vt 0.560290 0.198707
vt 0.550925 0.198707
vt 0.541466 0.201834
vt 0.533266 0.207978
vt 0.527511 0.216421
vt 0.525655 0.226161
vt 0.525889 0.235713
vt 0.529184 0.245424
vt 0.535741 0.253881
vt 0.544786 0.258552
vt 0.553858 0.260215
vt 0.562944 0.259933
vt 0.572250 0.256651
vt 0.579346 0.250014
vt 0.584417 0.242501
vt 0.587208 0.233609
vt 0.587385 0.223832
vt 0.584235 0.213658
vt 0.076672 0.485521
vt 0.084063 0.480674
vt 0.092123 0.478118
vt 0.100561 0.478233
vt 0.108921 0.481245
vt 0.116104 0.486786
vt 0.120941 0.494151
vt 0.123244 0.502728
vt 0.123329 0.511698
vt 0.120403 0.520453
vt 0.114813 0.527822
vt 0.107326 0.532829
vt 0.098738 0.535526
vt 0.089567 0.535355
vt 0.080683 0.532102
vt 0.073535 0.526352
vt 0.068883 0.518941
vt 0.066822 0.510549
vt 0.067367 0.501610
vt 0.070969 0.492888
vt 0.068151 0.491192
vt 0.074545 0.483120
vt 0.064050 0.500862
vt 0.063743 0.510845
vt 0.065959 0.520120
vt 0.071103 0.528430
vt 0.079013 0.534935
vt 0.088928 0.538782
vt 0.099272 0.538809
vt 0.108789 0.535764
vt 0.117080 0.530150
vt 0.123293 0.521920
vt 0.126525 0.512151
vt 0.126446 0.502248
vt 0.123849 0.492786
vt 0.118404 0.484582
vt 0.110389 0.478462
vt 0.101044 0.475201
vt 0.091700 0.475201
vt 0.082771 0.477828
vt 0.961885 0.646484
vt 0.962595 0.664258
vt 0.949624 0.666640
vt 0.949831 0.646484
vt 0.964820 0.679745
vt 0.950714 0.683830
vt 0.938657 0.686459
vt 0.938453 0.668036
vt 0.939162 0.646484
vt 0.971258 0.695922
vt 0.955842 0.701899
vt 0.980282 0.710845
vt 0.966243 0.719018
vt 0.954831 0.736776
vt 0.942482 0.708646
vt 0.858519 0.646480
vt 0.858727 0.664658
vt 0.840475 0.667037
vt 0.839613 0.646479
vt 0.859435 0.681961
vt 0.841683 0.684778
vt 0.826446 0.687150
vt 0.821054 0.671658
vt 0.817503 0.646477
vt 0.856764 0.704137
vt 0.838482 0.708938
vt 0.866223 0.726146
vt 0.845544 0.732046
vt 0.830232 0.736496
vt 0.822051 0.711578
vt 0.983164 0.646484
vt 0.983960 0.659974
vt 0.972663 0.661746
vt 0.971634 0.646484
vt 0.986455 0.672923
vt 0.975456 0.675453
vt 0.624716 0.456713
vt 0.605128 0.454364
vt 0.608467 0.440947
vt 0.627031 0.444027
vt 0.585338 0.454169
vt 0.589170 0.439746
vt 0.592687 0.421187
vt 0.611624 0.425094
vt 0.629888 0.431271
vt 0.927858 0.666997
vt 0.928610 0.646483
vt 0.926925 0.685485
vt 0.913944 0.683366
vt 0.916416 0.665256
vt 0.917422 0.646483
vt 0.926744 0.709654
vt 0.928725 0.736567
vt 0.903776 0.734950
vt 0.910169 0.707025
vt 0.570304 0.455652
vt 0.572686 0.440198
vt 0.554904 0.456284
vt 0.554904 0.440400
vt 0.554904 0.418756
vt 0.575359 0.419027
vt 0.580509 0.399957
vt 0.601085 0.405549
vt 0.554903 0.398424
vt 0.554900 0.368044
vt 0.583438 0.379886
vt 0.608558 0.382663
vt 0.612793 0.101946
vt 0.588299 0.111957
vt 0.583899 0.077204
vt 0.605347 0.073384
vt 0.555123 0.125215
vt 0.555193 0.078979
vt 0.555259 0.036557
vt 0.584591 0.038866
vt 0.602991 0.045159
vt 0.624005 0.214021
vt 0.595742 0.216677
vt 0.598873 0.199109
vt 0.630562 0.197133
vt 0.554978 0.221262
vt 0.555006 0.202106
vt 0.555032 0.184836
vt 0.601171 0.188208
vt 0.636933 0.180982
vt 0.078413 0.891127
vt 0.111658 0.876782
vt 0.120220 0.931667
vt 0.078413 0.937210
vt 0.147693 0.880319
vt 0.161730 0.924212
vt 0.161587 0.969364
vt 0.128481 0.984619
vt 0.092302 0.980173
vt 0.385940 0.742836
vt 0.349905 0.746372
vt 0.358467 0.691488
vt 0.399977 0.698942
vt 0.316659 0.732028
vt 0.316659 0.685945
vt 0.330548 0.642982
vt 0.366728 0.638535
vt 0.399833 0.653790
vt 0.620617 0.295754
vt 0.617690 0.295849
vt 0.618046 0.294715
vt 0.619716 0.294791
vt 0.615673 0.294195
vt 0.616707 0.293935
vt 0.617288 0.293684
vt 0.618212 0.294105
vt 0.619292 0.294205
vt 0.614767 0.291534
vt 0.615553 0.292060
vt 0.615965 0.288484
vt 0.616283 0.289172
vt 0.616818 0.289857
vt 0.616303 0.292265
vt 0.619326 0.287209
vt 0.619280 0.287917
vt 0.623003 0.289063
vt 0.622391 0.289810
vt 0.621507 0.290461
vt 0.619198 0.288833
vt 0.623230 0.293318
vt 0.622018 0.293502
vt 0.621071 0.293331
vt 0.617979 0.318775
vt 0.606669 0.310880
vt 0.612137 0.305243
vt 0.621774 0.310555
vt 0.599080 0.299216
vt 0.606523 0.297420
vt 0.611528 0.295888
vt 0.615550 0.300625
vt 0.624229 0.302343
vt 0.598491 0.287011
vt 0.606136 0.289276
vt 0.603445 0.275951
vt 0.609801 0.282050
vt 0.613866 0.285931
vt 0.611158 0.290485
vt 0.614463 0.268761
vt 0.618000 0.277575
vt 0.627896 0.266576
vt 0.628268 0.277064
vt 0.627042 0.285425
vt 0.619284 0.283738
vt 0.899175 0.770432
vt 0.909300 0.775798
vt 0.905481 0.783448
vt 0.896283 0.779341
vt 0.918347 0.782629
vt 0.913838 0.789018
vt 0.909905 0.795042
vt 0.902038 0.790195
vt 0.893483 0.786671
vt 0.883657 0.646482
vt 0.883887 0.663128
vt 0.872718 0.663581
vt 0.872619 0.646481
vt 0.885818 0.679071
vt 0.874007 0.680112
vt 0.891272 0.699342
vt 0.874679 0.700715
vt 0.898811 0.721569
vt 0.881124 0.720246
vt 0.618305 0.293729
vt 0.619128 0.293741
vt 0.617622 0.293390
vt 0.617864 0.293072
vt 0.618408 0.293267
vt 0.619046 0.293300
vt 0.617035 0.292210
vt 0.617481 0.290436
vt 0.617962 0.290944
vt 0.617762 0.292133
vt 0.619059 0.289947
vt 0.620545 0.290904
vt 0.619850 0.291287
vt 0.618928 0.290836
vt 0.620315 0.292913
vt 0.619636 0.292507
vt 0.614758 0.142827
vt 0.613622 0.143925
vt 0.613378 0.143252
vt 0.614090 0.142741
vt 0.612064 0.143802
vt 0.612505 0.143314
vt 0.612706 0.143006
vt 0.613258 0.142919
vt 0.613735 0.142637
vt 0.610951 0.142666
vt 0.611450 0.142727
vt 0.610937 0.141025
vt 0.611187 0.141248
vt 0.611551 0.141429
vt 0.611855 0.142631
vt 0.612104 0.139927
vt 0.612203 0.140177
vt 0.613729 0.139923
vt 0.613695 0.140264
vt 0.613544 0.140650
vt 0.612340 0.140528
vt 0.614857 0.141189
vt 0.614510 0.141578
vt 0.614132 0.141779
vt 0.628506 0.150264
vt 0.617573 0.156519
vt 0.615695 0.150058
vt 0.621071 0.145154
vt 0.606555 0.155676
vt 0.608880 0.149081
vt 0.610521 0.146048
vt 0.614691 0.146966
vt 0.617517 0.143610
vt 0.598686 0.147065
vt 0.605389 0.143875
vt 0.598665 0.135425
vt 0.606193 0.138392
vt 0.609408 0.140120
vt 0.608783 0.143005
vt 0.606401 0.127707
vt 0.610039 0.135037
vt 0.618991 0.124510
vt 0.615393 0.134312
vt 0.614242 0.138143
vt 0.611490 0.138412
vt 0.629624 0.135535
vt 0.620370 0.138100
vt 0.616824 0.139928
vt 0.613189 0.142722
vt 0.613529 0.142502
vt 0.612773 0.142765
vt 0.612793 0.142543
vt 0.613109 0.142490
vt 0.613377 0.142352
vt 0.612179 0.142413
vt 0.611967 0.141536
vt 0.612291 0.141648
vt 0.612472 0.142192
vt 0.612517 0.140982
vt 0.613303 0.141013
vt 0.613134 0.141314
vt 0.612666 0.141365
vt 0.613736 0.141832
vt 0.613356 0.141865
vt 0.610579 0.169841
vt 0.630875 0.162928
vt 0.588291 0.168006
vt 0.555082 0.151866
vt 0.577987 0.152312
vt 0.579168 0.134644
vt 0.596163 0.121861
vt 0.616122 0.114006
vt 0.848814 0.745030
vt 0.833663 0.747082
vt 0.864551 0.743717
vt 0.860534 0.754610
vt 0.846932 0.755139
vt 0.833191 0.756482
vt 0.608870 0.336229
vt 0.592225 0.328688
vt 0.600154 0.318454
vt 0.613902 0.327256
vt 0.577440 0.310790
vt 0.589650 0.303317
vt 0.576549 0.283949
vt 0.588676 0.285124
vt 0.590404 0.261009
vt 0.596647 0.268710
vt 0.607620 0.252211
vt 0.610936 0.260235
vt 0.624423 0.249260
vt 0.626329 0.257345
vt 0.902879 0.755340
vt 0.917231 0.761860
vt 0.913037 0.768624
vt 0.901419 0.762496
vt 0.930356 0.770015
vt 0.923534 0.776116
vt 0.900609 0.698730
vt 0.900114 0.678772
vt 0.900782 0.720590
vt 0.900357 0.663093
vt 0.900612 0.646482
vt 0.622344 0.229801
vt 0.598446 0.242924
vt 0.597324 0.222464
vt 0.624651 0.216531
vt 0.554926 0.259936
vt 0.554967 0.228935
vt 0.924590 0.753392
vt 0.905964 0.749160
vt 0.942699 0.759591
vt 0.603855 0.247331
vt 0.579762 0.261906
vt 0.624426 0.242510
vt 0.554898 0.315077
vt 0.561955 0.298202
vt 0.567459 0.335889
vt 0.585930 0.351316
vt 0.605795 0.353758
vt 0.629160 0.294067
vt 0.625101 0.293380
vt 0.623970 0.288072
vt 0.621835 0.297595
vt 0.619354 0.286296
vt 0.615425 0.287652
vt 0.613563 0.291046
vt 0.614193 0.294760
vt 0.617030 0.297606
vt 0.615449 0.140726
vt 0.613838 0.139461
vt 0.615833 0.143087
vt 0.611970 0.139591
vt 0.610555 0.140769
vt 0.610236 0.142710
vt 0.611437 0.144660
vt 0.614038 0.145086
vt 0.949625 0.626328
vt 0.962596 0.628711
vt 0.938454 0.624932
vt 0.938659 0.606509
vt 0.950715 0.609139
vt 0.964821 0.613225
vt 0.955844 0.591071
vt 0.971259 0.597049
vt 0.942485 0.584323
vt 0.954835 0.556195
vt 0.966246 0.573953
vt 0.980284 0.582126
vt 0.840479 0.625922
vt 0.858729 0.628303
vt 0.821059 0.621298
vt 0.826452 0.605807
vt 0.841689 0.608181
vt 0.859439 0.611000
vt 0.838491 0.584023
vt 0.856771 0.588825
vt 0.822062 0.581380
vt 0.830245 0.556465
vt 0.845555 0.560917
vt 0.866232 0.566818
vt 0.972663 0.631223
vt 0.983960 0.632995
vt 0.975457 0.617516
vt 0.986455 0.620046
vt 0.485093 0.456713
vt 0.482778 0.444027
vt 0.501341 0.440947
vt 0.504680 0.454364
vt 0.479921 0.431272
vt 0.498185 0.425094
vt 0.517121 0.421188
vt 0.520638 0.439747
vt 0.524470 0.454168
vt 0.927859 0.625971
vt 0.916417 0.627710
vt 0.913946 0.609600
vt 0.926927 0.607483
vt 0.926748 0.583315
vt 0.910174 0.585943
vt 0.903783 0.558018
vt 0.928731 0.556403
vt 0.537122 0.440198
vt 0.539503 0.455652
vt 0.534449 0.419027
vt 0.508724 0.405551
vt 0.529298 0.399959
vt 0.501251 0.382668
vt 0.526368 0.379888
vt 0.497524 0.101769
vt 0.505057 0.073230
vt 0.526493 0.077115
vt 0.521987 0.111855
vt 0.507501 0.045013
vt 0.525919 0.038776
vt 0.485965 0.213812
vt 0.479461 0.196904
vt 0.511146 0.198978
vt 0.514224 0.216558
vt 0.473139 0.180732
vt 0.508881 0.188069
vt 0.316659 0.839988
vt 0.316659 0.793905
vt 0.358467 0.799448
vt 0.349905 0.854333
vt 0.330548 0.750942
vt 0.366728 0.746496
vt 0.399833 0.761751
vt 0.399977 0.806902
vt 0.385940 0.850796
vt 0.330696 0.958757
vt 0.316659 0.914863
vt 0.358169 0.907408
vt 0.366731 0.962293
vt 0.316803 0.869711
vt 0.349908 0.854456
vt 0.386088 0.858903
vt 0.399977 0.901865
vt 0.399977 0.947949
vt 0.489062 0.295750
vt 0.489969 0.294782
vt 0.491639 0.294685
vt 0.492006 0.295824
vt 0.490394 0.294197
vt 0.491460 0.294075
vt 0.492395 0.293625
vt 0.492984 0.293882
vt 0.494026 0.294146
vt 0.494150 0.292007
vt 0.494938 0.291482
vt 0.493399 0.292209
vt 0.492884 0.289808
vt 0.493422 0.289117
vt 0.493743 0.288425
vt 0.490412 0.287836
vt 0.490367 0.287122
vt 0.490492 0.288759
vt 0.488147 0.290383
vt 0.487255 0.289726
vt 0.486640 0.288970
vt 0.487641 0.293473
vt 0.486411 0.293285
vt 0.488604 0.293301
vt 0.491786 0.318822
vt 0.487956 0.310612
vt 0.497605 0.305241
vt 0.503094 0.310880
vt 0.485440 0.302395
vt 0.494172 0.300618
vt 0.498193 0.295849
vt 0.503218 0.297387
vt 0.510683 0.299189
vt 0.503608 0.289223
vt 0.511281 0.286959
vt 0.498563 0.290433
vt 0.495858 0.285862
vt 0.499948 0.281970
vt 0.506338 0.275863
vt 0.491737 0.277447
vt 0.495317 0.268619
vt 0.490424 0.283629
vt 0.482564 0.285280
vt 0.481412 0.276861
vt 0.481865 0.266357
vt 0.899184 0.522538
vt 0.896292 0.513630
vt 0.905491 0.509523
vt 0.909309 0.517173
vt 0.893493 0.506300
vt 0.902048 0.502777
vt 0.909915 0.497930
vt 0.913847 0.503954
vt 0.918356 0.510343
vt 0.872720 0.629381
vt 0.883888 0.629835
vt 0.874010 0.612851
vt 0.885822 0.613893
vt 0.874685 0.592249
vt 0.891277 0.593624
vt 0.881132 0.572720
vt 0.898817 0.571398
vt 0.490557 0.293742
vt 0.491353 0.293700
vt 0.490628 0.293321
vt 0.491222 0.293241
vt 0.491790 0.292985
vt 0.492052 0.293320
vt 0.492667 0.292151
vt 0.491960 0.292067
vt 0.491735 0.290918
vt 0.492217 0.290396
vt 0.490627 0.289881
vt 0.490749 0.290780
vt 0.489810 0.291198
vt 0.489113 0.290822
vt 0.489371 0.292880
vt 0.490084 0.292466
vt 0.495432 0.142644
vt 0.496101 0.142560
vt 0.496812 0.143074
vt 0.496566 0.143746
vt 0.496457 0.142458
vt 0.496933 0.142741
vt 0.497484 0.142830
vt 0.497684 0.143139
vt 0.498124 0.143628
vt 0.498741 0.142555
vt 0.499241 0.142495
vt 0.498337 0.142457
vt 0.498644 0.141256
vt 0.499009 0.141077
vt 0.499259 0.140854
vt 0.497997 0.140002
vt 0.498096 0.139753
vt 0.497857 0.140353
vt 0.496654 0.140471
vt 0.496504 0.140084
vt 0.496470 0.139743
vt 0.495685 0.141396
vt 0.495339 0.141006
vt 0.496062 0.141598
vt 0.481662 0.150039
vt 0.489112 0.144951
vt 0.494474 0.149873
vt 0.492576 0.156328
vt 0.492671 0.143419
vt 0.495487 0.146784
vt 0.499659 0.145878
vt 0.501291 0.148917
vt 0.503597 0.155518
vt 0.504799 0.143721
vt 0.511492 0.146932
vt 0.501408 0.142841
vt 0.500791 0.139954
vt 0.504012 0.138235
vt 0.511549 0.135292
vt 0.500176 0.134869
vt 0.503836 0.127550
vt 0.498715 0.138240
vt 0.495964 0.137962
vt 0.494824 0.134128
vt 0.491256 0.124314
vt 0.489836 0.137900
vt 0.480589 0.135306
vt 0.493375 0.139739
vt 0.496663 0.142323
vt 0.497002 0.142544
vt 0.496815 0.142173
vt 0.497083 0.142313
vt 0.497399 0.142367
vt 0.497418 0.142589
vt 0.498013 0.142238
vt 0.497721 0.142016
vt 0.497904 0.141473
vt 0.498228 0.141362
vt 0.497679 0.140806
vt 0.497529 0.141188
vt 0.497061 0.141136
vt 0.496893 0.140835
vt 0.496458 0.141652
vt 0.496838 0.141687
vt 0.479254 0.162696
vt 0.499529 0.169672
vt 0.521823 0.167905
vt 0.532175 0.152243
vt 0.531048 0.134570
vt 0.514092 0.121735
vt 0.494157 0.113819
vt 0.833678 0.545880
vt 0.848827 0.547934
vt 0.833206 0.536481
vt 0.846946 0.537825
vt 0.860547 0.538356
vt 0.864562 0.549249
vt 0.500930 0.336252
vt 0.495884 0.327292
vt 0.509626 0.318457
vt 0.517567 0.328692
vt 0.520131 0.303297
vt 0.532352 0.310778
vt 0.521118 0.285080
vt 0.533261 0.283918
vt 0.513167 0.268624
vt 0.519437 0.260926
vt 0.498882 0.260090
vt 0.502230 0.252068
vt 0.483483 0.257129
vt 0.485425 0.249050
vt 0.902887 0.537630
vt 0.901428 0.530473
vt 0.913045 0.524347
vt 0.917238 0.531110
vt 0.923541 0.516856
vt 0.930363 0.522957
vt 0.900116 0.614193
vt 0.900614 0.594236
vt 0.900788 0.572377
vt 0.900359 0.629872
vt 0.487574 0.229598
vt 0.485311 0.216321
vt 0.512625 0.222341
vt 0.511439 0.242805
vt 0.905972 0.543809
vt 0.924596 0.539579
vt 0.942705 0.533381
vt 0.530086 0.261850
vt 0.506013 0.247198
vt 0.485448 0.242298
vt 0.542334 0.335886
vt 0.547852 0.298197
vt 0.504011 0.353770
vt 0.523871 0.351320
vt 0.485664 0.287965
vt 0.484513 0.293348
vt 0.480405 0.294049
vt 0.487837 0.297606
vt 0.494287 0.287591
vt 0.490343 0.286203
vt 0.495515 0.294715
vt 0.496147 0.290995
vt 0.492677 0.297588
vt 0.496363 0.139281
vt 0.494748 0.140541
vt 0.494357 0.142901
vt 0.499642 0.140599
vt 0.498231 0.139417
vt 0.498749 0.144487
vt 0.499955 0.142541
vt 0.496146 0.144905
vt 0.684564 0.360505
vt 0.673210 0.351782
vt 0.689751 0.336461
vt 0.700751 0.355741
vt 0.652404 0.338975
vt 0.667849 0.313698
vt 0.702588 0.286842
vt 0.724127 0.317116
vt 0.735651 0.348920
vt 0.713311 0.427297
vt 0.686751 0.448245
vt 0.667739 0.413683
vt 0.687252 0.403100
vt 0.652487 0.462614
vt 0.637128 0.421478
vt 0.637331 0.391857
vt 0.661762 0.391944
vt 0.676009 0.390518
vt 0.663076 0.370606
vt 0.680337 0.375526
vt 0.637128 0.363210
vt 0.735721 0.391312
vt 0.698436 0.380685
vt 0.786701 0.857277
vt 0.765789 0.858287
vt 0.765422 0.829458
vt 0.785951 0.827888
vt 0.744859 0.857810
vt 0.744859 0.828412
vt 0.747819 0.810027
vt 0.765144 0.807649
vt 0.782524 0.809585
vt 0.137943 0.817128
vt 0.124898 0.757597
vt 0.197474 0.757597
vt 0.197474 0.830173
vt 0.137943 0.698066
vt 0.197474 0.685021
vt 0.257005 0.698066
vt 0.270050 0.757597
vt 0.257005 0.817128
vt 0.078413 0.876659
vt 0.197474 0.876659
vt 0.078413 0.757597
vt 0.316536 0.876659
vt 0.316536 0.757597
vt 0.316536 0.638535
vt 0.197474 0.638535
vt 0.078413 0.638535
vt 0.197474 0.863797
vt 0.118192 0.836880
vt 0.276757 0.836880
vt 0.091274 0.757597
vt 0.118192 0.678315
vt 0.197474 0.651397
vt 0.276757 0.678315
vt 0.303674 0.757597
s 1
f 1/1/1 2/2/2 3/3/3 4/4/4
f 2/2/2 5/5/5 6/6/6 3/3/3
f 4/4/4 3/3/3 7/7/7 8/8/8
f 3/3/3 6/6/6 9/9/9 7/7/7
f 10/10/10 11/11/11 1/12/1 12/13/12
f 11/14/11 13/15/13 2/2/2 1/1/1
f 13/15/13 14/16/14 5/5/5 2/2/2
f 14/16/14 15/17/15 16/18/16 5/5/5
f 5/5/5 16/18/16 17/19/17 6/6/6
f 6/6/6 17/19/17 18/20/18 9/9/9
f 9/9/9 18/20/18 19/21/19 20/22/20
f 7/7/7 9/9/9 20/22/20 21/23/21
f 8/8/8 7/7/7 21/23/21 22/24/22
f 23/25/23 8/26/8 22/27/22 24/28/24
f 25/29/25 4/30/4 8/26/8 23/25/23
f 12/13/12 1/12/1 4/30/4 25/29/25
f 26/31/26 27/32/27 28/33/28 29/34/29
f 27/32/27 30/35/30 31/36/31 28/33/28
f 29/34/29 28/33/28 32/37/32 33/38/33
f 28/33/28 31/36/31 34/39/34 32/37/32
f 24/40/24 22/24/22 26/31/26 35/41/35
f 22/24/22 21/23/21 27/32/27 26/31/26
f 21/23/21 20/22/20 30/35/30 27/32/27
f 20/22/20 19/21/19 36/42/36 30/35/30
f 30/35/30 36/42/36 37/43/37 31/36/31
f 31/36/31 37/43/37 38/44/38 34/39/34
f 34/39/34 38/44/38 39/45/39 40/46/40
f 32/37/32 34/39/34 40/46/40 41/47/41
f 33/38/33 32/37/32 41/47/41 42/48/42
f 43/49/43 33/38/33 42/48/42 44/50/44
f 45/51/45 29/34/29 33/38/33 43/49/43
f 35/41/35 26/31/26 29/34/29 45/51/45
f 46/52/46 47/53/47 48/54/48 49/55/49
f 47/53/47 50/56/50 51/57/51 48/54/48
f 49/55/49 48/54/48 52/58/52 53/59/53
f 48/54/48 51/57/51 54/60/54 52/58/52
f 44/61/44 42/62/42 46/63/46 55/64/55
f 42/48/42 41/47/41 47/53/47 46/52/46
f 41/47/41 40/46/40 50/56/50 47/53/47
f 40/46/40 39/45/39 56/65/56 50/56/50
f 50/56/50 56/65/56 57/66/57 51/57/51
f 51/57/51 57/66/57 58/67/58 54/60/54
f 54/60/54 58/67/58 59/68/59 60/69/60
f 52/58/52 54/60/54 60/69/60 61/70/61
f 53/59/53 52/58/52 61/70/61 62/71/62
f 63/72/63 53/73/53 62/74/62 64/75/64
f 65/76/65 49/77/49 53/73/53 63/72/63
f 55/64/55 46/63/46 49/77/49 65/76/65
f 66/78/66 67/79/67 68/80/68 69/81/69
f 67/79/67 70/82/70 71/83/71 68/80/68
f 69/81/69 68/80/68 72/84/72 73/85/73
f 68/80/68 71/83/71 74/86/74 72/84/72
f 64/75/64 62/74/62 66/87/66 75/88/75
f 62/71/62 61/70/61 67/79/67 66/78/66
f 61/70/61 60/69/60 70/82/70 67/79/67
f 60/69/60 59/68/59 76/89/76 70/82/70
f 70/82/70 76/89/76 77/90/77 71/83/71
f 71/83/71 77/90/77 78/91/78 74/86/74
f 74/86/74 78/91/78 15/17/15 14/16/14
f 72/84/72 74/86/74 14/16/14 13/15/13
f 73/85/73 72/84/72 13/15/13 11/14/11
f 79/92/79 73/93/73 11/11/11 10/10/10
f 80/94/80 69/95/69 73/93/73 79/92/79
f 75/88/75 66/87/66 69/95/69 80/94/80
f 81/96/81 82/97/82 83/98/83 84/99/84
f 82/97/82 85/100/85 86/101/86 83/98/83
f 84/99/84 83/98/83 87/102/87 88/103/88
f 83/98/83 86/101/86 89/104/89 87/102/87
f 24/28/24 35/105/35 81/96/81 23/25/23
f 35/41/35 45/51/45 82/106/82 81/107/81
f 45/51/45 43/49/43 85/108/85 82/106/82
f 43/109/43 44/61/44 55/64/55 85/100/85
f 85/100/85 55/64/55 65/76/65 86/101/86
f 86/101/86 65/76/65 63/72/63 89/104/89
f 89/104/89 63/72/63 64/75/64 75/88/75
f 87/102/87 89/104/89 75/88/75 80/94/80
f 88/103/88 87/102/87 80/94/80 79/92/79
f 12/13/12 88/103/88 79/92/79 10/10/10
f 25/29/25 84/99/84 88/103/88 12/13/12
f 23/25/23 81/96/81 84/99/84 25/29/25
f 90/110/90 91/111/91 92/112/92 93/113/93
f 91/111/91 94/114/94 95/115/95 92/112/92
f 93/113/93 92/112/92 96/116/96 97/117/97
f 92/112/92 95/115/95 98/118/98 96/116/96
f 39/45/39 38/44/38 90/110/90 56/65/56
f 38/44/38 37/43/37 91/111/91 90/110/90
f 37/43/37 36/42/36 94/114/94 91/111/91
f 36/42/36 19/21/19 18/20/18 94/114/94
f 94/114/94 18/20/18 17/19/17 95/115/95
f 95/115/95 17/19/17 16/18/16 98/118/98
f 98/118/98 16/18/16 15/17/15 78/91/78
f 96/116/96 98/118/98 78/91/78 77/90/77
f 97/117/97 96/116/96 77/90/77 76/89/76
f 58/67/58 97/117/97 76/89/76 59/68/59
f 57/66/57 93/113/93 97/117/97 58/67/58
f 56/65/56 90/110/90 93/113/93 57/66/57
f 99/119/99 100/120/100 101/121/101
f 102/122/102 103/123/103 104/124/104 105/125/105
f 106/126/106 107/127/107 108/128/108 109/129/109
f 110/130/110 111/131/111 101/132/101
f 112/133/112 113/134/113 114/135/114 115/136/115
f 116/137/116 117/138/117 101/121/101
f 118/139/118 119/140/119 120/141/120 121/142/121
f 117/138/117 99/119/99 101/121/101
f 122/143/122 123/144/123 117/138/117 124/145/124
f 123/144/123 125/146/125 99/119/99 117/138/117
f 125/146/125 126/147/126 100/120/100 99/119/99
f 126/147/126 122/143/122 124/145/124 100/120/100
f 127/148/127 128/149/128 123/144/123 122/143/122
f 128/149/128 129/150/129 125/146/125 123/144/123
f 129/150/129 130/151/130 126/147/126 125/146/125
f 130/151/130 127/148/127 122/143/122 126/147/126
f 131/152/127 132/153/128 128/149/128 127/148/127
f 132/153/128 133/154/129 129/150/129 128/149/128
f 133/154/129 134/155/130 130/151/130 129/150/129
f 134/155/130 131/152/127 127/148/127 130/151/130
f 105/125/105 104/124/104 132/153/128 131/152/127
f 104/124/104 103/123/103 133/154/129 132/153/128
f 103/123/103 102/122/102 134/155/130 133/154/129
f 102/122/102 105/125/105 131/152/127 134/155/130
f 135/156/131 136/157/132 137/158/133 138/159/134
f 136/157/132 139/160/135 140/161/136 137/158/133
f 139/160/135 141/162/137 142/163/138 140/161/136
f 141/162/137 135/156/131 138/159/134 142/163/138
f 143/164/139 144/165/140 136/157/132 135/156/131
f 144/165/140 145/166/141 139/160/135 136/157/132
f 145/166/141 146/167/142 141/162/137 139/160/135
f 146/167/142 143/164/139 135/156/131 141/162/137
f 147/168/139 148/169/143 144/165/140 143/164/139
f 148/169/143 149/170/141 145/166/141 144/165/140
f 149/170/141 150/171/144 146/167/142 145/166/141
f 150/171/144 147/168/139 143/164/139 146/167/142
f 109/129/109 108/128/108 148/169/143 147/168/139
f 108/128/108 107/127/107 149/170/141 148/169/143
f 107/127/107 106/126/106 150/171/144 149/170/141
f 106/126/106 109/129/109 147/168/139 150/171/144
f 151/172/145 152/173/146 116/137/116 153/174/147
f 152/173/146 154/175/148 117/138/117 116/137/116
f 154/175/148 155/176/149 124/145/124 117/138/117
f 155/176/149 151/172/145 153/174/147 124/145/124
f 138/159/134 137/158/133 152/173/146 151/172/145
f 137/158/133 140/161/136 154/175/148 152/173/146
f 140/161/136 142/163/138 155/176/149 154/175/148
f 142/163/138 138/159/134 151/172/145 155/176/149
f 156/177/150 157/178/151 158/179/152 159/180/153
f 157/178/151 160/181/154 161/182/155 158/179/152
f 160/181/154 162/183/156 163/184/157 161/182/155
f 162/183/156 156/177/150 159/180/153 163/184/157
f 115/136/115 114/135/114 157/178/151 156/177/150
f 114/135/114 113/134/113 160/181/154 157/178/151
f 113/134/113 112/133/112 162/183/156 160/181/154
f 112/133/112 115/136/115 156/177/150 162/183/156
f 159/180/153 158/179/152 164/185/158 165/186/159
f 158/179/152 161/182/155 116/187/116 164/185/158
f 161/182/155 163/184/157 153/188/147 116/187/116
f 163/184/157 159/180/153 165/186/159 153/188/147
f 166/189/160 167/190/161 168/191/162 169/192/163
f 167/190/161 170/193/164 171/194/165 168/191/162
f 170/193/164 172/195/166 173/196/167 171/194/165
f 172/195/166 166/189/160 169/192/163 173/196/167
f 174/197/168 175/198/169 167/190/161 166/189/160
f 175/198/169 176/199/170 170/193/164 167/190/161
f 176/199/170 177/200/171 172/195/166 170/193/164
f 177/200/171 174/197/168 166/189/160 172/195/166
f 121/142/121 120/141/120 175/198/169 174/197/168
f 120/141/120 119/140/119 176/199/170 175/198/169
f 119/140/119 118/139/118 177/200/171 176/199/170
f 118/139/118 121/142/121 174/197/168 177/200/171
f 169/192/163 168/191/162 111/131/111 110/130/110
f 168/191/162 171/194/165 164/185/158 111/131/111
f 171/194/165 173/196/167 165/186/159 164/185/158
f 173/196/167 169/192/163 110/130/110 165/186/159
f 111/131/111 164/185/158 101/132/101
f 100/120/100 124/145/124 101/121/101
f 124/145/124 153/174/147 101/121/101
f 153/188/147 165/186/159 101/132/101
f 165/186/159 110/130/110 101/132/101
f 164/185/158 116/187/116 101/132/101
f 178/201/172 179/202/173 180/203/174
f 181/204/175 182/205/176 183/206/177 184/207/178
f 185/208/179 186/209/180 187/210/181 188/211/182
f 189/212/183 179/213/173 190/214/184
f 191/215/185 192/216/186 193/217/187 194/218/188
f 195/219/189 179/202/173 196/220/190
f 197/221/191 198/222/192 199/223/193 200/224/194
f 196/220/190 179/202/173 178/201/172
f 201/225/195 202/226/196 196/220/190 203/227/197
f 203/227/197 196/220/190 178/201/172 204/228/198
f 204/228/198 178/201/172 180/203/174 205/229/199
f 205/229/199 180/203/174 202/226/196 201/225/195
f 206/230/200 201/225/195 203/227/197 207/231/201
f 207/231/201 203/227/197 204/228/198 208/232/202
f 208/232/202 204/228/198 205/229/199 209/233/203
f 209/233/203 205/229/199 201/225/195 206/230/200
f 210/234/200 206/230/200 207/231/201 211/235/201
f 211/235/201 207/231/201 208/232/202 212/236/202
f 212/236/202 208/232/202 209/233/203 213/237/203
f 213/237/203 209/233/203 206/230/200 210/234/200
f 182/205/176 210/234/200 211/235/201 183/206/177
f 183/206/177 211/235/201 212/236/202 184/207/178
f 184/207/178 212/236/202 213/237/203 181/204/175
f 181/204/175 213/237/203 210/234/200 182/205/176
f 214/238/204 215/239/205 216/240/206 217/241/207
f 217/241/207 216/240/206 218/242/208 219/243/209
f 219/243/209 218/242/208 220/244/210 221/245/211
f 221/245/211 220/244/210 215/239/205 214/238/204
f 222/246/212 214/238/204 217/241/207 223/247/213
f 223/247/213 217/241/207 219/243/209 224/248/214
f 224/248/214 219/243/209 221/245/211 225/249/215
f 225/249/215 221/245/211 214/238/204 222/246/212
f 226/250/212 222/246/212 223/247/213 227/251/216
f 227/251/216 223/247/213 224/248/214 228/252/214
f 228/252/214 224/248/214 225/249/215 229/253/217
f 229/253/217 225/249/215 222/246/212 226/250/212
f 186/209/180 226/250/212 227/251/216 187/210/181
f 187/210/181 227/251/216 228/252/214 188/211/182
f 188/211/182 228/252/214 229/253/217 185/208/179
f 185/208/179 229/253/217 226/250/212 186/209/180
f 230/254/218 231/255/219 195/219/189 232/256/220
f 232/256/220 195/219/189 196/220/190 233/257/221
f 233/257/221 196/220/190 202/226/196 234/258/222
f 234/258/222 202/226/196 231/255/219 230/254/218
f 215/239/205 230/254/218 232/256/220 216/240/206
f 216/240/206 232/256/220 233/257/221 218/242/208
f 218/242/208 233/257/221 234/258/222 220/244/210
f 220/244/210 234/258/222 230/254/218 215/239/205
f 235/259/223 236/260/224 237/261/225 238/262/226
f 238/262/226 237/261/225 239/263/227 240/264/228
f 240/264/228 239/263/227 241/265/229 242/266/230
f 242/266/230 241/265/229 236/260/224 235/259/223
f 192/216/186 235/259/223 238/262/226 193/217/187
f 193/217/187 238/262/226 240/264/228 194/218/188
f 194/218/188 240/264/228 242/266/230 191/215/185
f 191/215/185 242/266/230 235/259/223 192/216/186
f 236/260/224 243/267/231 244/268/232 237/261/225
f 237/261/225 244/268/232 195/269/189 239/263/227
f 239/263/227 195/269/189 231/270/219 241/265/229
f 241/265/229 231/270/219 243/267/231 236/260/224
f 245/271/233 246/272/234 247/273/235 248/274/236
f 248/274/236 247/273/235 249/275/237 250/276/238
f 250/276/238 249/275/237 251/277/239 252/278/240
f 252/278/240 251/277/239 246/272/234 245/271/233
f 253/279/241 245/271/233 248/274/236 254/280/242
f 254/280/242 248/274/236 250/276/238 255/281/243
f 255/281/243 250/276/238 252/278/240 256/282/244
f 256/282/244 252/278/240 245/271/233 253/279/241
f 198/222/192 253/279/241 254/280/242 199/223/193
f 199/223/193 254/280/242 255/281/243 200/224/194
f 200/224/194 255/281/243 256/282/244 197/221/191
f 197/221/191 256/282/244 253/279/241 198/222/192
f 246/272/234 189/212/183 190/214/184 247/273/235
f 247/273/235 190/214/184 244/268/232 249/275/237
f 249/275/237 244/268/232 243/267/231 251/277/239
f 251/277/239 243/267/231 189/212/183 246/272/234
f 190/214/184 179/213/173 244/268/232
f 180/203/174 179/202/173 202/226/196
f 202/226/196 179/202/173 231/255/219
f 231/270/219 179/213/173 243/267/231
f 243/267/231 179/213/173 189/212/183
f 244/268/232 179/213/173 195/269/189
f 257/283/245 258/284/246 259/285/247 260/286/248
f 261/287/249 262/288/250 263/289/251 264/290/252
f 265/291/253 266/292/254 267/293/255 268/294/256
f 269/295/257 270/296/258 271/297/259 272/298/260
f 273/299/261 274/300/262 275/301/263 276/302/264
f 270/296/258 277/303/265 278/304/266 271/297/259
f 279/305/267 280/306/268 281/307/269 282/308/270
f 283/309/271 278/304/266 277/303/265 284/310/272
f 284/311/272 285/312/273 286/313/274 283/314/271
f 287/315/275 288/316/276 289/317/277 290/318/278
f 291/319/279 292/320/280 293/321/281 294/322/282
f 292/320/280 295/323/283 296/324/284 293/321/281
f 295/323/283 297/325/285 298/326/286 296/324/284
f 297/325/285 291/319/279 294/322/282 298/326/286
f 299/327/287 300/328/288 292/320/280 291/319/279
f 300/328/288 301/329/289 295/323/283 292/320/280
f 301/329/289 302/330/290 297/325/285 295/323/283
f 302/330/290 299/327/287 291/319/279 297/325/285
f 303/331/291 304/332/292 300/328/288 299/327/287
f 304/332/292 305/333/293 301/329/289 300/328/288
f 305/333/293 306/334/294 302/330/290 301/329/289
f 306/334/294 303/331/291 299/327/287 302/330/290
f 264/290/252 263/289/251 304/332/292 303/331/291
f 263/289/251 262/288/250 305/333/293 304/332/292
f 262/288/250 261/287/249 306/334/294 305/333/293
f 261/287/249 264/290/252 303/331/291 306/334/294
f 307/335/295 308/336/296 309/337/297 310/338/298
f 308/336/296 311/339/299 312/340/300 309/337/297
f 311/339/299 313/341/301 314/342/302 312/340/300
f 313/341/301 307/335/295 310/338/298 314/342/302
f 315/343/303 316/344/304 308/336/296 307/335/295
f 316/344/304 317/345/305 311/339/299 308/336/296
f 317/345/305 318/346/306 313/341/301 311/339/299
f 318/346/306 315/343/303 307/335/295 313/341/301
f 319/347/303 320/348/304 316/344/304 315/343/303
f 320/348/304 321/349/305 317/345/305 316/344/304
f 321/349/305 322/350/306 318/346/306 317/345/305
f 322/350/306 319/347/303 315/343/303 318/346/306
f 268/294/256 267/293/255 320/348/304 319/347/303
f 267/293/255 266/292/254 321/349/305 320/348/304
f 266/292/254 265/291/253 322/350/306 321/349/305
f 265/291/253 268/294/256 319/347/303 322/350/306
f 323/351/307 324/352/308 277/303/265 325/353/309
f 324/352/308 326/354/310 284/310/272 277/303/265
f 326/354/310 327/355/311 258/356/246 284/310/272
f 327/355/311 323/351/307 325/353/309 258/356/246
f 310/338/298 309/337/297 324/352/308 323/351/307
f 309/337/297 312/340/300 326/354/310 324/352/308
f 312/340/300 314/342/302 327/355/311 326/354/310
f 314/342/302 310/338/298 323/351/307 327/355/311
f 328/357/312 329/358/313 330/359/314 331/360/315
f 329/358/313 332/361/316 333/362/317 330/359/314
f 332/361/316 334/363/318 335/364/319 333/362/317
f 334/363/318 328/357/312 331/360/315 335/364/319
f 276/302/264 275/301/263 329/358/313 328/357/312
f 275/301/263 274/300/262 332/361/316 329/358/313
f 274/300/262 273/299/261 334/363/318 332/361/316
f 273/299/261 276/302/264 328/357/312 334/363/318
f 331/360/315 330/359/314 270/296/258 336/365/320
f 330/359/314 333/362/317 277/303/265 270/296/258
f 333/362/317 335/364/319 325/353/309 277/303/265
f 335/364/319 331/360/315 336/365/320 325/353/309
f 337/366/321 338/367/322 339/368/323 340/369/324
f 338/367/322 341/370/325 342/371/326 339/368/323
f 341/370/325 343/372/327 344/373/328 342/371/326
f 343/372/327 337/366/321 340/369/324 344/373/328
f 345/374/329 346/375/330 338/367/322 337/366/321
f 346/375/330 347/376/331 341/370/325 338/367/322
f 347/376/331 348/377/332 343/372/327 341/370/325
f 348/377/332 345/374/329 337/366/321 343/372/327
f 282/308/270 281/307/269 346/375/330 345/374/329
f 281/307/269 280/306/268 347/376/331 346/375/330
f 280/306/268 279/305/267 348/377/332 347/376/331
f 279/305/267 282/308/270 345/374/329 348/377/332
f 340/369/324 339/368/323 269/295/257 349/378/333
f 339/368/323 342/371/326 270/296/258 269/295/257
f 342/371/326 344/373/328 336/365/320 270/296/258
f 344/373/328 340/369/324 349/378/333 336/365/320
f 350/379/334 351/380/335 352/381/336 353/382/337
f 351/380/335 354/383/338 355/384/339 352/381/336
f 354/383/338 356/385/340 357/386/341 355/384/339
f 356/385/340 350/379/334 353/382/337 357/386/341
f 358/387/342 359/388/343 351/380/335 350/379/334
f 359/388/343 360/389/344 354/383/338 351/380/335
f 360/389/344 361/390/345 356/385/340 354/383/338
f 361/390/345 358/387/342 350/379/334 356/385/340
f 362/391/342 363/392/343 359/388/343 358/387/342
f 363/392/343 364/393/344 360/389/344 359/388/343
f 364/393/344 365/394/345 361/390/345 360/389/344
f 365/394/345 362/391/342 358/387/342 361/390/345
f 290/318/278 289/317/277 363/392/343 362/391/342
f 289/317/277 288/316/276 364/393/344 363/392/343
f 288/316/276 287/315/275 365/394/345 364/393/344
f 287/315/275 290/318/278 362/391/342 365/394/345
f 366/395/346 367/396/347 260/286/248 286/313/274
f 367/396/347 368/397/348 257/283/245 260/286/248
f 368/397/348 369/398/349 285/312/273 257/283/245
f 369/398/349 366/395/346 286/313/274 285/312/273
f 353/382/337 352/381/336 367/396/347 366/395/346
f 352/381/336 355/384/339 368/397/348 367/396/347
f 355/384/339 357/386/341 369/398/349 368/397/348
f 357/386/341 353/382/337 366/395/346 369/398/349
f 370/399/350 371/400/351 284/311/272 258/284/246
f 371/400/351 372/401/352 285/312/273 284/311/272
f 372/401/352 373/402/353 257/283/245 285/312/273
f 373/402/353 370/399/350 258/284/246 257/283/245
f 294/322/282 293/321/281 371/400/351 370/399/350
f 293/321/281 296/324/284 372/401/352 371/400/351
f 296/324/284 298/326/286 373/402/353 372/401/352
f 298/326/286 294/322/282 370/399/350 373/402/353
f 260/286/248 259/285/247 283/314/271 286/313/274
f 259/403/247 374/404/354 278/304/266 283/309/271
f 374/404/354 375/405/355 271/297/259 278/304/266
f 375/405/355 376/406/356 272/298/260 271/297/259
f 374/404/354 259/403/247 258/356/246 325/353/309
f 325/353/309 336/365/320 375/405/355 374/404/354
f 336/365/320 349/378/333 376/406/356 375/405/355
f 376/406/356 349/378/333 377/407/357 378/408/358
f 377/407/357 379/409/359 380/410/360 378/408/358
f 269/295/257 272/298/260 380/410/360 379/409/359
f 349/378/333 269/295/257 379/409/359 377/407/357
f 272/298/260 376/406/356 378/408/358 380/410/360
f 381/411/361 382/412/362 383/413/363 384/414/364
f 385/415/365 386/416/366 387/417/367 388/418/368
f 386/416/366 389/419/369 390/420/370 387/417/367
f 389/419/369 391/421/371 392/422/372 390/420/370
f 393/423/373 394/424/374 391/425/371
f 393/423/373 395/426/375 396/427/376 394/424/374
f 390/420/370 397/428/377 398/429/378 387/417/367
f 399/430/379 400/431/380 401/432/381 402/433/382
f 392/422/372 403/434/383 397/428/377 390/420/370
f 404/435/384 405/436/385 406/437/386 407/438/387
f 402/433/382 401/432/381 395/439/375 393/440/373
f 387/417/367 398/429/378 408/441/388 388/418/368
f 409/442/389 410/443/390 400/431/380 399/430/379
f 407/438/387 406/437/386 411/444/391 412/445/392
f 394/424/374 396/427/376 403/446/383 392/447/372
f 402/433/382 393/440/373 391/421/371 389/419/369
f 399/430/379 402/433/382 389/419/369 386/416/366
f 409/442/389 399/430/379 386/416/366 385/415/365
f 412/445/392 411/444/391 382/412/362 381/411/361
f 394/424/374 392/447/372 391/425/371
f 385/415/365 412/445/392 381/411/361 409/442/389
f 388/418/368 407/438/387 412/445/392 385/415/365
f 408/441/388 404/435/384 407/438/387 388/418/368
f 409/442/389 381/411/361 384/414/364 410/443/390
f 413/448/393 414/449/394 415/450/395 416/451/396
f 417/452/397 418/453/398 419/454/399 420/455/400
f 420/455/400 419/454/399 421/456/401 422/457/402
f 422/457/402 421/456/401 423/458/403 424/459/404
f 425/460/405 424/461/404 426/462/406
f 425/463/405 426/464/406 427/465/407 428/466/408
f 421/456/401 419/454/399 429/467/409 430/468/410
f 431/469/411 432/470/412 433/471/413 434/472/414
f 423/458/403 421/456/401 430/468/410 435/473/415
f 436/474/416 437/475/417 438/476/418 439/477/419
f 432/470/412 425/478/405 428/479/408 433/471/413
f 419/454/399 418/453/398 440/480/420 429/467/409
f 441/481/421 431/469/411 434/472/414 442/482/422
f 437/475/417 443/483/423 444/484/424 438/476/418
f 426/485/406 423/458/403 435/473/415 427/486/407
f 432/487/412 422/488/402 424/461/404 425/460/405
f 431/489/411 420/490/400 422/488/402 432/487/412
f 441/491/421 417/492/397 420/490/400 431/489/411
f 443/493/423 413/494/393 416/495/396 444/496/424
f 426/485/406 424/459/404 423/458/403
f 417/492/397 441/491/421 413/494/393 443/493/423
f 418/453/398 417/452/397 443/483/423 437/475/417
f 440/480/420 418/453/398 437/475/417 436/474/416
f 441/481/421 442/482/422 414/449/394 413/448/393
f 383/413/363 415/450/395 414/449/394 384/414/364
f 408/441/388 440/480/420 436/474/416 404/435/384
f 398/429/378 429/467/409 440/480/420 408/441/388
f 410/443/390 442/482/422 434/472/414 400/431/380
f 397/428/377 430/468/410 429/467/409 398/429/378
f 400/431/380 434/472/414 433/471/413 401/432/381
f 403/434/383 435/473/415 430/468/410 397/428/377
f 401/432/381 433/471/413 428/479/408 395/439/375
f 395/426/375 428/466/408 427/465/407 396/427/376
f 382/412/362 416/451/396 415/450/395 383/413/363
f 405/436/385 439/477/419 438/476/418 406/437/386
f 396/427/376 427/465/407 435/497/415 403/446/383
f 406/437/386 438/476/418 444/484/424 411/444/391
f 411/444/391 444/484/424 416/451/396 382/412/362
f 384/414/364 414/449/394 442/482/422 410/443/390
f 404/435/384 436/474/416 439/477/419 405/436/385
f 445/498/425 446/499/426 447/500/427 448/501/428
f 449/502/429 450/503/430 451/504/431 452/505/432
f 452/505/432 451/504/431 453/506/433 454/507/434
f 454/507/434 453/506/433 455/508/435 456/509/436
f 457/510/437 456/511/436 458/512/438
f 457/510/437 458/512/438 459/513/439 460/514/440
f 453/506/433 451/504/431 461/515/441 462/516/442
f 463/517/443 464/518/444 465/519/445 466/520/446
f 455/508/435 453/506/433 462/516/442 467/521/447
f 468/522/448 469/523/449 470/524/450 471/525/451
f 464/518/444 457/526/437 460/527/440 465/519/445
f 451/504/431 450/503/430 472/528/452 461/515/441
f 473/529/453 463/517/443 466/520/446 474/530/454
f 469/523/449 475/531/455 476/532/456 470/524/450
f 458/512/438 455/533/435 467/534/447 459/513/439
f 464/518/444 454/507/434 456/509/436 457/526/437
f 463/517/443 452/505/432 454/507/434 464/518/444
f 473/529/453 449/502/429 452/505/432 463/517/443
f 475/531/455 445/498/425 448/501/428 476/532/456
f 458/512/438 456/511/436 455/533/435
f 449/502/429 473/529/453 445/498/425 475/531/455
f 450/503/430 449/502/429 475/531/455 469/523/449
f 472/528/452 450/503/430 469/523/449 468/522/448
f 473/529/453 474/530/454 446/499/426 445/498/425
f 477/535/457 478/536/458 479/537/459 480/538/460
f 481/539/461 482/540/462 483/541/463 484/542/464
f 482/540/462 485/543/465 486/544/466 483/541/463
f 485/543/465 487/545/467 488/546/468 486/544/466
f 489/547/469 490/548/470 487/549/467
f 489/550/469 491/551/471 492/552/472 490/553/470
f 486/544/466 493/554/473 494/555/474 483/541/463
f 495/556/475 496/557/476 497/558/477 498/559/478
f 488/546/468 499/560/479 493/554/473 486/544/466
f 500/561/480 501/562/481 502/563/482 503/564/483
f 498/559/478 497/558/477 491/565/471 489/566/469
f 483/541/463 494/555/474 504/567/484 484/542/464
f 505/568/485 506/569/486 496/557/476 495/556/475
f 503/564/483 502/563/482 507/570/487 508/571/488
f 490/572/470 492/573/472 499/560/479 488/546/468
f 498/574/478 489/547/469 487/549/467 485/575/465
f 495/576/475 498/574/478 485/575/465 482/577/462
f 505/578/485 495/576/475 482/577/462 481/579/461
f 508/580/488 507/581/487 478/582/458 477/583/457
f 490/584/470 488/585/468 487/586/467
f 481/579/461 508/580/488 477/583/457 505/578/485
f 484/542/464 503/564/483 508/571/488 481/539/461
f 504/567/484 500/561/480 503/564/483 484/542/464
f 505/568/485 477/535/457 480/538/460 506/569/486
f 447/500/427 446/499/426 480/538/460 479/537/459
f 472/528/452 468/522/448 500/561/480 504/567/484
f 461/515/441 472/528/452 504/567/484 494/555/474
f 474/530/454 466/520/446 496/557/476 506/569/486
f 462/516/442 461/515/441 494/555/474 493/554/473
f 466/520/446 465/519/445 497/558/477 496/557/476
f 467/521/447 462/516/442 493/554/473 499/560/479
f 465/519/445 460/527/440 491/565/471 497/558/477
f 460/514/440 459/513/439 492/552/472 491/551/471
f 448/501/428 447/500/427 479/537/459 478/536/458
f 471/525/451 470/524/450 502/563/482 501/562/481
f 459/513/439 467/534/447 499/587/479 492/552/472
f 470/524/450 476/532/456 507/570/487 502/563/482
f 476/532/456 448/501/428 478/536/458 507/570/487
f 446/499/426 474/530/454 506/569/486 480/538/460
f 468/522/448 471/525/451 501/562/481 500/561/480
f 509/588/489 510/589/490 511/590/491 512/591/492 513/592/493 514/593/494 515/594/495 516/595/496 517/596/497 518/597/498 519/598/499 520/599/500 521/600/501 522/601/502 523/602/503 524/603/504 525/604/505 526/605/506 527/606/507 528/607/508
f 510/589/490 509/588/489 529/608/509 530/609/510
f 511/590/491 510/589/490 530/609/510 531/610/511
f 512/591/492 511/590/491 531/610/511 532/611/512
f 513/592/493 512/591/492 532/611/512 533/612/513
f 514/593/494 513/592/493 533/612/513 534/613/514
f 515/594/495 514/593/494 534/613/514 535/614/515
f 516/595/496 515/594/495 535/614/515 536/615/516
f 517/596/497 516/595/496 536/615/516 537/616/517
f 518/597/498 517/596/497 537/616/517 538/617/518
f 519/598/499 518/597/498 538/617/518 539/618/519
f 520/599/500 519/598/499 539/618/519 540/619/520
f 521/600/501 520/599/500 540/619/520 541/620/521
f 522/601/502 521/600/501 541/620/521 542/621/522
f 523/602/503 522/601/502 542/621/522 543/622/523
f 524/603/504 523/602/503 543/622/523 544/623/524
f 525/604/505 524/603/504 544/623/524 545/624/525
f 526/605/506 525/604/505 545/624/525 546/625/526
f 527/606/507 526/605/506 546/625/526 547/626/527
f 528/607/508 527/606/507 547/626/527 548/627/528
f 509/588/489 528/607/508 548/627/528 529/608/509
f 549/628/491 550/629/492 551/630/493 552/631/529 553/632/495 554/633/496 555/634/497 556/635/498 557/636/499 558/637/500 559/638/501 560/639/502 561/640/503 562/641/504 563/642/505 564/643/506 565/644/507 566/645/508 567/646/489 568/647/490
f 550/629/492 549/628/491 569/648/511 570/649/512
f 551/630/493 550/629/492 570/649/512 571/650/513
f 552/631/529 551/630/493 571/650/513 572/651/514
f 553/632/495 552/631/529 572/651/514 573/652/515
f 554/633/496 553/632/495 573/652/515 574/653/516
f 555/634/497 554/633/496 574/653/516 575/654/517
f 556/635/498 555/634/497 575/654/517 576/655/518
f 557/636/499 556/635/498 576/655/518 577/656/519
f 558/637/500 557/636/499 577/656/519 578/657/520
f 559/638/501 558/637/500 578/657/520 579/658/521
f 560/639/502 559/638/501 579/658/521 580/659/522
f 561/640/503 560/639/502 580/659/522 581/660/523
f 562/641/504 561/640/503 581/660/523 582/661/524
f 563/642/505 562/641/504 582/661/524 583/662/525
f 564/643/506 563/642/505 583/662/525 584/663/526
f 565/644/507 564/643/506 584/663/526 585/664/530
f 566/645/508 565/644/507 585/664/530 586/665/528
f 567/646/489 566/645/508 586/665/528 587/666/509
f 568/647/490 567/646/489 587/666/509 588/667/510
f 549/628/491 568/647/490 588/667/510 569/648/511
f 589/668/489 590/669/490 591/670/491 592/671/492 593/672/493 594/673/529 595/674/495 596/675/496 597/676/497 598/677/498 599/678/499 600/679/500 601/680/501 602/681/502 603/682/503 604/683/504 605/684/505 606/685/506 607/686/507 608/687/508
f 590/669/490 589/668/489 609/688/509 610/689/510
f 591/670/491 590/669/490 610/689/510 611/690/511
f 592/671/492 591/670/491 611/690/511 612/691/512
f 593/672/493 592/671/492 612/691/512 613/692/513
f 594/673/529 593/672/493 613/692/513 614/693/514
f 595/674/495 594/673/529 614/693/514 615/694/515
f 596/675/496 595/674/495 615/694/515 616/695/516
f 597/676/497 596/675/496 616/695/516 617/696/517
f 598/677/498 597/676/497 617/696/517 618/697/518
f 599/678/499 598/677/498 618/697/518 619/698/519
f 600/679/500 599/678/499 619/698/519 620/699/520
f 601/680/501 600/679/500 620/699/520 621/700/521
f 602/681/502 601/680/501 621/700/521 622/701/522
f 603/682/503 602/681/502 622/701/522 623/702/523
f 604/683/504 603/682/503 623/702/523 624/703/524
f 605/684/505 604/683/504 624/703/524 625/704/525
f 606/685/506 605/684/505 625/704/525 626/705/526
f 607/686/507 606/685/506 626/705/526 627/706/530
f 608/687/508 607/686/507 627/706/530 628/707/528
f 589/668/489 608/687/508 628/707/528 609/688/509
f 629/708/531 630/709/532 631/710/533 632/711/534 633/712/535 634/713/536 635/714/537 636/715/538 637/716/539 638/717/540 639/718/541 640/719/542 641/720/543 642/721/544 643/722/545 644/723/546 645/724/547 646/725/548 647/726/549 648/727/550
f 648/727/550 649/728/551 650/729/552 629/708/531
f 647/726/549 651/730/553 649/728/551 648/727/550
f 646/725/548 652/731/554 651/730/553 647/726/549
f 645/724/547 653/732/555 652/731/554 646/725/548
f 644/723/546 654/733/556 653/732/555 645/724/547
f 643/722/545 655/734/557 654/733/556 644/723/546
f 642/721/544 656/735/558 655/734/557 643/722/545
f 641/720/543 657/736/559 656/735/558 642/721/544
f 640/719/542 658/737/560 657/736/559 641/720/543
f 639/718/541 659/738/561 658/737/560 640/719/542
f 638/717/540 660/739/562 659/738/561 639/718/541
f 637/716/539 661/740/563 660/739/562 638/717/540
f 636/715/538 662/741/564 661/740/563 637/716/539
f 635/714/537 663/742/565 662/741/564 636/715/538
f 634/713/536 664/743/566 663/742/565 635/714/537
f 633/712/535 665/744/567 664/743/566 634/713/536
f 632/711/534 666/745/568 665/744/567 633/712/535
f 631/710/533 667/746/569 666/745/568 632/711/534
f 630/709/532 668/747/570 667/746/569 631/710/533
f 629/708/531 650/729/552 668/747/570 630/709/532
f 669/748/549 670/749/550 671/750/531 672/751/532 673/752/533 674/753/534 675/754/535 676/755/536 677/756/537 678/757/538 679/758/539 680/759/540 681/760/541 682/761/542 683/762/543 684/763/544 685/764/545 686/765/546 687/766/547 688/767/548
f 688/767/548 689/768/554 690/769/553 669/748/549
f 687/766/547 691/770/555 689/768/554 688/767/548
f 686/765/546 692/771/556 691/770/555 687/766/547
f 685/764/545 693/772/557 692/771/556 686/765/546
f 684/763/544 694/773/558 693/772/557 685/764/545
f 683/762/543 695/774/559 694/773/558 684/763/544
f 682/761/542 696/775/560 695/774/559 683/762/543
f 681/760/541 697/776/561 696/775/560 682/761/542
f 680/759/540 698/777/562 697/776/561 681/760/541
f 679/758/539 699/778/563 698/777/562 680/759/540
f 678/757/538 700/779/564 699/778/563 679/758/539
f 677/756/537 701/780/565 700/779/564 678/757/538
f 676/755/536 702/781/566 701/780/565 677/756/537
f 675/754/535 703/782/567 702/781/566 676/755/536
f 674/753/534 704/783/568 703/782/567 675/754/535
f 673/752/533 705/784/571 704/783/568 674/753/534
f 672/751/532 706/785/570 705/784/571 673/752/533
f 671/750/531 707/786/552 706/785/570 672/751/532
f 670/749/550 708/787/551 707/786/552 671/750/531
f 669/748/549 690/769/553 708/787/551 670/749/550
f 709/788/531 710/789/532 711/790/533 712/791/534 713/792/535 714/793/536 715/794/537 716/795/538 717/796/539 718/797/540 719/798/541 720/799/542 721/800/543 722/801/544 723/802/545 724/803/546 725/804/547 726/805/548 727/806/549 728/807/550
f 728/807/550 729/808/551 730/809/552 709/788/531
f 727/806/549 731/810/553 729/808/551 728/807/550
f 726/805/548 732/811/554 731/810/553 727/806/549
f 725/804/547 733/812/555 732/811/554 726/805/548
f 724/803/546 734/813/556 733/812/555 725/804/547
f 723/802/545 735/814/557 734/813/556 724/803/546
f 722/801/544 736/815/558 735/814/557 723/802/545
f 721/800/543 737/816/559 736/815/558 722/801/544
f 720/799/542 738/817/560 737/816/559 721/800/543
f 719/798/541 739/818/561 738/817/560 720/799/542
f 718/797/540 740/819/562 739/818/561 719/798/541
f 717/796/539 741/820/563 740/819/562 718/797/540
f 716/795/538 742/821/564 741/820/563 717/796/539
f 715/794/537 743/822/565 742/821/564 716/795/538
f 714/793/536 744/823/566 743/822/565 715/794/537
f 713/792/535 745/824/567 744/823/566 714/793/536
f 712/791/534 746/825/568 745/824/567 713/792/535
f 711/790/533 747/826/571 746/825/568 712/791/534
f 710/789/532 748/827/570 747/826/571 711/790/533
f 709/788/531 730/809/552 748/827/570 710/789/532
f 749/828/572 750/829/573 751/830/574 752/831/575
f 750/829/573 753/832/576 754/833/577 751/830/574
f 751/830/574 754/833/577 755/834/578 756/835/579
f 752/831/575 751/830/574 756/835/579 757/836/580
f 753/832/576 758/837/581 759/838/582 754/833/577
f 758/837/581 760/839/583 761/840/584 759/838/582
f 759/838/582 761/840/584 762/841/585 763/842/586
f 754/833/577 759/838/582 763/842/586 755/834/578
f 764/843/587 765/844/588 766/845/589 767/846/590
f 765/844/588 768/847/591 769/848/592 766/845/589
f 766/845/589 769/848/592 770/849/593 771/850/594
f 767/846/590 766/845/589 771/850/594 772/851/595
f 768/847/591 773/852/596 774/853/597 769/848/592
f 773/852/596 775/854/598 776/855/599 774/853/597
f 774/853/597 776/855/599 777/856/600 778/857/601
f 769/848/592 774/853/597 778/857/601 770/849/593
f 779/858/602 780/859/603 781/860/604 782/861/605
f 780/859/603 783/862/606 784/863/607 781/860/604
f 781/860/604 784/863/607 753/832/576 750/829/573
f 782/861/605 781/860/604 750/829/573 749/828/572
f 783/864/606 785/865/608 786/866/609 784/867/607
f 785/865/608 787/868/610 788/869/611 786/866/609
f 786/866/609 788/869/611 760/870/583 758/871/581
f 784/867/607 786/866/609 758/871/581 753/872/576
f 757/836/580 756/835/579 789/873/612 790/874/613
f 756/835/579 755/834/578 791/875/614 789/873/612
f 789/873/612 791/875/614 792/876/615 793/877/616
f 790/874/613 789/873/612 793/877/616 794/878/617
f 755/834/578 763/842/586 795/879/618 791/875/614
f 763/842/586 762/841/585 796/880/619 795/879/618
f 795/879/618 796/880/619 797/881/620 798/882/621
f 791/875/614 795/879/618 798/882/621 792/876/615
f 787/868/610 799/883/622 800/884/623 788/869/611
f 799/883/622 801/885/624 802/886/625 800/884/623
f 800/884/623 802/886/625 803/887/626 804/888/627
f 788/869/611 800/884/623 804/888/627 760/870/583
f 760/870/583 804/888/627 805/889/628 761/890/584
f 804/888/627 803/887/626 806/891/629 805/889/628
f 805/889/628 806/891/629 807/892/630 808/893/631
f 761/890/584 805/889/628 808/893/631 762/894/585
f 777/895/600 809/896/632 810/897/633 778/898/601
f 809/896/632 811/899/634 812/900/635 810/897/633
f 810/897/633 812/900/635 772/901/595 771/902/594
f 778/898/601 810/897/633 771/902/594 770/903/593
f 813/904/636 814/905/637 815/906/638 816/907/639
f 814/905/637 817/908/640 818/909/641 815/906/638
f 815/906/638 818/909/641 819/910/642 820/911/643
f 816/907/639 815/906/638 820/911/643 775/912/598
f 821/913/644 822/914/645 823/915/646 824/916/647
f 822/914/645 825/917/648 826/918/649 823/915/646
f 823/915/646 826/918/649 827/919/650 828/920/651
f 824/916/647 823/915/646 828/920/651 829/921/652
f 830/922/653 831/923/654 832/924/655 833/925/656
f 831/923/654 834/926/657 835/927/658 832/924/655
f 832/924/655 835/927/658 836/928/659 837/929/660
f 833/925/656 832/924/655 837/929/660 838/930/661
f 839/931/662 840/932/663 841/933/664 842/934/665
f 840/932/663 843/935/666 844/936/667 841/933/664
f 841/933/664 844/936/667 845/937/668 846/938/669
f 842/934/665 841/933/664 846/938/669 847/939/670
f 843/935/666 848/940/671 849/941/672 844/936/667
f 848/940/671 850/942/673 851/943/674 849/941/672
f 849/941/672 851/943/674 852/944/675 853/945/676
f 844/936/667 849/941/672 853/945/676 845/937/668
f 850/942/673 854/946/677 855/947/678 851/943/674
f 854/946/677 856/948/679 857/949/680 855/947/678
f 855/947/678 857/949/680 858/950/681 859/951/682
f 851/943/674 855/947/678 859/951/682 852/944/675
f 856/948/679 860/952/683 861/953/684 857/949/680
f 860/952/683 839/931/662 842/934/665 861/953/684
f 861/953/684 842/934/665 847/939/670 862/954/685
f 857/949/680 861/953/684 862/954/685 858/950/681
f 863/955/686 864/956/687 865/957/688 866/958/689
f 864/956/687 867/959/690 868/960/691 865/957/688
f 865/957/688 868/960/691 869/961/692 870/962/693
f 866/958/689 865/957/688 870/962/693 871/963/694
f 867/959/690 872/964/695 873/965/696 868/960/691
f 872/964/695 874/966/697 875/967/698 873/965/696
f 873/965/696 875/967/698 876/968/699 877/969/700
f 868/960/691 873/965/696 877/969/700 869/961/692
f 874/966/697 878/970/701 879/971/702 875/967/698
f 878/970/701 880/972/703 881/973/704 879/971/702
f 879/971/702 881/973/704 882/974/705 883/975/706
f 875/967/698 879/971/702 883/975/706 876/968/699
f 880/976/703 884/977/707 885/978/708 881/979/704
f 884/977/707 863/980/686 866/981/689 885/978/708
f 885/978/708 866/981/689 871/982/694 886/983/709
f 881/979/704 885/978/708 886/983/709 882/984/705
f 887/985/710 888/986/711 889/987/712 890/988/713
f 888/986/711 891/989/714 892/990/715 889/987/712
f 889/987/712 892/990/715 768/847/591 765/844/588
f 890/988/713 889/987/712 765/844/588 764/843/587
f 891/989/714 893/991/716 894/992/717 892/990/715
f 893/991/716 813/993/636 816/994/639 894/992/717
f 894/992/717 816/994/639 775/854/598 773/852/596
f 892/990/715 894/992/717 773/852/596 768/847/591
f 847/939/670 846/938/669 895/995/718 896/996/719
f 846/938/669 845/937/668 897/997/720 895/995/718
f 895/995/718 897/997/720 825/998/648 822/999/645
f 896/996/719 895/995/718 822/999/645 821/1000/644
f 845/937/668 853/945/676 898/1001/721 897/997/720
f 853/945/676 852/944/675 899/1002/722 898/1001/721
f 898/1001/721 899/1002/722 827/1003/650 826/1004/649
f 897/997/720 898/1001/721 826/1004/649 825/998/648
f 852/944/675 859/951/682 900/1005/723 899/1002/722
f 859/951/682 858/950/681 901/1006/724 900/1005/723
f 900/1005/723 901/1006/724 829/1007/652 828/1008/651
f 899/1002/722 900/1005/723 828/1008/651 827/1003/650
f 858/950/681 862/954/685 902/1009/725 901/1006/724
f 862/954/685 847/939/670 896/996/719 902/1009/725
f 902/1009/725 896/996/719 821/1000/644 824/1010/647
f 901/1006/724 902/1009/725 824/1010/647 829/1007/652
f 903/1011/726 904/1012/727 905/1013/728 906/1014/729
f 904/1012/727 907/1015/730 908/1016/731 905/1013/728
f 905/1013/728 908/1016/731 909/1017/732 910/1018/733
f 906/1014/729 905/1013/728 910/1018/733 911/1019/734
f 907/1015/730 912/1020/735 913/1021/736 908/1016/731
f 912/1020/735 914/1022/737 915/1023/738 913/1021/736
f 913/1021/736 915/1023/738 916/1024/739 917/1025/740
f 908/1016/731 913/1021/736 917/1025/740 909/1017/732
f 914/1022/737 918/1026/741 919/1027/742 915/1023/738
f 918/1026/741 920/1028/743 921/1029/744 919/1027/742
f 919/1027/742 921/1029/744 922/1030/745 923/1031/746
f 915/1023/738 919/1027/742 923/1031/746 916/1024/739
f 920/1028/743 924/1032/747 925/1033/748 921/1029/744
f 924/1032/747 903/1011/726 906/1014/729 925/1033/748
f 925/1033/748 906/1014/729 911/1019/734 926/1034/749
f 921/1029/744 925/1033/748 926/1034/749 922/1030/745
f 927/1035/750 928/1036/751 929/1037/752 930/1038/753
f 928/1036/751 931/1039/754 932/1040/755 929/1037/752
f 929/1037/752 932/1040/755 933/1041/756 934/1042/757
f 930/1038/753 929/1037/752 934/1042/757 935/1043/758
f 931/1039/754 936/1044/759 937/1045/760 932/1040/755
f 936/1044/759 938/1046/761 939/1047/762 937/1045/760
f 937/1045/760 939/1047/762 940/1048/763 941/1049/764
f 932/1040/755 937/1045/760 941/1049/764 933/1041/756
f 938/1046/761 942/1050/765 943/1051/766 939/1047/762
f 942/1050/765 944/1052/767 945/1053/768 943/1051/766
f 943/1051/766 945/1053/768 946/1054/769 947/1055/770
f 939/1047/762 943/1051/766 947/1055/770 940/1048/763
f 944/1052/767 948/1056/771 949/1057/772 945/1053/768
f 948/1056/771 927/1035/750 930/1038/753 949/1057/772
f 949/1057/772 930/1038/753 935/1043/758 950/1058/773
f 945/1053/768 949/1057/772 950/1058/773 946/1054/769
f 911/1019/734 910/1018/733 951/1059/774 952/1060/775
f 910/1018/733 909/1017/732 953/1061/776 951/1059/774
f 951/1059/774 953/1061/776 834/1062/657 831/1063/654
f 952/1060/775 951/1059/774 831/1063/654 830/1064/653
f 909/1017/732 917/1025/740 954/1065/777 953/1061/776
f 917/1025/740 916/1024/739 955/1066/778 954/1065/777
f 954/1065/777 955/1066/778 836/1067/659 835/1068/658
f 953/1061/776 954/1065/777 835/1068/658 834/1062/657
f 916/1024/739 923/1031/746 956/1069/779 955/1066/778
f 923/1031/746 922/1030/745 957/1070/780 956/1069/779
f 956/1069/779 957/1070/780 838/1071/661 837/1072/660
f 955/1066/778 956/1069/779 837/1072/660 836/1067/659
f 922/1030/745 926/1034/749 958/1073/781 957/1070/780
f 926/1034/749 911/1019/734 952/1060/775 958/1073/781
f 958/1073/781 952/1060/775 830/1064/653 833/1074/656
f 957/1070/780 958/1073/781 833/1074/656 838/1071/661
f 775/912/598 820/911/643 959/1075/782 960/1076/783
f 820/911/643 819/910/642 961/1077/784 959/1075/782
f 959/1075/782 961/1077/784 931/1039/754 928/1036/751
f 960/1076/783 959/1075/782 928/1036/751 927/1035/750
f 819/910/642 962/1078/785 963/1079/786 961/1077/784
f 962/1078/785 811/899/634 964/1080/787 963/1079/786
f 963/1079/786 964/1080/787 938/1046/761 936/1044/759
f 961/1077/784 963/1079/786 936/1044/759 931/1039/754
f 811/899/634 809/896/632 965/1081/788 964/1080/787
f 809/896/632 777/895/600 966/1082/789 965/1081/788
f 965/1081/788 966/1082/789 944/1052/767 942/1050/765
f 964/1080/787 965/1081/788 942/1050/765 938/1046/761
f 777/856/600 776/855/599 967/1083/790 966/1084/789
f 776/855/599 775/854/598 960/1085/783 967/1083/790
f 967/1083/790 960/1085/783 927/1086/750 948/1087/771
f 966/1084/789 967/1083/790 948/1087/771 944/1088/767
f 968/1089/791 969/1090/792 970/1091/793 971/1092/794
f 969/1090/792 972/1093/795 973/1094/796 970/1091/793
f 970/1091/793 973/1094/796 867/959/690 864/956/687
f 971/1092/794 970/1091/793 864/956/687 863/955/686
f 972/1093/795 974/1095/797 975/1096/798 973/1094/796
f 974/1095/797 976/1097/799 977/1098/800 975/1096/798
f 975/1096/798 977/1098/800 874/966/697 872/964/695
f 973/1094/796 975/1096/798 872/964/695 867/959/690
f 976/1097/799 978/1099/801 979/1100/802 977/1098/800
f 978/1099/801 980/1101/803 981/1102/804 979/1100/802
f 979/1100/802 981/1102/804 880/972/703 878/970/701
f 977/1098/800 979/1100/802 878/970/701 874/966/697
f 980/1103/803 982/1104/805 983/1105/806 981/1106/804
f 982/1104/805 968/1107/791 971/1108/794 983/1105/806
f 983/1105/806 971/1108/794 863/980/686 884/977/707
f 981/1106/804 983/1105/806 884/977/707 880/976/703
f 792/876/615 798/882/621 984/1109/807 985/1110/808
f 798/882/621 797/881/620 986/1111/809 984/1109/807
f 984/1109/807 986/1111/809 813/993/636 893/991/716
f 985/1110/808 984/1109/807 893/991/716 891/989/714
f 794/878/617 793/877/616 987/1112/810 988/1113/811
f 793/877/616 792/876/615 985/1110/808 987/1112/810
f 987/1112/810 985/1110/808 891/989/714 888/986/711
f 988/1113/811 987/1112/810 888/986/711 887/985/710
f 797/1114/620 989/1115/812 990/1116/813 986/1117/809
f 989/1115/812 991/1118/814 992/1119/815 990/1116/813
f 990/1116/813 992/1119/815 817/908/640 814/905/637
f 986/1117/809 990/1116/813 814/905/637 813/904/636
f 797/881/620 796/880/619 993/1120/816 994/1121/817
f 796/880/619 762/841/585 995/1122/818 993/1120/816
f 993/1120/816 995/1122/818 968/1107/791 982/1104/805
f 994/1121/817 993/1120/816 982/1104/805 980/1103/803
f 991/1118/814 989/1115/812 996/1123/819 997/1124/820
f 989/1115/812 797/1114/620 994/1125/817 996/1123/819
f 996/1123/819 994/1125/817 980/1101/803 978/1099/801
f 997/1124/820 996/1123/819 978/1099/801 976/1097/799
f 807/892/630 998/1126/821 999/1127/822 1000/1128/823
f 998/1126/821 991/1118/814 997/1124/820 999/1127/822
f 999/1127/822 997/1124/820 976/1097/799 974/1095/797
f 1000/1128/823 999/1127/822 974/1095/797 972/1093/795
f 762/894/585 808/893/631 1001/1129/824 995/1130/818
f 808/893/631 807/892/630 1000/1128/823 1001/1129/824
f 1001/1129/824 1000/1128/823 972/1093/795 969/1090/792
f 995/1130/818 1001/1129/824 969/1090/792 968/1089/791
f 882/974/705 886/1131/709 1002/1132/825 1003/1133/826
f 886/1131/709 871/963/694 1004/1134/827 1002/1132/825
f 1002/1132/825 1004/1134/827 839/931/662 860/952/683
f 1003/1133/826 1002/1132/825 860/952/683 856/948/679
f 876/968/699 883/975/706 1005/1135/828 1006/1136/829
f 883/975/706 882/974/705 1003/1133/826 1005/1135/828
f 1005/1135/828 1003/1133/826 856/948/679 854/946/677
f 1006/1136/829 1005/1135/828 854/946/677 850/942/673
f 869/961/692 877/969/700 1007/1137/830 1008/1138/831
f 877/969/700 876/968/699 1006/1136/829 1007/1137/830
f 1007/1137/830 1006/1136/829 850/942/673 848/940/671
f 1008/1138/831 1007/1137/830 848/940/671 843/935/666
f 871/963/694 870/962/693 1009/1139/832 1004/1134/827
f 870/962/693 869/961/692 1008/1138/831 1009/1139/832
f 1009/1139/832 1008/1138/831 843/935/666 840/932/663
f 1004/1134/827 1009/1139/832 840/932/663 839/931/662
f 946/1054/769 950/1058/773 1010/1140/833 1011/1141/834
f 950/1058/773 935/1043/758 1012/1142/835 1010/1140/833
f 1010/1140/833 1012/1142/835 903/1011/726 924/1032/747
f 1011/1141/834 1010/1140/833 924/1032/747 920/1028/743
f 940/1048/763 947/1055/770 1013/1143/836 1014/1144/837
f 947/1055/770 946/1054/769 1011/1141/834 1013/1143/836
f 1013/1143/836 1011/1141/834 920/1028/743 918/1026/741
f 1014/1144/837 1013/1143/836 918/1026/741 914/1022/737
f 933/1041/756 941/1049/764 1015/1145/838 1016/1146/839
f 941/1049/764 940/1048/763 1014/1144/837 1015/1145/838
f 1015/1145/838 1014/1144/837 914/1022/737 912/1020/735
f 1016/1146/839 1015/1145/838 912/1020/735 907/1015/730
f 935/1043/758 934/1042/757 1017/1147/840 1012/1142/835
f 934/1042/757 933/1041/756 1016/1146/839 1017/1147/840
f 1017/1147/840 1016/1146/839 907/1015/730 904/1012/727
f 1012/1142/835 1017/1147/840 904/1012/727 903/1011/726
f 749/828/572 752/831/575 1018/1148/841 1019/1149/842
f 752/831/575 757/836/580 1020/1150/843 1018/1148/841
f 1018/1148/841 1020/1150/843 1021/1151/844 1022/1152/845
f 1019/1149/842 1018/1148/841 1022/1152/845 1023/1153/846
f 1023/1153/846 1022/1152/845 1024/1154/847 1025/1155/848
f 1022/1152/845 1021/1151/844 1026/1156/849 1024/1154/847
f 1024/1154/847 1026/1156/849 1027/1157/850 1028/1158/851
f 1025/1155/848 1024/1154/847 1028/1158/851 1029/1159/852
f 764/843/587 767/846/590 1030/1160/853 1031/1161/854
f 767/846/590 772/851/595 1032/1162/855 1030/1160/853
f 1030/1160/853 1032/1162/855 1033/1163/856 1034/1164/857
f 1031/1161/854 1030/1160/853 1034/1164/857 1035/1165/858
f 1035/1165/858 1034/1164/857 1036/1166/859 1037/1167/860
f 1034/1164/857 1033/1163/856 1038/1168/861 1036/1166/859
f 1036/1166/859 1038/1168/861 1039/1169/862 1040/1170/863
f 1037/1167/860 1036/1166/859 1040/1170/863 1041/1171/864
f 779/858/602 782/861/605 1042/1172/865 1043/1173/866
f 782/861/605 749/828/572 1019/1149/842 1042/1172/865
f 1042/1172/865 1019/1149/842 1023/1153/846 1044/1174/867
f 1043/1173/866 1042/1172/865 1044/1174/867 1045/1175/868
f 1045/1176/868 1044/1177/867 1046/1178/869 1047/1179/870
f 1044/1177/867 1023/1180/846 1025/1181/848 1046/1178/869
f 1046/1178/869 1025/1181/848 1029/1182/852 1048/1183/871
f 1047/1179/870 1046/1178/869 1048/1183/871 1049/1184/872
f 757/836/580 790/874/613 1050/1185/873 1020/1150/843
f 790/874/613 794/878/617 1051/1186/874 1050/1185/873
f 1050/1185/873 1051/1186/874 1052/1187/875 1053/1188/876
f 1020/1150/843 1050/1185/873 1053/1188/876 1021/1151/844
f 1021/1151/844 1053/1188/876 1054/1189/877 1026/1156/849
f 1053/1188/876 1052/1187/875 1055/1190/878 1054/1189/877
f 1054/1189/877 1055/1190/878 1056/1191/879 1057/1192/880
f 1026/1156/849 1054/1189/877 1057/1192/880 1027/1157/850
f 1049/1184/872 1048/1183/871 1058/1193/881 1059/1194/882
f 1048/1183/871 1029/1182/852 1060/1195/883 1058/1193/881
f 1058/1193/881 1060/1195/883 803/887/626 802/886/625
f 1059/1194/882 1058/1193/881 802/886/625 801/885/624
f 1029/1182/852 1028/1196/851 1061/1197/884 1060/1195/883
f 1028/1196/851 1027/1198/850 1062/1199/885 1061/1197/884
f 1061/1197/884 1062/1199/885 807/892/630 806/891/629
f 1060/1195/883 1061/1197/884 806/891/629 803/887/626
f 1039/1200/862 1038/1201/861 1063/1202/886 1064/1203/887
f 1038/1201/861 1033/1204/856 1032/1205/855 1063/1202/886
f 1063/1202/886 1032/1205/855 772/901/595 812/900/635
f 1064/1203/887 1063/1202/886 812/900/635 811/899/634
f 1065/1206/888 1066/1207/889 1067/1208/890 1068/1209/891
f 1066/1207/889 1041/1210/864 1069/1211/892 1067/1208/890
f 1067/1208/890 1069/1211/892 819/910/642 818/909/641
f 1068/1209/891 1067/1208/890 818/909/641 817/908/640
f 1070/1212/893 1071/1213/894 1072/1214/895 1073/1215/896
f 1071/1213/894 1074/1216/897 1075/1217/898 1072/1214/895
f 1072/1214/895 1075/1217/898 1076/1218/899 1077/1219/900
f 1073/1215/896 1072/1214/895 1077/1219/900 1078/1220/901
f 1079/1221/902 1080/1222/903 1081/1223/904 1082/1224/905
f 1080/1222/903 1083/1225/906 1084/1226/907 1081/1223/904
f 1081/1223/904 1084/1226/907 1085/1227/908 1086/1228/909
f 1082/1224/905 1081/1223/904 1086/1228/909 1087/1229/910
f 1088/1230/911 1089/1231/912 1090/1232/913 1091/1233/914
f 1089/1231/912 1092/1234/915 1093/1235/916 1090/1232/913
f 1090/1232/913 1093/1235/916 1094/1236/917 1095/1237/918
f 1091/1233/914 1090/1232/913 1095/1237/918 1096/1238/919
f 1096/1238/919 1095/1237/918 1097/1239/920 1098/1240/921
f 1095/1237/918 1094/1236/917 1099/1241/922 1097/1239/920
f 1097/1239/920 1099/1241/922 1100/1242/923 1101/1243/924
f 1098/1240/921 1097/1239/920 1101/1243/924 1102/1244/925
f 1102/1244/925 1101/1243/924 1103/1245/926 1104/1246/927
f 1101/1243/924 1100/1242/923 1105/1247/928 1103/1245/926
f 1103/1245/926 1105/1247/928 1106/1248/929 1107/1249/930
f 1104/1246/927 1103/1245/926 1107/1249/930 1108/1250/931
f 1108/1250/931 1107/1249/930 1109/1251/932 1110/1252/933
f 1107/1249/930 1106/1248/929 1111/1253/934 1109/1251/932
f 1109/1251/932 1111/1253/934 1092/1234/915 1089/1231/912
f 1110/1252/933 1109/1251/932 1089/1231/912 1088/1230/911
f 1112/1254/935 1113/1255/936 1114/1256/937 1115/1257/938
f 1113/1255/936 1116/1258/939 1117/1259/940 1114/1256/937
f 1114/1256/937 1117/1259/940 1118/1260/941 1119/1261/942
f 1115/1257/938 1114/1256/937 1119/1261/942 1120/1262/943
f 1120/1262/943 1119/1261/942 1121/1263/944 1122/1264/945
f 1119/1261/942 1118/1260/941 1123/1265/946 1121/1263/944
f 1121/1263/944 1123/1265/946 1124/1266/947 1125/1267/948
f 1122/1264/945 1121/1263/944 1125/1267/948 1126/1268/949
f 1126/1268/949 1125/1267/948 1127/1269/950 1128/1270/951
f 1125/1267/948 1124/1266/947 1129/1271/952 1127/1269/950
f 1127/1269/950 1129/1271/952 1130/1272/953 1131/1273/954
f 1128/1270/951 1127/1269/950 1131/1273/954 1132/1274/955
f 1132/1275/955 1131/1276/954 1133/1277/956 1134/1278/957
f 1131/1276/954 1130/1279/953 1135/1280/958 1133/1277/956
f 1133/1277/956 1135/1280/958 1116/1281/939 1113/1282/936
f 1134/1278/957 1133/1277/956 1113/1282/936 1112/1283/935
f 887/985/710 890/988/713 1136/1284/959 1137/1285/960
f 890/988/713 764/843/587 1031/1161/854 1136/1284/959
f 1136/1284/959 1031/1161/854 1035/1165/858 1138/1286/961
f 1137/1285/960 1136/1284/959 1138/1286/961 1139/1287/962
f 1139/1287/962 1138/1286/961 1140/1288/963 1141/1289/964
f 1138/1286/961 1035/1165/858 1037/1167/860 1140/1288/963
f 1140/1288/963 1037/1167/860 1041/1171/864 1066/1290/889
f 1141/1289/964 1140/1288/963 1066/1290/889 1065/1291/888
f 1092/1234/915 1142/1292/965 1143/1293/966 1093/1235/916
f 1142/1292/965 1070/1294/893 1073/1295/896 1143/1293/966
f 1143/1293/966 1073/1295/896 1078/1296/901 1144/1297/967
f 1093/1235/916 1143/1293/966 1144/1297/967 1094/1236/917
f 1094/1236/917 1144/1297/967 1145/1298/968 1099/1241/922
f 1144/1297/967 1078/1296/901 1077/1299/900 1145/1298/968
f 1145/1298/968 1077/1299/900 1076/1300/899 1146/1301/969
f 1099/1241/922 1145/1298/968 1146/1301/969 1100/1242/923
f 1100/1242/923 1146/1301/969 1147/1302/970 1105/1247/928
f 1146/1301/969 1076/1300/899 1075/1303/898 1147/1302/970
f 1147/1302/970 1075/1303/898 1074/1304/897 1148/1305/971
f 1105/1247/928 1147/1302/970 1148/1305/971 1106/1248/929
f 1106/1248/929 1148/1305/971 1149/1306/972 1111/1253/934
f 1148/1305/971 1074/1304/897 1071/1307/894 1149/1306/972
f 1149/1306/972 1071/1307/894 1070/1294/893 1142/1292/965
f 1111/1253/934 1149/1306/972 1142/1292/965 1092/1234/915
f 1150/1308/973 1151/1309/974 1152/1310/975 1153/1311/976
f 1151/1309/974 1154/1312/977 1155/1313/978 1152/1310/975
f 1152/1310/975 1155/1313/978 1156/1314/979 1157/1315/980
f 1153/1311/976 1152/1310/975 1157/1315/980 1158/1316/981
f 1158/1316/981 1157/1315/980 1159/1317/982 1160/1318/983
f 1157/1315/980 1156/1314/979 1161/1319/984 1159/1317/982
f 1159/1317/982 1161/1319/984 1162/1320/985 1163/1321/986
f 1160/1318/983 1159/1317/982 1163/1321/986 1164/1322/987
f 1164/1322/987 1163/1321/986 1165/1323/988 1166/1324/989
f 1163/1321/986 1162/1320/985 1167/1325/990 1165/1323/988
f 1165/1323/988 1167/1325/990 1168/1326/991 1169/1327/992
f 1166/1324/989 1165/1323/988 1169/1327/992 1170/1328/993
f 1170/1328/993 1169/1327/992 1171/1329/994 1172/1330/995
f 1169/1327/992 1168/1326/991 1173/1331/996 1171/1329/994
f 1171/1329/994 1173/1331/996 1154/1312/977 1151/1309/974
f 1172/1330/995 1171/1329/994 1151/1309/974 1150/1308/973
f 1174/1332/997 1175/1333/998 1176/1334/999 1177/1335/1000
f 1175/1333/998 1178/1336/1001 1179/1337/1002 1176/1334/999
f 1176/1334/999 1179/1337/1002 1180/1338/1003 1181/1339/1004
f 1177/1335/1000 1176/1334/999 1181/1339/1004 1182/1340/1005
f 1182/1340/1005 1181/1339/1004 1183/1341/1006 1184/1342/1007
f 1181/1339/1004 1180/1338/1003 1185/1343/1008 1183/1341/1006
f 1183/1341/1006 1185/1343/1008 1186/1344/1009 1187/1345/1010
f 1184/1342/1007 1183/1341/1006 1187/1345/1010 1188/1346/1011
f 1188/1346/1011 1187/1345/1010 1189/1347/1012 1190/1348/1013
f 1187/1345/1010 1186/1344/1009 1191/1349/1014 1189/1347/1012
f 1189/1347/1012 1191/1349/1014 1192/1350/1015 1193/1351/1016
f 1190/1348/1013 1189/1347/1012 1193/1351/1016 1194/1352/1017
f 1194/1352/1017 1193/1351/1016 1195/1353/1018 1196/1354/1019
f 1193/1351/1016 1192/1350/1015 1197/1355/1020 1195/1353/1018
f 1195/1353/1018 1197/1355/1020 1178/1336/1001 1175/1333/998
f 1196/1354/1019 1195/1353/1018 1175/1333/998 1174/1332/997
f 1154/1312/977 1198/1356/1021 1199/1357/1022 1155/1313/978
f 1198/1356/1021 1079/1358/902 1082/1359/905 1199/1357/1022
f 1199/1357/1022 1082/1359/905 1087/1360/910 1200/1361/1023
f 1155/1313/978 1199/1357/1022 1200/1361/1023 1156/1314/979
f 1156/1314/979 1200/1361/1023 1201/1362/1024 1161/1319/984
f 1200/1361/1023 1087/1360/910 1086/1363/909 1201/1362/1024
f 1201/1362/1024 1086/1363/909 1085/1364/908 1202/1365/1025
f 1161/1319/984 1201/1362/1024 1202/1365/1025 1162/1320/985
f 1162/1320/985 1202/1365/1025 1203/1366/1026 1167/1325/990
f 1202/1365/1025 1085/1364/908 1084/1367/907 1203/1366/1026
f 1203/1366/1026 1084/1367/907 1083/1368/906 1204/1369/1027
f 1167/1325/990 1203/1366/1026 1204/1369/1027 1168/1326/991
f 1168/1326/991 1204/1369/1027 1205/1370/1028 1173/1331/996
f 1204/1369/1027 1083/1368/906 1080/1371/903 1205/1370/1028
f 1205/1370/1028 1080/1371/903 1079/1358/902 1198/1356/1021
f 1173/1331/996 1205/1370/1028 1198/1356/1021 1154/1312/977
f 1041/1210/864 1206/1372/1029 1207/1373/1030 1069/1211/892
f 1206/1372/1029 1174/1332/997 1177/1335/1000 1207/1373/1030
f 1207/1373/1030 1177/1335/1000 1182/1340/1005 1208/1374/1031
f 1069/1211/892 1207/1373/1030 1208/1374/1031 819/910/642
f 819/910/642 1208/1374/1031 1209/1375/1032 962/1078/785
f 1208/1374/1031 1182/1340/1005 1184/1342/1007 1209/1375/1032
f 1209/1375/1032 1184/1342/1007 1188/1346/1011 1210/1376/1033
f 962/1078/785 1209/1375/1032 1210/1376/1033 811/899/634
f 811/899/634 1210/1376/1033 1211/1377/1034 1064/1203/887
f 1210/1376/1033 1188/1346/1011 1190/1348/1013 1211/1377/1034
f 1211/1377/1034 1190/1348/1013 1194/1352/1017 1212/1378/1035
f 1064/1203/887 1211/1377/1034 1212/1378/1035 1039/1200/862
f 1039/1169/862 1212/1379/1035 1213/1380/1036 1040/1170/863
f 1212/1379/1035 1194/1381/1017 1196/1382/1019 1213/1380/1036
f 1213/1380/1036 1196/1382/1019 1174/1383/997 1206/1384/1029
f 1040/1170/863 1213/1380/1036 1206/1384/1029 1041/1171/864
f 1214/1385/1037 1215/1386/1038 1216/1387/1039 1217/1388/1040
f 1215/1386/1038 1112/1254/935 1115/1257/938 1216/1387/1039
f 1216/1387/1039 1115/1257/938 1120/1262/943 1218/1389/1041
f 1217/1388/1040 1216/1387/1039 1218/1389/1041 1219/1390/1042
f 1219/1390/1042 1218/1389/1041 1220/1391/1043 1221/1392/1044
f 1218/1389/1041 1120/1262/943 1122/1264/945 1220/1391/1043
f 1220/1391/1043 1122/1264/945 1126/1268/949 1222/1393/1045
f 1221/1392/1044 1220/1391/1043 1222/1393/1045 1223/1394/1046
f 1223/1394/1046 1222/1393/1045 1224/1395/1047 1225/1396/1048
f 1222/1393/1045 1126/1268/949 1128/1270/951 1224/1395/1047
f 1224/1395/1047 1128/1270/951 1132/1274/955 1226/1397/1049
f 1225/1396/1048 1224/1395/1047 1226/1397/1049 1227/1398/1050
f 1227/1399/1050 1226/1400/1049 1228/1401/1051 1229/1402/1052
f 1226/1400/1049 1132/1275/955 1134/1278/957 1228/1401/1051
f 1228/1401/1051 1134/1278/957 1112/1283/935 1215/1403/1038
f 1229/1402/1052 1228/1401/1051 1215/1403/1038 1214/1404/1037
f 1052/1187/875 1230/1405/1053 1231/1406/1054 1055/1190/878
f 1230/1405/1053 1139/1287/962 1141/1289/964 1231/1406/1054
f 1231/1406/1054 1141/1289/964 1065/1291/888 1232/1407/1055
f 1055/1190/878 1231/1406/1054 1232/1407/1055 1056/1191/879
f 794/878/617 988/1113/811 1233/1408/1056 1051/1186/874
f 988/1113/811 887/985/710 1137/1285/960 1233/1408/1056
f 1233/1408/1056 1137/1285/960 1139/1287/962 1230/1405/1053
f 1051/1186/874 1233/1408/1056 1230/1405/1053 1052/1187/875
f 1056/1409/879 1232/1410/1055 1234/1411/1057 1235/1412/1058
f 1232/1410/1055 1065/1206/888 1068/1209/891 1234/1411/1057
f 1234/1411/1057 1068/1209/891 817/908/640 992/1119/815
f 1235/1412/1058 1234/1411/1057 992/1119/815 991/1118/814
f 1056/1191/879 1236/1413/1059 1237/1414/1060 1057/1192/880
f 1236/1413/1059 1227/1399/1050 1229/1402/1052 1237/1414/1060
f 1237/1414/1060 1229/1402/1052 1214/1404/1037 1238/1415/1061
f 1057/1192/880 1237/1414/1060 1238/1415/1061 1027/1157/850
f 991/1118/814 1239/1416/1062 1240/1417/1063 1235/1412/1058
f 1239/1416/1062 1223/1394/1046 1225/1396/1048 1240/1417/1063
f 1240/1417/1063 1225/1396/1048 1227/1398/1050 1236/1418/1059
f 1235/1412/1058 1240/1417/1063 1236/1418/1059 1056/1409/879
f 807/892/630 1241/1419/1064 1242/1420/1065 998/1126/821
f 1241/1419/1064 1219/1390/1042 1221/1392/1044 1242/1420/1065
f 1242/1420/1065 1221/1392/1044 1223/1394/1046 1239/1416/1062
f 998/1126/821 1242/1420/1065 1239/1416/1062 991/1118/814
f 1027/1198/850 1238/1421/1061 1243/1422/1066 1062/1199/885
f 1238/1421/1061 1214/1385/1037 1217/1388/1040 1243/1422/1066
f 1243/1422/1066 1217/1388/1040 1219/1390/1042 1241/1419/1064
f 1062/1199/885 1243/1422/1066 1241/1419/1064 807/892/630
f 1130/1272/953 1244/1423/1067 1245/1424/1068 1135/1425/958
f 1244/1423/1067 1108/1250/931 1110/1252/933 1245/1424/1068
f 1245/1424/1068 1110/1252/933 1088/1230/911 1246/1426/1069
f 1135/1425/958 1245/1424/1068 1246/1426/1069 1116/1258/939
f 1124/1266/947 1247/1427/1070 1248/1428/1071 1129/1271/952
f 1247/1427/1070 1102/1244/925 1104/1246/927 1248/1428/1071
f 1248/1428/1071 1104/1246/927 1108/1250/931 1244/1423/1067
f 1129/1271/952 1248/1428/1071 1244/1423/1067 1130/1272/953
f 1118/1260/941 1249/1429/1072 1250/1430/1073 1123/1265/946
f 1249/1429/1072 1096/1238/919 1098/1240/921 1250/1430/1073
f 1250/1430/1073 1098/1240/921 1102/1244/925 1247/1427/1070
f 1123/1265/946 1250/1430/1073 1247/1427/1070 1124/1266/947
f 1116/1258/939 1246/1426/1069 1251/1431/1074 1117/1259/940
f 1246/1426/1069 1088/1230/911 1091/1233/914 1251/1431/1074
f 1251/1431/1074 1091/1233/914 1096/1238/919 1249/1429/1072
f 1117/1259/940 1251/1431/1074 1249/1429/1072 1118/1260/941
f 1192/1350/1015 1252/1432/1075 1253/1433/1076 1197/1355/1020
f 1252/1432/1075 1170/1328/993 1172/1330/995 1253/1433/1076
f 1253/1433/1076 1172/1330/995 1150/1308/973 1254/1434/1077
f 1197/1355/1020 1253/1433/1076 1254/1434/1077 1178/1336/1001
f 1186/1344/1009 1255/1435/1078 1256/1436/1079 1191/1349/1014
f 1255/1435/1078 1164/1322/987 1166/1324/989 1256/1436/1079
f 1256/1436/1079 1166/1324/989 1170/1328/993 1252/1432/1075
f 1191/1349/1014 1256/1436/1079 1252/1432/1075 1192/1350/1015
f 1180/1338/1003 1257/1437/1080 1258/1438/1081 1185/1343/1008
f 1257/1437/1080 1158/1316/981 1160/1318/983 1258/1438/1081
f 1258/1438/1081 1160/1318/983 1164/1322/987 1255/1435/1078
f 1185/1343/1008 1258/1438/1081 1255/1435/1078 1186/1344/1009
f 1178/1336/1001 1254/1434/1077 1259/1439/1082 1179/1337/1002
f 1254/1434/1077 1150/1308/973 1153/1311/976 1259/1439/1082
f 1259/1439/1082 1153/1311/976 1158/1316/981 1257/1437/1080
f 1179/1337/1002 1259/1439/1082 1257/1437/1080 1180/1338/1003
f 1260/1440/1083 1261/1441/1084 1262/1442/1085 1263/1443/1086
f 1261/1441/1084 1264/1444/1087 1265/1445/1088 1262/1442/1085
f 1262/1442/1085 1265/1445/1088 1266/1446/1089 1267/1447/1090
f 1263/1443/1086 1262/1442/1085 1267/1447/1090 1268/1448/1091
f 1269/1449/1092 1270/1450/1093 1271/1451/1094 1272/1452/1095
f 1270/1450/1093 1273/1453/1096 1274/1454/1097 1271/1451/1094
f 1271/1451/1094 1274/1454/1097 1275/1455/1098 1276/1456/1099
f 1272/1452/1095 1271/1451/1094 1276/1456/1099 1277/1457/1100
f 1277/1457/1100 1276/1456/1099 1278/1458/1101 1279/1459/1102
f 1276/1456/1099 1275/1455/1098 1280/1460/1103 1278/1458/1101
f 1278/1458/1101 1280/1460/1103 1264/1444/1087 1261/1441/1084
f 1279/1459/1102 1278/1458/1101 1261/1441/1084 1260/1440/1083
f 1268/1448/1091 1281/1461/1104 1282/1462/1105 1263/1443/1086
f 1281/1461/1104 1269/1449/1092 1272/1452/1095 1282/1462/1105
f 1282/1462/1105 1272/1452/1095 1277/1457/1100 1279/1459/1102
f 1263/1443/1086 1282/1462/1105 1279/1459/1102 1260/1440/1083
f 1273/1463/1096 1283/1464/1106 1284/1465/1107 1274/1466/1097
f 1283/1464/1106 1266/1467/1089 1265/1468/1088 1284/1465/1107
f 1284/1465/1107 1265/1468/1088 1264/1469/1087 1280/1470/1103
f 1274/1466/1097 1284/1465/1107 1280/1470/1103 1275/1471/1098
f 1285/1472/1108 1286/1473/1109 1287/1474/1110 1288/1475/1111
f 1286/1473/1109 1289/1476/1112 1290/1477/1113 1287/1474/1110
f 1287/1474/1110 1290/1477/1113 1291/1478/1114 1292/1479/1115
f 1288/1475/1111 1287/1474/1110 1292/1479/1115 1293/1480/1116
f 1294/1481/1117 1295/1482/1118 1296/1474/1119 1297/1483/1120
f 1295/1482/1118 1298/1484/1121 1299/1485/1122 1296/1474/1119
f 1296/1474/1119 1299/1485/1122 1300/1486/1123 1301/1487/1124
f 1297/1483/1120 1296/1474/1119 1301/1487/1124 1302/1488/1125
f 1285/1472/1108 1288/1475/1111 1303/1489/1126 1304/1490/1127
f 1288/1475/1111 1293/1480/1116 1305/1491/1128 1303/1489/1126
f 1303/1489/1126 1305/1491/1128 1298/1484/1121 1295/1482/1118
f 1304/1490/1127 1303/1489/1126 1295/1482/1118 1294/1481/1117
f 1289/1476/1112 1286/1473/1109 1306/1492/1129 1307/1493/1130
f 1286/1473/1109 1285/1472/1108 1304/1490/1127 1306/1492/1129
f 1306/1492/1129 1304/1490/1127 1294/1481/1117 1297/1483/1120
f 1307/1493/1130 1306/1492/1129 1297/1483/1120 1302/1488/1125
f 1291/1478/1114 1290/1477/1113 1308/1494/1131 1309/1495/1132
f 1290/1477/1113 1289/1476/1112 1307/1493/1130 1308/1494/1131
f 1308/1494/1131 1307/1493/1130 1302/1488/1125 1301/1487/1124
f 1309/1495/1132 1308/1494/1131 1301/1487/1124 1300/1486/1123
f 1293/1480/1116 1292/1479/1115 1310/1496/1133 1305/1491/1128
f 1292/1479/1115 1291/1478/1114 1309/1495/1132 1310/1496/1133
f 1310/1496/1133 1309/1495/1132 1300/1486/1123 1299/1485/1122
f 1305/1491/1128 1310/1496/1133 1299/1485/1122 1298/1484/1121
