# Blender v3.6.23 OBJ File: ''
# www.blender.org
mtllib gggd_fixed.mtl
o Head
v -5.452109 7.381437 8.706531
v -5.513893 9.266519 8.674691
v -5.920667 9.349249 6.387208
v -5.874777 7.362947 6.419526
v -4.830379 11.160035 8.409619
v -5.153009 11.335546 6.354887
v -5.513893 9.431978 4.099722
v -5.452108 7.546981 4.129224
v -4.830379 11.308539 4.303451
v -3.848391 6.231010 10.225583
v -4.248238 7.429925 10.579844
v -4.493363 5.851242 8.709573
v -4.299014 9.197873 10.572759
v -3.833046 10.984013 10.062567
v -3.204168 12.219154 9.415257
v -3.587921 12.699916 8.138690
v -3.774091 12.983703 6.328071
v -3.587921 12.830625 4.524560
v -3.204168 12.441689 3.262145
v -3.833046 11.251941 2.654288
v -4.299013 9.500624 2.201654
v -4.248237 7.731108 2.252127
v -4.493362 6.015203 4.176004
v -3.848391 6.505139 2.645844
v -4.823936 5.714792 6.446342
v -2.336093 7.657690 1.068119
v -2.349493 9.543403 1.018839
v 0.000000 9.557725 0.622800
v 0.000000 7.571554 0.651569
v -2.123340 11.402869 1.695185
v 0.000000 11.515247 1.386108
v 2.349492 9.543403 1.018839
v 2.336092 7.657690 1.068120
v 2.123340 11.402869 1.695186
v -2.299736 6.093630 2.007515
v -1.884546 12.889421 2.898899
v 0.000000 13.114058 2.723737
v 1.884545 12.889421 2.898899
v 3.204167 12.441689 3.262145
v 3.833046 11.251941 2.654288
v 4.299013 9.500624 2.201654
v 4.248237 7.731108 2.252127
v 2.299736 6.093630 2.007514
v 3.848391 6.505139 2.645844
v 0.000000 5.887189 1.679573
v 5.452108 7.546981 4.129224
v 5.513893 9.431978 4.099722
v 5.920666 9.349249 6.387208
v 5.874776 7.362948 6.419526
v 4.830379 11.308539 4.303451
v 5.153008 11.335546 6.354887
v 5.513892 9.266519 8.674691
v 5.452108 7.381437 8.706531
v 4.830379 11.160035 8.409619
v 4.493362 6.015203 4.176005
v 3.587920 12.830625 4.524560
v 3.774091 12.983703 6.328071
v 3.587921 12.699916 8.138689
v 3.204168 12.219154 9.415257
v 3.833046 10.984013 10.062567
v 4.299013 9.197873 10.572759
v 4.248237 7.429925 10.579844
v 4.493362 5.851242 8.709573
v 3.848391 6.231010 10.225583
v 4.823935 5.714791 6.446343
v 2.336092 7.270727 11.767637
v 2.349492 9.155094 11.755575
v 0.000000 9.140772 12.151613
v 0.000000 7.154344 12.187481
v 2.123339 11.065703 11.017885
v 0.000000 11.155844 11.323668
v -2.349493 9.155094 11.755575
v -2.336093 7.270727 11.767637
v -2.123341 11.065703 11.017885
v 2.299736 5.772817 10.878062
v 1.884545 12.641123 9.764351
v 0.000000 12.853348 9.932405
v -1.884546 12.641123 9.764351
v -2.299737 5.772817 10.878061
v 0.000000 5.542396 11.213114
v -2.540581 5.093719 3.942856
v 0.000000 4.784894 3.775984
v 0.000000 4.343822 6.468649
v -2.710377 4.687713 6.463055
v 2.540581 5.093719 3.942856
v 2.710376 4.687713 6.463055
v 0.000000 4.590532 9.150126
v -2.540581 4.911798 8.973002
v 2.540581 4.911798 8.973002
v 1.918851 13.761802 4.489820
v 0.000000 14.079061 4.423463
v 0.000000 14.354675 6.305763
v 1.988608 14.010782 6.311359
v -1.918852 13.761802 4.489820
v -1.988609 14.010782 6.311359
v 0.000000 13.942505 8.199254
v 1.918851 13.629675 8.143150
v -1.918852 13.629675 8.143150
v 5.978995 8.938588 6.944242
v 5.344593 8.938157 6.343823
v 2.682344 7.761313 9.945523
v 6.889213 9.494023 5.234592
v 7.001195 9.494100 5.340576
v 7.049706 9.356978 5.289421
v 6.937722 9.356902 5.183436
v 7.539645 6.500938 4.549490
v 7.651629 6.501016 4.655475
v 7.582520 6.384169 4.728579
v 7.470537 6.384093 4.622594
v 4.392153 5.431830 7.315218
v 5.095002 5.432309 7.980416
v 6.553052 4.929372 5.593051
v 6.665036 4.929451 5.699036
v 6.563848 4.883674 5.805984
v 6.451865 4.883596 5.700000
v 6.500790 7.005331 6.717094
v 6.407127 8.145951 6.598893
v 5.173328 4.286274 7.051331
v 5.285311 4.286350 7.157313
v 5.179429 4.293180 7.269185
v 5.067445 4.293104 7.163200
v 6.202655 8.690274 5.668851
v 6.605931 8.690548 6.050524
v 5.666441 8.145448 5.897882
v 6.431235 9.184357 6.234752
v 6.027961 9.184082 5.853079
v 6.496279 8.956560 5.474952
v 6.783197 8.956755 5.746500
v 6.658906 9.308084 5.877573
v 6.371990 9.307889 5.606025
v 6.732481 9.170769 5.318974
v 6.925796 9.170899 5.501934
v 6.842053 9.407612 5.590247
v 6.648737 9.407481 5.407286
v 6.840848 6.772388 5.026524
v 7.213560 6.772643 5.379268
v 6.989477 7.015512 5.818426
v 6.414507 7.015121 5.274256
v 7.443571 7.161535 5.135959
v 7.220027 7.732428 5.574312
v 7.070860 7.161282 4.783214
v 6.645058 7.732037 5.030141
v 7.091425 6.617871 4.865786
v 7.360381 6.618055 5.120336
v 7.526365 6.898691 4.944757
v 7.257407 6.898509 4.690207
v 7.293979 6.492968 4.735851
v 7.479067 6.493093 4.911026
v 7.593290 6.686217 4.790197
v 7.408201 6.686090 4.615025
v 6.086775 6.981441 5.500390
v 6.781734 6.981913 6.158121
v 5.544081 7.004682 5.811635
v 6.889567 7.925743 6.043507
v 6.194608 7.925270 5.385776
v 6.175947 5.162560 5.773860
v 6.505075 5.162786 6.085358
v 6.445068 5.567070 6.595198
v 5.669890 5.566542 5.861544
v 6.802480 5.297328 5.771024
v 7.024093 6.222057 5.982930
v 6.473351 5.297103 5.459526
v 6.248913 6.221530 5.249278
v 5.779216 5.850821 7.408170
v 4.894567 5.850219 6.570910
v 4.914581 4.760221 7.152677
v 5.198010 4.760414 7.420921
v 5.234056 5.099422 7.557642
v 4.775842 5.099112 7.123977
v 5.465999 4.743131 7.137777
v 5.633104 5.346125 7.135829
v 5.182570 4.742938 6.869531
v 5.174891 5.345813 6.702164
v 4.998613 4.503439 7.158463
v 5.187796 4.503569 7.337510
v 5.366671 4.492031 7.148517
v 5.177489 4.491901 6.969470
v -5.978996 8.938588 6.944242
v -2.682345 7.761313 9.945523
v -5.344594 8.938157 6.343823
v -6.889213 9.494023 5.234592
v -6.937722 9.356902 5.183435
v -7.049706 9.356978 5.289420
v -7.001195 9.494100 5.340576
v -7.539645 6.500938 4.549489
v -7.470537 6.384093 4.622593
v -7.582520 6.384169 4.728578
v -7.651629 6.501016 4.655475
v -4.392154 5.431830 7.315218
v -5.095003 5.432309 7.980416
v -6.553052 4.929372 5.593051
v -6.451865 4.883596 5.699999
v -6.563848 4.883674 5.805984
v -6.665036 4.929451 5.699035
v -6.500791 7.005331 6.717094
v -6.407128 8.145951 6.598893
v -5.173328 4.286274 7.051331
v -5.067446 4.293101 7.163200
v -5.179430 4.293180 7.269185
v -5.285312 4.286350 7.157313
v -6.202655 8.690274 5.668851
v -5.666441 8.145448 5.897882
v -6.605931 8.690548 6.050522
v -6.431236 9.184357 6.234751
v -6.027961 9.184082 5.853079
v -6.496279 8.956560 5.474950
v -6.783197 8.956755 5.746500
v -6.658906 9.308084 5.877572
v -6.371990 9.307889 5.606023
v -6.732481 9.170769 5.318973
v -6.925796 9.170899 5.501933
v -6.842053 9.407612 5.590246
v -6.648737 9.407481 5.407285
v -6.840848 6.772388 5.026523
v -6.414507 7.015121 5.274254
v -6.989477 7.015512 5.818425
v -7.213560 6.772643 5.379267
v -7.220027 7.732428 5.574310
v -7.443571 7.161535 5.135958
v -6.645058 7.732037 5.030140
v -7.070860 7.161282 4.783214
v -7.091425 6.617871 4.865786
v -7.360381 6.618055 5.120335
v -7.526365 6.898691 4.944757
v -7.257407 6.898509 4.690207
v -7.293979 6.492968 4.735851
v -7.479067 6.493093 4.911026
v -7.593290 6.686217 4.790196
v -7.408201 6.686090 4.615024
v -6.086775 6.981441 5.500390
v -5.544081 7.004682 5.811635
v -6.781734 6.981913 6.158121
v -6.889567 7.925743 6.043507
v -6.194608 7.925270 5.385776
v -6.175947 5.162560 5.773860
v -5.669890 5.566542 5.861544
v -6.445069 5.567070 6.595198
v -6.505076 5.162785 6.085357
v -7.024093 6.222057 5.982930
v -6.802480 5.297328 5.771022
v -6.248913 6.221530 5.249277
v -6.473351 5.297103 5.459525
v -4.894568 5.850219 6.570910
v -5.779217 5.850821 7.408170
v -4.914582 4.760221 7.152677
v -4.775843 5.099112 7.123977
v -5.234056 5.099422 7.557642
v -5.198011 4.760414 7.420921
v -5.633105 5.346125 7.135829
v -5.466000 4.743131 7.137777
v -5.174891 5.345813 6.702164
v -5.182570 4.742938 6.869531
v -4.998614 4.503439 7.158463
v -5.187796 4.503569 7.337510
v -5.366672 4.492031 7.148517
v -5.177490 4.491901 6.969470
v -7.571646 -4.250560 -4.535177
v -6.132985 -4.063977 -5.516685
v -5.703200 -4.159590 -3.757820
v -6.805170 -4.340463 -3.407941
v -9.198777 -3.784205 -7.289404
v -9.236569 -3.538831 -7.283895
v -9.080894 -3.510560 -7.475294
v -9.043099 -3.755934 -7.480803
v -4.047781 -2.955437 -9.326008
v -4.085400 -2.710042 -9.320313
v -3.878555 -2.681453 -9.185905
v -3.840937 -2.926848 -9.191601
v -1.201895 -1.876943 -2.827004
v -2.448390 -1.710888 -4.204785
v -3.388288 -2.083236 -3.438805
v -2.096381 -2.080539 -1.983370
v -1.246984 -2.571121 -7.385797
v -1.284603 -2.325726 -7.380100
v -1.179233 -2.314786 -7.155504
v -1.141614 -2.560183 -7.161200
v -4.505107 -1.914392 -5.537271
v -4.483803 -2.218028 -3.970450
v 0.219591 -2.417291 -4.327571
v 0.181973 -2.171895 -4.321876
v 0.205976 -2.173953 -4.074719
v 0.243594 -2.419349 -4.080416
v -5.955859 -2.451081 -3.670359
v -6.381804 -2.440856 -5.479009
v -7.795773 -2.702181 -4.430849
v -7.057827 -2.631954 -3.320481
v -9.306952 -3.868408 -1.008828
v -9.276549 -4.113995 -1.029549
v -9.049980 -4.094359 -0.929816
v -9.080381 -3.848773 -0.909096
v -8.124112 -3.859243 -7.048422
v -8.232620 -3.154715 -7.032607
v -7.458396 -2.829413 -6.642639
v -7.285720 -3.953388 -6.668274
v -8.679606 -3.235894 -6.483063
v -8.280685 -2.973365 -5.870038
v -8.571097 -3.940423 -6.498877
v -8.108008 -4.097340 -5.895671
v -8.420226 -3.817304 -7.176136
v -8.503270 -3.278117 -7.164032
v -8.845354 -3.340245 -6.743456
v -8.762311 -3.879432 -6.755560
v -8.776245 -3.800574 -7.377285
v -8.839123 -3.392310 -7.368120
v -9.098144 -3.439353 -7.049668
v -9.035265 -3.847615 -7.058834
v -4.245304 -3.310116 -7.953664
v -4.370510 -2.493369 -7.934707
v -4.680364 -2.332809 -7.121227
v -4.487213 -3.592783 -7.150475
v -5.058944 -2.588519 -8.382050
v -5.885954 -2.508899 -7.497052
v -4.933738 -3.405267 -8.401010
v -5.692802 -3.768875 -7.526299
v -4.084392 -3.157601 -8.446284
v -4.174744 -2.568213 -8.432603
v -4.671535 -2.636877 -8.755418
v -4.581185 -3.226264 -8.769100
v -3.954317 -3.034313 -8.844495
v -4.016494 -2.628715 -8.835081
v -4.358372 -2.675968 -9.057232
v -4.296194 -3.081565 -9.066648
v -4.326133 -3.716897 -6.539854
v -4.559592 -2.193981 -6.504501
v -4.183718 -4.010900 -5.585938
v -6.082514 -2.426497 -6.545292
v -5.849055 -3.949409 -6.580644
v -1.489972 -2.867548 -6.716591
v -1.600536 -2.146304 -6.699850
v -2.219455 -1.758291 -5.942235
v -1.959047 -3.456995 -5.981666
v -1.910231 -2.178457 -7.359965
v -3.441864 -1.917875 -7.140238
v -1.799666 -2.899699 -7.376708
v -3.181457 -3.616579 -7.179668
v -2.151208 -3.649483 -4.249785
v -0.441852 -2.722713 -3.825376
v -0.537064 -2.101615 -3.810958
v -1.083763 -1.993923 -3.612197
v -0.929835 -2.998038 -3.635506
v -0.597817 -2.096406 -4.436512
v -1.603601 -2.053393 -4.483243
v -0.502605 -2.717504 -4.450929
v -1.449672 -3.057509 -4.506552
v -0.065052 -2.555948 -3.965575
v -0.128603 -2.141380 -3.955951
v -0.169155 -2.137904 -4.373495
v -0.105603 -2.552473 -4.383118
v -1.001479 -3.202547 -2.857344
v -8.471991 -3.473282 -1.813995
v -8.387383 -4.156699 -1.871653
v -7.951166 -4.217476 -2.444948
v -8.089997 -3.215096 -2.395487
v -9.017882 -4.211336 -2.149188
v -8.771422 -4.265986 -3.068165
v -9.102490 -3.527922 -2.091528
v -8.901329 -3.264607 -2.973425
v -8.711565 -3.621145 -1.457660
v -8.648304 -4.132151 -1.500773
v -9.119742 -4.173006 -1.708291
v -9.183002 -3.662000 -1.665179
v -8.907831 -3.742275 -1.165742
v -8.862053 -4.112040 -1.196937
v -9.203188 -4.141603 -1.347097
v -9.248962 -3.771839 -1.315902
v -7.775929 -2.983020 -2.891128
v -7.583694 -4.282941 -2.957671
v -8.296732 -4.289824 -3.700472
v -8.475636 -2.991397 -3.566267
v -6.822713 -3.940643 -6.068631
v -7.008274 -2.730186 -6.040530
v -7.995711 -2.897928 -5.335361
v -7.810149 -4.108385 -5.363461
v -4.231145 -3.926536 -4.057909
v -3.135630 -3.791745 -3.526264
v -1.878996 -3.550524 -2.058620
v -0.471663 -3.145678 -2.266607
v -1.349180 -3.493654 -1.467883
v -0.672079 -1.820075 -2.236268
v -1.566565 -2.023670 -1.392633
v 1.911416 14.033136 7.997086
v 1.479636 13.792603 7.556886
v 1.203556 13.645549 7.763403
v 1.423840 13.691298 8.100128
v 5.011923 15.349866 9.340126
v 6.770908 13.186336 10.579217
v 7.454629 12.906980 8.488853
v 6.186667 15.128953 7.375760
v 7.073985 11.684727 11.003368
v 7.819078 11.349258 9.659356
v 7.370055 9.969797 11.279072
v 7.837308 9.882740 10.609160
v 6.291742 9.208942 11.265102
v 7.441481 8.321154 11.206492
v 6.130350 8.980628 11.009679
v 7.356832 8.190299 11.038335
v 7.701151 11.118008 9.382717
v 7.245799 12.690953 8.317996
v 4.134562 11.665529 10.542672
v 4.018217 11.489255 10.134198
v 4.884213 10.225491 10.629375
v 5.147892 10.502357 10.891713
v 7.706377 9.688204 10.312206
v 4.415225 13.219170 5.826219
v 3.923058 12.261303 5.701197
v 4.075469 12.093037 5.004291
v 4.699672 13.439487 5.403425
v 6.284733 14.447030 7.306499
v 2.405345 13.913714 9.669975
v 2.081696 13.403497 9.329563
v 2.883415 13.344973 6.370939
v 3.502202 14.777770 7.090291
v 2.193808 13.633452 8.014027
v 1.723743 13.320246 7.989874
v 1.450660 13.226114 7.710567
v 1.733044 13.387526 7.664005
v 4.966822 14.906386 9.137467
v 5.878096 14.795227 7.557943
v 6.994713 12.768375 8.583954
v 6.545105 12.947694 10.216118
v 7.331650 11.302567 9.662958
v 6.856110 11.535154 10.591133
v 7.354427 9.897897 10.529320
v 7.150409 9.903484 10.846479
v 6.440722 9.310595 10.809855
v 7.184371 8.585896 10.884647
v 7.188856 8.575024 10.786245
v 6.370120 9.197649 10.641994
v 6.845418 12.705051 8.599556
v 7.255925 11.193448 9.572087
v 4.361327 11.678158 10.108856
v 5.354806 10.539440 10.449459
v 5.199094 10.382574 10.288854
v 4.353705 11.646573 9.814075
v 7.247395 9.810519 10.431174
v 3.980274 13.443878 5.836391
v 4.475550 13.296470 5.814636
v 3.717606 12.100391 5.338445
v 3.516978 12.491640 5.553471
v 5.893140 14.504286 7.594866
v 2.691979 13.678462 9.350166
v 2.469060 13.295909 9.050006
v 3.669805 14.357318 7.277128
v 3.101665 13.064006 6.707396
v -1.911417 14.033136 7.997086
v -1.423841 13.691298 8.100128
v -1.203557 13.645549 7.763403
v -1.479637 13.792603 7.556886
v -5.011924 15.349866 9.340126
v -6.186668 15.128953 7.375760
v -7.454629 12.906980 8.488853
v -6.770908 13.186336 10.579217
v -7.819078 11.349258 9.659356
v -7.073985 11.684727 11.003368
v -7.837308 9.882740 10.609160
v -7.370055 9.969797 11.279072
v -6.291743 9.208942 11.265102
v -7.441481 8.321154 11.206492
v -7.356832 8.190299 11.038335
v -6.130351 8.980628 11.009679
v -7.245799 12.690953 8.317996
v -7.701151 11.118008 9.382717
v -4.134563 11.665529 10.542672
v -5.147892 10.502357 10.891713
v -4.884214 10.225491 10.629375
v -4.018218 11.489255 10.134198
v -7.706377 9.688204 10.312206
v -4.415225 13.219170 5.826219
v -4.699672 13.439487 5.403425
v -4.075469 12.093037 5.004291
v -3.923058 12.261303 5.701197
v -6.284734 14.447030 7.306499
v -2.405346 13.913714 9.669975
v -2.081697 13.403497 9.329563
v -3.502203 14.777770 7.090291
v -2.883416 13.344973 6.370939
v -2.193809 13.633452 8.014027
v -1.733045 13.387526 7.664005
v -1.450660 13.226114 7.710567
v -1.723744 13.320246 7.989874
v -4.966823 14.906386 9.137467
v -6.545105 12.947694 10.216118
v -6.994713 12.768375 8.583954
v -5.878097 14.795227 7.557943
v -6.856110 11.535154 10.591133
v -7.331650 11.302567 9.662958
v -7.150409 9.903484 10.846479
v -7.354427 9.897897 10.529320
v -6.440723 9.310595 10.809855
v -7.184371 8.585896 10.884647
v -6.370121 9.197649 10.641994
v -7.188856 8.575024 10.786245
v -7.255925 11.193448 9.572087
v -6.845418 12.705051 8.599556
v -4.361328 11.678158 10.108856
v -4.353706 11.646573 9.814075
v -5.199095 10.382574 10.288854
v -5.354807 10.539438 10.449459
v -7.247395 9.810519 10.431174
v -3.980274 13.443878 5.836391
v -3.516978 12.491640 5.553471
v -3.717606 12.100391 5.338445
v -4.475550 13.296470 5.814636
v -5.893141 14.504286 7.594866
v -2.691980 13.678462 9.350166
v -2.469061 13.295909 9.050006
v -3.101666 13.064006 6.707396
v -3.669806 14.357318 7.277128
v 2.249371 9.083829 12.104369
v 2.503164 9.015797 11.992579
v 2.752754 9.034969 11.855196
v 2.965532 9.135159 11.711348
v 3.129040 9.303533 11.571680
v 3.230820 9.527267 11.446829
v 3.258415 9.793531 11.347439
v 3.204780 10.067681 11.288258
v 3.080380 10.313368 11.275367
v 2.899034 10.515216 11.306399
v 2.674556 10.657843 11.378996
v 2.420764 10.725879 11.490789
v 2.171173 10.706705 11.628173
v 1.958395 10.606518 11.772017
v 1.794888 10.438141 11.911687
v 1.693109 10.214406 12.036536
v 1.665512 9.948142 12.135928
v 1.719149 9.673990 12.195109
v 1.843547 9.428306 12.208000
v 2.024894 9.226458 12.176966
v 2.167178 9.034014 11.948092
v 2.420971 8.965979 11.836297
v 2.670561 8.985153 11.698916
v 2.883339 9.085340 11.555071
v 3.046846 9.253716 11.415401
v 3.148626 9.477449 11.290551
v 3.176222 9.743715 11.191159
v 3.122586 10.017863 11.131978
v 2.998187 10.263552 11.119088
v 2.816841 10.465399 11.150123
v 2.592363 10.608029 11.222718
v 2.338570 10.676062 11.334511
v 2.088980 10.656887 11.471894
v 1.876202 10.556700 11.615740
v 1.712695 10.388325 11.755406
v 1.610915 10.164591 11.880260
v 1.583319 9.898327 11.979649
v 1.636955 9.624177 12.038831
v 1.761354 9.378489 12.051722
v 1.942701 9.176642 12.020687
v 3.262861 7.739677 11.671601
v 3.688416 7.940053 11.383908
v 4.015431 8.276804 11.104572
v 4.218991 8.724272 10.854871
v 4.274182 9.256803 10.656088
v 4.166911 9.805099 10.537727
v 3.918112 10.296475 10.511945
v 3.555419 10.700170 10.574014
v 3.106464 10.985429 10.719206
v 2.598879 11.121495 10.942792
v 2.099698 11.083146 11.217557
v 1.674143 10.882771 11.505248
v 1.347128 10.546020 11.784584
v 1.143568 10.098552 12.034285
v 1.088377 9.566023 12.233068
v 1.195647 9.017724 12.351431
v 1.444446 8.526348 12.377213
v 1.807140 8.122655 12.315144
v 2.256094 7.837396 12.169951
v 2.763680 7.701330 11.946365
v 2.934087 7.540408 11.046487
v 3.359642 7.740787 10.758795
v 3.686657 8.077536 10.479458
v 3.890217 8.525002 10.229758
v 3.945408 9.057534 10.030975
v 3.838137 9.605832 9.912611
v 3.589338 10.097206 9.886830
v 3.226645 10.500902 9.948899
v 2.777690 10.786159 10.094092
v 2.270104 10.922228 10.317677
v 1.770924 10.883879 10.592443
v 1.345369 10.683502 10.880135
v 1.018354 10.346751 11.159472
v 0.814794 9.899284 11.409171
v 0.759602 9.366755 11.607954
v 0.866873 8.818457 11.726318
v 1.115672 8.327082 11.752100
v 1.478366 7.923388 11.690030
v 1.927320 7.638127 11.544839
v 2.434906 7.502061 11.321252
v 2.213085 8.058142 12.327337
v 2.669912 7.935682 12.126108
v 3.119174 7.970194 11.878820
v 3.502174 8.150533 11.619898
v 3.796487 8.453610 11.368495
v 3.979691 8.856330 11.143765
v 4.029364 9.335606 10.964861
v 3.932820 9.829074 10.858334
v 3.708901 10.271313 10.835130
v 3.382477 10.634635 10.890992
v 2.978417 10.891371 11.021665
v 2.521591 11.013829 11.222892
v 2.072328 10.979316 11.470181
v 1.689328 10.798978 11.729103
v 1.395016 10.495901 11.980506
v 1.211812 10.093182 12.205237
v 1.162139 9.613907 12.384142
v 1.258683 9.120440 12.490667
v 1.482602 8.678201 12.513871
v 1.809025 8.314875 12.458010
v 2.139111 8.013307 12.186687
v 2.595938 7.890846 11.985457
v 3.045200 7.925359 11.738171
v 3.428200 8.105697 11.479247
v 3.722513 8.408775 11.227844
v 3.905717 8.811493 11.003115
v 3.955389 9.290770 10.824210
v 3.858845 9.784239 10.717684
v 3.634927 10.226478 10.694479
v 3.308503 10.589800 10.750342
v 2.904443 10.846536 10.881015
v 2.447617 10.968994 11.082242
v 1.998353 10.934481 11.329530
v 1.615354 10.754142 11.588454
v 1.321042 10.451066 11.839857
v 1.137837 10.048345 12.064587
v 1.088165 9.569070 12.243489
v 1.184709 9.075603 12.350019
v 1.408628 8.633365 12.373220
v 1.735051 8.270039 12.317359
v -2.249372 9.083829 12.104369
v -2.024895 9.226458 12.176966
v -1.843549 9.428306 12.208000
v -1.719150 9.673990 12.195109
v -1.665514 9.948142 12.135928
v -1.693110 10.214406 12.036536
v -1.794890 10.438141 11.911687
v -1.958396 10.606518 11.772017
v -2.171174 10.706705 11.628173
v -2.420765 10.725879 11.490789
v -2.674557 10.657843 11.378996
v -2.899035 10.515216 11.306399
v -3.080382 10.313368 11.275367
v -3.204781 10.067681 11.288258
v -3.258417 9.793531 11.347439
v -3.230821 9.527267 11.446829
v -3.129041 9.303533 11.571680
v -2.965533 9.135159 11.711348
v -2.752756 9.034969 11.855196
v -2.503165 9.015797 11.992579
v -2.420972 8.965979 11.836297
v -2.167179 9.034014 11.948092
v -2.670562 8.985153 11.698916
v -2.883340 9.085340 11.555071
v -3.046847 9.253716 11.415401
v -3.148628 9.477449 11.290551
v -3.176223 9.743715 11.191159
v -3.122587 10.017863 11.131978
v -2.998188 10.263552 11.119088
v -2.816842 10.465399 11.150123
v -2.592364 10.608029 11.222718
v -2.338572 10.676062 11.334511
v -2.088981 10.656887 11.471894
v -1.876203 10.556700 11.615740
v -1.712696 10.388325 11.755406
v -1.610916 10.164591 11.880260
v -1.583320 9.898327 11.979649
v -1.636956 9.624177 12.038831
v -1.761355 9.378489 12.051722
v -1.942702 9.176642 12.020687
v -3.262862 7.739677 11.671601
v -2.763681 7.701330 11.946365
v -2.256096 7.837396 12.169951
v -1.807141 8.122655 12.315144
v -1.444447 8.526348 12.377213
v -1.195648 9.017724 12.351431
v -1.088377 9.566023 12.233068
v -1.143569 10.098552 12.034285
v -1.347129 10.546020 11.784584
v -1.674144 10.882771 11.505248
v -2.099699 11.083146 11.217557
v -2.598880 11.121495 10.942792
v -3.106465 10.985429 10.719206
v -3.555420 10.700170 10.574014
v -3.918113 10.296475 10.511945
v -4.166912 9.805099 10.537727
v -4.274183 9.256803 10.656088
v -4.218992 8.724272 10.854871
v -4.015431 8.276804 11.104572
v -3.688416 7.940053 11.383908
v -3.359643 7.740785 10.758795
v -2.934088 7.540408 11.046487
v -3.686658 8.077536 10.479458
v -3.890218 8.525002 10.229758
v -3.945409 9.057534 10.030975
v -3.838137 9.605832 9.912611
v -3.589339 10.097206 9.886830
v -3.226646 10.500902 9.948899
v -2.777691 10.786159 10.094092
v -2.270106 10.922227 10.317677
v -1.770925 10.883879 10.592443
v -1.345369 10.683502 10.880135
v -1.018355 10.346751 11.159472
v -0.814795 9.899284 11.409171
v -0.759603 9.366755 11.607954
v -0.866874 8.818457 11.726318
v -1.115673 8.327082 11.752100
v -1.478366 7.923388 11.690030
v -1.927322 7.638127 11.544839
v -2.434907 7.502061 11.321252
v -2.213086 8.058142 12.327337
v -1.809027 8.314875 12.458010
v -1.482603 8.678201 12.513871
v -1.258684 9.120440 12.490667
v -1.162140 9.613907 12.384142
v -1.211812 10.093182 12.205237
v -1.395017 10.495901 11.980506
v -1.689330 10.798978 11.729103
v -2.072329 10.979316 11.470181
v -2.521593 11.013829 11.222892
v -2.978419 10.891371 11.021665
v -3.382478 10.634635 10.890992
v -3.708902 10.271313 10.835130
v -3.932820 9.829074 10.858334
v -4.029365 9.335606 10.964861
v -3.979692 8.856330 11.143765
v -3.796488 8.453610 11.368495
v -3.502175 8.150533 11.619898
v -3.119176 7.970194 11.878820
v -2.669914 7.935682 12.126108
v -2.595939 7.890846 11.985457
v -2.139112 8.013307 12.186687
v -3.045201 7.925359 11.738171
v -3.428201 8.105697 11.479247
v -3.722514 8.408773 11.227844
v -3.905718 8.811493 11.003115
v -3.955390 9.290770 10.824210
v -3.858846 9.784239 10.717684
v -3.634928 10.226478 10.694479
v -3.308503 10.589800 10.750342
v -2.904444 10.846536 10.881015
v -2.447618 10.968994 11.082242
v -1.998355 10.934481 11.329530
v -1.615355 10.754142 11.588454
v -1.321043 10.451066 11.839857
v -1.137838 10.048345 12.064587
v -1.088166 9.569070 12.243489
v -1.184710 9.075603 12.350019
v -1.408629 8.633365 12.373220
v -1.735052 8.270039 12.317359
v 0.000000 4.484390 2.178436
v 1.007797 4.436677 2.316593
v 1.260570 3.974046 1.720821
v 0.000000 4.059133 1.580048
v 1.740719 4.216027 2.826907
v 2.158276 3.621218 2.275532
v 2.487978 3.070076 1.729227
v 1.456297 3.563493 1.129755
v 0.000000 3.690215 0.985591
v 1.975440 3.775852 3.741322
v 2.406530 2.983057 3.270161
v 1.694830 3.348188 4.644492
v 2.016882 2.495414 4.322242
v 2.412531 1.357805 4.621463
v 2.783246 2.169277 2.940755
v 0.000000 -1.196094 -2.790680
v 1.499370 -1.240188 -2.616632
v 1.523209 -2.685619 -2.624645
v 0.000000 -2.669854 -2.792695
v 2.611746 -1.438913 -1.810780
v 2.604491 -2.785856 -1.891117
v 2.381387 -3.719172 -1.693691
v 1.496281 -3.909724 -2.068520
v 0.000000 -3.950662 -2.198812
v 2.862744 -2.081686 -0.400896
v 2.918226 -3.256179 -0.392972
v 2.961911 -1.985788 1.046845
v 3.213082 -3.174712 0.976404
v 2.875828 -4.004607 1.112715
v 2.551980 -4.167446 -0.339144
v 0.000000 5.617113 2.660933
v 0.809349 5.597539 2.796673
v 0.867808 4.954322 2.583370
v 0.000000 4.976983 2.445226
v 1.407564 5.475358 3.336910
v 1.507736 4.824059 3.100673
v 1.618699 5.204186 4.347742
v 1.730598 4.542127 4.036183
v 1.407564 4.932908 5.361568
v 1.501999 4.261841 4.967928
v 1.444739 3.100460 0.548064
v 0.000000 3.252589 0.413997
v 2.487627 2.520343 1.107680
v 2.360154 1.910614 0.438772
v 1.355133 2.540386 -0.062729
v 0.000000 2.704367 -0.185360
v 2.859214 1.412997 2.258831
v 2.762979 0.287507 3.539572
v 2.517558 -0.663132 2.413992
v 2.770024 0.749211 1.421785
v 0.809349 4.810455 5.909293
v 0.862789 4.135703 5.475821
v 0.000000 4.790720 6.049524
v 0.000000 4.115514 5.608317
v 0.000000 3.129869 5.247982
v 0.967643 3.158818 5.126692
v 1.133552 2.309515 4.828756
v 0.000000 2.271513 4.919212
v 0.000000 1.037490 5.193879
v 1.312806 1.447505 5.239267
v 1.644110 -4.194584 1.607059
v 1.482096 -4.495911 -0.178369
v 0.000000 -3.921354 2.030879
v 0.000000 -4.518771 -0.106396
v 2.498760 -0.308932 1.666735
v 1.446049 -0.511636 2.356444
v 1.528375 -1.078662 1.962883
v 2.577128 -1.129185 1.036055
v 0.000000 -0.556801 2.504819
v 0.000000 -1.070952 2.204375
v 0.000000 -1.653083 2.497624
v 1.717185 -1.464723 2.103255
v 1.159173 -4.097311 5.562148
v 0.663386 -4.118938 5.520158
v 0.922461 -4.329592 4.823123
v 1.466730 -4.239141 5.024569
v 0.260532 -4.097311 5.228139
v 0.378747 -4.239141 4.620185
v 0.686568 -4.294769 4.081895
v 1.182090 -4.359344 4.124595
v 1.585209 -4.294769 4.415904
v 4.695192 -2.887823 4.386514
v 4.349923 -2.689444 4.685628
v 4.228313 -3.451164 4.734104
v 4.663624 -3.521121 4.346031
v 3.904105 -2.728585 4.904144
v 3.705856 -3.328330 4.972723
v 3.632760 -3.936428 4.861021
v 4.019557 -4.160007 4.633124
v 4.423847 -4.095666 4.343390
v 1.360775 -3.278557 5.196221
v 0.780499 -3.230623 5.205070
v 0.672121 -3.363383 5.496658
v 1.326311 -3.409151 5.469262
v 0.346868 -3.278557 4.819373
v 0.194634 -3.409151 5.048639
v 0.068344 -3.580601 5.255076
v 0.576452 -3.532367 5.754056
v 1.287112 -3.580601 5.708069
v 0.352289 -3.406377 4.222649
v 0.218048 -3.531209 4.335886
v 0.737924 -3.534198 3.767243
v 0.665842 -3.653261 3.780864
v 0.608484 -3.837858 3.801838
v 0.109895 -3.709231 4.443521
v 1.318200 -3.582130 3.758393
v 1.320031 -3.699034 3.753467
v 1.751830 -3.534198 4.144093
v 1.797519 -3.653261 4.201487
v 1.827252 -3.837858 4.254831
v 1.319145 -3.886093 3.755853
v 1.746410 -3.406377 4.740817
v 1.774104 -3.531208 4.914240
v 1.785701 -3.709230 5.066387
v 1.673360 -1.959282 4.758372
v 0.960803 -1.898331 4.731169
v 0.934120 -2.326947 4.793155
v 1.553305 -2.393986 4.818923
v 0.399932 -1.959282 4.285063
v 0.447976 -2.393986 4.408093
v 0.476929 -2.790231 4.538061
v 0.900520 -2.721956 4.882154
v 1.446021 -2.790231 4.898253
v 0.366643 -2.121821 3.638981
v 0.418519 -2.572753 3.852153
v 0.809128 -2.284359 3.169735
v 0.803341 -2.751522 3.450192
v 0.802020 -3.154368 3.663408
v 0.457770 -2.972301 4.033198
v 1.516985 -2.345311 3.195190
v 1.421938 -2.818558 3.475741
v 2.073156 -2.284357 3.639549
v 1.907495 -2.751522 3.860585
v 1.771112 -3.154368 4.023600
v 1.347521 -3.222646 3.679507
v 2.111145 -2.121820 4.287378
v 1.937539 -2.572753 4.416743
v 1.790271 -2.972301 4.528462
v 0.000000 0.778626 -2.038887
v 1.392018 0.722969 -1.863298
v 1.449533 -0.112107 -2.286131
v 0.000000 -0.058987 -2.458819
v 2.437010 0.502777 -1.128238
v 2.534445 -0.335431 -1.509631
v 2.838068 0.093425 0.278319
v 2.824151 -0.917080 -0.194606
v 0.553590 -3.818228 5.815565
v 1.239814 -3.861340 5.758737
v 0.071068 -3.861340 5.324337
v 0.123117 -3.991623 4.513880
v 0.613064 -4.113407 3.866104
v 1.299262 -4.165017 3.809345
v 1.781810 -4.113407 4.300505
v 1.729736 -3.991621 5.111030
v 4.218181 -3.044050 3.591687
v 3.807492 -2.743647 3.873313
v 3.971968 -2.488759 4.046268
v 4.418427 -2.840177 3.718652
v 3.325624 -2.864387 4.175711
v 3.422195 -2.639644 4.370514
v 3.541261 -2.458986 4.582947
v 4.140856 -2.279703 4.240064
v 4.614161 -2.674951 3.880919
v 3.063360 -3.392225 4.312911
v 3.097652 -3.271783 4.488250
v 3.135806 -3.987436 4.231102
v 3.146696 -3.979124 4.361537
v 3.204488 -3.991068 4.539577
v 3.171706 -3.184534 4.692894
v 3.546494 -4.287839 3.949474
v 3.593157 -4.330540 4.033925
v 4.028363 -4.167099 3.647077
v 4.142928 -4.179656 3.709675
v 4.277387 -4.207034 3.837549
v 3.677794 -4.386318 4.180432
v 4.290626 -3.639262 3.509877
v 4.467472 -3.547515 3.591941
v 4.646943 -3.481487 3.727604
v 3.706388 -2.726513 2.352870
v 3.197602 -2.340360 2.791738
v 3.348693 -2.710606 3.158793
v 3.791925 -3.031286 2.833178
v 2.527800 -2.488297 3.160485
v 2.811664 -2.833987 3.479126
v 3.042426 -2.980256 3.734274
v 3.491909 -2.875872 3.431688
v 3.895531 -3.151978 3.176063
v 2.093136 -3.156178 3.209409
v 2.502935 -3.389095 3.592068
v 2.099893 -3.913155 2.960392
v 2.561731 -4.018178 3.463394
v 2.920129 -3.994906 3.859508
v 2.821321 -3.455383 3.901556
v 2.607209 -4.298688 2.534629
v 3.004771 -4.338825 3.139416
v 3.275543 -4.150130 2.178988
v 3.541607 -4.215413 2.820722
v 3.773235 -4.166626 3.301299
v 3.323752 -4.271014 3.603885
v 3.711676 -3.482870 2.116959
v 3.850530 -3.660336 2.706143
v 3.994341 -3.691503 3.134017
v 4.299820 -2.303191 4.490233
v 4.747515 -2.694236 4.140073
v 3.718649 -2.487133 4.813288
v 3.355817 -3.217924 4.916185
v 3.374355 -4.023824 4.759840
v 3.826143 -4.417353 4.416700
v 4.403219 -4.230925 4.086626
v 4.770147 -3.502619 3.990750
v 2.448115 -1.896990 2.504056
v 3.356518 -2.340163 1.913714
v 1.394844 -2.083545 2.876465
v 0.000000 -2.908611 2.578158
v 0.980199 -2.888360 2.846344
v 1.076370 -3.712981 2.581183
v 2.012501 -4.101301 2.159491
v 3.042069 -3.942990 1.732141
v 3.467868 -3.194136 1.676939
v 1.858664 -0.961513 4.757833
v 1.010690 -0.856766 4.801754
v 1.009827 -1.418763 4.724229
v 1.791240 -1.491319 4.726757
v 0.340695 -0.969308 4.264111
v 0.389317 -1.492357 4.234688
v 0.308222 -1.267703 3.401100
v 0.350555 -1.688323 3.496398
v 0.836893 -1.559240 2.720520
v 0.832300 -1.883412 2.940823
v 1.663280 -1.653499 2.669362
v 1.599807 -1.954658 2.938519
v 2.311689 -1.530468 3.199764
v 2.206410 -1.879753 3.423226
v 2.365748 -1.242562 4.070014
v 2.259079 -1.685095 4.166348
v 2.763304 0.619043 0.609946
v 2.351810 1.400614 -0.496989
v 2.460402 -0.178644 1.676536
v 1.343312 1.831892 -1.077005
v 0.000000 1.942831 -1.220698
v 1.411106 -1.361343 2.351649
v 1.415403 -0.595984 2.140348
v 0.000000 -1.327541 2.712049
v 0.000000 -0.672085 2.247361
v 2.543828 -0.599867 4.060915
v 2.383784 -1.148880 3.085434
v 2.082106 -0.074439 4.952497
v 1.582806 -1.422560 2.621174
v 0.659554 -1.290091 2.835357
v 0.000000 -0.409038 4.097695
v 0.207647 -0.743825 3.743201
v 0.347488 -0.133430 4.716795
v 1.163539 0.098363 5.165035
v 1.735856 -3.240905 4.621854
v 1.727749 -3.397529 4.101710
v 1.389995 -3.084279 5.010434
v 1.319124 -3.456266 3.755908
v 0.783840 -3.397529 3.750878
v 0.437980 -3.240906 4.139460
v 0.446085 -3.084280 4.659601
v 0.854711 -3.025546 5.005403
v 4.137082 -3.680634 3.383030
v 3.924921 -4.148416 3.552393
v 4.037640 -3.150131 3.417557
v 3.488318 -4.251965 3.849529
v 3.093984 -3.981155 4.096099
v 2.994543 -3.450650 4.130627
v 3.206703 -2.982869 3.961263
v 3.643307 -2.879319 3.664129
v -1.260571 3.974046 1.720821
v -1.007797 4.436677 2.316593
v -1.456297 3.563494 1.129755
v -2.487978 3.070076 1.729226
v -2.158276 3.621218 2.275532
v -1.740719 4.216027 2.826907
v -2.406530 2.983057 3.270161
v -1.975440 3.775852 3.741322
v -2.783246 2.169277 2.940755
v -2.412532 1.357805 4.621462
v -2.016882 2.495414 4.322242
v -1.694830 3.348188 4.644492
v -1.523209 -2.685618 -2.624645
v -1.499370 -1.240187 -2.616632
v -1.496281 -3.909724 -2.068520
v -2.381387 -3.719172 -1.693690
v -2.604491 -2.785856 -1.891117
v -2.611746 -1.438914 -1.810780
v -2.918226 -3.256177 -0.392973
v -2.862744 -2.081686 -0.400897
v -2.551980 -4.167446 -0.339144
v -2.875829 -4.004609 1.112716
v -3.213082 -3.174712 0.976403
v -2.961911 -1.985788 1.046845
v -0.867809 4.954322 2.583370
v -0.809349 5.597539 2.796673
v -1.507736 4.824059 3.100673
v -1.407564 5.475358 3.336910
v -1.730598 4.542127 4.036183
v -1.618699 5.204186 4.347742
v -1.502000 4.261841 4.967929
v -1.407564 4.932908 5.361568
v -1.444739 3.100460 0.548064
v -1.355133 2.540386 -0.062729
v -2.360153 1.910613 0.438772
v -2.487627 2.520342 1.107679
v -2.859214 1.412997 2.258830
v -2.770024 0.749211 1.421785
v -2.517558 -0.663132 2.413992
v -2.762979 0.287507 3.539572
v -0.862790 4.135703 5.475821
v -0.809350 4.810455 5.909293
v -0.967644 3.158818 5.126692
v -1.133552 2.309515 4.828756
v -1.312807 1.447505 5.239267
v -1.482096 -4.495911 -0.178370
v -1.644110 -4.194584 1.607059
v -2.498760 -0.308932 1.666736
v -2.577127 -1.129184 1.036054
v -1.528375 -1.078663 1.962883
v -1.446049 -0.511635 2.356443
v -1.717184 -1.464723 2.103255
v -1.159173 -4.097311 5.562148
v -1.466730 -4.239141 5.024569
v -0.922461 -4.329592 4.823123
v -0.663386 -4.118938 5.520159
v -1.585209 -4.294769 4.415904
v -1.182090 -4.359345 4.124595
v -0.686568 -4.294769 4.081895
v -0.378746 -4.239141 4.620185
v -0.260532 -4.097311 5.228139
v -4.695190 -2.887823 4.386513
v -4.663622 -3.521121 4.346028
v -4.228312 -3.451164 4.734101
v -4.349921 -2.689444 4.685627
v -4.423845 -4.095666 4.343390
v -4.019556 -4.160007 4.633124
v -3.632758 -3.936428 4.861020
v -3.705853 -3.328330 4.972723
v -3.904103 -2.728585 4.904143
v -1.360775 -3.278558 5.196221
v -1.326311 -3.409153 5.469263
v -0.672121 -3.363383 5.496658
v -0.780498 -3.230624 5.205070
v -1.287112 -3.580601 5.708069
v -0.576452 -3.532367 5.754056
v -0.068344 -3.580601 5.255076
v -0.194634 -3.409153 5.048640
v -0.346868 -3.278557 4.819373
v -0.218048 -3.531206 4.335886
v -0.352289 -3.406377 4.222650
v -0.109895 -3.709231 4.443522
v -0.608484 -3.837857 3.801838
v -0.665841 -3.653263 3.780864
v -0.737924 -3.534197 3.767242
v -1.320031 -3.699034 3.753468
v -1.318200 -3.582130 3.758393
v -1.319144 -3.886093 3.755853
v -1.827252 -3.837857 4.254831
v -1.797518 -3.653263 4.201487
v -1.751830 -3.534197 4.144093
v -1.774104 -3.531205 4.914240
v -1.746410 -3.406377 4.740817
v -1.785701 -3.709230 5.066387
v -1.673360 -1.959281 4.758372
v -1.553305 -2.393986 4.818923
v -0.934120 -2.326946 4.793156
v -0.960803 -1.898331 4.731170
v -1.446020 -2.790231 4.898253
v -0.900520 -2.721956 4.882154
v -0.476929 -2.790232 4.538061
v -0.447976 -2.393986 4.408094
v -0.399932 -1.959281 4.285064
v -0.418519 -2.572753 3.852154
v -0.366643 -2.121820 3.638982
v -0.457770 -2.972301 4.033199
v -0.802020 -3.154369 3.663408
v -0.803340 -2.751521 3.450192
v -0.809128 -2.284358 3.169735
v -1.421938 -2.818558 3.475741
v -1.516985 -2.345311 3.195191
v -1.347521 -3.222646 3.679507
v -1.771112 -3.154369 4.023601
v -1.907494 -2.751521 3.860585
v -2.073156 -2.284358 3.639550
v -1.937539 -2.572751 4.416743
v -2.111145 -2.121820 4.287378
v -1.790271 -2.972301 4.528463
v -1.449533 -0.112107 -2.286134
v -1.392018 0.722969 -1.863298
v -2.534445 -0.335431 -1.509631
v -2.437010 0.502777 -1.128239
v -2.824151 -0.917080 -0.194606
v -2.838068 0.093425 0.278320
v -1.239814 -3.861340 5.758737
v -0.553590 -3.818228 5.815565
v -0.071067 -3.861340 5.324337
v -0.123116 -3.991623 4.513882
v -0.613064 -4.113406 3.866104
v -1.299262 -4.165016 3.809345
v -1.781810 -4.113406 4.300505
v -1.729736 -3.991622 5.111030
v -4.218179 -3.044050 3.591687
v -4.418426 -2.840178 3.718651
v -3.971967 -2.488761 4.046268
v -3.807491 -2.743647 3.873312
v -4.614159 -2.674951 3.880918
v -4.140855 -2.279703 4.240065
v -3.541259 -2.458986 4.582946
v -3.422194 -2.639644 4.370514
v -3.325622 -2.864387 4.175711
v -3.097651 -3.271784 4.488252
v -3.063359 -3.392225 4.312911
v -3.171705 -3.184534 4.692892
v -3.204487 -3.991069 4.539577
v -3.146695 -3.979122 4.361537
v -3.135805 -3.987435 4.231101
v -3.593154 -4.330540 4.033924
v -3.546492 -4.287839 3.949473
v -3.677791 -4.386318 4.180430
v -4.277386 -4.207034 3.837548
v -4.142927 -4.179656 3.709674
v -4.028362 -4.167099 3.647076
v -4.467470 -3.547517 3.591939
v -4.290624 -3.639262 3.509876
v -4.646942 -3.481488 3.727603
v -3.706388 -2.726512 2.352870
v -3.791925 -3.031286 2.833179
v -3.348693 -2.710607 3.158795
v -3.197603 -2.340360 2.791739
v -3.895530 -3.151978 3.176063
v -3.491908 -2.875871 3.431688
v -3.042424 -2.980256 3.734273
v -2.811664 -2.833987 3.479126
v -2.527800 -2.488297 3.160485
v -2.502934 -3.389095 3.592068
v -2.093136 -3.156178 3.209409
v -2.821319 -3.455383 3.901556
v -2.920128 -3.994905 3.859507
v -2.561731 -4.018178 3.463393
v -2.099893 -3.913155 2.960392
v -3.004770 -4.338825 3.139415
v -2.607210 -4.298686 2.534628
v -3.323750 -4.271014 3.603883
v -3.773234 -4.166626 3.301296
v -3.541607 -4.215413 2.820722
v -3.275543 -4.150130 2.178987
v -3.850528 -3.660338 2.706142
v -3.711675 -3.482870 2.116958
v -3.994340 -3.691503 3.134017
v -4.747512 -2.694235 4.140071
v -4.299819 -2.303192 4.490233
v -3.718647 -2.487134 4.813286
v -3.355815 -3.217924 4.916183
v -3.374352 -4.023824 4.759839
v -3.826141 -4.417353 4.416699
v -4.403217 -4.230925 4.086624
v -4.770145 -3.502619 3.990749
v -3.356518 -2.340163 1.913714
v -2.448115 -1.896991 2.504057
v -1.394844 -2.083546 2.876465
v -0.980199 -2.888360 2.846344
v -1.076370 -3.712983 2.581184
v -2.012501 -4.101301 2.159491
v -3.042069 -3.942990 1.732139
v -3.467868 -3.194135 1.676940
v -1.858664 -0.961513 4.757833
v -1.791241 -1.491320 4.726757
v -1.009827 -1.418761 4.724229
v -1.010690 -0.856765 4.801753
v -0.389317 -1.492357 4.234688
v -0.340695 -0.969309 4.264111
v -0.350555 -1.688323 3.496398
v -0.308222 -1.267705 3.401100
v -0.832300 -1.883412 2.940824
v -0.836893 -1.559240 2.720520
v -1.599807 -1.954658 2.938518
v -1.663281 -1.653500 2.669362
v -2.206410 -1.879754 3.423226
v -2.311689 -1.530468 3.199764
v -2.259079 -1.685094 4.166349
v -2.365748 -1.242562 4.070014
v -2.351810 1.400613 -0.496989
v -2.763304 0.619044 0.609945
v -2.460402 -0.178645 1.676536
v -1.343312 1.831893 -1.077006
v -1.415403 -0.595984 2.140348
v -1.411106 -1.361343 2.351649
v -2.383784 -1.148880 3.085434
v -2.543828 -0.599869 4.060915
v -2.082106 -0.074441 4.952498
v -0.659554 -1.290091 2.835358
v -1.582806 -1.422560 2.621174
v -0.347488 -0.133430 4.716795
v -0.207647 -0.743825 3.743201
v -1.163539 0.098363 5.165035
v -1.727749 -3.397529 4.101711
v -1.735855 -3.240903 4.621854
v -1.389995 -3.084280 5.010434
v -0.783840 -3.397530 3.750878
v -1.319124 -3.456265 3.755909
v -0.446085 -3.084280 4.659602
v -0.437979 -3.240905 4.139460
v -0.854711 -3.025544 5.005404
v -3.924920 -4.148416 3.552393
v -4.137081 -3.680633 3.383030
v -4.037639 -3.150131 3.417557
v -3.093982 -3.981155 4.096098
v -3.488317 -4.251965 3.849528
v -3.206701 -2.982871 3.961262
v -2.994541 -3.450651 4.130625
v -3.643306 -2.879320 3.664127
v -1.293057 5.812897 13.219239
v -1.458386 6.866404 13.482243
v -2.048510 6.915485 12.125097
v -1.680473 5.561399 12.053953
v -1.087105 7.936157 13.296030
v -1.294503 8.271177 12.151954
v -1.246556 8.401242 10.233894
v -2.047548 6.985736 10.182701
v -1.731695 5.570230 10.131508
v 1.731695 5.570230 10.131508
v 2.047547 6.985736 10.182701
v 2.048509 6.915487 12.125096
v 1.680472 5.561399 12.053953
v 1.246555 8.401242 10.233894
v 1.294502 8.271175 12.151956
v 1.087104 7.936155 13.296027
v 1.458385 6.866404 13.482243
v 1.293056 5.812897 13.219236
v 0.000000 6.849357 13.953605
v 0.000000 5.572133 13.435436
v 0.000000 8.160675 13.529051
v 0.000000 5.039415 10.112310
v 0.000000 5.051081 12.057669
v 0.000000 8.932057 10.253092
v 0.000000 8.779893 12.192526
v -0.405268 7.104211 13.843838
v 0.000000 7.014976 13.912195
v 0.000000 7.491616 14.079657
v -0.596647 7.497044 13.929629
v 0.405267 7.104209 13.843838
v 0.596646 7.497044 13.929629
v 0.573535 7.895048 13.872442
v 0.000000 7.979112 13.947063
v -0.573535 7.895048 13.872442
v -0.405268 7.127808 13.191369
v -0.596647 7.525812 13.134181
v 0.000000 7.531237 12.984154
v 0.000000 7.043742 13.116747
v -0.573535 7.918645 13.219970
v 0.000000 8.007878 13.151616
v 0.573535 7.918645 13.219970
v 0.596646 7.525812 13.134178
v 0.405267 7.127810 13.191369
v -0.821711 7.511427 13.531905
v -0.459541 7.029359 13.514468
v -0.733754 7.993495 13.549339
v 0.000000 6.847514 13.507893
v 0.459540 7.029359 13.514468
v 0.821711 7.511427 13.531905
v 0.733753 7.993497 13.549339
v 0.000000 8.175339 13.555918
vt 0.610272 0.556917
vt 0.556633 0.580069
vt 0.581638 0.533091
vt 0.633542 0.574465
vt 0.595262 0.591355
vt 0.556633 0.635394
vt 0.624858 0.599243
vt 0.595354 0.629068
vt 0.797246 0.230614
vt 0.778959 0.274320
vt 0.769301 0.241014
vt 0.636268 0.532232
vt 0.620163 0.502192
vt 0.649822 0.555751
vt 0.659413 0.571607
vt 0.653679 0.586167
vt 0.646328 0.623369
vt 0.623952 0.625089
vt 0.646162 0.637874
vt 0.632387 0.647071
vt 0.610865 0.661268
vt 0.580310 0.685287
vt 0.687589 0.286554
vt 0.655864 0.251514
vt 0.688882 0.252269
vt 0.733703 0.286647
vt 0.730580 0.250062
vt 0.622409 0.710039
vt 0.667144 0.694928
vt 0.660583 0.722766
vt 0.650425 0.661241
vt 0.636519 0.682833
vt 0.700422 0.728428
vt 0.697148 0.672254
vt 0.699947 0.697783
vt 0.569209 0.717218
vt 0.603706 0.743459
vt 0.660163 0.643102
vt 0.673229 0.669115
vt 0.696536 0.651676
vt 0.711398 0.653250
vt 0.719616 0.667631
vt 0.732532 0.689946
vt 0.749143 0.725082
vt 0.744816 0.758610
vt 0.702230 0.766682
vt 0.652117 0.758681
vt 0.792610 0.691015
vt 0.777716 0.634361
vt 0.817318 0.641514
vt 0.760791 0.668062
vt 0.747713 0.628201
vt 0.779666 0.596844
vt 0.815926 0.588315
vt 0.751008 0.602153
vt 0.655864 0.071690
vt 0.687589 0.036650
vt 0.688882 0.070935
vt 0.736981 0.651731
vt 0.717728 0.640199
vt 0.727765 0.603629
vt 0.729138 0.588041
vt 0.744799 0.578138
vt 0.767431 0.563148
vt 0.795256 0.543463
vt 0.778959 0.048885
vt 0.797246 0.092590
vt 0.769301 0.082190
vt 0.730580 0.073142
vt 0.733703 0.036557
vt 0.762344 0.506991
vt 0.708219 0.520666
vt 0.716481 0.485613
vt 0.726073 0.561367
vt 0.742805 0.536836
vt 0.665900 0.484258
vt 0.674068 0.549109
vt 0.670052 0.519688
vt 0.836852 0.114863
vt 0.804527 0.122178
vt 0.714469 0.582078
vt 0.700851 0.551927
vt 0.675200 0.572822
vt 0.836852 0.208341
vt 0.804527 0.201026
vt 0.809044 0.161602
vt 0.679044 0.211883
vt 0.724599 0.161602
vt 0.726565 0.209204
vt 0.679044 0.111321
vt 0.674494 0.161602
vt 0.769226 0.204066
vt 0.769226 0.119138
vt 0.770852 0.161602
vt 0.640302 0.808805
vt 0.582762 0.790591
vt 0.637128 0.100213
vt 0.726565 0.114000
vt 0.699755 0.634471
vt 0.686271 0.613783
vt 0.704221 0.617867
vt 0.664967 0.626271
vt 0.682383 0.630277
vt 0.690371 0.596389
vt 0.708602 0.600551
vt 0.668386 0.609420
vt 0.678204 0.648006
vt 0.648993 0.604760
vt 0.672200 0.591971
vt 0.695045 0.576557
vt 0.723654 0.622358
vt 0.586381 0.897482
vt 0.580467 0.895056
vt 0.603680 0.849641
vt 0.581834 0.900329
vt 0.581830 0.900332
vt 0.581829 0.900328
vt 0.571399 0.926605
vt 0.571401 0.926616
vt 0.571395 0.926611
vt 0.915903 0.080534
vt 0.909094 0.080110
vt 0.915265 0.036557
vt 0.909556 0.111952
vt 0.909893 0.111630
vt 0.909912 0.111933
vt 0.603680 0.970279
vt 0.589192 0.914344
vt 0.912675 0.084870
vt 0.912643 0.084838
vt 0.912678 0.084844
vt 0.579963 0.901022
vt 0.568264 0.902266
vt 0.582524 0.901761
vt 0.581421 0.899255
vt 0.582694 0.899901
vt 0.581517 0.900451
vt 0.582003 0.900242
vt 0.581955 0.900555
vt 0.581749 0.900104
vt 0.581799 0.900350
vt 0.581863 0.900318
vt 0.581845 0.900356
vt 0.581814 0.900290
vt 0.581834 0.900334
vt 0.570808 0.926913
vt 0.573342 0.930157
vt 0.567506 0.927359
vt 0.571963 0.926362
vt 0.571666 0.927113
vt 0.571037 0.923950
vt 0.573648 0.925403
vt 0.571183 0.926076
vt 0.571458 0.926756
vt 0.571255 0.926662
vt 0.571562 0.926547
vt 0.571356 0.926484
vt 0.571409 0.926643
vt 0.571374 0.926620
vt 0.571438 0.926598
vt 0.571386 0.926582
vt 0.571403 0.926609
vt 0.562091 0.928809
vt 0.515618 0.933688
vt 0.579351 0.922568
vt 0.575649 0.937048
vt 0.569168 0.918752
vt 0.908879 0.110610
vt 0.915007 0.108810
vt 0.910781 0.111140
vt 0.908572 0.112720
vt 0.904812 0.107251
vt 0.912130 0.117285
vt 0.905757 0.115588
vt 0.910498 0.112884
vt 0.909620 0.111635
vt 0.923323 0.092607
vt 0.843394 0.161847
vt 0.899868 0.092187
vt 0.965736 0.161847
vt 0.912245 0.084408
vt 0.914296 0.083476
vt 0.912988 0.084503
vt 0.912209 0.085268
vt 0.910779 0.083356
vt 0.914457 0.087182
vt 0.910284 0.087723
vt 0.913011 0.085181
vt 0.912747 0.084768
vt 0.912549 0.084744
vt 0.912567 0.084950
vt 0.912734 0.084927
vt 0.912649 0.084874
vt 0.662184 0.895543
vt 0.644880 0.847688
vt 0.668098 0.893107
vt 0.666742 0.898382
vt 0.666736 0.898387
vt 0.666737 0.898382
vt 0.677164 0.924651
vt 0.677162 0.924661
vt 0.677160 0.924655
vt 0.751735 0.327890
vt 0.735916 0.286842
vt 0.757904 0.324964
vt 0.769161 0.354475
vt 0.769563 0.354633
vt 0.769222 0.354745
vt 0.644880 0.968308
vt 0.659370 0.912378
vt 0.756341 0.330712
vt 0.756363 0.330668
vt 0.756371 0.330704
vt 0.668606 0.899081
vt 0.666039 0.899809
vt 0.665872 0.897960
vt 0.667144 0.897305
vt 0.667051 0.898511
vt 0.666609 0.898607
vt 0.666562 0.898300
vt 0.666815 0.898155
vt 0.666769 0.898406
vt 0.666723 0.898410
vt 0.666704 0.898365
vt 0.666758 0.898352
vt 0.666741 0.898386
vt 0.681057 0.925406
vt 0.676897 0.925159
vt 0.677755 0.924959
vt 0.675220 0.928202
vt 0.676600 0.924408
vt 0.674916 0.923448
vt 0.677380 0.924122
vt 0.677105 0.924802
vt 0.677308 0.924707
vt 0.677001 0.924593
vt 0.677207 0.924529
vt 0.677154 0.924689
vt 0.677189 0.924666
vt 0.677125 0.924643
vt 0.677177 0.924628
vt 0.677168 0.924657
vt 0.686471 0.926858
vt 0.672911 0.935093
vt 0.669212 0.920610
vt 0.680307 0.900322
vt 0.679397 0.916799
vt 0.732955 0.931748
vt 0.677527 0.921996
vt 0.762880 0.353777
vt 0.769901 0.353381
vt 0.768023 0.354022
vt 0.771981 0.348896
vt 0.770733 0.355068
vt 0.769032 0.360644
vt 0.768963 0.355827
vt 0.769390 0.354321
vt 0.749332 0.341745
vt 0.848845 0.375681
vt 0.774310 0.356633
vt 0.735916 0.422576
vt 0.754318 0.330027
vt 0.756563 0.330126
vt 0.755908 0.330496
vt 0.757542 0.328607
vt 0.756910 0.330918
vt 0.755530 0.333522
vt 0.756135 0.331134
vt 0.756405 0.330548
vt 0.756234 0.330651
vt 0.756462 0.330727
vt 0.756320 0.330811
vt 0.756336 0.330686
vt 0.771049 0.332826
vt 0.759612 0.332496
vt 0.901789 0.214250
vt 0.946543 0.276543
vt 0.901911 0.230479
vt 0.893405 0.198380
vt 0.893376 0.198375
vt 0.893401 0.198291
vt 0.913664 0.911979
vt 0.912152 0.912144
vt 0.912312 0.911898
vt 0.891723 0.912105
vt 0.893184 0.912037
vt 0.891142 0.911998
vt 0.894242 0.912208
vt 0.894232 0.912210
vt 0.894224 0.912206
vt 0.893483 0.911903
vt 0.889493 0.917328
vt 0.892244 0.911995
vt 0.892239 0.911994
vt 0.892241 0.911993
vt 0.965077 0.974916
vt 0.850097 0.962864
vt 0.882888 0.212473
vt 0.843394 0.265329
vt 0.843394 0.162042
vt 0.892585 0.224010
vt 0.892602 0.224015
vt 0.892592 0.224078
vt 0.892919 0.198149
vt 0.895250 0.196533
vt 0.893869 0.198216
vt 0.891086 0.200328
vt 0.891658 0.196779
vt 0.892942 0.199064
vt 0.895476 0.200657
vt 0.893771 0.198957
vt 0.893566 0.198362
vt 0.893200 0.198698
vt 0.893231 0.198356
vt 0.893553 0.198688
vt 0.893351 0.198412
vt 0.893420 0.198392
vt 0.893360 0.198457
vt 0.893426 0.198484
vt 0.893385 0.198394
vt 0.908429 0.912143
vt 0.906046 0.910811
vt 0.908901 0.911814
vt 0.908728 0.912192
vt 0.906451 0.913215
vt 0.908514 0.911049
vt 0.908785 0.912839
vt 0.908891 0.911830
vt 0.910052 0.911916
vt 0.909819 0.912031
vt 0.909726 0.912046
vt 0.910410 0.911953
vt 0.911533 0.911922
vt 0.911259 0.911910
vt 0.910906 0.912013
vt 0.911610 0.912042
vt 0.912796 0.912192
vt 0.903472 0.909709
vt 0.898330 0.917217
vt 0.899380 0.907466
vt 0.912092 0.917710
vt 0.903796 0.914439
vt 0.965077 0.807922
vt 0.909707 0.906510
vt 0.894182 0.912188
vt 0.893942 0.912210
vt 0.894107 0.912120
vt 0.894301 0.912221
vt 0.894190 0.912213
vt 0.894291 0.912210
vt 0.894621 0.912336
vt 0.894391 0.912141
vt 0.894255 0.912207
vt 0.893870 0.912112
vt 0.892199 0.912017
vt 0.892067 0.911878
vt 0.892205 0.911970
vt 0.892277 0.912003
vt 0.892120 0.912124
vt 0.892299 0.911992
vt 0.892722 0.912005
vt 0.892467 0.911894
vt 0.892230 0.911990
vt 0.892254 0.911995
vt 0.892234 0.911998
vt 0.892251 0.911993
vt 0.892242 0.911995
vt 0.891722 0.911936
vt 0.892506 0.223907
vt 0.893170 0.224128
vt 0.891973 0.224299
vt 0.892702 0.223628
vt 0.892707 0.223883
vt 0.891943 0.222947
vt 0.893153 0.223026
vt 0.892472 0.223683
vt 0.892579 0.223897
vt 0.892627 0.223890
vt 0.892566 0.223822
vt 0.892618 0.223848
vt 0.892603 0.223959
vt 0.892591 0.223993
vt 0.892603 0.223934
vt 0.892589 0.223924
vt 0.892595 0.224004
vt 0.889975 0.225646
vt 0.881772 0.231192
vt 0.894849 0.221067
vt 0.894951 0.225204
vt 0.890122 0.221517
vt 0.902662 0.190623
vt 0.946437 0.167601
vt 0.887565 0.204185
vt 0.885074 0.191027
vt 0.898274 0.204333
vt 0.825316 0.858213
vt 0.893602 0.911739
vt 0.891704 0.907036
vt 0.892105 0.911929
vt 0.890813 0.911813
vt 0.890650 0.912026
vt 0.889252 0.911975
vt 0.890612 0.912155
vt 0.683461 0.744276
vt 0.685359 0.742507
vt 0.682748 0.741086
vt 0.674240 0.728381
vt 0.663084 0.717753
vt 0.665645 0.731627
vt 0.673134 0.717014
vt 0.666549 0.708891
vt 0.674074 0.710598
vt 0.671171 0.702255
vt 0.549294 0.215145
vt 0.555638 0.194278
vt 0.532600 0.179990
vt 0.558281 0.216366
vt 0.661501 0.717382
vt 0.688990 0.715791
vt 0.687927 0.706084
vt 0.685507 0.707415
vt 0.664877 0.707857
vt 0.666567 0.741255
vt 0.667446 0.742270
vt 0.667464 0.740811
vt 0.680970 0.699136
vt 0.680000 0.700752
vt 0.662287 0.730848
vt 0.685975 0.733033
vt 0.692213 0.715727
vt 0.672934 0.747947
vt 0.674334 0.738735
vt 0.562477 0.167036
vt 0.552706 0.164927
vt 0.675009 0.703704
vt 0.689320 0.735303
vt 0.687371 0.744364
vt 0.685530 0.746962
vt 0.691175 0.745638
vt 0.643595 0.732946
vt 0.658269 0.716920
vt 0.647907 0.710223
vt 0.661536 0.706322
vt 0.656146 0.700920
vt 0.667696 0.698264
vt 0.667258 0.695901
vt 0.508105 0.213956
vt 0.521314 0.212603
vt 0.508146 0.199020
vt 0.566160 0.193269
vt 0.568014 0.214412
vt 0.572255 0.213474
vt 0.659172 0.716993
vt 0.662455 0.706586
vt 0.697410 0.714174
vt 0.690540 0.704324
vt 0.695330 0.715132
vt 0.668431 0.698952
vt 0.665096 0.742638
vt 0.666901 0.742447
vt 0.666068 0.741899
vt 0.692041 0.702970
vt 0.681966 0.697040
vt 0.659454 0.731860
vt 0.697410 0.734947
vt 0.692902 0.735533
vt 0.671588 0.751843
vt 0.667311 0.742692
vt 0.675576 0.696677
vt 0.675607 0.697268
vt 0.509705 0.237994
vt 0.511312 0.260162
vt 0.535020 0.232389
vt 0.550628 0.289646
vt 0.514596 0.298957
vt 0.514656 0.319427
vt 0.528117 0.339593
vt 0.540419 0.321530
vt 0.658426 0.732931
vt 0.655100 0.751159
vt 0.685406 0.744590
vt 0.684787 0.743893
vt 0.669970 0.700575
vt 0.564199 0.193705
vt 0.558390 0.194775
vt 0.667064 0.742325
vt 0.686596 0.596276
vt 0.683994 0.593876
vt 0.683043 0.598234
vt 0.671528 0.615627
vt 0.656386 0.630205
vt 0.670102 0.631141
vt 0.661176 0.642270
vt 0.671429 0.639887
vt 0.667529 0.651290
vt 0.672755 0.649285
vt 0.588971 0.166148
vt 0.572276 0.201303
vt 0.595315 0.187015
vt 0.597958 0.164927
vt 0.654229 0.630723
vt 0.658903 0.643692
vt 0.691740 0.632696
vt 0.690361 0.645946
vt 0.696138 0.632760
vt 0.665903 0.653590
vt 0.660969 0.598119
vt 0.662160 0.596728
vt 0.661639 0.596656
vt 0.687050 0.644148
vt 0.680920 0.655474
vt 0.655204 0.612347
vt 0.687504 0.609197
vt 0.692051 0.606075
vt 0.662196 0.598719
vt 0.669607 0.588944
vt 0.602153 0.214256
vt 0.598067 0.186517
vt 0.679585 0.653276
vt 0.671583 0.601501
vt 0.592382 0.216366
vt 0.659780 0.611260
vt 0.686797 0.590197
vt 0.689327 0.593728
vt 0.694507 0.591963
vt 0.629691 0.609619
vt 0.649823 0.631376
vt 0.649923 0.609534
vt 0.635736 0.640587
vt 0.654356 0.645811
vt 0.647042 0.653219
vt 0.662817 0.656759
vt 0.593182 0.213956
vt 0.593141 0.199020
vt 0.579972 0.212603
vt 0.607690 0.166881
vt 0.605837 0.188024
vt 0.611932 0.167819
vt 0.651055 0.631270
vt 0.703239 0.634841
vt 0.693938 0.648329
vt 0.695995 0.650164
vt 0.655608 0.645443
vt 0.661415 0.596491
vt 0.658952 0.596244
vt 0.660283 0.597244
vt 0.682293 0.658326
vt 0.682903 0.660239
vt 0.651332 0.610987
vt 0.703090 0.606503
vt 0.700395 0.633550
vt 0.667742 0.583639
vt 0.645255 0.584690
vt 0.673579 0.658867
vt 0.663815 0.655815
vt 0.591581 0.237994
vt 0.566267 0.232389
vt 0.589975 0.260162
vt 0.554978 0.250615
vt 0.550659 0.289646
vt 0.586691 0.298957
vt 0.573169 0.339593
vt 0.586631 0.319427
vt 0.560868 0.321530
vt 0.539777 0.216387
vt 0.532600 0.241450
vt 0.539777 0.241482
vt 0.696935 0.605735
vt 0.686645 0.593434
vt 0.685806 0.594390
vt 0.603876 0.187588
vt 0.661973 0.596153
vt 0.550277 0.218836
vt 0.563716 0.220532
vt 0.554580 0.239199
vt 0.557378 0.217399
vt 0.553061 0.214664
vt 0.557823 0.214664
vt 0.560875 0.218466
vt 0.562141 0.216107
vt 0.565604 0.218673
vt 0.568139 0.222051
vt 0.565823 0.223236
vt 0.569496 0.226045
vt 0.566965 0.226434
vt 0.567003 0.229936
vt 0.569501 0.230334
vt 0.566036 0.233290
vt 0.568272 0.234343
vt 0.566037 0.237947
vt 0.564083 0.236049
vt 0.561341 0.238090
vt 0.562502 0.240458
vt 0.558111 0.239199
vt 0.558461 0.241705
vt 0.554281 0.241644
vt 0.550186 0.240704
vt 0.551146 0.238336
vt 0.548283 0.236469
vt 0.546507 0.238484
vt 0.544017 0.235165
vt 0.546135 0.233932
vt 0.542482 0.231430
vt 0.544911 0.230832
vt 0.542187 0.227162
vt 0.544757 0.227358
vt 0.543213 0.222923
vt 0.545630 0.223911
vt 0.545495 0.219279
vt 0.547528 0.221017
vt 0.548826 0.216467
vt 0.553652 0.217536
vt 0.549025 0.272761
vt 0.573018 0.278348
vt 0.565500 0.309325
vt 0.541638 0.305308
vt 0.541388 0.318831
vt 0.534116 0.312362
vt 0.528756 0.304847
vt 0.538093 0.300103
vt 0.525754 0.295764
vt 0.536353 0.294031
vt 0.525754 0.285583
vt 0.536706 0.287452
vt 0.529124 0.275597
vt 0.539170 0.281167
vt 0.535613 0.267154
vt 0.543412 0.276207
vt 0.544832 0.262193
vt 0.554506 0.260251
vt 0.555395 0.271060
vt 0.562096 0.271567
vt 0.564885 0.260509
vt 0.574363 0.265084
vt 0.568215 0.274095
vt 0.581276 0.271839
vt 0.576357 0.283471
vt 0.585636 0.279855
vt 0.587385 0.288432
vt 0.577906 0.289316
vt 0.587164 0.297475
vt 0.577434 0.295542
vt 0.584034 0.306433
vt 0.575042 0.301426
vt 0.578234 0.313941
vt 0.570951 0.306106
vt 0.570234 0.319439
vt 0.560873 0.321691
vt 0.559391 0.311399
vt 0.551155 0.321858
vt 0.552797 0.311343
vt 0.546633 0.309205
vt 0.129654 0.503889
vt 0.152562 0.478791
vt 0.185799 0.510997
vt 0.131775 0.495305
vt 0.134309 0.485422
vt 0.136771 0.487577
vt 0.142477 0.478783
vt 0.144111 0.481766
vt 0.151980 0.475744
vt 0.161520 0.475201
vt 0.161233 0.478349
vt 0.170989 0.477739
vt 0.169697 0.480674
vt 0.179516 0.483453
vt 0.177289 0.485877
vt 0.183003 0.493416
vt 0.186084 0.491808
vt 0.185844 0.502092
vt 0.189098 0.501650
vt 0.188933 0.511448
vt 0.183211 0.519709
vt 0.186310 0.521213
vt 0.177708 0.527416
vt 0.180011 0.529799
vt 0.170132 0.532844
vt 0.171511 0.535789
vt 0.161528 0.535406
vt 0.161979 0.538606
vt 0.152726 0.535561
vt 0.152220 0.538713
vt 0.144377 0.532961
vt 0.142904 0.535760
vt 0.137123 0.527623
vt 0.134868 0.529792
vt 0.131919 0.520452
vt 0.129150 0.521757
vt 0.129463 0.512396
vt 0.126551 0.512808
vt 0.126551 0.503527
vt 0.128823 0.494095
vt 0.561397 0.299439
vt 0.548491 0.297895
vt 0.557208 0.278941
vt 0.562045 0.277302
vt 0.560813 0.279932
vt 0.553580 0.278974
vt 0.557479 0.276208
vt 0.550341 0.280123
vt 0.553031 0.276432
vt 0.545636 0.280357
vt 0.547651 0.282237
vt 0.543299 0.284079
vt 0.545738 0.285097
vt 0.542280 0.288329
vt 0.544840 0.288529
vt 0.542558 0.292560
vt 0.545000 0.292050
vt 0.543908 0.296605
vt 0.546267 0.295218
vt 0.551310 0.299887
vt 0.546728 0.299901
vt 0.554374 0.303337
vt 0.554680 0.300871
vt 0.558758 0.303337
vt 0.558199 0.300704
vt 0.565809 0.299163
vt 0.564100 0.297491
vt 0.568206 0.295986
vt 0.566029 0.294817
vt 0.569549 0.291955
vt 0.567028 0.291512
vt 0.569600 0.287614
vt 0.567026 0.287977
vt 0.568286 0.283538
vt 0.565902 0.284724
vt 0.565742 0.280017
vt 0.563786 0.281962
vt 0.564817 0.210555
vt 0.576545 0.232014
vt 0.538963 0.240041
vt 0.577095 0.205899
vt 0.570158 0.214057
vt 0.560290 0.198707
vt 0.558799 0.208834
vt 0.550925 0.198707
vt 0.552566 0.209075
vt 0.541466 0.201834
vt 0.546506 0.211434
vt 0.533266 0.207978
vt 0.541319 0.215587
vt 0.527511 0.216421
vt 0.537905 0.221006
vt 0.536282 0.227300
vt 0.525889 0.235713
vt 0.536538 0.233820
vt 0.529184 0.245424
vt 0.543227 0.245157
vt 0.548745 0.248515
vt 0.535741 0.253881
vt 0.554747 0.250183
vt 0.544786 0.258552
vt 0.560960 0.249827
vt 0.553858 0.260215
vt 0.572250 0.256651
vt 0.566842 0.247412
vt 0.571808 0.243399
vt 0.584417 0.242501
vt 0.575083 0.238119
vt 0.587208 0.233609
vt 0.587385 0.223832
vt 0.576446 0.225507
vt 0.584235 0.213658
vt 0.574177 0.219262
vt 0.123244 0.502728
vt 0.107326 0.532829
vt 0.070969 0.492888
vt 0.068151 0.491192
vt 0.076672 0.485521
vt 0.064050 0.500862
vt 0.067367 0.501610
vt 0.063743 0.510845
vt 0.066822 0.510549
vt 0.065959 0.520120
vt 0.068883 0.518941
vt 0.071103 0.528430
vt 0.073535 0.526352
vt 0.079013 0.534935
vt 0.080683 0.532102
vt 0.088928 0.538782
vt 0.089567 0.535355
vt 0.098738 0.535526
vt 0.099272 0.538809
vt 0.114813 0.527822
vt 0.108789 0.535764
vt 0.120403 0.520453
vt 0.117080 0.530150
vt 0.123329 0.511698
vt 0.123293 0.521920
vt 0.126525 0.512151
vt 0.120941 0.494151
vt 0.126446 0.502248
vt 0.116104 0.486786
vt 0.123849 0.492786
vt 0.108921 0.481245
vt 0.118404 0.484582
vt 0.100561 0.478233
vt 0.110389 0.478462
vt 0.092123 0.478118
vt 0.101044 0.475201
vt 0.084063 0.480674
vt 0.091700 0.475201
vt 0.074545 0.483120
vt 0.962595 0.664258
vt 0.949831 0.646484
vt 0.961885 0.646484
vt 0.964820 0.679745
vt 0.949624 0.666640
vt 0.950714 0.683830
vt 0.938453 0.668036
vt 0.939162 0.646484
vt 0.955842 0.701899
vt 0.971258 0.695922
vt 0.966243 0.719018
vt 0.942482 0.708646
vt 0.938657 0.686459
vt 0.858727 0.664658
vt 0.839613 0.646479
vt 0.858519 0.646480
vt 0.859435 0.681961
vt 0.840475 0.667037
vt 0.826446 0.687150
vt 0.821054 0.671658
vt 0.817503 0.646477
vt 0.856764 0.704137
vt 0.841683 0.684778
vt 0.845544 0.732046
vt 0.838482 0.708938
vt 0.830232 0.736496
vt 0.822051 0.711578
vt 0.983960 0.659974
vt 0.971634 0.646484
vt 0.983164 0.646484
vt 0.986455 0.672923
vt 0.972663 0.661746
vt 0.975456 0.675453
vt 0.624716 0.456713
vt 0.608467 0.440947
vt 0.627031 0.444027
vt 0.605128 0.454364
vt 0.589170 0.439746
vt 0.592687 0.421187
vt 0.611624 0.425094
vt 0.629888 0.431271
vt 0.927858 0.666997
vt 0.928610 0.646483
vt 0.926925 0.685485
vt 0.913944 0.683366
vt 0.916416 0.665256
vt 0.917422 0.646483
vt 0.926744 0.709654
vt 0.928725 0.736567
vt 0.903776 0.734950
vt 0.910169 0.707025
vt 0.585338 0.454169
vt 0.572686 0.440198
vt 0.570304 0.455652
vt 0.554904 0.440400
vt 0.554904 0.418756
vt 0.575359 0.419027
vt 0.580509 0.399957
vt 0.601085 0.405549
vt 0.554903 0.398424
vt 0.583438 0.379886
vt 0.608558 0.382663
vt 0.612793 0.101946
vt 0.583899 0.077204
vt 0.605347 0.073384
vt 0.588299 0.111957
vt 0.555193 0.078979
vt 0.584591 0.038866
vt 0.602991 0.045159
vt 0.624005 0.214021
vt 0.598873 0.199109
vt 0.630562 0.197133
vt 0.595742 0.216677
vt 0.555006 0.202106
vt 0.555032 0.184836
vt 0.601171 0.188208
vt 0.636933 0.180982
vt 0.078413 0.891127
vt 0.120220 0.931667
vt 0.078413 0.937210
vt 0.147693 0.880319
vt 0.111658 0.876782
vt 0.161587 0.969364
vt 0.128481 0.984619
vt 0.092302 0.980173
vt 0.385940 0.742836
vt 0.358467 0.691488
vt 0.399977 0.698942
vt 0.316659 0.732028
vt 0.349905 0.746372
vt 0.330548 0.642982
vt 0.366728 0.638535
vt 0.399833 0.653790
vt 0.617690 0.295849
vt 0.619716 0.294791
vt 0.620617 0.295754
vt 0.616707 0.293935
vt 0.618046 0.294715
vt 0.617288 0.293684
vt 0.618212 0.294105
vt 0.619292 0.294205
vt 0.615673 0.294195
vt 0.615553 0.292060
vt 0.614767 0.291534
vt 0.616283 0.289172
vt 0.616818 0.289857
vt 0.616303 0.292265
vt 0.615965 0.288484
vt 0.619280 0.287917
vt 0.623003 0.289063
vt 0.619326 0.287209
vt 0.622391 0.289810
vt 0.619198 0.288833
vt 0.623230 0.293318
vt 0.622018 0.293502
vt 0.621071 0.293331
vt 0.621507 0.290461
vt 0.606669 0.310880
vt 0.621774 0.310555
vt 0.617979 0.318775
vt 0.606523 0.297420
vt 0.612137 0.305243
vt 0.611528 0.295888
vt 0.615550 0.300625
vt 0.624229 0.302343
vt 0.599080 0.299216
vt 0.606136 0.289276
vt 0.598491 0.287011
vt 0.609801 0.282050
vt 0.611158 0.290485
vt 0.614463 0.268761
vt 0.603445 0.275951
vt 0.627896 0.266576
vt 0.618000 0.277575
vt 0.627042 0.285425
vt 0.619284 0.283738
vt 0.613866 0.285931
vt 0.909300 0.775798
vt 0.896283 0.779341
vt 0.899175 0.770432
vt 0.918347 0.782629
vt 0.905481 0.783448
vt 0.913838 0.789018
vt 0.902038 0.790195
vt 0.893483 0.786671
vt 0.883887 0.663128
vt 0.872619 0.646481
vt 0.883657 0.646482
vt 0.874007 0.680112
vt 0.872718 0.663581
vt 0.885818 0.679071
vt 0.874679 0.700715
vt 0.891272 0.699342
vt 0.881124 0.720246
vt 0.866223 0.726146
vt 0.619128 0.293741
vt 0.617622 0.293390
vt 0.618305 0.293729
vt 0.618408 0.293267
vt 0.619046 0.293300
vt 0.617035 0.292210
vt 0.617481 0.290436
vt 0.617962 0.290944
vt 0.617762 0.292133
vt 0.617864 0.293072
vt 0.620545 0.290904
vt 0.619059 0.289947
vt 0.619850 0.291287
vt 0.618928 0.290836
vt 0.620315 0.292913
vt 0.619636 0.292507
vt 0.613622 0.143925
vt 0.614090 0.142741
vt 0.614758 0.142827
vt 0.612505 0.143314
vt 0.613378 0.143252
vt 0.612706 0.143006
vt 0.613258 0.142919
vt 0.613735 0.142637
vt 0.612064 0.143802
vt 0.611450 0.142727
vt 0.610951 0.142666
vt 0.611187 0.141248
vt 0.611551 0.141429
vt 0.611855 0.142631
vt 0.610937 0.141025
vt 0.612203 0.140177
vt 0.613729 0.139923
vt 0.612104 0.139927
vt 0.613695 0.140264
vt 0.612340 0.140528
vt 0.614857 0.141189
vt 0.614510 0.141578
vt 0.614132 0.141779
vt 0.613544 0.140650
vt 0.628506 0.150264
vt 0.615695 0.150058
vt 0.621071 0.145154
vt 0.606555 0.155676
vt 0.617573 0.156519
vt 0.608880 0.149081
vt 0.614691 0.146966
vt 0.617517 0.143610
vt 0.598686 0.147065
vt 0.598665 0.135425
vt 0.605389 0.143875
vt 0.606193 0.138392
vt 0.608783 0.143005
vt 0.610521 0.146048
vt 0.606401 0.127707
vt 0.615393 0.134312
vt 0.610039 0.135037
vt 0.614242 0.138143
vt 0.611490 0.138412
vt 0.609408 0.140120
vt 0.618991 0.124510
vt 0.620370 0.138100
vt 0.629624 0.135535
vt 0.616824 0.139928
vt 0.613529 0.142502
vt 0.612773 0.142765
vt 0.613189 0.142722
vt 0.613109 0.142490
vt 0.613377 0.142352
vt 0.612179 0.142413
vt 0.611967 0.141536
vt 0.612291 0.141648
vt 0.612472 0.142192
vt 0.612793 0.142543
vt 0.613303 0.141013
vt 0.612517 0.140982
vt 0.613134 0.141314
vt 0.612666 0.141365
vt 0.613736 0.141832
vt 0.613356 0.141865
vt 0.610579 0.169841
vt 0.630875 0.162928
vt 0.588291 0.168006
vt 0.577987 0.152312
vt 0.555082 0.151866
vt 0.579168 0.134644
vt 0.555123 0.125215
vt 0.596163 0.121861
vt 0.616122 0.114006
vt 0.833663 0.747082
vt 0.864551 0.743717
vt 0.848814 0.745030
vt 0.860534 0.754610
vt 0.846932 0.755139
vt 0.833191 0.756482
vt 0.608870 0.336229
vt 0.600154 0.318454
vt 0.613902 0.327256
vt 0.577440 0.310790
vt 0.592225 0.328688
vt 0.589650 0.303317
vt 0.576549 0.283949
vt 0.596647 0.268710
vt 0.588676 0.285124
vt 0.590404 0.261009
vt 0.610936 0.260235
vt 0.624423 0.249260
vt 0.607620 0.252211
vt 0.626329 0.257345
vt 0.917231 0.761860
vt 0.901419 0.762496
vt 0.902879 0.755340
vt 0.923534 0.776116
vt 0.913037 0.768624
vt 0.900609 0.698730
vt 0.900114 0.678772
vt 0.900782 0.720590
vt 0.900357 0.663093
vt 0.900612 0.646482
vt 0.622344 0.229801
vt 0.597324 0.222464
vt 0.624651 0.216531
vt 0.598446 0.242924
vt 0.554967 0.228935
vt 0.554978 0.221262
vt 0.905964 0.749160
vt 0.942699 0.759591
vt 0.924590 0.753392
vt 0.930356 0.770015
vt 0.579762 0.261906
vt 0.554926 0.259936
vt 0.603855 0.247331
vt 0.554898 0.315077
vt 0.567459 0.335889
vt 0.554900 0.368044
vt 0.561955 0.298202
vt 0.605795 0.353758
vt 0.585930 0.351316
vt 0.625101 0.293380
vt 0.623970 0.288072
vt 0.629160 0.294067
vt 0.621835 0.297595
vt 0.615425 0.287652
vt 0.619354 0.286296
vt 0.613563 0.291046
vt 0.614193 0.294760
vt 0.617030 0.297606
vt 0.615449 0.140726
vt 0.613838 0.139461
vt 0.615833 0.143087
vt 0.610555 0.140769
vt 0.611970 0.139591
vt 0.611437 0.144660
vt 0.610236 0.142710
vt 0.614038 0.145086
vt 0.962596 0.628711
vt 0.949625 0.626328
vt 0.938454 0.624932
vt 0.950715 0.609139
vt 0.964821 0.613225
vt 0.955844 0.591071
vt 0.971259 0.597049
vt 0.938659 0.606509
vt 0.942485 0.584323
vt 0.966246 0.573953
vt 0.980284 0.582126
vt 0.858729 0.628303
vt 0.840479 0.625922
vt 0.826452 0.605807
vt 0.841689 0.608181
vt 0.859439 0.611000
vt 0.856771 0.588825
vt 0.838491 0.584023
vt 0.830245 0.556465
vt 0.845555 0.560917
vt 0.866232 0.566818
vt 0.983960 0.632995
vt 0.972663 0.631223
vt 0.975457 0.617516
vt 0.986455 0.620046
vt 0.485093 0.456713
vt 0.501341 0.440947
vt 0.504680 0.454364
vt 0.479921 0.431272
vt 0.482778 0.444027
vt 0.517121 0.421188
vt 0.520638 0.439747
vt 0.524470 0.454168
vt 0.927859 0.625971
vt 0.916417 0.627710
vt 0.913946 0.609600
vt 0.926927 0.607483
vt 0.926748 0.583315
vt 0.910174 0.585943
vt 0.903783 0.558018
vt 0.928731 0.556403
vt 0.954835 0.556195
vt 0.537122 0.440198
vt 0.539503 0.455652
vt 0.534449 0.419027
vt 0.554904 0.456284
vt 0.529298 0.399959
vt 0.508724 0.405551
vt 0.526368 0.379888
vt 0.497524 0.101769
vt 0.526493 0.077115
vt 0.521987 0.111855
vt 0.507501 0.045013
vt 0.505057 0.073230
vt 0.525919 0.038776
vt 0.485965 0.213812
vt 0.511146 0.198978
vt 0.514224 0.216558
vt 0.479461 0.196904
vt 0.508881 0.188069
vt 0.316659 0.839988
vt 0.358467 0.799448
vt 0.349905 0.854333
vt 0.330548 0.750942
vt 0.316659 0.793905
vt 0.399833 0.761751
vt 0.399977 0.806902
vt 0.385940 0.850796
vt 0.330696 0.958757
vt 0.358169 0.907408
vt 0.366731 0.962293
vt 0.316803 0.869711
vt 0.316659 0.914863
vt 0.386088 0.858903
vt 0.399977 0.901865
vt 0.399977 0.947949
vt 0.489969 0.294782
vt 0.492006 0.295824
vt 0.489062 0.295750
vt 0.490394 0.294197
vt 0.491639 0.294685
vt 0.492395 0.293625
vt 0.492984 0.293882
vt 0.494026 0.294146
vt 0.494150 0.292007
vt 0.494938 0.291482
vt 0.493399 0.292209
vt 0.492884 0.289808
vt 0.493422 0.289117
vt 0.493743 0.288425
vt 0.490412 0.287836
vt 0.490367 0.287122
vt 0.490492 0.288759
vt 0.487255 0.289726
vt 0.486640 0.288970
vt 0.486411 0.293285
vt 0.488147 0.290383
vt 0.487641 0.293473
vt 0.488604 0.293301
vt 0.487956 0.310612
vt 0.503094 0.310880
vt 0.491786 0.318822
vt 0.485440 0.302395
vt 0.497605 0.305241
vt 0.498193 0.295849
vt 0.503218 0.297387
vt 0.510683 0.299189
vt 0.503608 0.289223
vt 0.511281 0.286959
vt 0.498563 0.290433
vt 0.499948 0.281970
vt 0.506338 0.275863
vt 0.495317 0.268619
vt 0.495858 0.285862
vt 0.491737 0.277447
vt 0.482564 0.285280
vt 0.481412 0.276861
vt 0.481865 0.266357
vt 0.896292 0.513630
vt 0.909309 0.517173
vt 0.899184 0.522538
vt 0.902048 0.502777
vt 0.905491 0.509523
vt 0.913847 0.503954
vt 0.918356 0.510343
vt 0.883888 0.629835
vt 0.872720 0.629381
vt 0.874010 0.612851
vt 0.885822 0.613893
vt 0.874685 0.592249
vt 0.891277 0.593624
vt 0.881132 0.572720
vt 0.898817 0.571398
vt 0.490557 0.293742
vt 0.491460 0.294075
vt 0.491222 0.293241
vt 0.491353 0.293700
vt 0.492052 0.293320
vt 0.492667 0.292151
vt 0.491790 0.292985
vt 0.491735 0.290918
vt 0.492217 0.290396
vt 0.490627 0.289881
vt 0.489810 0.291198
vt 0.489113 0.290822
vt 0.489371 0.292880
vt 0.490628 0.293321
vt 0.496101 0.142560
vt 0.496566 0.143746
vt 0.495432 0.142644
vt 0.496457 0.142458
vt 0.496812 0.143074
vt 0.497484 0.142830
vt 0.497684 0.143139
vt 0.498124 0.143628
vt 0.498741 0.142555
vt 0.499241 0.142495
vt 0.498337 0.142457
vt 0.498644 0.141256
vt 0.499009 0.141077
vt 0.499259 0.140854
vt 0.497997 0.140002
vt 0.498096 0.139753
vt 0.497857 0.140353
vt 0.496504 0.140084
vt 0.496470 0.139743
vt 0.495339 0.141006
vt 0.496654 0.140471
vt 0.495685 0.141396
vt 0.496062 0.141598
vt 0.481662 0.150039
vt 0.494474 0.149873
vt 0.492576 0.156328
vt 0.489112 0.144951
vt 0.495487 0.146784
vt 0.501291 0.148917
vt 0.503597 0.155518
vt 0.511492 0.146932
vt 0.499659 0.145878
vt 0.504799 0.143721
vt 0.501408 0.142841
vt 0.504012 0.138235
vt 0.511549 0.135292
vt 0.503836 0.127550
vt 0.500791 0.139954
vt 0.500176 0.134869
vt 0.495964 0.137962
vt 0.494824 0.134128
vt 0.491256 0.124314
vt 0.489836 0.137900
vt 0.480589 0.135306
vt 0.493375 0.139739
vt 0.492671 0.143419
vt 0.496663 0.142323
vt 0.496933 0.142741
vt 0.497083 0.142313
vt 0.497002 0.142544
vt 0.497418 0.142589
vt 0.498013 0.142238
vt 0.497399 0.142367
vt 0.497904 0.141473
vt 0.498228 0.141362
vt 0.497679 0.140806
vt 0.497061 0.141136
vt 0.496893 0.140835
vt 0.496458 0.141652
vt 0.496815 0.142173
vt 0.473139 0.180732
vt 0.499529 0.169672
vt 0.479254 0.162696
vt 0.521823 0.167905
vt 0.532175 0.152243
vt 0.531048 0.134570
vt 0.514092 0.121735
vt 0.494157 0.113819
vt 0.833678 0.545880
vt 0.846946 0.537825
vt 0.848827 0.547934
vt 0.860547 0.538356
vt 0.864562 0.549249
vt 0.500930 0.336252
vt 0.509626 0.318457
vt 0.517567 0.328692
vt 0.495884 0.327292
vt 0.520131 0.303297
vt 0.532352 0.310778
vt 0.533261 0.283918
vt 0.521118 0.285080
vt 0.513167 0.268624
vt 0.519437 0.260926
vt 0.498882 0.260090
vt 0.502230 0.252068
vt 0.483483 0.257129
vt 0.485425 0.249050
vt 0.901428 0.530473
vt 0.917238 0.531110
vt 0.902887 0.537630
vt 0.913045 0.524347
vt 0.923541 0.516856
vt 0.930363 0.522957
vt 0.900614 0.594236
vt 0.900116 0.614193
vt 0.900788 0.572377
vt 0.900359 0.629872
vt 0.487574 0.229598
vt 0.512625 0.222341
vt 0.511439 0.242805
vt 0.485311 0.216321
vt 0.905972 0.543809
vt 0.924596 0.539579
vt 0.942705 0.533381
vt 0.530086 0.261850
vt 0.506013 0.247198
vt 0.485448 0.242298
vt 0.542334 0.335886
vt 0.547852 0.298197
vt 0.504011 0.353770
vt 0.501251 0.382668
vt 0.523871 0.351320
vt 0.484513 0.293348
vt 0.480405 0.294049
vt 0.485664 0.287965
vt 0.487837 0.297606
vt 0.494287 0.287591
vt 0.490424 0.283629
vt 0.490343 0.286203
vt 0.496147 0.290995
vt 0.495515 0.294715
vt 0.494172 0.300618
vt 0.492677 0.297588
vt 0.494748 0.140541
vt 0.496363 0.139281
vt 0.494357 0.142901
vt 0.499642 0.140599
vt 0.498715 0.138240
vt 0.498231 0.139417
vt 0.498749 0.144487
vt 0.499955 0.142541
vt 0.496146 0.144905
vt 0.684564 0.360505
vt 0.689751 0.336461
vt 0.700751 0.355741
vt 0.652404 0.338975
vt 0.673210 0.351782
vt 0.667849 0.313698
vt 0.724127 0.317116
vt 0.735651 0.348920
vt 0.686751 0.448245
vt 0.687252 0.403100
vt 0.713311 0.427297
vt 0.637128 0.421478
vt 0.667739 0.413683
vt 0.637331 0.391857
vt 0.661762 0.391944
vt 0.676009 0.390518
vt 0.663076 0.370606
vt 0.680337 0.375526
vt 0.735721 0.391312
vt 0.698436 0.380685
vt 0.786701 0.857277
vt 0.765422 0.829458
vt 0.785951 0.827888
vt 0.744859 0.857810
vt 0.765789 0.858287
vt 0.747819 0.810027
vt 0.765144 0.807649
vt 0.782524 0.809585
vt 0.137943 0.817128
vt 0.197474 0.757597
vt 0.197474 0.830173
vt 0.137943 0.698066
vt 0.124898 0.757597
vt 0.257005 0.698066
vt 0.270050 0.757597
vt 0.257005 0.817128
vt 0.078413 0.876659
vt 0.197474 0.757597
vt 0.078413 0.757597
vt 0.316536 0.876659
vt 0.197474 0.876659
vt 0.316536 0.638535
vt 0.197474 0.638535
vt 0.078413 0.638535
vt 0.197474 0.863797
vt 0.118192 0.836880
vt 0.091274 0.757597
vt 0.118192 0.678315
vt 0.197474 0.651397
vt 0.276757 0.678315
vt 0.197474 0.685021
vt 0.303674 0.757597
vt 0.276757 0.836880
vt 0.316536 0.757597
vt 0.815012 0.247884
vt 0.645278 0.275624
vt 0.645278 0.047580
vt 0.815012 0.075320
vt 0.843198 0.161602
vt 0.637128 0.222991
vt 0.699921 0.818206
vt 0.682406 0.695635
vt 0.546308 0.250615
vt 0.508105 0.325628
vt 0.572255 0.168845
vt 0.662237 0.659986
vt 0.673617 0.658062
vt 0.593182 0.325628
vt 0.611932 0.212448
vt 0.549136 0.277900
vt 0.550274 0.302228
vt 0.562697 0.301657
vt 0.568907 0.201329
vt 0.525655 0.226161
vt 0.562944 0.259933
vt 0.579346 0.250014
vt 0.082771 0.477828
vt 0.980282 0.710845
vt 0.954831 0.736776
vt 0.555259 0.036557
vt 0.161730 0.924212
vt 0.316659 0.685945
vt 0.628268 0.277064
vt 0.909905 0.795042
vt 0.898811 0.721569
vt 0.624426 0.242510
vt 0.821059 0.621298
vt 0.822062 0.581380
vt 0.498185 0.425094
vt 0.366728 0.746496
vt 0.349908 0.854456
vt 0.893493 0.506300
vt 0.909915 0.497930
vt 0.491960 0.292067
vt 0.490749 0.290780
vt 0.490084 0.292466
vt 0.497721 0.142016
vt 0.497529 0.141188
vt 0.496838 0.141687
vt 0.833206 0.536481
vt 0.702588 0.286842
vt 0.652487 0.462614
vt 0.637128 0.363210
vt 0.744859 0.828412
vn -0.9166 0.1680 0.3628
vn -0.9570 -0.2900 -0.0097
vn -0.9017 -0.2611 0.3446
vn -0.8064 0.4900 0.3311
vn -0.9861 0.1658 0.0053
vn -0.8949 -0.2662 -0.3582
vn -0.8627 0.5054 0.0168
vn -0.9215 0.1594 -0.3542
vn -0.5728 -0.5946 0.5642
vn -0.6523 -0.7010 0.2883
vn -0.6859 0.1738 0.7066
vn -0.6870 -0.2218 0.6920
vn -0.6047 0.4762 0.6384
vn -0.5043 0.6688 0.5463
vn -0.5969 0.7381 0.3146
vn -0.6090 0.7457 -0.2701
vn -0.8179 0.4887 -0.3035
vn -0.5201 0.6779 -0.5195
vn -0.6215 0.4724 -0.6250
vn -0.6930 0.1574 -0.7036
vn -0.6775 -0.2357 -0.6967
vn -0.5574 -0.5896 -0.5845
vn -0.6395 -0.6952 -0.3283
vn -0.6729 -0.7393 -0.0243
vn -0.3388 -0.2562 -0.9053
vn 0.0000 0.1712 -0.9852
vn 0.0000 -0.2775 -0.9607
vn -0.3053 0.4894 -0.8169
vn -0.3458 0.1649 -0.9237
vn 0.3390 -0.2559 -0.9053
vn 0.3052 0.4894 -0.8169
vn 0.3458 0.1649 -0.9237
vn -0.2977 -0.6856 -0.6643
vn -0.2819 0.7454 -0.6041
vn 0.0000 0.5062 -0.8624
vn 0.2819 0.7454 -0.6041
vn 0.5201 0.6779 -0.5195
vn 0.6215 0.4724 -0.6250
vn 0.6930 0.1574 -0.7036
vn 0.6775 -0.2357 -0.6968
vn 0.5574 -0.5896 -0.5845
vn 0.2977 -0.6856 -0.6643
vn 0.0000 -0.7228 -0.6911
vn 0.8949 -0.2662 -0.3582
vn 0.9861 0.1659 0.0053
vn 0.9570 -0.2900 -0.0097
vn 0.9215 0.1594 -0.3542
vn 0.8627 0.5054 0.0168
vn 0.9166 0.1680 0.3628
vn 0.9017 -0.2611 0.3446
vn 0.8064 0.4901 0.3310
vn 0.6395 -0.6952 -0.3283
vn 0.8180 0.4888 -0.3034
vn 0.6090 0.7457 -0.2701
vn 0.5969 0.7381 0.3146
vn 0.5042 0.6689 0.5462
vn 0.6047 0.4762 0.6384
vn 0.6859 0.1738 0.7066
vn 0.6870 -0.2218 0.6920
vn 0.5728 -0.5946 0.5642
vn 0.6523 -0.7010 0.2883
vn 0.6729 -0.7393 -0.0243
vn 0.3450 -0.2395 0.9075
vn 0.0000 0.1944 0.9809
vn 0.0000 -0.2621 0.9651
vn 0.2942 0.4934 0.8185
vn 0.3410 0.1866 0.9213
vn -0.3447 -0.2397 0.9076
vn -0.2942 0.4934 0.8185
vn -0.3410 0.1866 0.9213
vn 0.3100 -0.6978 0.6458
vn 0.2702 0.7305 0.6271
vn 0.0000 0.5091 0.8607
vn -0.2702 0.7305 0.6271
vn -0.3100 -0.6978 0.6458
vn -0.0000 -0.7384 0.6743
vn -0.2826 -0.9055 -0.3167
vn 0.0000 -0.9994 -0.0347
vn -0.2911 -0.9561 -0.0329
vn 0.2826 -0.9055 -0.3167
vn 0.0000 -0.9464 -0.3231
vn -0.2899 -0.9205 0.2620
vn 0.2898 -0.9206 0.2617
vn -0.0000 -0.9640 0.2659
vn 0.2911 -0.9561 -0.0328
vn 0.3124 0.9026 -0.2961
vn 0.0000 0.9994 0.0339
vn 0.3340 0.9420 0.0319
vn -0.3124 0.9026 -0.2961
vn -0.0000 0.9476 -0.3194
vn 0.0000 0.9283 0.3717
vn 0.3048 0.8866 0.3478
vn -0.3340 0.9420 0.0319
vn 0.0000 0.7702 -0.6378
vn -0.6396 0.7682 0.0262
vn -0.3045 0.8869 0.3475
vn 0.0000 0.7523 0.6588
vn 0.6396 0.7683 0.0262
vn 0.4047 0.6881 0.6023
vn -0.6414 0.6748 -0.3649
vn -0.6544 0.2190 0.7238
vn 0.6267 0.7731 0.0981
vn 0.1961 -0.1575 -0.9678
vn -0.1329 0.7726 -0.6208
vn 0.2173 -0.0626 -0.9741
vn 0.5019 -0.8378 0.2149
vn -0.2415 -0.8383 -0.4888
vn -0.7973 -0.5801 -0.1670
vn 0.2393 -0.5901 0.7711
vn 0.7715 -0.6129 -0.1707
vn -0.4527 -0.8762 -0.1651
vn 0.1284 -0.6134 -0.7793
vn 0.8406 0.0027 0.5417
vn 0.8793 0.2023 0.4312
vn -0.0410 -0.7265 -0.6860
vn -0.0013 -0.6815 0.7318
vn -0.7301 -0.6820 0.0421
vn -0.0903 -0.4248 -0.9008
vn -0.4948 0.1978 -0.8462
vn 0.9047 -0.4241 0.0409
vn -0.5356 0.7426 -0.4022
vn 0.4305 0.7433 0.5121
vn -0.1244 -0.4907 -0.8624
vn 0.4382 0.7255 0.5306
vn 0.8683 -0.4901 0.0772
vn -0.5545 0.7248 -0.4089
vn 0.4382 0.7255 0.5307
vn 0.9557 -0.1570 -0.2489
vn -0.6291 -0.7085 -0.3198
vn 0.5693 -0.6645 0.4840
vn -0.5141 -0.6653 -0.5414
vn 0.9400 0.3405 -0.0222
vn 0.3544 -0.7078 0.6110
vn -0.1074 0.5732 -0.8124
vn 0.8166 0.5738 0.0622
vn -0.0298 0.3399 -0.9400
vn 0.3444 -0.7071 0.6175
vn -0.6350 -0.7078 -0.3095
vn 0.9489 0.3148 -0.0219
vn -0.0305 0.3142 -0.9489
vn -0.0306 0.3142 -0.9489
vn 0.9607 -0.0621 -0.2705
vn -0.4065 -0.7263 -0.5543
vn -0.6001 0.0075 -0.7999
vn 0.7173 0.6553 0.2370
vn 0.5764 -0.7256 0.3759
vn -0.2765 0.6546 -0.7036
vn 0.1877 -0.7084 0.6804
vn -0.6502 -0.6470 -0.3983
vn -0.6892 -0.7090 -0.1495
vn 0.9527 -0.2630 -0.1525
vn 0.4339 -0.6463 0.6277
vn 0.0528 0.2274 -0.9724
vn 0.9678 0.2281 -0.1064
vn 0.1001 -0.2636 -0.9594
vn 0.1904 -0.8758 0.4435
vn -0.6283 -0.3276 -0.7056
vn 0.7533 -0.3398 0.5631
vn 0.0224 -0.3201 0.9471
vn -0.7888 -0.5878 -0.1798
vn -0.9467 -0.3208 0.0300
vn 0.9440 -0.3264 -0.0488
vn 0.2204 -0.6024 0.7672
vn 0.1445 -0.1869 -0.9717
vn 0.9590 -0.1914 -0.2090
vn -0.0030 -0.3270 -0.9450
vn -0.9500 -0.3101 0.0364
vn 0.0161 -0.3094 0.9508
vn 0.9296 -0.3683 -0.0144
vn -0.0365 -0.3690 -0.9287
vn 0.6877 -0.7260 0.0037
vn -0.4047 0.6881 0.6023
vn 0.6544 0.2190 0.7238
vn 0.6414 0.6748 -0.3649
vn 0.1330 0.7726 -0.6208
vn -0.9557 -0.1570 -0.2489
vn -0.6266 0.7731 0.0981
vn -0.2173 -0.0626 -0.9741
vn -0.5019 -0.8378 0.2149
vn -0.9607 -0.0621 -0.2705
vn 0.7973 -0.5801 -0.1670
vn -0.2393 -0.5901 0.7711
vn 0.4527 -0.8762 -0.1651
vn -0.7715 -0.6129 -0.1707
vn -0.1284 -0.6134 -0.7793
vn -0.8406 0.0027 0.5417
vn -0.8793 0.2023 0.4312
vn 0.0411 -0.7265 -0.6860
vn 0.0013 -0.6815 0.7318
vn -0.6877 -0.7260 0.0037
vn 0.0903 -0.4248 -0.9008
vn -0.9046 -0.4242 0.0409
vn -0.4305 0.7432 0.5121
vn 0.5355 0.7426 -0.4021
vn 0.1244 -0.4907 -0.8624
vn -0.8683 -0.4901 0.0772
vn -0.4382 0.7255 0.5307
vn 0.5545 0.7248 -0.4089
vn -0.1961 -0.1575 -0.9678
vn 0.5141 -0.6653 -0.5414
vn -0.3544 -0.7079 0.6110
vn 0.6291 -0.7085 -0.3198
vn -0.5693 -0.6645 0.4840
vn -0.9400 0.3405 -0.0222
vn -0.8166 0.5738 0.0622
vn 0.0298 0.3399 -0.9400
vn -0.3444 -0.7071 0.6175
vn 0.6350 -0.7078 -0.3095
vn -0.9489 0.3148 -0.0219
vn 0.0305 0.3142 -0.9489
vn -0.3445 -0.7071 0.6175
vn 0.0306 0.3142 -0.9489
vn 0.2415 -0.8383 -0.4888
vn 0.4065 -0.7263 -0.5543
vn -0.5764 -0.7256 0.3758
vn -0.7173 0.6553 0.2370
vn 0.4948 0.1978 -0.8462
vn 0.2765 0.6546 -0.7036
vn 0.6001 0.0075 -0.7999
vn 0.1074 0.5732 -0.8124
vn 0.6502 -0.6470 -0.3983
vn -0.1877 -0.7084 0.6804
vn 0.6892 -0.7090 -0.1495
vn -0.4339 -0.6463 0.6277
vn -0.9527 -0.2630 -0.1525
vn -0.0529 0.2275 -0.9723
vn -0.1001 -0.2636 -0.9594
vn -0.1904 -0.8758 0.4435
vn 0.6283 -0.3276 -0.7056
vn -0.9678 0.2281 -0.1064
vn 0.7888 -0.5878 -0.1798
vn -0.0223 -0.3201 0.9471
vn 0.9467 -0.3208 0.0300
vn -0.2204 -0.6024 0.7672
vn -0.9440 -0.3264 -0.0488
vn -0.1445 -0.1869 -0.9717
vn 0.0030 -0.3270 -0.9450
vn -0.0161 -0.3094 0.9508
vn 0.9500 -0.3101 0.0364
vn -0.9296 -0.3683 -0.0144
vn 0.0365 -0.3690 -0.9287
vn 0.7301 -0.6820 0.0421
vn -0.7533 -0.3398 0.5631
vn -0.9590 -0.1914 -0.2090
vn -0.4662 -0.8620 -0.1989
vn 0.2408 -0.7313 0.6381
vn 0.2977 -0.7655 0.5705
vn -0.7868 -0.6087 -0.1019
vn -0.3273 0.4580 -0.8265
vn -0.1800 -0.4985 -0.8480
vn 0.0184 -0.4949 -0.8687
vn 0.7160 0.6345 -0.2912
vn 0.8711 -0.3771 -0.3147
vn 0.4546 0.8815 -0.1280
vn -0.4918 0.6112 0.6202
vn -0.6198 0.5652 0.5444
vn 0.5753 -0.3426 -0.7427
vn 0.8169 0.5714 0.0784
vn 0.9510 -0.3036 0.0581
vn 0.1637 0.9816 -0.0980
vn -0.2265 0.6786 0.6987
vn 0.7207 -0.3838 -0.5773
vn 0.6657 0.5994 0.4444
vn 0.8177 -0.3921 0.4214
vn -0.3140 0.9016 -0.2974
vn 0.0469 0.6900 0.7223
vn -0.6683 0.7369 -0.1012
vn -0.8025 0.3875 0.4537
vn 0.2723 -0.5576 0.7842
vn 0.1451 0.4696 0.8709
vn 0.0498 0.6907 -0.7214
vn 0.4949 -0.5827 -0.6447
vn 0.2502 -0.6115 -0.7507
vn -0.7389 0.6111 0.2839
vn 0.2927 0.7327 -0.6144
vn -0.7886 0.5407 0.2929
vn -0.5199 -0.8164 0.2513
vn -0.5875 -0.7651 0.2635
vn 0.2919 -0.6196 -0.7286
vn -0.7591 0.5570 0.3370
vn 0.0871 0.7100 -0.6988
vn -0.5541 -0.7737 0.3071
vn 0.0865 0.7105 -0.6984
vn 0.2914 -0.6203 -0.7283
vn -0.7578 0.5571 0.3396
vn -0.5528 -0.7736 0.3097
vn -0.9341 0.3478 -0.0804
vn 0.6184 0.7773 0.1158
vn 0.7580 -0.6351 -0.1485
vn 0.8236 -0.5609 0.0847
vn -0.5268 0.6086 -0.5934
vn 0.5320 0.8390 -0.1143
vn -0.5371 -0.7157 -0.4464
vn -0.7298 0.5415 -0.4172
vn -0.3246 -0.7109 -0.6240
vn 0.8241 -0.5582 0.0963
vn 0.6198 0.7744 0.1273
vn -0.5035 0.6191 -0.6026
vn -0.2992 -0.7135 -0.6336
vn -0.1366 0.5166 -0.8453
vn 0.7962 -0.5544 -0.2421
vn -0.1658 0.9742 -0.1529
vn 0.1368 -0.9618 -0.2369
vn -0.7651 0.5896 -0.2587
vn 0.5925 0.7770 -0.2127
vn -0.0512 -0.9266 -0.3726
vn -0.5550 -0.7802 -0.2886
vn 0.8361 -0.4885 0.2497
vn 0.5418 0.8363 0.0838
vn 0.7679 -0.6387 0.0496
vn 0.0614 0.6215 -0.7810
vn 0.6532 0.7045 0.2774
vn 0.2392 -0.5385 -0.8079
vn -0.4223 0.5886 -0.6893
vn -0.2315 -0.6562 -0.7182
vn 0.4412 0.5324 -0.7224
vn 0.4816 -0.8526 -0.2027
vn 0.3067 0.7073 0.6369
vn 0.7804 -0.6133 0.1218
vn 0.5088 -0.6112 0.6063
vn 0.1251 0.6953 -0.7077
vn 0.5563 0.8155 0.1595
vn 0.3226 -0.5931 -0.7377
vn -0.0107 0.5783 -0.8158
vn 0.1580 -0.5139 -0.8432
vn 0.4991 -0.6108 0.6147
vn 0.1690 0.7147 -0.6787
vn 0.2975 0.7037 0.6452
vn 0.3705 -0.5998 -0.7092
vn 0.5687 0.6078 -0.5543
vn 0.7261 -0.6420 -0.2462
vn 0.4238 0.6957 0.5800
vn 0.5908 -0.6551 0.4710
vn 0.4080 0.7057 0.5792
vn -0.6480 -0.7550 -0.1005
vn 0.5911 -0.6555 0.4701
vn -0.8124 0.5583 -0.1680
vn -0.6513 -0.7040 -0.2833
vn -0.8132 0.5819 0.0126
vn 0.4316 0.6928 0.5777
vn 0.5982 -0.6532 0.4641
vn -0.8103 0.5852 0.0310
vn -0.6436 -0.7609 -0.0825
vn -0.6753 -0.6397 0.3671
vn 0.2193 0.7334 0.6435
vn 0.1016 0.7372 0.6680
vn -0.5544 -0.7206 -0.4163
vn 0.4182 -0.7433 0.5221
vn -0.7258 0.6291 -0.2784
vn 0.5319 -0.6114 -0.5858
vn -0.7966 0.5797 0.1714
vn 0.3209 0.7684 -0.5537
vn -0.5845 -0.7991 0.1407
vn -0.2346 -0.8166 0.5274
vn 0.0141 -0.7969 0.6039
vn -0.3616 -0.8154 0.4521
vn 0.0798 -0.6508 0.7551
vn 0.9169 -0.3991 0.0096
vn -0.1249 0.5200 0.8450
vn 0.7138 0.6975 0.0633
vn -0.6661 0.3764 -0.6440
vn -0.8739 0.1222 0.4706
vn -0.5767 0.8162 -0.0346
vn 0.0921 0.9057 0.4139
vn 0.9392 0.2831 -0.1942
vn 0.6302 0.6815 -0.3720
vn 0.4611 0.4874 0.7415
vn 0.9954 0.0954 -0.0073
vn 0.4449 0.3055 0.8418
vn 0.9861 -0.0310 0.1631
vn -0.3042 -0.2076 0.9297
vn 0.5251 -0.5407 0.6573
vn 0.4485 0.1354 0.8834
vn -0.6408 -0.7612 0.1003
vn 0.2849 -0.4226 -0.8604
vn -0.4631 -0.0258 0.8859
vn -0.7636 -0.6451 0.0264
vn -0.4226 -0.0757 0.9032
vn 0.3964 -0.4775 -0.7841
vn 0.5078 -0.6622 0.5510
vn -0.1320 -0.8903 -0.4358
vn 0.4577 0.2920 -0.8398
vn 0.5511 -0.5793 -0.6005
vn -0.5854 0.4804 0.6531
vn -0.7569 -0.6535 0.0002
vn -0.7148 0.0820 -0.6945
vn -0.3423 0.8586 -0.3816
vn 0.5206 -0.4522 -0.7242
vn -0.8809 -0.2994 0.3665
vn 0.0555 -0.9944 0.0903
vn 0.0576 -0.9204 -0.3866
vn 0.6089 -0.7911 0.0582
vn -0.0817 -0.9025 -0.4229
vn -0.9032 -0.1396 0.4059
vn -0.4643 -0.4724 -0.7492
vn -0.9844 0.0173 0.1751
vn -0.4528 -0.2928 -0.8422
vn -0.9979 0.0321 -0.0571
vn -0.4468 -0.1460 -0.8826
vn 0.4126 0.2332 -0.8806
vn -0.2648 0.7245 -0.6364
vn 0.1407 -0.1288 -0.9816
vn -0.9468 -0.2744 0.1681
vn -0.9734 -0.1885 -0.1300
vn 0.5205 0.1037 -0.8476
vn 0.1630 -0.1830 -0.9695
vn 0.2766 -0.1336 -0.9517
vn -0.9420 -0.1384 -0.3056
vn 0.9319 0.2338 -0.2774
vn -0.9256 -0.2861 -0.2479
vn -0.8322 0.4969 0.2461
vn 0.4784 0.1326 -0.8681
vn -0.7787 0.0419 0.6260
vn 0.6330 -0.4517 -0.6287
vn 0.2459 -0.7654 -0.5948
vn -0.0840 -0.9503 0.2998
vn -0.5643 -0.8254 0.0133
vn -0.3794 -0.2520 -0.8902
vn 0.3694 -0.8565 0.3603
vn -0.6525 -0.7219 0.2303
vn -0.4082 -0.8697 -0.2776
vn -0.9845 0.0995 -0.1447
vn 0.1144 -0.9898 -0.0849
vn 0.2409 -0.6249 0.7426
vn 0.8739 0.1222 0.4706
vn 0.6661 0.3764 -0.6440
vn 0.5767 0.8162 -0.0346
vn -0.0921 0.9057 0.4139
vn -0.9392 0.2831 -0.1942
vn -0.4611 0.4874 0.7415
vn -0.9954 0.0954 -0.0073
vn -0.4450 0.3055 0.8418
vn -0.9861 -0.0310 0.1631
vn -0.4485 0.1354 0.8834
vn 0.3042 -0.2076 0.9297
vn -0.5251 -0.5407 0.6573
vn 0.6408 -0.7611 0.1003
vn -0.2849 -0.4226 -0.8604
vn -0.3964 -0.4775 -0.7841
vn 0.4631 -0.0258 0.8859
vn 0.7636 -0.6451 0.0264
vn 0.7569 -0.6535 0.0002
vn -0.5206 -0.4522 -0.7242
vn -0.5078 -0.6622 0.5510
vn 0.1320 -0.8903 -0.4358
vn -0.2409 -0.6249 0.7426
vn 0.4226 -0.0757 0.9032
vn -0.5511 -0.5793 -0.6005
vn 0.5854 0.4804 0.6531
vn 0.8809 -0.2994 0.3665
vn -0.4577 0.2920 -0.8398
vn 0.7148 0.0820 -0.6945
vn -0.1144 -0.9898 -0.0849
vn 0.3423 0.8586 -0.3816
vn -0.6302 0.6815 -0.3721
vn -0.0576 -0.9204 -0.3866
vn -0.0555 -0.9944 0.0903
vn -0.6089 -0.7911 0.0583
vn 0.0817 -0.9025 -0.4229
vn 0.9032 -0.1396 0.4059
vn 0.6525 -0.7219 0.2303
vn 0.4643 -0.4724 -0.7492
vn 0.9844 0.0173 0.1751
vn 0.4528 -0.2928 -0.8422
vn 0.9979 0.0321 -0.0571
vn -0.4126 0.2332 -0.8805
vn 0.2648 0.7245 -0.6364
vn 0.4468 -0.1460 -0.8826
vn -0.1407 -0.1288 -0.9816
vn 0.9468 -0.2744 0.1681
vn -0.5205 0.1037 -0.8476
vn -0.1630 -0.1830 -0.9695
vn -0.4785 0.1326 -0.8680
vn 0.9734 -0.1885 -0.1300
vn 0.9256 -0.2861 -0.2479
vn -0.9319 0.2338 -0.2774
vn 0.8322 0.4969 0.2461
vn 0.7810 0.0415 0.6232
vn -0.6330 -0.4517 -0.6287
vn -0.2766 -0.1336 -0.9517
vn 0.0840 -0.9503 0.2998
vn -0.3694 -0.8566 0.3603
vn 0.9420 -0.1384 -0.3056
vn -0.2459 -0.7654 -0.5948
vn 0.4082 -0.8697 -0.2776
vn 0.9845 0.0995 -0.1447
vn 0.3794 -0.2520 -0.8902
vn 0.5643 -0.8254 0.0133
vn -0.0597 -0.3506 0.9346
vn 0.7188 -0.4262 0.5493
vn 0.2673 0.8917 0.3652
vn 0.3356 -0.5263 0.7813
vn -0.2359 -0.8831 0.4056
vn 0.0462 -0.9585 0.2813
vn 0.5409 -0.5104 0.6685
vn 0.3236 -0.9374 0.1286
vn 0.5643 -0.8249 -0.0338
vn 0.7480 -0.6357 -0.1907
vn 0.8545 -0.2865 0.4334
vn 0.8624 -0.3826 -0.3316
vn 0.9393 -0.1001 0.3282
vn 0.9619 0.1186 0.2463
vn 0.8928 -0.0867 -0.4420
vn 0.9179 0.3440 0.1979
vn 0.8334 0.2180 -0.5078
vn 0.6935 0.4958 -0.5228
vn 0.8142 0.5493 0.1881
vn 0.6637 0.7167 0.2139
vn 0.4897 0.7226 -0.4879
vn 0.4760 0.8358 0.2735
vn 0.2359 0.8831 -0.4056
vn -0.0462 0.9585 -0.2813
vn -0.3236 0.9374 -0.1286
vn 0.0623 0.8760 0.4783
vn -0.1148 0.7923 0.5992
vn -0.5643 0.8249 0.0338
vn -0.7480 0.6357 0.1907
vn -0.2504 0.6526 0.7151
vn -0.8624 0.3826 0.3316
vn -0.3361 0.4657 0.8186
vn -0.8928 0.0867 0.4420
vn -0.3589 0.2468 0.9001
vn -0.8334 -0.2180 0.5078
vn -0.3147 0.0216 0.9490
vn -0.6935 -0.4958 0.5228
vn -0.2102 -0.1832 0.9604
vn -0.4897 -0.7226 0.4879
vn 0.1272 -0.4702 0.8733
vn 0.6934 0.4958 -0.5228
vn -0.6934 -0.4958 0.5228
vn 0.5409 -0.5104 0.6686
vn 0.9393 -0.1001 0.3283
vn 0.1148 0.7923 0.5992
vn -0.6637 0.7167 0.2139
vn -0.3356 -0.5263 0.7813
vn 0.2359 -0.8831 0.4056
vn -0.1272 -0.4702 0.8733
vn -0.5409 -0.5104 0.6686
vn -0.0462 -0.9585 0.2813
vn -0.7188 -0.4262 0.5493
vn -0.3236 -0.9374 0.1286
vn -0.7480 -0.6357 -0.1907
vn -0.8545 -0.2865 0.4334
vn -0.8624 -0.3826 -0.3316
vn -0.9393 -0.1001 0.3282
vn -0.8928 -0.0867 -0.4420
vn -0.9619 0.1186 0.2463
vn -0.8334 0.2180 -0.5078
vn -0.9179 0.3440 0.1979
vn -0.6934 0.4958 -0.5228
vn -0.8142 0.5493 0.1881
vn -0.4760 0.8358 0.2735
vn -0.4897 0.7226 -0.4879
vn 0.0462 0.9585 -0.2813
vn -0.2673 0.8917 0.3652
vn 0.3236 0.9374 -0.1286
vn -0.0623 0.8760 0.4783
vn 0.7480 0.6357 0.1907
vn 0.2504 0.6526 0.7151
vn 0.8624 0.3826 0.3316
vn 0.3361 0.4657 0.8186
vn 0.8928 0.0867 0.4420
vn 0.3589 0.2468 0.9001
vn 0.8334 -0.2180 0.5078
vn 0.3147 0.0216 0.9489
vn 0.6935 -0.4958 0.5228
vn 0.2102 -0.1832 0.9604
vn 0.4897 -0.7226 0.4879
vn 0.0597 -0.3506 0.9346
vn -0.2359 0.8831 -0.4056
vn 0.5643 0.8249 0.0338
vn 0.3147 0.0216 0.9490
vn 0.6934 -0.4958 0.5228
vn -0.5643 -0.8249 -0.0338
vn -0.9393 -0.1001 0.3283
vn 0.3683 0.6777 -0.6365
vn -0.0000 0.8304 -0.5572
vn 0.0000 0.6709 -0.7416
vn 0.7832 0.5657 -0.2580
vn 0.3420 0.8091 -0.4779
vn 0.7570 0.6327 -0.1631
vn 0.3823 0.7613 -0.5236
vn 0.0000 0.8165 -0.5773
vn 0.8976 0.3764 0.2296
vn 0.9338 0.3039 0.1890
vn 0.7478 0.2423 0.6182
vn 0.9611 0.2351 0.1452
vn 0.8323 0.4993 -0.2406
vn 0.3610 0.1483 -0.9207
vn -0.0000 -0.2077 -0.9782
vn 0.0000 0.1462 -0.9893
vn 0.8400 0.1070 -0.5319
vn 0.3253 -0.1806 -0.9282
vn 0.6268 -0.5920 -0.5066
vn 0.2340 -0.7225 -0.6506
vn -0.0000 -0.7498 -0.6616
vn 0.9880 0.1023 -0.1161
vn 0.8065 -0.1477 -0.5724
vn 0.9641 -0.1214 -0.2361
vn 0.9667 -0.1638 -0.1964
vn 0.6151 -0.7850 -0.0739
vn 0.6210 -0.7652 -0.1695
vn 0.4185 0.3319 -0.8454
vn 0.0000 0.4069 -0.9135
vn 0.0000 0.3237 -0.9462
vn 0.8526 0.2827 -0.4394
vn 0.3997 0.4229 -0.8133
vn 0.8293 0.3746 -0.4146
vn 0.9783 0.1938 0.0737
vn 0.9913 0.1170 0.0598
vn 0.8477 -0.0871 0.5232
vn 0.7816 0.0003 0.6238
vn 0.3919 0.6815 -0.6181
vn -0.0000 0.7604 -0.6494
vn 0.8433 0.3749 -0.3852
vn 0.8362 0.4177 -0.3554
vn 0.3833 0.7113 -0.5891
vn -0.0000 0.7735 -0.6337
vn 0.9982 0.0362 -0.0469
vn 0.9814 -0.1003 0.1639
vn 0.7708 -0.5054 -0.3879
vn 0.9886 -0.0790 -0.1282
vn 0.8266 -0.2043 0.5244
vn 0.4076 -0.3624 0.8382
vn 0.3774 -0.4712 0.7972
vn -0.0000 -0.4424 0.8968
vn -0.0000 -0.3344 0.9424
vn 0.3540 -0.2587 0.8988
vn 0.2949 0.0881 0.9515
vn -0.0000 -0.0084 1.0000
vn 0.1876 0.1665 0.9680
vn 0.7612 0.1662 0.6269
vn 0.1232 -0.9907 -0.0569
vn 0.0455 -0.9755 0.2154
vn -0.0000 -0.9998 -0.0199
vn 0.8245 0.1226 0.5525
vn 0.4394 -0.0461 0.8971
vn 0.9085 0.0678 0.4123
vn 0.2667 0.4473 0.8537
vn 0.0000 -0.0616 0.9981
vn 0.0000 0.3774 0.9260
vn 0.3600 0.6577 0.6616
vn 0.9143 0.4022 0.0486
vn 0.2123 -0.8139 0.5408
vn -0.0544 -0.9877 0.1464
vn 0.3830 -0.8782 0.2866
vn -0.5140 -0.8139 0.2709
vn -0.1864 -0.8449 0.5014
vn -0.3101 -0.8963 -0.3169
vn 0.1021 -0.9561 -0.2746
vn 0.4418 -0.8963 -0.0374
vn 0.8394 0.0982 0.5346
vn 0.5200 -0.1502 0.8409
vn 0.8399 -0.2131 0.4992
vn 0.1996 0.2270 0.9532
vn 0.5649 0.2491 0.7867
vn 0.0423 -0.3800 0.9240
vn 0.3706 -0.5622 0.7393
vn 0.7039 -0.5132 0.4911
vn -0.1832 0.8505 0.4930
vn 0.4229 0.7456 0.5150
vn 0.4265 0.7229 0.5436
vn -0.6566 0.7456 0.1137
vn -0.1670 0.8777 0.4492
vn -0.8607 0.4120 0.2992
vn -0.2941 0.5360 0.7913
vn 0.4563 0.4120 0.7887
vn -0.6780 0.7229 0.1331
vn -0.8223 0.4107 -0.3939
vn -0.8255 0.3628 -0.4324
vn -0.4527 0.0949 -0.8866
vn -0.4970 -0.0772 -0.8643
vn -0.9335 0.1316 -0.3337
vn -0.3879 0.0637 -0.9195
vn 0.3480 -0.0448 -0.9364
vn 0.8943 0.0637 -0.4429
vn 0.3479 -0.0511 -0.9361
vn 0.9219 0.0949 -0.3757
vn 0.3448 -0.1435 -0.9277
vn 0.9075 0.3628 0.2117
vn 0.8800 0.4107 0.2388
vn 0.9248 0.1316 0.3570
vn 0.9409 -0.0772 -0.3299
vn -0.3493 0.1070 0.9309
vn 0.3810 0.0552 0.9229
vn 0.3890 -0.0035 0.9212
vn -0.8904 0.0568 0.4516
vn -0.3426 0.1879 0.9205
vn -0.8952 0.1638 0.4145
vn -0.3319 0.3049 0.8927
vn 0.4070 0.1637 0.8986
vn -0.8987 0.0274 0.4377
vn -0.9390 -0.2163 -0.2674
vn -0.9379 -0.1917 -0.2890
vn -0.4244 -0.4460 -0.7880
vn -0.9449 -0.1274 -0.3016
vn 0.2884 -0.5446 -0.7875
vn -0.4288 -0.4434 -0.7871
vn 0.8292 -0.4538 -0.3263
vn 0.3007 -0.5102 -0.8057
vn 0.8693 -0.3511 -0.3480
vn 0.3170 -0.4164 -0.8521
vn -0.4309 -0.3523 -0.8308
vn 0.8964 -0.2238 0.3827
vn 0.8386 -0.4385 -0.3232
vn 0.8892 -0.2127 0.4051
vn 0.9129 -0.1268 0.3880
vn 0.3598 0.4936 -0.7918
vn 0.0000 0.3692 -0.9293
vn 0.0000 0.5161 -0.8565
vn 0.8332 0.2357 -0.5002
vn 0.3667 0.3555 -0.8597
vn 0.8096 0.3410 -0.4778
vn 0.9950 0.0925 -0.0387
vn 0.9964 0.0849 0.0080
vn 0.3943 -0.3019 0.8680
vn -0.8655 -0.3019 0.3997
vn -0.3385 -0.2371 0.9106
vn -0.8785 -0.4098 -0.2455
vn -0.4559 -0.5072 -0.7314
vn -0.4772 -0.8782 -0.0332
vn 0.8229 -0.5072 -0.2561
vn 0.2919 -0.5459 -0.7854
vn 0.8256 -0.4098 0.3879
vn -0.2399 0.7623 -0.6011
vn 0.2318 0.4453 -0.8648
vn 0.2674 0.4561 -0.8488
vn -0.7324 0.6394 -0.2339
vn -0.2693 0.7245 -0.6344
vn -0.6024 0.7857 0.1410
vn -0.0024 0.9548 -0.2974
vn 0.5589 0.5519 -0.6189
vn -0.7281 0.6564 -0.1975
vn -0.9709 0.1917 0.1435
vn -0.9729 0.1418 0.1825
vn -0.8571 -0.4799 0.1872
vn -0.7893 -0.4938 0.3649
vn -0.8769 0.2148 0.4301
vn -0.8164 -0.5513 0.1719
vn -0.2938 -0.9426 -0.1590
vn 0.2974 -0.7755 -0.5569
vn -0.2899 -0.9448 -0.1524
vn 0.3453 -0.7220 -0.5996
vn -0.2334 -0.9706 -0.0581
vn 0.5535 -0.1654 -0.8163
vn 0.5316 -0.1107 -0.8397
vn 0.7594 -0.1146 -0.6405
vn 0.4753 -0.7484 -0.4626
vn 0.8815 0.4632 -0.0921
vn 0.4365 0.7980 0.4157
vn 0.9005 0.4347 -0.0085
vn -0.0527 0.5903 0.8055
vn 0.4666 0.7930 0.3917
vn -0.2109 0.6617 0.7195
vn 0.2753 0.9528 0.1280
vn 0.8023 0.5406 -0.2531
vn -0.4631 0.0114 0.8862
vn -0.5149 -0.6699 0.5349
vn -0.6635 0.0964 0.7419
vn -0.6120 -0.6001 0.5151
vn -0.7332 0.1430 0.6648
vn -0.3679 0.7763 0.5118
vn -0.1627 -0.9840 -0.0731
vn 0.5124 -0.8281 -0.2276
vn -0.1215 -0.9858 0.1160
vn 0.5377 -0.8150 -0.2157
vn -0.0857 -0.9816 0.1706
vn -0.6096 -0.5839 0.5362
vn 0.4153 -0.8032 -0.4271
vn 0.9252 -0.2284 -0.3029
vn 0.8784 -0.2037 -0.4323
vn 0.8965 -0.1859 -0.4021
vn 0.9010 0.4337 -0.0012
vn -0.2082 0.6570 0.7246
vn 0.4034 0.8424 0.3574
vn -0.5312 0.0995 0.8414
vn -0.4778 -0.5343 0.6973
vn 0.0826 -0.0606 0.9947
vn 0.6477 -0.7609 -0.0392
vn 0.0100 -0.9514 0.3079
vn 0.9692 -0.2025 -0.1404
vn 0.3209 0.8520 0.4136
vn 0.7746 0.6201 -0.1241
vn -0.0809 0.4784 0.8744
vn -0.2939 -0.1139 0.9490
vn 0.0000 -0.1860 0.9825
vn -0.2841 -0.6606 0.6950
vn 0.0000 -0.8320 0.5547
vn -0.1026 -0.9864 0.1281
vn 0.4893 -0.7963 -0.3556
vn 0.8986 -0.0836 -0.4308
vn 0.4404 -0.2222 0.8699
vn -0.3232 -0.0295 0.9459
vn 0.4316 -0.0731 0.8991
vn -0.8639 -0.1821 0.4696
vn -0.2677 -0.2377 0.9337
vn -0.8910 -0.0407 0.4522
vn -0.9454 -0.1071 -0.3080
vn -0.4620 -0.4555 -0.7610
vn -0.9441 -0.1742 -0.2799
vn -0.4126 -0.2286 -0.8818
vn 0.2719 -0.5984 -0.7537
vn 0.8439 -0.3563 -0.4012
vn 0.3010 -0.3860 -0.8720
vn 0.8352 -0.4513 -0.3144
vn 0.9227 -0.2261 0.3124
vn 0.9144 -0.2046 0.3492
vn 0.9901 0.1332 -0.0451
vn 0.7877 0.4738 -0.3938
vn 0.9978 -0.0283 -0.0596
vn 0.3614 0.6677 -0.6509
vn 0.0000 0.7037 -0.7105
vn -0.0720 0.3825 -0.9211
vn 0.0860 -0.8305 -0.5504
vn -0.0000 0.3496 -0.9369
vn 0.0000 0.6049 0.7963
vn 0.8762 -0.3871 -0.2872
vn 0.5769 -0.1524 0.8025
vn 0.9269 -0.2138 0.3083
vn -0.5553 -0.7851 -0.2744
vn -0.0000 -0.9698 -0.2438
vn 0.3177 -0.5809 -0.7494
vn 0.0000 -0.7158 0.6983
vn -0.5232 -0.3986 0.7533
vn -0.0000 -0.0550 0.9985
vn -0.7019 -0.6039 0.3777
vn -0.0032 -0.2068 0.9784
vn 0.9483 0.1049 0.2995
vn 0.8996 -0.1306 -0.4168
vn 0.4580 0.4312 0.7773
vn -0.4090 -0.1306 -0.9032
vn 0.3408 -0.2081 -0.9168
vn -0.9137 0.1049 -0.3926
vn -0.8546 0.4313 0.2893
vn -0.2845 0.5770 0.7655
vn 0.7569 -0.1888 -0.6257
vn 0.4276 -0.8161 -0.3888
vn 0.5762 0.5436 -0.6103
vn -0.7248 -0.5841 0.3652
vn -0.1903 -0.9817 0.0111
vn -0.6032 0.7811 0.1614
vn -0.8831 0.1413 0.4474
vn 0.0029 0.9570 -0.2900
vn -0.3683 0.6777 -0.6365
vn -0.3419 0.8091 -0.4779
vn -0.3822 0.7614 -0.5237
vn -0.7571 0.6327 -0.1631
vn -0.7833 0.5656 -0.2580
vn -0.8976 0.3764 0.2296
vn -0.9338 0.3039 0.1890
vn -0.8323 0.4993 -0.2406
vn -0.9611 0.2351 0.1452
vn -0.7478 0.2423 0.6182
vn -0.7815 0.0007 0.6239
vn -0.3610 0.1483 -0.9207
vn -0.3253 -0.1806 -0.9282
vn -0.6268 -0.5920 -0.5066
vn -0.8065 -0.1477 -0.5724
vn -0.8400 0.1070 -0.5319
vn -0.9880 0.1023 -0.1160
vn -0.9667 -0.1638 -0.1964
vn -0.6151 -0.7850 -0.0739
vn -0.9641 -0.1213 -0.2361
vn -0.9143 0.4022 0.0486
vn -0.4185 0.3319 -0.8454
vn -0.3997 0.4229 -0.8133
vn -0.8293 0.3746 -0.4146
vn -0.8526 0.2827 -0.4395
vn -0.9783 0.1938 0.0737
vn -0.9913 0.1170 0.0598
vn -0.8477 -0.0871 0.5232
vn -0.8266 -0.2043 0.5244
vn -0.3919 0.6814 -0.6181
vn -0.3834 0.7113 -0.5891
vn -0.8362 0.4177 -0.3553
vn -0.8433 0.3749 -0.3852
vn -0.9982 0.0362 -0.0469
vn -0.9886 -0.0790 -0.1282
vn -0.7708 -0.5054 -0.3879
vn -0.9814 -0.1003 0.1639
vn -0.7612 0.1662 0.6269
vn -0.4076 -0.3624 0.8382
vn -0.3774 -0.4712 0.7972
vn -0.3540 -0.2587 0.8988
vn 0.0000 -0.5396 0.8419
vn -0.2949 0.0881 0.9515
vn -0.1876 0.1665 0.9680
vn -0.1232 -0.9907 -0.0569
vn -0.0455 -0.9755 0.2154
vn -0.6210 -0.7652 -0.1695
vn -0.2340 -0.7225 -0.6506
vn -0.8245 0.1226 0.5525
vn -0.4394 -0.0461 0.8971
vn -0.2666 0.4473 0.8537
vn -0.9085 0.0678 0.4123
vn -0.3600 0.6577 0.6616
vn -0.2123 -0.8139 0.5408
vn 0.0544 -0.9877 0.1464
vn 0.1864 -0.8449 0.5014
vn -0.4418 -0.8963 -0.0374
vn -0.3830 -0.8782 0.2866
vn 0.3101 -0.8963 -0.3169
vn 0.4772 -0.8782 -0.0332
vn 0.5140 -0.8139 0.2709
vn -0.8394 0.0982 0.5346
vn -0.5200 -0.1502 0.8409
vn -0.5649 0.2491 0.7867
vn -0.7039 -0.5132 0.4911
vn -0.8399 -0.2131 0.4992
vn -0.0423 -0.3800 0.9240
vn -0.0826 -0.0606 0.9947
vn -0.1996 0.2270 0.9532
vn -0.4229 0.7456 0.5150
vn 0.1831 0.8507 0.4927
vn -0.4265 0.7229 0.5436
vn -0.4563 0.4120 0.7887
vn 0.1670 0.8777 0.4492
vn 0.8607 0.4120 0.2992
vn 0.6566 0.7456 0.1138
vn 0.6780 0.7229 0.1331
vn 0.8223 0.4107 -0.3939
vn 0.8255 0.3628 -0.4324
vn 0.9335 0.1316 -0.3337
vn 0.4971 -0.0772 -0.8643
vn 0.4527 0.0949 -0.8866
vn 0.3879 0.0637 -0.9195
vn -0.3481 -0.0448 -0.9364
vn -0.3479 -0.0511 -0.9361
vn -0.3448 -0.1435 -0.9276
vn -0.9219 0.0949 -0.3757
vn -0.8943 0.0637 -0.4430
vn -0.9075 0.3628 0.2117
vn -0.9409 -0.0772 -0.3299
vn -0.8800 0.4107 0.2388
vn -0.9248 0.1316 0.3570
vn -0.3810 0.0553 0.9229
vn 0.3493 0.1070 0.9309
vn -0.3890 -0.0035 0.9212
vn -0.4069 0.1639 0.8986
vn 0.3426 0.1879 0.9205
vn 0.8952 0.1638 0.4145
vn 0.8904 0.0568 0.4516
vn 0.8987 0.0274 0.4377
vn 0.9390 -0.2163 -0.2674
vn 0.9379 -0.1917 -0.2890
vn 0.9449 -0.1274 -0.3016
vn 0.4244 -0.4460 -0.7880
vn 0.4288 -0.4434 -0.7871
vn -0.2884 -0.5446 -0.7875
vn 0.4310 -0.3522 -0.8308
vn -0.3007 -0.5102 -0.8058
vn -0.8693 -0.3511 -0.3480
vn -0.8386 -0.4385 -0.3232
vn -0.8292 -0.4538 -0.3263
vn -0.8964 -0.2238 0.3827
vn -0.9129 -0.1268 0.3880
vn -0.8892 -0.2127 0.4051
vn -0.3598 0.4936 -0.7918
vn -0.3667 0.3555 -0.8597
vn -0.8332 0.2357 -0.5002
vn -0.8096 0.3410 -0.4778
vn -0.9950 0.0925 -0.0387
vn -0.9964 0.0849 0.0080
vn -0.3943 -0.3019 0.8680
vn 0.2941 0.5360 0.7913
vn 0.3385 -0.2370 0.9106
vn 0.8655 -0.3019 0.3997
vn 0.8785 -0.4098 -0.2455
vn 0.4559 -0.5072 -0.7314
vn -0.2919 -0.5459 -0.7854
vn -0.8229 -0.5072 -0.2561
vn -0.8256 -0.4098 0.3879
vn -0.2318 0.4453 -0.8648
vn 0.2399 0.7623 -0.6011
vn -0.2674 0.4561 -0.8488
vn -0.5589 0.5519 -0.6189
vn 0.2693 0.7245 -0.6345
vn 0.6024 0.7857 0.1410
vn 0.7324 0.6394 -0.2339
vn 0.7281 0.6564 -0.1974
vn 0.9709 0.1917 0.1435
vn 0.9729 0.1418 0.1825
vn 0.8769 0.2148 0.4301
vn 0.7893 -0.4938 0.3649
vn 0.8571 -0.4799 0.1872
vn 0.8164 -0.5513 0.1719
vn 0.2938 -0.9426 -0.1590
vn 0.2899 -0.9448 -0.1524
vn 0.2334 -0.9706 -0.0581
vn -0.3453 -0.7220 -0.5996
vn -0.2974 -0.7755 -0.5569
vn -0.5534 -0.1654 -0.8163
vn -0.4753 -0.7484 -0.4626
vn -0.5317 -0.1107 -0.8397
vn -0.7593 -0.1146 -0.6405
vn -0.8815 0.4632 -0.0921
vn -0.4365 0.7980 0.4157
vn -0.4665 0.7930 0.3917
vn -0.9005 0.4347 -0.0085
vn -0.2753 0.9528 0.1280
vn 0.2108 0.6616 0.7196
vn 0.0528 0.5903 0.8055
vn 0.4631 0.0114 0.8862
vn 0.3679 0.7763 0.5118
vn 0.6635 0.0964 0.7419
vn 0.7332 0.1430 0.6648
vn 0.6120 -0.6001 0.5151
vn 0.5149 -0.6699 0.5349
vn 0.1627 -0.9840 -0.0731
vn 0.6095 -0.5839 0.5362
vn 0.1215 -0.9858 0.1160
vn -0.5377 -0.8150 -0.2157
vn -0.5124 -0.8281 -0.2276
vn -0.4153 -0.8032 -0.4271
vn -0.9252 -0.2284 -0.3029
vn -0.8784 -0.2037 -0.4323
vn -0.8965 -0.1859 -0.4021
vn -0.8023 0.5406 -0.2531
vn -0.9010 0.4337 -0.0012
vn 0.0024 0.9548 -0.2974
vn -0.4034 0.8424 0.3573
vn 0.2082 0.6570 0.7246
vn 0.5312 0.0995 0.8414
vn 0.4778 -0.5343 0.6973
vn -0.0100 -0.9514 0.3079
vn -0.6477 -0.7609 -0.0392
vn -0.9692 -0.2025 -0.1404
vn -0.3209 0.8520 0.4136
vn -0.7747 0.6201 -0.1241
vn 0.0809 0.4784 0.8744
vn 0.2939 -0.1139 0.9490
vn 0.2841 -0.6606 0.6950
vn 0.1026 -0.9864 0.1281
vn -0.4893 -0.7963 -0.3556
vn -0.8986 -0.0836 -0.4308
vn -0.4404 -0.2222 0.8699
vn 0.3232 -0.0295 0.9459
vn 0.2677 -0.2377 0.9337
vn -0.4316 -0.0731 0.8991
vn 0.8911 -0.0409 0.4520
vn 0.8639 -0.1821 0.4696
vn 0.9453 -0.1071 -0.3080
vn 0.9441 -0.1742 -0.2799
vn 0.4620 -0.4555 -0.7610
vn 0.4126 -0.2286 -0.8818
vn -0.2719 -0.5984 -0.7537
vn -0.3010 -0.3860 -0.8720
vn -0.8352 -0.4513 -0.3144
vn -0.8439 -0.3563 -0.4012
vn -0.9227 -0.2261 0.3124
vn -0.9144 -0.2046 0.3492
vn -0.9901 0.1332 -0.0451
vn -0.7877 0.4738 -0.3938
vn -0.9978 -0.0283 -0.0597
vn -0.3614 0.6677 -0.6509
vn 0.0720 0.3825 -0.9211
vn -0.0860 -0.8305 -0.5504
vn -0.8762 -0.3871 -0.2872
vn -0.9269 -0.2138 0.3083
vn -0.5769 -0.1524 0.8025
vn 0.5553 -0.7851 -0.2744
vn -0.3177 -0.5809 -0.7494
vn 0.5232 -0.3986 0.7533
vn 0.7019 -0.6039 0.3777
vn 0.0032 -0.2068 0.9784
vn -0.9483 0.1049 0.2995
vn -0.8996 -0.1306 -0.4168
vn -0.4581 0.4312 0.7773
vn 0.4090 -0.1306 -0.9032
vn -0.3170 -0.4164 -0.8521
vn -0.3408 -0.2081 -0.9168
vn 0.9137 0.1049 -0.3926
vn 0.8545 0.4312 0.2895
vn 0.3319 0.3049 0.8927
vn 0.2845 0.5770 0.7655
vn -0.7569 -0.1888 -0.6257
vn -0.4276 -0.8161 -0.3888
vn -0.5762 0.5436 -0.6103
vn 0.7248 -0.5841 0.3653
vn 0.0856 -0.9816 0.1706
vn 0.1903 -0.9817 0.0111
vn 0.6032 0.7811 0.1614
vn 0.8831 0.1413 0.4474
vn -0.0030 0.9571 -0.2899
vn -0.5446 -0.5805 0.6053
vn -0.9760 0.1080 0.1893
vn -0.7090 -0.6800 0.1871
vn -0.5347 0.5790 0.6155
vn -0.6779 0.0319 0.7345
vn -0.6520 0.7309 0.2016
vn -0.9909 0.1339 0.0119
vn -0.7247 -0.6890 0.0070
vn 0.9909 0.1339 0.0118
vn 0.7090 -0.6800 0.1871
vn 0.7247 -0.6890 0.0070
vn 0.6520 0.7309 0.2016
vn 0.9759 0.1081 0.1893
vn 0.5346 0.5790 0.6156
vn 0.6779 0.0319 0.7345
vn 0.5446 -0.5805 0.6053
vn 0.0000 -0.0243 0.9997
vn 0.0000 -0.7123 0.7019
vn 0.0000 -1.0000 0.0047
vn 0.0000 -0.9865 0.1638
vn 0.6563 0.7533 0.0414
vn 0.0000 0.9747 0.2237
vn -0.6562 0.7534 0.0411
vn 0.0000 0.9977 0.0679
vn 0.0000 0.6722 0.7403
vn -0.4768 -0.6320 0.6110
vn -0.0000 -0.0575 0.9983
vn -0.6219 -0.1466 0.7692
vn 0.4768 -0.6320 0.6110
vn 0.0000 -0.7097 0.7045
vn 0.4987 0.5028 0.7060
vn -0.0000 0.6326 0.7745
vn -0.4987 0.5028 0.7060
vn -0.4768 -0.5862 -0.6550
vn -0.0000 0.0147 -0.9999
vn 0.0000 -0.6570 -0.7539
vn -0.4987 0.5525 -0.6679
vn -0.6219 -0.0907 -0.7778
vn 0.4987 0.5525 -0.6679
vn 0.6219 -0.0907 -0.7778
vn 0.4768 -0.5862 -0.6550
vn -0.9818 -0.1896 -0.0069
vn -0.6047 -0.7959 -0.0288
vn 0.0000 -0.9993 -0.0361
vn 0.6047 -0.7959 -0.0288
vn 0.9818 -0.1896 -0.0069
vn 0.7519 0.6588 0.0238
vn 0.6219 -0.1466 0.7692
vn -0.0000 0.9993 0.0361
vn -0.7518 0.6590 0.0238
vn -0.0000 0.6869 -0.7268
vn -0.2359 0.8831 -0.4055
vn -0.1021 -0.9561 -0.2746
vn -0.3706 -0.5622 0.7393
usemtl Material.001
s 1
f 2/1/1 4/2/2 1/3/3
f 5/4/4 3/5/5 2/1/1
f 3/5/5 8/6/6 4/2/2
f 6/7/7 7/8/8 3/5/5
f 10/9/9 1/10/3 12/11/10
f 13/12/11 1/3/3 11/13/12
f 14/14/13 2/1/1 13/12/11
f 15/15/14 5/4/4 14/14/13
f 16/16/15 6/7/7 5/4/4
f 6/7/7 18/17/16 9/18/17
f 9/18/17 19/19/18 20/20/19
f 9/18/17 21/21/20 7/8/8
f 7/8/8 22/22/21 8/6/6
f 8/23/6 24/24/22 23/25/23
f 4/26/2 23/25/23 25/27/24
f 1/10/3 25/27/24 12/11/10
f 26/28/25 28/29/26 29/30/27
f 30/31/28 28/29/26 27/32/29
f 28/29/26 33/33/30 29/30/27
f 28/29/26 34/34/31 32/35/32
f 24/36/22 26/28/25 35/37/33
f 22/22/21 27/32/29 26/28/25
f 20/20/19 27/32/29 21/21/20
f 19/19/18 30/31/28 20/20/19
f 36/38/34 31/39/35 30/31/28
f 31/39/35 38/40/36 34/34/31
f 34/34/31 39/41/37 40/42/38
f 32/35/32 40/42/38 41/43/39
f 32/35/32 42/44/40 33/33/30
f 33/33/30 44/45/41 43/46/42
f 45/47/43 33/33/30 43/46/42
f 26/28/25 45/47/43 35/37/33
f 46/48/44 48/49/45 49/50/46
f 47/51/47 51/52/48 48/49/45
f 49/50/46 52/53/49 53/54/50
f 48/49/45 54/55/51 52/53/49
f 44/56/41 46/57/44 55/58/52
f 42/44/40 47/51/47 46/48/44
f 41/43/39 50/59/53 47/51/47
f 39/41/37 50/59/53 40/42/38
f 56/60/54 51/52/48 50/59/53
f 51/52/48 58/61/55 54/55/51
f 54/55/51 59/62/56 60/63/57
f 52/53/49 60/63/57 61/64/58
f 53/54/50 61/64/58 62/65/59
f 53/66/50 64/67/60 63/68/61
f 65/69/62 53/66/50 63/68/61
f 55/58/52 49/70/46 65/69/62
f 66/71/63 68/72/64 69/73/65
f 70/74/66 68/72/64 67/75/67
f 68/72/64 73/76/68 69/73/65
f 68/72/64 74/77/69 72/78/70
f 64/67/60 66/79/63 75/80/71
f 62/65/59 67/75/67 66/71/63
f 60/63/57 67/75/67 61/64/58
f 59/62/56 70/74/66 60/63/57
f 76/81/72 71/82/73 70/74/66
f 71/82/73 78/83/74 74/77/69
f 74/77/69 15/15/14 14/14/13
f 72/78/70 14/14/13 13/12/11
f 72/78/70 11/13/12 73/76/68
f 73/84/68 10/9/9 79/85/75
f 80/86/76 73/84/68 79/85/75
f 66/79/63 80/86/76 75/80/71
f 81/87/77 83/88/78 84/89/79
f 85/90/80 83/88/78 82/91/81
f 83/88/78 88/92/82 84/89/79
f 83/88/78 89/93/83 87/94/84
f 24/24/22 81/87/77 23/25/23
f 35/37/33 82/95/81 81/96/77
f 43/46/42 82/95/81 45/47/43
f 44/56/41 85/90/80 43/97/42
f 55/58/52 86/98/85 85/90/80
f 86/98/85 63/68/61 89/93/83
f 89/93/83 64/67/60 75/80/71
f 87/94/84 75/80/71 80/86/76
f 87/94/84 79/85/75 88/92/82
f 88/92/82 10/9/9 12/11/10
f 84/89/79 12/11/10 25/27/24
f 23/25/23 84/89/79 25/27/24
f 90/99/86 92/100/87 93/101/88
f 94/102/89 92/100/87 91/103/90
f 93/101/88 96/104/91 97/105/92
f 95/106/93 96/104/91 92/100/87
f 39/41/37 90/99/86 56/60/54
f 37/107/94 90/99/86 38/40/36
f 37/107/94 94/102/89 91/103/90
f 19/19/18 94/102/89 36/38/34
f 18/17/16 95/106/93 94/102/89
f 17/108/95 98/109/96 95/106/93
f 98/109/96 15/15/14 78/83/74
f 98/109/96 77/110/97 96/104/91
f 97/105/92 77/110/97 76/81/72
f 97/105/92 59/62/56 58/61/55
f 57/111/98 97/105/92 58/61/55
f 56/60/54 93/101/88 57/111/98
f 99/112/99 100/113/100 101/114/101
f 103/115/102 105/116/103 102/117/104
f 106/118/105 108/119/106 109/120/107
f 110/121/108 111/122/109 101/123/101
f 113/124/110 115/125/111 112/126/112
f 116/127/113 117/128/114 101/114/101
f 118/129/115 120/130/116 121/131/117
f 117/128/114 99/112/99 101/114/101
f 122/132/118 117/128/114 124/133/119
f 123/134/120 99/112/99 117/128/114
f 126/135/121 99/112/99 125/136/122
f 122/132/118 100/113/100 126/135/121
f 127/137/123 123/134/120 122/132/118
f 129/138/124 123/134/120 128/139/125
f 130/140/126 125/136/122 129/138/124
f 127/137/123 126/135/121 130/140/126
f 131/141/123 128/139/125 127/137/123
f 133/142/127 128/139/125 132/143/125
f 133/142/127 130/140/126 129/138/124
f 134/144/126 127/137/123 130/140/126
f 105/116/103 132/143/125 131/141/123
f 103/115/102 132/143/125 104/145/128
f 103/115/102 134/144/126 133/142/127
f 102/117/104 131/141/123 134/144/126
f 135/146/129 137/147/130 138/148/131
f 139/149/132 137/147/130 136/150/133
f 139/149/132 142/151/134 140/152/135
f 141/153/136 138/148/131 142/151/134
f 144/154/137 135/146/129 143/155/138
f 145/156/139 136/150/133 144/154/137
f 145/156/139 141/153/136 139/149/132
f 143/155/138 141/153/136 146/157/140
f 148/158/137 143/155/138 147/159/138
f 148/158/137 145/156/139 144/154/137
f 149/160/139 146/157/140 145/156/139
f 150/161/141 143/155/138 146/157/140
f 108/119/106 147/159/138 109/120/107
f 107/162/142 148/158/137 108/119/106
f 106/118/105 149/160/139 107/162/142
f 109/120/107 150/161/141 106/118/105
f 151/163/143 116/127/113 153/164/144
f 154/165/145 116/127/113 152/166/146
f 154/165/145 124/133/119 117/128/114
f 155/167/147 153/164/144 124/133/119
f 138/148/131 152/166/146 151/163/143
f 137/147/130 154/165/145 152/166/146
f 142/151/134 154/165/145 140/152/135
f 138/148/131 155/167/147 142/151/134
f 157/168/148 159/169/149 156/170/150
f 160/171/151 158/172/152 157/168/148
f 160/171/151 163/173/153 161/174/154
f 162/175/155 159/169/149 163/173/153
f 114/176/156 156/170/150 115/125/111
f 114/176/156 160/171/151 157/168/148
f 113/124/110 162/175/155 160/171/151
f 112/126/112 156/170/150 162/175/155
f 158/172/152 165/177/157 159/169/149
f 158/172/152 116/178/113 164/179/158
f 163/173/153 116/178/113 161/174/154
f 159/169/149 153/180/144 163/173/153
f 167/181/159 169/182/160 166/183/161
f 170/184/162 168/185/163 167/181/159
f 170/184/162 173/186/164 171/187/165
f 172/188/166 169/182/160 173/186/164
f 174/189/167 167/181/159 166/183/161
f 175/190/168 170/184/162 167/181/159
f 176/191/169 172/188/166 170/184/162
f 174/189/167 172/188/166 177/192/170
f 120/130/116 174/189/167 121/131/117
f 120/130/116 176/191/169 175/190/168
f 119/193/171 177/192/170 176/191/169
f 121/131/117 177/192/170 118/129/115
f 168/185/163 110/121/108 169/182/160
f 168/185/163 164/179/158 111/122/109
f 171/187/165 165/177/157 164/179/158
f 169/182/160 165/177/157 173/186/164
f 111/122/109 164/179/158 101/123/101
f 100/113/100 124/133/119 101/114/101
f 124/133/119 153/164/144 101/114/101
f 153/180/144 165/177/157 101/123/101
f 165/177/157 110/121/108 101/123/101
f 164/179/158 116/178/113 101/123/101
f 178/194/172 179/195/173 180/196/174
f 181/197/175 183/198/176 184/199/177
f 185/200/178 187/201/179 188/202/180
f 189/203/181 179/204/173 190/205/182
f 192/206/183 194/207/184 191/208/185
f 195/209/186 179/195/173 196/210/187
f 197/211/188 199/212/189 200/213/190
f 196/210/187 179/195/173 178/194/172
f 201/214/191 196/210/187 203/215/192
f 203/215/192 178/194/172 204/216/193
f 178/194/172 205/217/194 204/216/193
f 180/196/174 201/214/191 205/217/194
f 206/218/195 203/215/192 207/219/196
f 203/215/192 208/220/197 207/219/196
f 208/220/197 205/217/194 209/221/198
f 205/217/194 206/218/195 209/221/198
f 210/222/195 207/219/196 211/223/196
f 207/219/196 212/224/197 211/223/196
f 212/224/197 209/221/198 213/225/198
f 213/225/198 206/218/195 210/222/195
f 182/226/199 211/223/196 183/198/176
f 211/223/196 184/199/177 183/198/176
f 184/199/177 213/225/198 181/197/175
f 181/197/175 210/222/195 182/226/199
f 215/227/200 217/228/201 214/229/202
f 216/230/203 219/231/204 217/228/201
f 218/232/205 221/233/206 219/231/204
f 221/233/206 215/227/200 214/229/202
f 214/229/202 223/234/207 222/235/208
f 223/234/207 219/231/204 224/236/209
f 219/231/204 225/237/210 224/236/209
f 221/233/206 222/235/208 225/237/210
f 222/235/208 227/238/211 226/239/208
f 227/238/211 224/236/209 228/240/209
f 228/240/209 225/237/210 229/241/212
f 229/241/212 222/235/208 226/239/208
f 226/239/208 187/201/179 186/242/213
f 227/238/211 188/202/180 187/201/179
f 228/240/209 185/200/178 188/202/180
f 229/241/212 186/242/213 185/200/178
f 230/243/214 195/209/186 232/244/215
f 195/209/186 233/245/216 232/244/215
f 233/245/216 202/246/217 234/247/218
f 234/247/218 231/248/219 230/243/214
f 230/243/214 216/230/203 215/227/200
f 216/230/203 233/245/216 218/232/205
f 218/232/205 234/247/218 220/249/220
f 234/247/218 215/227/200 220/249/220
f 236/250/221 238/251/222 235/252/223
f 237/253/224 240/254/225 238/251/222
f 240/254/225 241/255/226 242/256/227
f 242/256/227 236/250/221 235/252/223
f 235/252/223 193/257/228 192/206/183
f 238/251/222 194/207/184 193/257/228
f 194/207/184 242/256/227 191/208/185
f 191/208/185 235/252/223 192/206/183
f 243/258/229 237/253/224 236/250/221
f 237/253/224 195/259/186 239/260/230
f 195/259/186 241/255/226 239/260/230
f 231/261/219 236/250/221 241/255/226
f 246/262/231 248/263/232 245/264/233
f 247/265/234 250/266/235 248/263/232
f 250/266/235 251/267/236 252/268/237
f 252/268/237 246/262/231 245/264/233
f 245/264/233 254/269/238 253/270/239
f 254/269/238 250/266/235 255/271/240
f 255/271/240 252/268/237 256/272/241
f 252/268/237 253/270/239 256/272/241
f 253/270/239 199/212/189 198/273/242
f 199/212/189 255/271/240 200/213/190
f 200/213/190 256/272/241 197/211/188
f 197/211/188 253/270/239 198/273/242
f 189/203/181 247/265/234 246/262/231
f 247/265/234 244/274/243 249/275/244
f 249/275/244 243/258/229 251/267/236
f 243/258/229 246/262/231 251/267/236
f 190/205/182 179/204/173 244/274/243
f 180/196/174 179/195/173 202/246/217
f 202/246/217 179/195/173 231/248/219
f 231/261/219 179/204/173 243/258/229
f 243/258/229 179/204/173 189/203/181
f 244/274/243 179/204/173 195/259/186
f 257/276/245 259/277/246 260/278/247
f 261/279/248 263/280/249 264/281/250
f 265/282/251 267/283/252 268/284/253
f 269/285/254 271/286/255 272/287/256
f 273/288/257 275/289/258 276/290/259
f 270/291/260 278/292/261 271/286/255
f 279/293/262 281/294/263 282/295/264
f 278/292/261 284/296/265 283/297/266
f 285/298/267 283/299/266 284/300/265
f 287/301/268 289/302/269 290/303/270
f 292/304/271 294/305/272 291/306/273
f 292/304/271 296/307/274 293/308/275
f 295/309/276 298/310/277 296/307/274
f 291/306/273 298/310/277 297/311/278
f 299/312/279 292/304/271 291/306/273
f 301/313/280 292/304/271 300/314/281
f 302/315/282 295/309/276 301/313/280
f 302/315/282 291/306/273 297/311/278
f 304/316/283 299/312/279 303/317/284
f 305/318/285 300/314/281 304/316/283
f 305/318/285 302/315/282 301/313/280
f 306/319/286 299/312/279 302/315/282
f 264/281/250 304/316/283 303/317/284
f 262/320/287 304/316/283 263/280/249
f 261/279/248 305/318/285 262/320/287
f 261/279/248 303/317/284 306/319/286
f 308/321/288 310/322/289 307/323/290
f 311/324/291 309/325/292 308/321/288
f 311/324/291 314/326/293 312/327/294
f 313/328/295 310/322/289 314/326/293
f 315/329/296 308/321/288 307/323/290
f 316/330/297 311/324/291 308/321/288
f 317/331/298 313/328/295 311/324/291
f 315/329/296 313/328/295 318/332/299
f 319/333/296 316/330/297 315/329/296
f 321/334/298 316/330/297 320/335/297
f 321/334/298 318/332/299 317/331/298
f 319/333/296 318/332/299 322/336/299
f 268/284/253 320/335/297 319/333/296
f 267/283/252 321/334/298 320/335/297
f 265/282/251 321/334/298 266/337/300
f 268/284/253 322/336/299 265/282/251
f 323/338/301 277/339/302 325/340/303
f 326/341/304 277/339/302 324/342/305
f 326/341/304 258/343/306 284/296/265
f 327/344/307 325/340/303 258/343/306
f 310/322/289 324/342/305 323/338/301
f 309/325/292 326/341/304 324/342/305
f 314/326/293 326/341/304 312/327/294
f 310/322/289 327/344/307 314/326/293
f 328/345/308 330/346/309 331/347/310
f 332/348/311 330/346/309 329/349/312
f 334/350/313 333/351/314 332/348/311
f 334/350/313 331/347/310 335/352/315
f 275/289/258 328/345/308 276/290/259
f 274/353/316 329/349/312 275/289/258
f 274/353/316 334/350/313 332/348/311
f 276/290/259 334/350/313 273/288/257
f 330/346/309 336/354/317 331/347/310
f 330/346/309 277/339/302 270/291/260
f 333/351/314 325/340/303 277/339/302
f 331/347/310 325/340/303 335/352/315
f 338/355/318 340/356/319 337/357/320
f 341/358/321 339/359/322 338/355/318
f 343/360/323 342/361/324 341/358/321
f 343/360/323 340/356/319 344/362/325
f 345/363/326 338/355/318 337/357/320
f 347/364/327 338/355/318 346/365/328
f 347/364/327 343/360/323 341/358/321
f 348/366/329 337/357/320 343/360/323
f 281/294/263 345/363/326 282/295/264
f 281/294/263 347/364/327 346/365/328
f 279/293/262 347/364/327 280/367/330
f 279/293/262 345/363/326 348/366/329
f 340/356/319 269/285/254 349/368/331
f 339/359/322 270/291/260 269/285/254
f 342/361/324 336/354/317 270/291/260
f 340/356/319 336/354/317 344/362/325
f 350/369/332 352/370/333 353/371/334
f 354/372/335 352/370/333 351/373/336
f 354/372/335 357/374/337 355/375/338
f 356/376/339 353/371/334 357/374/337
f 358/377/340 351/373/336 350/369/332
f 359/378/341 354/372/335 351/373/336
f 361/379/342 354/372/335 360/380/343
f 361/379/342 350/369/332 356/376/339
f 363/381/341 358/377/340 362/382/340
f 364/383/343 359/378/341 363/381/341
f 365/384/342 360/380/343 364/383/343
f 365/384/342 358/377/340 361/379/342
f 290/303/270 363/381/341 362/382/340
f 289/302/269 364/383/343 363/381/341
f 287/301/268 364/383/343 288/385/344
f 290/303/270 365/384/342 287/301/268
f 366/386/345 260/278/247 286/387/346
f 368/388/347 260/278/247 367/389/348
f 368/388/347 285/298/267 257/276/245
f 369/390/349 286/387/346 285/298/267
f 353/371/334 367/389/348 366/386/345
f 355/375/338 367/389/348 352/370/333
f 357/374/337 368/388/347 355/375/338
f 357/374/337 366/386/345 369/390/349
f 370/391/350 284/300/265 258/392/306
f 372/393/351 284/300/265 371/394/352
f 372/393/351 257/276/245 285/298/267
f 373/395/353 258/392/306 257/276/245
f 294/305/272 371/394/352 370/391/350
f 296/307/274 371/394/352 293/308/275
f 298/310/277 372/393/351 296/307/274
f 298/310/277 370/391/350 373/395/353
f 260/278/247 283/299/266 286/387/346
f 259/396/246 278/292/261 283/297/266
f 375/397/354 278/292/261 374/398/355
f 376/399/356 271/286/255 375/397/354
f 374/398/355 258/343/306 325/340/303
f 336/354/317 374/398/355 325/340/303
f 336/354/317 376/399/356 375/397/354
f 349/368/331 378/400/357 376/399/356
f 377/401/358 380/402/359 378/400/357
f 272/287/256 379/403/360 269/285/254
f 349/368/331 379/403/360 377/401/358
f 272/287/256 378/400/357 380/402/359
f 382/404/361 384/405/362 381/406/363
f 385/407/364 387/408/365 388/409/366
f 386/410/367 390/411/368 387/408/365
f 389/412/369 392/413/370 390/411/368
f 393/414/371 394/415/372 391/416/373
f 395/417/374 394/415/372 393/414/371
f 390/411/368 398/418/375 387/408/365
f 399/419/376 401/420/377 402/421/378
f 392/413/370 397/422/379 390/411/368
f 404/423/380 406/424/381 407/425/382
f 402/421/378 395/426/374 393/427/371
f 387/408/365 408/428/383 388/409/366
f 409/429/384 400/430/385 399/419/376
f 407/425/382 411/431/386 412/432/387
f 394/415/372 403/433/388 392/434/370
f 402/421/378 391/435/373 389/412/369
f 399/419/376 389/412/369 386/410/367
f 399/419/376 385/407/364 409/429/384
f 411/431/386 381/406/363 412/432/387
f 394/415/372 392/434/370 391/416/373
f 412/432/387 409/429/384 385/407/364
f 388/409/366 412/432/387 385/407/364
f 408/428/383 407/425/382 388/409/366
f 381/406/363 410/436/389 409/429/384
f 414/437/390 416/438/391 413/439/392
f 417/440/393 419/441/394 420/442/395
f 420/442/395 421/443/396 422/444/397
f 422/444/397 423/445/398 424/446/399
f 425/447/400 424/448/399 426/449/401
f 426/450/401 428/451/402 425/452/400
f 421/443/396 429/453/403 430/454/404
f 431/455/405 433/456/406 434/457/407
f 423/445/398 430/454/404 435/458/408
f 437/459/409 439/460/410 436/461/411
f 432/462/412 428/463/402 433/456/406
f 419/441/394 440/464/413 429/453/403
f 441/465/414 434/457/407 442/466/415
f 437/459/409 444/467/416 438/468/417
f 426/469/401 435/458/408 427/470/418
f 432/471/412 424/448/399 425/447/400
f 431/472/405 422/473/397 432/471/412
f 417/474/393 431/472/405 441/475/414
f 413/476/392 444/477/416 443/478/419
f 426/469/401 424/446/399 423/445/398
f 441/475/414 443/478/419 417/474/393
f 418/479/420 443/480/419 437/459/409
f 440/464/413 437/459/409 436/461/411
f 442/466/415 413/439/392 441/465/414
f 415/481/421 384/405/362 383/482/422
f 440/464/413 404/423/380 408/428/383
f 429/453/403 408/428/383 398/418/375
f 442/466/415 400/430/385 410/436/389
f 430/454/404 398/418/375 397/422/379
f 400/430/385 433/456/406 401/420/377
f 435/458/408 397/422/379 403/483/388
f 401/420/377 428/463/402 395/426/374
f 395/417/374 427/484/418 396/485/423
f 382/404/361 415/481/421 383/482/422
f 405/486/424 438/468/417 406/424/381
f 427/484/418 403/433/388 396/485/423
f 438/468/417 411/431/386 406/424/381
f 411/431/386 416/438/391 382/404/361
f 414/437/390 410/436/389 384/405/362
f 404/423/380 439/460/410 405/486/424
f 446/487/425 448/488/426 445/489/427
f 449/490/428 451/491/429 452/492/430
f 452/492/430 453/493/431 454/494/432
f 454/494/432 455/495/433 456/496/434
f 457/497/435 456/498/434 458/499/436
f 458/499/436 460/500/437 457/497/435
f 453/493/431 461/501/438 462/502/439
f 463/503/440 465/504/441 466/505/442
f 455/495/433 462/502/439 467/506/443
f 468/507/444 470/508/445 471/509/446
f 464/510/447 460/511/437 465/504/441
f 451/491/429 472/512/448 461/501/438
f 473/513/449 466/505/442 474/514/450
f 469/515/451 476/516/452 470/508/445
f 458/499/436 467/517/443 459/518/453
f 464/510/447 456/496/434 457/519/435
f 463/503/440 454/494/432 464/510/447
f 449/490/428 463/503/440 473/513/449
f 445/489/427 476/516/452 475/520/454
f 458/499/436 456/498/434 455/521/433
f 473/513/449 475/520/454 449/490/428
f 450/522/455 475/520/454 469/515/451
f 472/512/448 469/515/451 468/507/444
f 474/514/450 445/489/427 473/513/449
f 478/523/456 480/524/457 477/525/458
f 481/526/459 483/527/460 484/528/461
f 482/529/462 486/530/463 483/527/460
f 485/531/464 488/532/465 486/530/463
f 489/533/466 490/534/467 487/535/468
f 491/536/469 490/537/467 489/538/466
f 486/530/463 494/539/470 483/527/460
f 495/540/471 497/541/472 498/542/473
f 488/532/465 493/543/474 486/530/463
f 501/544/475 503/545/476 500/546/477
f 498/542/473 491/547/469 489/548/466
f 483/527/460 504/549/478 484/528/461
f 505/550/479 496/551/480 495/540/471
f 503/545/476 507/552/481 508/553/482
f 490/554/467 499/555/483 488/532/465
f 498/556/473 487/535/468 485/557/464
f 495/558/471 485/557/464 482/559/462
f 495/558/471 481/560/459 505/561/479
f 507/562/481 477/563/458 508/564/482
f 490/565/467 488/566/465 487/567/468
f 508/564/482 505/561/479 481/560/459
f 484/528/461 508/553/482 481/526/459
f 504/549/478 503/545/476 484/528/461
f 477/525/458 506/568/484 505/550/479
f 446/487/425 479/569/485 447/570/486
f 468/507/444 504/549/478 472/512/448
f 472/512/448 494/539/470 461/501/438
f 466/505/442 506/568/484 474/514/450
f 461/501/438 493/543/474 462/502/439
f 466/505/442 497/541/472 496/551/480
f 462/502/439 499/555/483 467/506/443
f 465/504/441 491/547/469 497/541/472
f 460/500/437 492/571/487 491/536/469
f 448/488/426 479/569/485 478/523/456
f 471/509/446 502/572/488 501/544/475
f 467/517/443 492/571/487 459/518/453
f 476/516/452 502/572/488 470/508/445
f 476/516/452 478/523/456 507/552/481
f 474/514/450 480/524/457 446/487/425
f 468/507/444 501/544/475 500/546/477
f 528/573/489 512/574/490 520/575/491
f 510/576/492 529/577/493 530/578/494
f 511/579/495 530/578/494 531/580/496
f 512/574/490 531/580/496 532/581/497
f 512/574/490 533/582/498 513/583/499
f 513/583/499 534/584/500 514/585/501
f 515/586/502 534/584/500 535/587/503
f 516/588/504 535/587/503 536/589/505
f 516/588/504 537/590/506 517/591/507
f 518/592/508 537/590/506 538/593/509
f 519/594/510 538/593/509 539/595/511
f 520/575/491 539/595/511 540/596/512
f 520/575/491 541/597/513 521/598/514
f 522/599/515 541/597/513 542/600/516
f 522/599/515 543/601/517 523/602/518
f 523/602/518 544/603/519 524/604/520
f 524/604/520 545/605/521 525/606/522
f 525/606/522 546/607/523 526/608/524
f 526/608/524 547/609/525 527/610/526
f 527/610/526 548/611/527 528/573/489
f 528/573/489 529/577/493 509/612/528
f 556/613/508 560/614/515 566/615/489
f 550/616/490 569/617/496 570/618/497
f 550/616/490 571/619/498 551/620/499
f 551/620/499 572/621/500 552/622/501
f 552/622/501 573/623/503 553/624/502
f 553/624/502 574/625/505 554/626/504
f 554/626/504 575/627/529 555/628/507
f 556/613/508 575/627/529 576/629/509
f 556/613/508 577/630/511 557/631/510
f 558/632/491 577/630/511 578/633/512
f 558/632/491 579/634/513 559/635/514
f 560/614/515 579/634/513 580/636/516
f 561/637/518 580/636/516 581/638/517
f 561/637/518 582/639/519 562/640/520
f 562/640/520 583/641/521 563/642/522
f 563/642/522 584/643/523 564/644/524
f 564/644/524 585/645/530 565/646/526
f 565/646/526 586/647/527 566/615/489
f 566/615/489 587/648/493 567/649/528
f 567/649/528 588/650/494 568/651/492
f 568/651/492 569/617/496 549/652/531
f 608/653/489 592/654/490 598/655/508
f 589/656/528 610/657/494 590/658/492
f 590/658/492 611/659/496 591/660/531
f 592/654/490 611/659/496 612/661/497
f 592/654/490 613/662/498 593/663/499
f 593/663/499 614/664/500 594/665/532
f 594/665/532 615/666/503 595/667/502
f 596/668/504 615/666/503 616/669/505
f 597/670/507 616/669/505 617/671/529
f 598/655/508 617/671/529 618/672/509
f 599/673/510 618/672/509 619/674/511
f 600/675/491 619/674/511 620/676/512
f 601/677/514 620/676/512 621/678/513
f 602/679/515 621/678/513 622/680/516
f 603/681/518 622/680/516 623/682/517
f 604/683/520 623/682/517 624/684/519
f 605/685/522 624/684/519 625/686/521
f 606/687/524 625/686/521 626/688/523
f 607/689/526 626/688/523 627/690/530
f 607/689/526 628/691/527 608/653/489
f 608/653/489 609/692/493 589/656/528
f 636/693/533 640/694/534 648/695/535
f 648/695/535 650/696/536 629/697/537
f 647/698/538 649/699/539 648/695/535
f 646/700/540 651/701/541 647/698/538
f 653/702/542 646/700/540 645/703/543
f 654/704/544 645/703/543 644/705/545
f 655/706/546 644/705/545 643/707/547
f 656/708/548 643/707/547 642/709/549
f 657/710/550 642/709/549 641/711/551
f 640/694/534 657/710/550 641/711/551
f 639/712/552 658/713/553 640/694/534
f 660/714/554 639/712/552 638/715/555
f 661/716/556 638/715/555 637/717/557
f 636/693/533 661/716/556 637/717/557
f 663/718/558 636/693/533 635/719/559
f 664/720/560 635/719/559 634/721/561
f 665/722/562 634/721/561 633/723/563
f 666/724/564 633/723/563 632/725/565
f 667/726/566 632/725/565 631/727/567
f 668/728/568 631/727/567 630/729/569
f 650/696/536 630/729/569 629/697/537
f 688/730/540 672/731/569 680/732/555
f 688/730/540 690/733/541 669/734/538
f 691/735/542 688/730/540 687/736/543
f 692/737/544 687/736/543 686/738/545
f 693/739/546 686/738/545 685/740/547
f 694/741/548 685/740/547 684/742/549
f 695/743/550 684/742/549 683/744/551
f 682/745/534 695/743/550 683/744/551
f 697/746/570 682/745/534 681/747/552
f 698/748/554 681/747/552 680/732/555
f 679/749/557 698/748/554 680/732/555
f 678/750/533 699/751/556 679/749/557
f 677/752/559 700/753/571 678/750/533
f 676/754/561 701/755/558 677/752/559
f 703/756/562 676/754/561 675/757/563
f 674/758/572 703/756/562 675/757/563
f 705/759/573 674/758/572 673/760/567
f 706/761/568 673/760/567 672/731/569
f 707/762/536 672/731/569 671/763/537
f 708/764/539 671/763/537 670/765/535
f 690/733/541 670/765/535 669/734/538
f 716/766/533 720/767/534 728/768/535
f 729/769/539 709/770/537 728/768/535
f 731/771/541 728/768/535 727/772/538
f 732/773/574 727/772/538 726/774/540
f 733/775/542 726/774/540 725/776/543
f 734/777/544 725/776/543 724/778/575
f 735/779/546 724/778/575 723/780/547
f 736/781/548 723/780/547 722/782/549
f 721/783/551 736/781/548 722/782/549
f 720/767/534 737/784/550 721/783/551
f 719/785/552 738/786/553 720/767/534
f 718/787/555 739/788/570 719/785/552
f 717/789/557 740/790/554 718/787/555
f 716/766/533 741/791/556 717/789/557
f 715/792/559 742/793/571 716/766/533
f 714/794/561 743/795/558 715/792/559
f 713/796/563 744/797/560 714/794/561
f 712/798/572 745/799/562 713/796/563
f 711/800/567 746/801/564 712/798/572
f 710/802/569 747/803/573 711/800/567
f 730/804/536 710/802/569 709/770/537
f 750/805/576 752/806/577 749/807/578
f 753/808/579 751/809/580 750/805/576
f 754/810/581 756/811/582 751/809/580
f 751/809/580 757/812/583 752/806/577
f 753/808/579 759/813/584 754/810/581
f 758/814/585 761/815/586 759/813/584
f 761/815/586 763/816/587 759/813/584
f 759/813/584 755/817/588 754/810/581
f 765/818/589 767/819/590 764/820/591
f 768/821/592 766/822/593 765/818/589
f 766/822/593 770/823/594 771/824/595
f 766/822/593 772/825/596 767/819/590
f 773/826/597 769/827/598 768/821/592
f 773/826/597 776/828/599 774/829/600
f 774/829/600 777/830/601 778/831/602
f 774/829/600 770/823/594 769/827/598
f 780/832/603 782/833/604 779/834/605
f 783/835/606 781/836/607 780/832/603
f 784/837/608 750/805/576 781/836/607
f 781/836/607 749/807/578 782/833/604
f 783/838/606 786/839/609 784/840/608
f 785/841/610 788/842/611 786/839/609
f 786/839/609 760/843/612 758/844/585
f 786/839/609 753/845/579 784/840/608
f 757/812/583 789/846/613 790/847/614
f 756/811/582 791/848/615 789/846/613
f 789/846/613 792/849/616 793/850/617
f 790/847/614 793/850/617 794/851/618
f 755/817/588 795/852/619 791/848/615
f 763/816/587 796/853/620 795/852/619
f 795/852/619 797/854/621 798/855/622
f 791/848/615 798/855/622 792/849/616
f 787/856/623 800/857/624 788/842/611
f 799/858/625 802/859/626 800/857/624
f 800/857/624 803/860/627 804/861/628
f 788/842/611 804/861/628 760/843/612
f 760/843/612 805/862/629 761/863/586
f 804/861/628 806/864/630 805/862/629
f 806/864/630 808/865/631 805/862/629
f 761/863/586 808/865/631 762/866/632
f 777/867/601 810/868/633 778/869/602
f 809/870/634 812/871/635 810/868/633
f 812/871/635 771/872/595 810/868/633
f 810/868/633 770/873/594 778/869/602
f 813/874/636 815/875/637 816/876/638
f 814/877/639 818/878/640 815/875/637
f 815/875/637 819/879/641 820/880/642
f 816/876/638 820/880/642 775/881/643
f 821/882/644 823/883/645 824/884/646
f 825/885/647 823/883/645 822/886/648
f 823/883/645 827/887/649 828/888/650
f 823/883/645 829/889/651 824/884/646
f 830/890/652 832/891/653 833/892/654
f 834/893/655 832/891/653 831/894/656
f 832/891/653 836/895/657 837/896/658
f 832/891/653 838/897/659 833/892/654
f 840/898/660 842/899/661 839/900/662
f 840/898/660 844/901/663 841/902/664
f 841/902/664 845/903/665 846/904/666
f 841/902/664 847/905/667 842/899/661
f 843/906/668 849/907/669 844/901/663
f 848/908/670 851/909/671 849/907/669
f 849/907/669 852/910/672 853/911/673
f 844/901/663 853/911/673 845/903/665
f 850/912/674 855/913/675 851/909/671
f 856/914/676 855/913/675 854/915/677
f 857/916/678 859/917/679 855/913/675
f 851/909/671 859/917/679 852/910/672
f 860/918/680 857/916/678 856/914/676
f 839/900/662 861/919/681 860/918/680
f 842/899/661 862/920/682 861/919/681
f 861/919/681 858/921/683 857/916/678
f 864/922/684 866/923/685 863/924/686
f 864/922/684 868/925/687 865/926/688
f 865/926/688 869/927/689 870/928/690
f 865/926/688 871/929/691 866/923/685
f 867/930/692 873/931/693 868/925/687
f 872/932/694 875/933/695 873/931/693
f 875/933/695 877/934/696 873/931/693
f 868/925/687 877/934/696 869/927/689
f 878/935/697 875/933/695 874/936/698
f 880/937/699 879/938/700 878/935/697
f 879/938/700 882/939/701 883/940/702
f 879/938/700 876/941/703 875/933/695
f 884/942/704 881/943/705 880/944/699
f 863/945/686 885/946/706 884/942/704
f 866/947/685 886/948/707 885/946/706
f 881/943/705 886/948/707 882/949/701
f 888/950/708 890/951/709 887/952/710
f 888/950/708 892/953/711 889/954/712
f 892/953/711 765/818/589 889/954/712
f 889/954/712 764/820/591 890/951/709
f 891/955/713 894/956/714 892/953/711
f 893/957/715 816/958/638 894/956/714
f 894/956/714 775/959/643 773/826/597
f 894/956/714 768/821/592 892/953/711
f 846/904/666 896/960/716 847/905/667
f 846/904/666 897/961/717 895/962/718
f 897/961/717 822/963/648 895/962/718
f 896/960/716 822/963/648 821/964/644
f 845/903/665 898/965/719 897/961/717
f 853/911/673 899/966/720 898/965/719
f 898/965/719 827/967/649 826/968/721
f 898/965/719 825/969/647 897/961/717
f 859/917/679 899/966/720 852/910/672
f 859/917/679 901/970/722 900/971/723
f 900/971/723 829/972/651 828/973/650
f 900/971/723 827/967/649 899/966/720
f 862/920/682 901/970/722 858/921/683
f 847/905/667 902/974/724 862/920/682
f 902/974/724 821/964/644 824/975/646
f 902/974/724 829/972/651 901/970/722
f 904/976/725 906/977/726 903/978/727
f 904/976/725 908/979/728 905/980/729
f 905/980/729 909/981/730 910/982/731
f 905/980/729 911/983/732 906/977/726
f 907/984/733 913/985/734 908/979/728
f 912/986/735 915/987/736 913/985/734
f 913/985/734 916/988/737 917/989/738
f 908/979/728 917/989/738 909/981/730
f 914/990/739 919/991/740 915/987/736
f 920/992/741 919/991/740 918/993/742
f 921/994/743 923/995/744 919/991/740
f 915/987/736 923/995/744 916/988/737
f 924/996/745 921/994/743 920/992/741
f 903/978/727 925/997/746 924/996/745
f 906/977/726 926/998/747 925/997/746
f 925/997/746 922/999/748 921/994/743
f 927/1000/749 929/1001/750 930/1002/751
f 931/1003/752 929/1001/750 928/1004/753
f 932/1005/754 934/1006/755 929/1001/750
f 930/1002/751 934/1006/755 935/1007/756
f 936/1008/757 932/1005/754 931/1003/752
f 938/1009/758 937/1010/759 936/1008/757
f 939/1011/760 941/1012/761 937/1010/759
f 937/1010/759 933/1013/762 932/1005/754
f 942/1014/763 939/1011/760 938/1009/758
f 942/1014/763 945/1015/764 943/1016/765
f 943/1016/765 946/1017/766 947/1018/767
f 943/1016/765 940/1019/768 939/1011/760
f 944/1020/769 949/1021/770 945/1015/764
f 948/1022/771 930/1002/751 949/1021/770
f 949/1021/770 935/1007/756 950/1023/772
f 945/1015/764 950/1023/772 946/1017/766
f 910/982/731 952/1024/773 911/983/732
f 910/982/731 953/1025/774 951/1026/775
f 953/1025/774 831/1027/656 951/1026/775
f 952/1024/773 831/1027/656 830/1028/652
f 909/981/730 954/1029/776 953/1025/774
f 917/989/738 955/1030/777 954/1029/776
f 954/1029/776 836/1031/657 835/1032/778
f 954/1029/776 834/1033/655 953/1025/774
f 923/995/744 955/1030/777 916/988/737
f 923/995/744 957/1034/779 956/1035/780
f 956/1035/780 838/1036/659 837/1037/658
f 956/1035/780 836/1031/657 955/1030/777
f 926/998/747 957/1034/779 922/999/748
f 911/983/732 958/1038/781 926/998/747
f 958/1038/781 830/1028/652 833/1039/654
f 958/1038/781 838/1036/659 957/1034/779
f 775/881/643 959/1040/782 960/1041/783
f 820/880/642 961/1042/784 959/1040/782
f 959/1040/782 931/1003/752 928/1004/753
f 960/1041/783 928/1004/753 927/1000/749
f 819/879/641 963/1043/785 961/1042/784
f 962/1044/786 964/1045/787 963/1043/785
f 964/1045/787 936/1008/757 963/1043/785
f 961/1042/784 936/1008/757 931/1003/752
f 809/870/634 964/1045/787 811/1046/788
f 777/867/601 965/1047/789 809/870/634
f 966/1048/790 942/1014/763 965/1047/789
f 965/1047/789 938/1009/758 964/1045/787
f 776/828/599 966/1049/790 777/830/601
f 776/828/599 960/1050/783 967/1051/791
f 967/1051/791 927/1052/749 948/1053/771
f 966/1049/790 948/1053/771 944/1054/769
f 968/1055/792 970/1056/793 971/1057/794
f 972/1058/795 970/1056/793 969/1059/796
f 973/1060/797 864/922/684 970/1056/793
f 970/1056/793 863/924/686 971/1057/794
f 974/1061/798 973/1060/797 972/1058/795
f 974/1061/798 977/1062/799 975/1063/800
f 975/1063/800 874/936/698 872/932/694
f 975/1063/800 867/930/692 973/1060/797
f 976/1064/801 979/1065/802 977/1062/799
f 980/1066/803 979/1065/802 978/1067/804
f 981/1068/805 878/935/697 979/1065/802
f 977/1062/799 878/935/697 874/936/698
f 982/1069/806 981/1070/805 980/1071/803
f 982/1069/806 971/1072/794 983/1073/807
f 971/1072/794 884/942/704 983/1073/807
f 983/1073/807 880/944/699 981/1070/805
f 792/849/616 984/1074/808 985/1075/809
f 798/855/622 986/1076/810 984/1074/808
f 986/1076/810 893/957/715 984/1074/808
f 985/1075/809 893/957/715 891/955/713
f 794/851/618 987/1077/811 988/1078/812
f 793/850/617 985/1075/809 987/1077/811
f 987/1077/811 891/955/713 888/950/708
f 987/1077/811 887/952/710 988/1078/812
f 797/1079/621 990/1080/813 986/1081/810
f 989/1082/814 992/1083/815 990/1080/813
f 990/1080/813 817/1084/816 814/877/639
f 986/1081/810 814/877/639 813/874/636
f 796/853/620 994/1085/817 797/854/621
f 796/853/620 995/1086/818 993/1087/819
f 993/1087/819 968/1088/792 982/1069/806
f 994/1085/817 982/1069/806 980/1071/803
f 989/1082/814 997/1089/820 991/1090/821
f 797/1079/621 996/1091/822 989/1082/814
f 996/1091/822 980/1066/803 978/1067/804
f 996/1091/822 976/1064/801 997/1089/820
f 998/1092/823 1000/1093/824 807/1094/825
f 991/1090/821 999/1095/826 998/1092/823
f 997/1089/820 974/1061/798 999/1095/826
f 999/1095/826 972/1058/795 1000/1093/824
f 808/865/631 995/1096/818 762/866/632
f 807/1094/825 1001/1097/827 808/865/631
f 1000/1093/824 969/1059/796 1001/1097/827
f 1001/1097/827 968/1055/792 995/1096/818
f 882/939/701 1002/1098/828 1003/1099/829
f 871/929/691 1002/1098/828 886/1100/707
f 1004/1101/830 860/918/680 1002/1098/828
f 1002/1098/828 856/914/676 1003/1099/829
f 883/940/702 1006/1102/831 876/941/703
f 883/940/702 1003/1099/829 1005/1103/832
f 1003/1099/829 854/915/677 1005/1103/832
f 1006/1102/831 854/915/677 850/912/674
f 869/927/689 1007/1104/833 1008/1105/834
f 876/941/703 1007/1104/833 877/934/696
f 1007/1104/833 850/912/674 848/908/670
f 1008/1105/834 848/908/670 843/906/668
f 870/928/690 1004/1101/830 871/929/691
f 870/928/690 1008/1105/834 1009/1106/835
f 1009/1106/835 843/906/668 840/898/660
f 1009/1106/835 839/900/662 1004/1101/830
f 946/1017/766 1010/1107/836 1011/1108/837
f 950/1023/772 1012/1109/838 1010/1107/836
f 1012/1109/838 924/996/745 1010/1107/836
f 1010/1107/836 920/992/741 1011/1108/837
f 947/1018/767 1014/1110/839 940/1019/768
f 947/1018/767 1011/1108/837 1013/1111/840
f 1011/1108/837 918/993/742 1013/1111/840
f 1014/1110/839 918/993/742 914/990/739
f 941/1012/761 1016/1112/841 933/1013/762
f 940/1019/768 1015/1113/842 941/1012/761
f 1015/1113/842 914/990/739 912/986/735
f 1016/1112/841 912/986/735 907/984/733
f 934/1006/755 1012/1109/838 935/1007/756
f 934/1006/755 1016/1112/841 1017/1114/843
f 1017/1114/843 907/984/733 904/976/725
f 1017/1114/843 903/978/727 1012/1109/838
f 752/806/577 1019/1115/844 749/807/578
f 757/812/583 1018/1116/845 752/806/577
f 1020/1117/846 1022/1118/847 1018/1116/845
f 1018/1116/845 1023/1119/848 1019/1115/844
f 1023/1119/848 1024/1120/849 1025/1121/850
f 1021/1122/851 1024/1120/849 1022/1118/847
f 1026/1123/852 1028/1124/853 1024/1120/849
f 1025/1121/850 1028/1124/853 1029/1125/854
f 767/819/590 1031/1126/855 764/820/591
f 772/825/596 1030/1127/856 767/819/590
f 1030/1127/856 1033/1128/857 1034/1129/858
f 1030/1127/856 1035/1130/859 1031/1126/855
f 1034/1129/858 1037/1131/860 1035/1130/859
f 1033/1128/857 1036/1132/861 1034/1129/858
f 1036/1132/861 1039/1133/862 1040/1134/863
f 1037/1131/860 1040/1134/863 1041/1135/864
f 782/833/604 1043/1136/865 779/834/605
f 749/807/578 1042/1137/866 782/833/604
f 1019/1115/844 1044/1138/867 1042/1137/866
f 1042/1137/866 1045/1139/868 1043/1136/865
f 1045/1140/868 1046/1141/869 1047/1142/870
f 1023/1143/848 1046/1141/869 1044/1144/867
f 1046/1141/869 1029/1145/854 1048/1146/871
f 1047/1142/870 1048/1146/871 1049/1147/872
f 757/812/583 1050/1148/873 1020/1117/846
f 790/847/614 1051/1149/874 1050/1148/873
f 1050/1148/873 1052/1150/875 1053/1151/876
f 1020/1117/846 1053/1151/876 1021/1122/851
f 1021/1122/851 1054/1152/877 1026/1123/852
f 1053/1151/876 1055/1153/878 1054/1152/877
f 1054/1152/877 1056/1154/879 1057/1155/880
f 1026/1123/852 1057/1155/880 1027/1156/881
f 1049/1147/872 1058/1157/882 1059/1158/883
f 1048/1146/871 1060/1159/884 1058/1157/882
f 1058/1157/882 803/860/627 802/859/626
f 1059/1158/883 802/859/626 801/1160/885
f 1029/1145/854 1061/1161/886 1060/1159/884
f 1028/1162/853 1062/1163/887 1061/1161/886
f 1062/1163/887 806/864/630 1061/1161/886
f 1060/1159/884 806/864/630 803/860/627
f 1039/1164/862 1063/1165/888 1064/1166/889
f 1033/1167/857 1063/1165/888 1038/1168/890
f 1032/1169/891 812/871/635 1063/1165/888
f 1064/1166/889 812/871/635 811/1046/788
f 1065/1170/892 1067/1171/893 1068/1172/894
f 1066/1173/895 1069/1174/896 1067/1171/893
f 1067/1171/893 819/879/641 818/878/640
f 1068/1172/894 818/878/640 817/1084/816
f 1070/1175/897 1072/1176/898 1073/1177/899
f 1074/1178/900 1072/1176/898 1071/1179/901
f 1072/1176/898 1076/1180/902 1077/1181/903
f 1072/1176/898 1078/1182/904 1073/1177/899
f 1079/1183/905 1081/1184/906 1082/1185/907
f 1083/1186/908 1081/1184/906 1080/1187/909
f 1081/1184/906 1085/1188/910 1086/1189/911
f 1081/1184/906 1087/1190/912 1082/1185/907
f 1089/1191/913 1091/1192/914 1088/1193/915
f 1092/1194/916 1090/1195/917 1089/1191/913
f 1090/1195/917 1094/1196/918 1095/1197/919
f 1091/1192/914 1095/1197/919 1096/1198/920
f 1096/1198/920 1097/1199/921 1098/1200/922
f 1095/1197/919 1099/1201/923 1097/1199/921
f 1097/1199/921 1100/1202/924 1101/1203/925
f 1098/1200/922 1101/1203/925 1102/1204/926
f 1102/1204/926 1103/1205/927 1104/1206/928
f 1101/1203/925 1105/1207/929 1103/1205/927
f 1105/1207/929 1107/1208/930 1103/1205/927
f 1103/1205/927 1108/1209/931 1104/1206/928
f 1107/1208/930 1110/1210/932 1108/1209/931
f 1106/1211/933 1109/1212/934 1107/1208/930
f 1111/1213/935 1089/1191/913 1109/1212/934
f 1109/1212/934 1088/1193/915 1110/1210/932
f 1113/1214/936 1115/1215/937 1112/1216/938
f 1116/1217/939 1114/1218/940 1113/1214/936
f 1114/1218/940 1118/1219/941 1119/1220/942
f 1115/1215/937 1119/1220/942 1120/1221/943
f 1120/1221/943 1121/1222/944 1122/1223/945
f 1119/1220/942 1123/1224/946 1121/1222/944
f 1123/1224/946 1125/1225/947 1121/1222/944
f 1122/1223/945 1125/1225/947 1126/1226/948
f 1125/1225/947 1128/1227/949 1126/1226/948
f 1124/1228/950 1127/1229/951 1125/1225/947
f 1127/1229/951 1130/1230/952 1131/1231/953
f 1127/1229/951 1132/1232/954 1128/1227/949
f 1131/1233/953 1134/1234/955 1132/1235/954
f 1131/1233/953 1135/1236/956 1133/1237/957
f 1135/1236/956 1113/1238/936 1133/1237/957
f 1133/1237/957 1112/1239/938 1134/1234/955
f 890/951/709 1137/1240/958 887/952/710
f 764/820/591 1136/1241/959 890/951/709
f 1031/1126/855 1138/1242/960 1136/1241/959
f 1137/1240/958 1138/1242/960 1139/1243/961
f 1139/1243/961 1140/1244/962 1141/1245/963
f 1035/1130/859 1140/1244/962 1138/1242/960
f 1140/1244/962 1041/1135/864 1066/1246/895
f 1141/1245/963 1066/1246/895 1065/1247/892
f 1142/1248/964 1093/1249/965 1092/1194/916
f 1142/1248/964 1073/1250/899 1143/1251/966
f 1073/1250/899 1144/1252/967 1143/1251/966
f 1093/1249/965 1144/1252/967 1094/1196/918
f 1094/1196/918 1145/1253/968 1099/1201/923
f 1078/1254/904 1145/1253/968 1144/1252/967
f 1145/1253/968 1076/1255/902 1146/1256/969
f 1099/1201/923 1146/1256/969 1100/1202/924
f 1146/1256/969 1105/1207/929 1100/1202/924
f 1076/1255/902 1147/1257/970 1146/1256/969
f 1147/1257/970 1074/1258/900 1148/1259/971
f 1105/1207/929 1148/1259/971 1106/1211/933
f 1148/1259/971 1111/1213/935 1106/1211/933
f 1074/1258/900 1149/1260/972 1148/1259/971
f 1149/1260/972 1070/1261/897 1142/1248/964
f 1149/1260/972 1092/1194/916 1111/1213/935
f 1151/1262/973 1153/1263/974 1150/1264/975
f 1154/1265/976 1152/1266/977 1151/1262/973
f 1152/1266/977 1156/1267/978 1157/1268/979
f 1153/1263/974 1157/1268/979 1158/1269/980
f 1158/1269/980 1159/1270/981 1160/1271/982
f 1157/1268/979 1161/1272/983 1159/1270/981
f 1159/1270/981 1162/1273/984 1163/1274/985
f 1160/1271/982 1163/1274/985 1164/1275/986
f 1164/1275/986 1165/1276/987 1166/1277/988
f 1163/1274/985 1167/1278/989 1165/1276/987
f 1167/1278/989 1169/1279/990 1165/1276/987
f 1165/1276/987 1170/1280/991 1166/1277/988
f 1169/1279/990 1172/1281/992 1170/1280/991
f 1168/1282/993 1171/1283/994 1169/1279/990
f 1173/1284/995 1151/1262/973 1171/1283/994
f 1171/1283/994 1150/1264/975 1172/1281/992
f 1174/1285/996 1176/1286/997 1177/1287/998
f 1175/1288/999 1179/1289/1000 1176/1286/997
f 1179/1289/1000 1181/1290/1001 1176/1286/997
f 1176/1286/997 1182/1291/1002 1177/1287/998
f 1181/1290/1001 1184/1292/1003 1182/1291/1002
f 1180/1293/1004 1183/1294/1005 1181/1290/1001
f 1185/1295/1006 1187/1296/1007 1183/1294/1005
f 1183/1294/1005 1188/1297/1008 1184/1292/1003
f 1187/1296/1007 1190/1298/1009 1188/1297/1008
f 1186/1299/1010 1189/1300/1011 1187/1296/1007
f 1189/1300/1011 1192/1301/1012 1193/1302/1013
f 1190/1298/1009 1193/1302/1013 1194/1303/1014
f 1194/1303/1014 1195/1304/1015 1196/1305/1016
f 1193/1302/1013 1197/1306/1017 1195/1304/1015
f 1195/1304/1015 1178/1307/1018 1175/1288/999
f 1196/1305/1016 1175/1288/999 1174/1285/996
f 1198/1308/1019 1155/1309/1020 1154/1265/976
f 1198/1308/1019 1082/1310/907 1199/1311/1021
f 1082/1310/907 1200/1312/1022 1199/1311/1021
f 1155/1309/1020 1200/1312/1022 1156/1267/978
f 1156/1267/978 1201/1313/1023 1161/1272/983
f 1087/1314/912 1201/1313/1023 1200/1312/1022
f 1201/1313/1023 1085/1315/910 1202/1316/1024
f 1161/1272/983 1202/1316/1024 1162/1273/984
f 1202/1316/1024 1167/1278/989 1162/1273/984
f 1085/1315/910 1203/1317/1025 1202/1316/1024
f 1203/1317/1025 1083/1318/908 1204/1319/1026
f 1167/1278/989 1204/1319/1026 1168/1282/993
f 1204/1319/1026 1173/1284/995 1168/1282/993
f 1083/1318/908 1205/1320/1027 1204/1319/1026
f 1205/1320/1027 1079/1321/905 1198/1308/1019
f 1205/1320/1027 1154/1265/976 1173/1284/995
f 1041/1322/864 1207/1323/1028 1069/1174/896
f 1206/1324/1029 1177/1287/998 1207/1323/1028
f 1207/1323/1028 1182/1291/1002 1208/1325/1030
f 1069/1174/896 1208/1325/1030 819/879/641
f 819/879/641 1209/1326/1031 962/1044/786
f 1208/1325/1030 1184/1292/1003 1209/1326/1031
f 1184/1292/1003 1210/1327/1032 1209/1326/1031
f 962/1044/786 1210/1327/1032 811/1046/788
f 1210/1327/1032 1064/1166/889 811/1046/788
f 1188/1297/1008 1211/1328/1033 1210/1327/1032
f 1190/1298/1009 1212/1329/1034 1211/1328/1033
f 1211/1328/1033 1039/1164/862 1064/1166/889
f 1212/1330/1034 1040/1134/863 1039/1133/862
f 1212/1330/1034 1196/1331/1016 1213/1332/1035
f 1213/1332/1035 1174/1333/996 1206/1334/1029
f 1040/1134/863 1206/1334/1029 1041/1135/864
f 1214/1335/1036 1216/1336/1037 1217/1337/1038
f 1112/1216/938 1216/1336/1037 1215/1338/1039
f 1115/1215/937 1218/1339/1040 1216/1336/1037
f 1216/1336/1037 1219/1340/1041 1217/1337/1038
f 1218/1339/1040 1221/1341/1042 1219/1340/1041
f 1120/1221/943 1220/1342/1043 1218/1339/1040
f 1220/1342/1043 1126/1226/948 1222/1343/1044
f 1221/1341/1042 1222/1343/1044 1223/1344/1045
f 1223/1344/1045 1224/1345/1046 1225/1346/1047
f 1222/1343/1044 1128/1227/949 1224/1345/1046
f 1128/1227/949 1226/1347/1048 1224/1345/1046
f 1224/1345/1046 1227/1348/1049 1225/1346/1047
f 1226/1349/1048 1229/1350/1050 1227/1351/1049
f 1132/1235/954 1228/1352/1051 1226/1349/1048
f 1134/1234/955 1215/1353/1039 1228/1352/1051
f 1229/1350/1050 1215/1353/1039 1214/1354/1036
f 1052/1150/875 1231/1355/1052 1055/1153/878
f 1230/1356/1053 1141/1245/963 1231/1355/1052
f 1141/1245/963 1232/1357/1054 1231/1355/1052
f 1055/1153/878 1232/1357/1054 1056/1154/879
f 794/851/618 1233/1358/1055 1051/1149/874
f 887/952/710 1233/1358/1055 988/1078/812
f 1233/1358/1055 1139/1243/961 1230/1356/1053
f 1051/1149/874 1230/1356/1053 1052/1150/875
f 1056/1359/879 1234/1360/1056 1235/1361/1057
f 1232/1362/1054 1068/1172/894 1234/1360/1056
f 1234/1360/1056 817/1084/816 992/1083/815
f 1235/1361/1057 992/1083/815 991/1090/821
f 1236/1363/1058 1057/1155/880 1056/1154/879
f 1236/1363/1058 1229/1350/1050 1237/1364/1059
f 1237/1364/1059 1214/1354/1036 1238/1365/1060
f 1057/1155/880 1238/1365/1060 1027/1156/881
f 1239/1366/1061 1235/1361/1057 991/1090/821
f 1223/1344/1045 1240/1367/1062 1239/1366/1061
f 1240/1367/1062 1227/1348/1049 1236/1368/1058
f 1240/1367/1062 1056/1359/879 1235/1361/1057
f 1241/1369/1063 998/1092/823 807/1094/825
f 1219/1340/1041 1242/1370/1064 1241/1369/1063
f 1221/1341/1042 1239/1366/1061 1242/1370/1064
f 1242/1370/1064 991/1090/821 998/1092/823
f 1238/1371/1060 1062/1163/887 1027/1372/881
f 1214/1335/1036 1243/1373/1065 1238/1371/1060
f 1217/1337/1038 1241/1369/1063 1243/1373/1065
f 1243/1373/1065 807/1094/825 1062/1163/887
f 1130/1230/952 1245/1374/1066 1135/1375/956
f 1108/1209/931 1245/1374/1066 1244/1376/1067
f 1110/1210/932 1246/1377/1068 1245/1374/1066
f 1245/1374/1066 1116/1217/939 1135/1375/956
f 1247/1378/1069 1129/1379/1070 1124/1228/950
f 1247/1378/1069 1104/1206/928 1248/1380/1071
f 1104/1206/928 1244/1376/1067 1248/1380/1071
f 1129/1379/1070 1244/1376/1067 1130/1230/952
f 1118/1219/941 1250/1381/1072 1123/1224/946
f 1249/1382/1073 1098/1200/922 1250/1381/1072
f 1250/1381/1072 1102/1204/926 1247/1378/1069
f 1250/1381/1072 1124/1228/950 1123/1224/946
f 1246/1377/1068 1117/1383/1074 1116/1217/939
f 1088/1193/915 1251/1384/1075 1246/1377/1068
f 1251/1384/1075 1096/1198/920 1249/1382/1073
f 1117/1383/1074 1249/1382/1073 1118/1219/941
f 1192/1301/1012 1253/1385/1076 1197/1306/1017
f 1170/1280/991 1253/1385/1076 1252/1386/1077
f 1172/1281/992 1254/1387/1078 1253/1385/1076
f 1197/1306/1017 1254/1387/1078 1178/1307/1018
f 1255/1388/1079 1191/1389/1080 1186/1299/1010
f 1255/1388/1079 1166/1277/988 1256/1390/1081
f 1166/1277/988 1252/1386/1077 1256/1390/1081
f 1191/1389/1080 1252/1386/1077 1192/1301/1012
f 1257/1391/1082 1185/1295/1006 1180/1293/1004
f 1257/1391/1082 1160/1271/982 1258/1392/1083
f 1258/1392/1083 1164/1275/986 1255/1388/1079
f 1258/1392/1083 1186/1299/1010 1185/1295/1006
f 1254/1387/1078 1179/1289/1000 1178/1307/1018
f 1150/1264/975 1259/1393/1084 1254/1387/1078
f 1259/1393/1084 1158/1269/980 1257/1391/1082
f 1179/1289/1000 1257/1391/1082 1180/1293/1004
f 1260/1394/1085 1262/1395/1086 1263/1396/1087
f 1264/1397/1088 1262/1395/1086 1261/1398/1089
f 1265/1399/1090 1267/1400/1091 1262/1395/1086
f 1263/1396/1087 1267/1400/1091 1268/1401/1092
f 1270/1402/1093 1272/1403/1094 1269/1404/1095
f 1270/1402/1093 1274/1405/1096 1271/1406/1097
f 1271/1406/1097 1275/1407/1098 1276/1408/1099
f 1271/1406/1097 1277/1409/1100 1272/1403/1094
f 1277/1409/1100 1278/1410/1101 1279/1411/1102
f 1275/1407/1098 1278/1410/1101 1276/1408/1099
f 1278/1410/1101 1264/1397/1088 1261/1398/1089
f 1278/1410/1101 1260/1394/1085 1279/1411/1102
f 1281/1412/1103 1263/1396/1087 1268/1401/1092
f 1281/1412/1103 1272/1403/1094 1282/1413/1104
f 1282/1413/1104 1277/1409/1100 1279/1411/1102
f 1282/1413/1104 1260/1394/1085 1263/1396/1087
f 1273/1414/1105 1284/1415/1106 1274/1416/1096
f 1266/1417/1107 1284/1415/1106 1283/1418/1108
f 1284/1415/1106 1264/1419/1088 1280/1420/1109
f 1284/1415/1106 1275/1421/1098 1274/1416/1096
f 1285/1422/1110 1287/1423/1111 1288/1424/1112
f 1289/1425/1113 1287/1423/1111 1286/1426/1114
f 1287/1423/1111 1291/1427/1115 1292/1428/1116
f 1287/1423/1111 1293/1429/1117 1288/1424/1112
f 1294/1430/1118 1296/1431/1119 1297/1432/1120
f 1298/1433/1121 1296/1431/1119 1295/1434/1122
f 1296/1431/1119 1300/1435/1123 1301/1436/1124
f 1296/1431/1119 1302/1437/1125 1297/1432/1120
f 1285/1422/1110 1303/1438/1126 1304/1439/1127
f 1293/1429/1117 1303/1438/1126 1288/1424/1112
f 1303/1438/1126 1298/1433/1121 1295/1434/1122
f 1303/1438/1126 1294/1430/1118 1304/1439/1127
f 1289/1425/1113 1306/1440/1128 1307/1441/1129
f 1285/1422/1110 1306/1440/1128 1286/1426/1114
f 1306/1440/1128 1294/1430/1118 1297/1432/1120
f 1306/1440/1128 1302/1437/1125 1307/1441/1129
f 1291/1427/1115 1308/1442/1130 1309/1443/1131
f 1289/1425/1113 1308/1442/1130 1290/1444/1132
f 1308/1442/1130 1302/1437/1125 1301/1436/1124
f 1308/1442/1130 1300/1435/1123 1309/1443/1131
f 1293/1429/1117 1310/1445/1133 1305/1446/1134
f 1291/1427/1115 1310/1445/1133 1292/1428/1116
f 1310/1445/1133 1300/1435/1123 1299/1447/1135
f 1310/1445/1133 1298/1433/1121 1305/1446/1134
f 2/1/1 3/5/5 4/2/2
f 5/4/4 6/7/7 3/5/5
f 3/5/5 7/8/8 8/6/6
f 6/7/7 9/18/17 7/8/8
f 10/9/9 11/1448/12 1/10/3
f 13/12/11 2/1/1 1/3/3
f 14/14/13 5/4/4 2/1/1
f 15/15/14 16/16/15 5/4/4
f 16/16/15 17/108/95 6/7/7
f 6/7/7 17/108/95 18/17/16
f 9/18/17 18/17/16 19/19/18
f 9/18/17 20/20/19 21/21/20
f 7/8/8 21/21/20 22/22/21
f 8/23/6 22/1449/21 24/24/22
f 4/26/2 8/23/6 23/25/23
f 1/10/3 4/26/2 25/27/24
f 26/28/25 27/32/29 28/29/26
f 30/31/28 31/39/35 28/29/26
f 28/29/26 32/35/32 33/33/30
f 28/29/26 31/39/35 34/34/31
f 24/36/22 22/22/21 26/28/25
f 22/22/21 21/21/20 27/32/29
f 20/20/19 30/31/28 27/32/29
f 19/19/18 36/38/34 30/31/28
f 36/38/34 37/107/94 31/39/35
f 31/39/35 37/107/94 38/40/36
f 34/34/31 38/40/36 39/41/37
f 32/35/32 34/34/31 40/42/38
f 32/35/32 41/43/39 42/44/40
f 33/33/30 42/44/40 44/45/41
f 45/47/43 29/30/27 33/33/30
f 26/28/25 29/30/27 45/47/43
f 46/48/44 47/51/47 48/49/45
f 47/51/47 50/59/53 51/52/48
f 49/50/46 48/49/45 52/53/49
f 48/49/45 51/52/48 54/55/51
f 44/56/41 42/1450/40 46/57/44
f 42/44/40 41/43/39 47/51/47
f 41/43/39 40/42/38 50/59/53
f 39/41/37 56/60/54 50/59/53
f 56/60/54 57/111/98 51/52/48
f 51/52/48 57/111/98 58/61/55
f 54/55/51 58/61/55 59/62/56
f 52/53/49 54/55/51 60/63/57
f 53/54/50 52/53/49 61/64/58
f 53/66/50 62/1451/59 64/67/60
f 65/69/62 49/70/46 53/66/50
f 55/58/52 46/57/44 49/70/46
f 66/71/63 67/75/67 68/72/64
f 70/74/66 71/82/73 68/72/64
f 68/72/64 72/78/70 73/76/68
f 68/72/64 71/82/73 74/77/69
f 64/67/60 62/1451/59 66/79/63
f 62/65/59 61/64/58 67/75/67
f 60/63/57 70/74/66 67/75/67
f 59/62/56 76/81/72 70/74/66
f 76/81/72 77/110/97 71/82/73
f 71/82/73 77/110/97 78/83/74
f 74/77/69 78/83/74 15/15/14
f 72/78/70 74/77/69 14/14/13
f 72/78/70 13/12/11 11/13/12
f 73/84/68 11/1448/12 10/9/9
f 80/86/76 69/1452/65 73/84/68
f 66/79/63 69/1452/65 80/86/76
f 81/87/77 82/91/81 83/88/78
f 85/90/80 86/98/85 83/88/78
f 83/88/78 87/94/84 88/92/82
f 83/88/78 86/98/85 89/93/83
f 24/24/22 35/1453/33 81/87/77
f 35/37/33 45/47/43 82/95/81
f 43/46/42 85/1454/80 82/95/81
f 44/56/41 55/58/52 85/90/80
f 55/58/52 65/69/62 86/98/85
f 86/98/85 65/69/62 63/68/61
f 89/93/83 63/68/61 64/67/60
f 87/94/84 89/93/83 75/80/71
f 87/94/84 80/86/76 79/85/75
f 88/92/82 79/85/75 10/9/9
f 84/89/79 88/92/82 12/11/10
f 23/25/23 81/87/77 84/89/79
f 90/99/86 91/103/90 92/100/87
f 94/102/89 95/106/93 92/100/87
f 93/101/88 92/100/87 96/104/91
f 95/106/93 98/109/96 96/104/91
f 39/41/37 38/40/36 90/99/86
f 37/107/94 91/103/90 90/99/86
f 37/107/94 36/38/34 94/102/89
f 19/19/18 18/17/16 94/102/89
f 18/17/16 17/108/95 95/106/93
f 17/108/95 16/16/15 98/109/96
f 98/109/96 16/16/15 15/15/14
f 98/109/96 78/83/74 77/110/97
f 97/105/92 96/104/91 77/110/97
f 97/105/92 76/81/72 59/62/56
f 57/111/98 93/101/88 97/105/92
f 56/60/54 90/99/86 93/101/88
f 103/115/102 104/145/128 105/116/103
f 106/118/105 107/162/142 108/119/106
f 113/124/110 114/176/156 115/125/111
f 118/129/115 119/193/171 120/130/116
f 122/132/118 123/134/120 117/128/114
f 123/134/120 125/136/122 99/112/99
f 126/135/121 100/113/100 99/112/99
f 122/132/118 124/133/119 100/113/100
f 127/137/123 128/139/125 123/134/120
f 129/138/124 125/136/122 123/134/120
f 130/140/126 126/135/121 125/136/122
f 127/137/123 122/132/118 126/135/121
f 131/141/123 132/143/125 128/139/125
f 133/142/127 129/138/124 128/139/125
f 133/142/127 134/144/126 130/140/126
f 134/144/126 131/141/123 127/137/123
f 105/116/103 104/145/128 132/143/125
f 103/115/102 133/142/127 132/143/125
f 103/115/102 102/117/104 134/144/126
f 102/117/104 105/116/103 131/141/123
f 135/146/129 136/150/133 137/147/130
f 139/149/132 140/152/135 137/147/130
f 139/149/132 141/153/136 142/151/134
f 141/153/136 135/146/129 138/148/131
f 144/154/137 136/150/133 135/146/129
f 145/156/139 139/149/132 136/150/133
f 145/156/139 146/157/140 141/153/136
f 143/155/138 135/146/129 141/153/136
f 148/158/137 144/154/137 143/155/138
f 148/158/137 149/160/139 145/156/139
f 149/160/139 150/161/141 146/157/140
f 150/161/141 147/159/138 143/155/138
f 108/119/106 148/158/137 147/159/138
f 107/162/142 149/160/139 148/158/137
f 106/118/105 150/161/141 149/160/139
f 109/120/107 147/159/138 150/161/141
f 151/163/143 152/166/146 116/127/113
f 154/165/145 117/128/114 116/127/113
f 154/165/145 155/167/147 124/133/119
f 155/167/147 151/163/143 153/164/144
f 138/148/131 137/147/130 152/166/146
f 137/147/130 140/152/135 154/165/145
f 142/151/134 155/167/147 154/165/145
f 138/148/131 151/163/143 155/167/147
f 157/168/148 158/172/152 159/169/149
f 160/171/151 161/174/154 158/172/152
f 160/171/151 162/175/155 163/173/153
f 162/175/155 156/170/150 159/169/149
f 114/176/156 157/168/148 156/170/150
f 114/176/156 113/124/110 160/171/151
f 113/124/110 112/126/112 162/175/155
f 112/126/112 115/125/111 156/170/150
f 158/172/152 164/179/158 165/177/157
f 158/172/152 161/174/154 116/178/113
f 163/173/153 153/180/144 116/178/113
f 159/169/149 165/177/157 153/180/144
f 167/181/159 168/185/163 169/182/160
f 170/184/162 171/187/165 168/185/163
f 170/184/162 172/188/166 173/186/164
f 172/188/166 166/183/161 169/182/160
f 174/189/167 175/190/168 167/181/159
f 175/190/168 176/191/169 170/184/162
f 176/191/169 177/192/170 172/188/166
f 174/189/167 166/183/161 172/188/166
f 120/130/116 175/190/168 174/189/167
f 120/130/116 119/193/171 176/191/169
f 119/193/171 118/129/115 177/192/170
f 121/131/117 174/189/167 177/192/170
f 168/185/163 111/122/109 110/121/108
f 168/185/163 171/187/165 164/179/158
f 171/187/165 173/186/164 165/177/157
f 169/182/160 110/121/108 165/177/157
f 181/197/175 182/226/199 183/198/176
f 185/200/178 186/242/213 187/201/179
f 192/206/183 193/257/228 194/207/184
f 197/211/188 198/273/242 199/212/189
f 201/214/191 202/246/217 196/210/187
f 203/215/192 196/210/187 178/194/172
f 178/194/172 180/196/174 205/217/194
f 180/196/174 202/246/217 201/214/191
f 206/218/195 201/214/191 203/215/192
f 203/215/192 204/216/193 208/220/197
f 208/220/197 204/216/193 205/217/194
f 205/217/194 201/214/191 206/218/195
f 210/222/195 206/218/195 207/219/196
f 207/219/196 208/220/197 212/224/197
f 212/224/197 208/220/197 209/221/198
f 213/225/198 209/221/198 206/218/195
f 182/226/199 210/222/195 211/223/196
f 211/223/196 212/224/197 184/199/177
f 184/199/177 212/224/197 213/225/198
f 181/197/175 213/225/198 210/222/195
f 215/227/200 216/230/203 217/228/201
f 216/230/203 218/232/205 219/231/204
f 218/232/205 220/249/220 221/233/206
f 221/233/206 220/249/220 215/227/200
f 214/229/202 217/228/201 223/234/207
f 223/234/207 217/228/201 219/231/204
f 219/231/204 221/233/206 225/237/210
f 221/233/206 214/229/202 222/235/208
f 222/235/208 223/234/207 227/238/211
f 227/238/211 223/234/207 224/236/209
f 228/240/209 224/236/209 225/237/210
f 229/241/212 225/237/210 222/235/208
f 226/239/208 227/238/211 187/201/179
f 227/238/211 228/240/209 188/202/180
f 228/240/209 229/241/212 185/200/178
f 229/241/212 226/239/208 186/242/213
f 230/243/214 231/248/219 195/209/186
f 195/209/186 196/210/187 233/245/216
f 233/245/216 196/210/187 202/246/217
f 234/247/218 202/246/217 231/248/219
f 230/243/214 232/244/215 216/230/203
f 216/230/203 232/244/215 233/245/216
f 218/232/205 233/245/216 234/247/218
f 234/247/218 230/243/214 215/227/200
f 236/250/221 237/253/224 238/251/222
f 237/253/224 239/260/230 240/254/225
f 240/254/225 239/260/230 241/255/226
f 242/256/227 241/255/226 236/250/221
f 235/252/223 238/251/222 193/257/228
f 238/251/222 240/254/225 194/207/184
f 194/207/184 240/254/225 242/256/227
f 191/208/185 242/256/227 235/252/223
f 243/258/229 244/274/243 237/253/224
f 237/253/224 244/274/243 195/259/186
f 195/259/186 231/261/219 241/255/226
f 231/261/219 243/258/229 236/250/221
f 246/262/231 247/265/234 248/263/232
f 247/265/234 249/275/244 250/266/235
f 250/266/235 249/275/244 251/267/236
f 252/268/237 251/267/236 246/262/231
f 245/264/233 248/263/232 254/269/238
f 254/269/238 248/263/232 250/266/235
f 255/271/240 250/266/235 252/268/237
f 252/268/237 245/264/233 253/270/239
f 253/270/239 254/269/238 199/212/189
f 199/212/189 254/269/238 255/271/240
f 200/213/190 255/271/240 256/272/241
f 197/211/188 256/272/241 253/270/239
f 189/203/181 190/205/182 247/265/234
f 247/265/234 190/205/182 244/274/243
f 249/275/244 244/274/243 243/258/229
f 243/258/229 189/203/181 246/262/231
f 257/276/245 258/392/306 259/277/246
f 261/279/248 262/320/287 263/280/249
f 265/282/251 266/337/300 267/283/252
f 269/285/254 270/291/260 271/286/255
f 273/288/257 274/353/316 275/289/258
f 270/291/260 277/339/302 278/292/261
f 279/293/262 280/367/330 281/294/263
f 278/292/261 277/339/302 284/296/265
f 285/298/267 286/387/346 283/299/266
f 287/301/268 288/385/344 289/302/269
f 292/304/271 293/308/275 294/305/272
f 292/304/271 295/309/276 296/307/274
f 295/309/276 297/311/278 298/310/277
f 291/306/273 294/305/272 298/310/277
f 299/312/279 300/314/281 292/304/271
f 301/313/280 295/309/276 292/304/271
f 302/315/282 297/311/278 295/309/276
f 302/315/282 299/312/279 291/306/273
f 304/316/283 300/314/281 299/312/279
f 305/318/285 301/313/280 300/314/281
f 305/318/285 306/319/286 302/315/282
f 306/319/286 303/317/284 299/312/279
f 264/281/250 263/280/249 304/316/283
f 262/320/287 305/318/285 304/316/283
f 261/279/248 306/319/286 305/318/285
f 261/279/248 264/281/250 303/317/284
f 308/321/288 309/325/292 310/322/289
f 311/324/291 312/327/294 309/325/292
f 311/324/291 313/328/295 314/326/293
f 313/328/295 307/323/290 310/322/289
f 315/329/296 316/330/297 308/321/288
f 316/330/297 317/331/298 311/324/291
f 317/331/298 318/332/299 313/328/295
f 315/329/296 307/323/290 313/328/295
f 319/333/296 320/335/297 316/330/297
f 321/334/298 317/331/298 316/330/297
f 321/334/298 322/336/299 318/332/299
f 319/333/296 315/329/296 318/332/299
f 268/284/253 267/283/252 320/335/297
f 267/283/252 266/337/300 321/334/298
f 265/282/251 322/336/299 321/334/298
f 268/284/253 319/333/296 322/336/299
f 323/338/301 324/342/305 277/339/302
f 326/341/304 284/296/265 277/339/302
f 326/341/304 327/344/307 258/343/306
f 327/344/307 323/338/301 325/340/303
f 310/322/289 309/325/292 324/342/305
f 309/325/292 312/327/294 326/341/304
f 314/326/293 327/344/307 326/341/304
f 310/322/289 323/338/301 327/344/307
f 328/345/308 329/349/312 330/346/309
f 332/348/311 333/351/314 330/346/309
f 334/350/313 335/352/315 333/351/314
f 334/350/313 328/345/308 331/347/310
f 275/289/258 329/349/312 328/345/308
f 274/353/316 332/348/311 329/349/312
f 274/353/316 273/288/257 334/350/313
f 276/290/259 328/345/308 334/350/313
f 330/346/309 270/291/260 336/354/317
f 330/346/309 333/351/314 277/339/302
f 333/351/314 335/352/315 325/340/303
f 331/347/310 336/354/317 325/340/303
f 338/355/318 339/359/322 340/356/319
f 341/358/321 342/361/324 339/359/322
f 343/360/323 344/362/325 342/361/324
f 343/360/323 337/357/320 340/356/319
f 345/363/326 346/365/328 338/355/318
f 347/364/327 341/358/321 338/355/318
f 347/364/327 348/366/329 343/360/323
f 348/366/329 345/363/326 337/357/320
f 281/294/263 346/365/328 345/363/326
f 281/294/263 280/367/330 347/364/327
f 279/293/262 348/366/329 347/364/327
f 279/293/262 282/295/264 345/363/326
f 340/356/319 339/359/322 269/285/254
f 339/359/322 342/361/324 270/291/260
f 342/361/324 344/362/325 336/354/317
f 340/356/319 349/368/331 336/354/317
f 350/369/332 351/373/336 352/370/333
f 354/372/335 355/375/338 352/370/333
f 354/372/335 356/376/339 357/374/337
f 356/376/339 350/369/332 353/371/334
f 358/377/340 359/378/341 351/373/336
f 359/378/341 360/380/343 354/372/335
f 361/379/342 356/376/339 354/372/335
f 361/379/342 358/377/340 350/369/332
f 363/381/341 359/378/341 358/377/340
f 364/383/343 360/380/343 359/378/341
f 365/384/342 361/379/342 360/380/343
f 365/384/342 362/382/340 358/377/340
f 290/303/270 289/302/269 363/381/341
f 289/302/269 288/385/344 364/383/343
f 287/301/268 365/384/342 364/383/343
f 290/303/270 362/382/340 365/384/342
f 366/386/345 367/389/348 260/278/247
f 368/388/347 257/276/245 260/278/247
f 368/388/347 369/390/349 285/298/267
f 369/390/349 366/386/345 286/387/346
f 353/371/334 352/370/333 367/389/348
f 355/375/338 368/388/347 367/389/348
f 357/374/337 369/390/349 368/388/347
f 357/374/337 353/371/334 366/386/345
f 370/391/350 371/394/352 284/300/265
f 372/393/351 285/298/267 284/300/265
f 372/393/351 373/395/353 257/276/245
f 373/395/353 370/391/350 258/392/306
f 294/305/272 293/308/275 371/394/352
f 296/307/274 372/393/351 371/394/352
f 298/310/277 373/395/353 372/393/351
f 298/310/277 294/305/272 370/391/350
f 260/278/247 259/277/246 283/299/266
f 259/396/246 374/398/355 278/292/261
f 375/397/354 271/286/255 278/292/261
f 376/399/356 272/287/256 271/286/255
f 374/398/355 259/396/246 258/343/306
f 336/354/317 375/397/354 374/398/355
f 336/354/317 349/368/331 376/399/356
f 349/368/331 377/401/358 378/400/357
f 377/401/358 379/403/360 380/402/359
f 272/287/256 380/402/359 379/403/360
f 349/368/331 269/285/254 379/403/360
f 272/287/256 376/399/356 378/400/357
f 382/404/361 383/482/422 384/405/362
f 385/407/364 386/410/367 387/408/365
f 386/410/367 389/412/369 390/411/368
f 389/412/369 391/435/373 392/413/370
f 395/417/374 396/485/423 394/415/372
f 390/411/368 397/422/379 398/418/375
f 399/419/376 400/430/385 401/420/377
f 392/413/370 403/483/388 397/422/379
f 404/423/380 405/486/424 406/424/381
f 402/421/378 401/420/377 395/426/374
f 387/408/365 398/418/375 408/428/383
f 409/429/384 410/436/389 400/430/385
f 407/425/382 406/424/381 411/431/386
f 394/415/372 396/485/423 403/433/388
f 402/421/378 393/427/371 391/435/373
f 399/419/376 402/421/378 389/412/369
f 399/419/376 386/410/367 385/407/364
f 411/431/386 382/404/361 381/406/363
f 412/432/387 381/406/363 409/429/384
f 388/409/366 407/425/382 412/432/387
f 408/428/383 404/423/380 407/425/382
f 381/406/363 384/405/362 410/436/389
f 414/437/390 415/481/421 416/438/391
f 417/440/393 418/479/420 419/441/394
f 420/442/395 419/441/394 421/443/396
f 422/444/397 421/443/396 423/445/398
f 426/450/401 427/484/418 428/451/402
f 421/443/396 419/441/394 429/453/403
f 431/455/405 432/462/412 433/456/406
f 423/445/398 421/443/396 430/454/404
f 437/459/409 438/468/417 439/460/410
f 432/462/412 425/1455/400 428/463/402
f 419/441/394 418/479/420 440/464/413
f 441/465/414 431/455/405 434/457/407
f 437/459/409 443/480/419 444/467/416
f 426/469/401 423/445/398 435/458/408
f 432/471/412 422/473/397 424/448/399
f 431/472/405 420/1456/395 422/473/397
f 417/474/393 420/1456/395 431/472/405
f 413/476/392 416/1457/391 444/477/416
f 441/475/414 413/476/392 443/478/419
f 418/479/420 417/440/393 443/480/419
f 440/464/413 418/479/420 437/459/409
f 442/466/415 414/437/390 413/439/392
f 415/481/421 414/437/390 384/405/362
f 440/464/413 436/461/411 404/423/380
f 429/453/403 440/464/413 408/428/383
f 442/466/415 434/457/407 400/430/385
f 430/454/404 429/453/403 398/418/375
f 400/430/385 434/457/407 433/456/406
f 435/458/408 430/454/404 397/422/379
f 401/420/377 433/456/406 428/463/402
f 395/417/374 428/451/402 427/484/418
f 382/404/361 416/438/391 415/481/421
f 405/486/424 439/460/410 438/468/417
f 427/484/418 435/1458/408 403/433/388
f 438/468/417 444/467/416 411/431/386
f 411/431/386 444/467/416 416/438/391
f 414/437/390 442/466/415 410/436/389
f 404/423/380 436/461/411 439/460/410
f 446/487/425 447/570/486 448/488/426
f 449/490/428 450/522/455 451/491/429
f 452/492/430 451/491/429 453/493/431
f 454/494/432 453/493/431 455/495/433
f 458/499/436 459/518/453 460/500/437
f 453/493/431 451/491/429 461/501/438
f 463/503/440 464/510/447 465/504/441
f 455/495/433 453/493/431 462/502/439
f 468/507/444 469/515/451 470/508/445
f 464/510/447 457/519/435 460/511/437
f 451/491/429 450/522/455 472/512/448
f 473/513/449 463/503/440 466/505/442
f 469/515/451 475/520/454 476/516/452
f 458/499/436 455/521/433 467/517/443
f 464/510/447 454/494/432 456/496/434
f 463/503/440 452/492/430 454/494/432
f 449/490/428 452/492/430 463/503/440
f 445/489/427 448/488/426 476/516/452
f 473/513/449 445/489/427 475/520/454
f 450/522/455 449/490/428 475/520/454
f 472/512/448 450/522/455 469/515/451
f 474/514/450 446/487/425 445/489/427
f 478/523/456 479/569/485 480/524/457
f 481/526/459 482/529/462 483/527/460
f 482/529/462 485/531/464 486/530/463
f 485/531/464 487/1459/468 488/532/465
f 491/536/469 492/571/487 490/537/467
f 486/530/463 493/543/474 494/539/470
f 495/540/471 496/551/480 497/541/472
f 488/532/465 499/555/483 493/543/474
f 501/544/475 502/572/488 503/545/476
f 498/542/473 497/541/472 491/547/469
f 483/527/460 494/539/470 504/549/478
f 505/550/479 506/568/484 496/551/480
f 503/545/476 502/572/488 507/552/481
f 490/554/467 492/1460/487 499/555/483
f 498/556/473 489/533/466 487/535/468
f 495/558/471 498/556/473 485/557/464
f 495/558/471 482/559/462 481/560/459
f 507/562/481 478/1461/456 477/563/458
f 508/564/482 477/563/458 505/561/479
f 484/528/461 503/545/476 508/553/482
f 504/549/478 500/546/477 503/545/476
f 477/525/458 480/524/457 506/568/484
f 446/487/425 480/524/457 479/569/485
f 468/507/444 500/546/477 504/549/478
f 472/512/448 504/549/478 494/539/470
f 466/505/442 496/551/480 506/568/484
f 461/501/438 494/539/470 493/543/474
f 466/505/442 465/504/441 497/541/472
f 462/502/439 493/543/474 499/555/483
f 465/504/441 460/511/437 491/547/469
f 460/500/437 459/518/453 492/571/487
f 448/488/426 447/570/486 479/569/485
f 471/509/446 470/508/445 502/572/488
f 467/517/443 499/1462/483 492/571/487
f 476/516/452 507/552/481 502/572/488
f 476/516/452 448/488/426 478/523/456
f 474/514/450 506/568/484 480/524/457
f 468/507/444 471/509/446 501/544/475
f 528/573/489 509/612/528 510/576/492
f 510/576/492 511/579/495 512/574/490
f 512/574/490 513/583/499 517/591/507
f 513/583/499 514/585/501 515/586/502
f 515/586/502 516/588/504 517/591/507
f 517/591/507 518/592/508 512/574/490
f 515/586/502 517/591/507 513/583/499
f 518/592/508 519/594/510 520/575/491
f 520/575/491 521/598/514 522/599/515
f 522/599/515 523/602/518 528/573/489
f 523/602/518 524/604/520 525/606/522
f 525/606/522 526/608/524 527/610/526
f 523/602/518 527/610/526 528/573/489
f 525/606/522 527/610/526 523/602/518
f 528/573/489 510/576/492 512/574/490
f 512/574/490 518/592/508 520/575/491
f 520/575/491 522/599/515 528/573/489
f 510/576/492 509/612/528 529/577/493
f 511/579/495 510/576/492 530/578/494
f 512/574/490 511/579/495 531/580/496
f 512/574/490 532/581/497 533/582/498
f 513/583/499 533/582/498 534/584/500
f 515/586/502 514/585/501 534/584/500
f 516/588/504 515/586/502 535/587/503
f 516/588/504 536/589/505 537/590/506
f 518/592/508 517/591/507 537/590/506
f 519/594/510 518/592/508 538/593/509
f 520/575/491 519/594/510 539/595/511
f 520/575/491 540/596/512 541/597/513
f 522/599/515 521/598/514 541/597/513
f 522/599/515 542/600/516 543/601/517
f 523/602/518 543/601/517 544/603/519
f 524/604/520 544/603/519 545/605/521
f 525/606/522 545/605/521 546/607/523
f 526/608/524 546/607/523 547/609/525
f 527/610/526 547/609/525 548/611/527
f 528/573/489 548/611/527 529/577/493
f 568/651/492 549/652/531 550/616/490
f 550/616/490 551/620/499 553/624/502
f 551/620/499 552/622/501 553/624/502
f 553/624/502 554/626/504 555/628/507
f 556/613/508 553/624/502 555/628/507
f 556/613/508 557/631/510 558/632/491
f 558/632/491 559/635/514 560/614/515
f 560/614/515 561/637/518 563/642/522
f 561/637/518 562/640/520 563/642/522
f 563/642/522 564/644/524 565/646/526
f 560/614/515 563/642/522 566/615/489
f 565/646/526 566/615/489 563/642/522
f 566/615/489 567/649/528 568/651/492
f 568/651/492 550/616/490 553/624/502
f 553/624/502 556/613/508 568/651/492
f 556/613/508 558/632/491 560/614/515
f 566/615/489 568/651/492 556/613/508
f 550/616/490 549/652/531 569/617/496
f 550/616/490 570/618/497 571/619/498
f 551/620/499 571/619/498 572/621/500
f 552/622/501 572/621/500 573/623/503
f 553/624/502 573/623/503 574/625/505
f 554/626/504 574/625/505 575/627/529
f 556/613/508 555/628/507 575/627/529
f 556/613/508 576/629/509 577/630/511
f 558/632/491 557/631/510 577/630/511
f 558/632/491 578/633/512 579/634/513
f 560/614/515 559/635/514 579/634/513
f 561/637/518 560/614/515 580/636/516
f 561/637/518 581/638/517 582/639/519
f 562/640/520 582/639/519 583/641/521
f 563/642/522 583/641/521 584/643/523
f 564/644/524 584/643/523 585/645/530
f 565/646/526 585/645/530 586/647/527
f 566/615/489 586/647/527 587/648/493
f 567/649/528 587/648/493 588/650/494
f 568/651/492 588/650/494 569/617/496
f 608/653/489 589/656/528 590/658/492
f 590/658/492 591/660/531 592/654/490
f 592/654/490 593/663/499 595/667/502
f 593/663/499 594/665/532 595/667/502
f 595/667/502 596/668/504 597/670/507
f 592/654/490 595/667/502 598/655/508
f 597/670/507 598/655/508 595/667/502
f 598/655/508 599/673/510 600/675/491
f 600/675/491 601/677/514 602/679/515
f 602/679/515 603/681/518 605/685/522
f 603/681/518 604/683/520 605/685/522
f 605/685/522 606/687/524 607/689/526
f 608/653/489 605/685/522 607/689/526
f 608/653/489 590/658/492 592/654/490
f 598/655/508 600/675/491 608/653/489
f 600/675/491 602/679/515 605/685/522
f 605/685/522 608/653/489 600/675/491
f 589/656/528 609/692/493 610/657/494
f 590/658/492 610/657/494 611/659/496
f 592/654/490 591/660/531 611/659/496
f 592/654/490 612/661/497 613/662/498
f 593/663/499 613/662/498 614/664/500
f 594/665/532 614/664/500 615/666/503
f 596/668/504 595/667/502 615/666/503
f 597/670/507 596/668/504 616/669/505
f 598/655/508 597/670/507 617/671/529
f 599/673/510 598/655/508 618/672/509
f 600/675/491 599/673/510 619/674/511
f 601/677/514 600/675/491 620/676/512
f 602/679/515 601/677/514 621/678/513
f 603/681/518 602/679/515 622/680/516
f 604/683/520 603/681/518 623/682/517
f 605/685/522 604/683/520 624/684/519
f 606/687/524 605/685/522 625/686/521
f 607/689/526 606/687/524 626/688/523
f 607/689/526 627/690/530 628/691/527
f 608/653/489 628/691/527 609/692/493
f 648/695/535 629/697/537 630/729/569
f 630/729/569 631/727/567 635/719/559
f 631/727/567 632/725/565 633/723/563
f 633/723/563 634/721/561 635/719/559
f 630/729/569 635/719/559 636/693/533
f 633/723/563 635/719/559 631/727/567
f 636/693/533 637/717/557 638/715/555
f 638/715/555 639/712/552 640/694/534
f 640/694/534 641/711/551 646/700/540
f 641/711/551 642/709/549 643/707/547
f 643/707/547 644/705/545 645/703/543
f 645/703/543 646/700/540 641/711/551
f 643/707/547 645/703/543 641/711/551
f 646/700/540 647/698/538 648/695/535
f 648/695/535 630/729/569 636/693/533
f 636/693/533 638/715/555 640/694/534
f 640/694/534 646/700/540 648/695/535
f 648/695/535 649/699/539 650/696/536
f 647/698/538 651/701/541 649/699/539
f 646/700/540 652/1463/574 651/701/541
f 653/702/542 652/1463/574 646/700/540
f 654/704/544 653/702/542 645/703/543
f 655/706/546 654/704/544 644/705/545
f 656/708/548 655/706/546 643/707/547
f 657/710/550 656/708/548 642/709/549
f 640/694/534 658/713/553 657/710/550
f 639/712/552 659/1464/1136 658/713/553
f 660/714/554 659/1464/1136 639/712/552
f 661/716/556 660/714/554 638/715/555
f 636/693/533 662/1465/571 661/716/556
f 663/718/558 662/1465/571 636/693/533
f 664/720/560 663/718/558 635/719/559
f 665/722/562 664/720/560 634/721/561
f 666/724/564 665/722/562 633/723/563
f 667/726/566 666/724/564 632/725/565
f 668/728/568 667/726/566 631/727/567
f 650/696/536 668/728/568 630/729/569
f 688/730/540 669/734/538 670/765/535
f 670/765/535 671/763/537 672/731/569
f 672/731/569 673/760/567 675/757/563
f 673/760/567 674/758/572 675/757/563
f 675/757/563 676/754/561 677/752/559
f 672/731/569 675/757/563 680/732/555
f 677/752/559 678/750/533 675/757/563
f 678/750/533 679/749/557 680/732/555
f 680/732/555 681/747/552 682/745/534
f 682/745/534 683/744/551 685/740/547
f 683/744/551 684/742/549 685/740/547
f 685/740/547 686/738/545 687/736/543
f 688/730/540 685/740/547 687/736/543
f 688/730/540 670/765/535 672/731/569
f 680/732/555 675/757/563 678/750/533
f 680/732/555 682/745/534 685/740/547
f 685/740/547 688/730/540 680/732/555
f 688/730/540 689/1466/574 690/733/541
f 691/735/542 689/1466/574 688/730/540
f 692/737/544 691/735/542 687/736/543
f 693/739/546 692/737/544 686/738/545
f 694/741/548 693/739/546 685/740/547
f 695/743/550 694/741/548 684/742/549
f 682/745/534 696/1467/553 695/743/550
f 697/746/570 696/1467/553 682/745/534
f 698/748/554 697/746/570 681/747/552
f 679/749/557 699/751/556 698/748/554
f 678/750/533 700/753/571 699/751/556
f 677/752/559 701/755/558 700/753/571
f 676/754/561 702/1468/560 701/755/558
f 703/756/562 702/1468/560 676/754/561
f 674/758/572 704/1469/564 703/756/562
f 705/759/573 704/1469/564 674/758/572
f 706/761/568 705/759/573 673/760/567
f 707/762/536 706/761/568 672/731/569
f 708/764/539 707/762/536 671/763/537
f 690/733/541 708/764/539 670/765/535
f 728/768/535 709/770/537 710/802/569
f 710/802/569 711/800/567 713/796/563
f 711/800/567 712/798/572 713/796/563
f 713/796/563 714/794/561 715/792/559
f 716/766/533 713/796/563 715/792/559
f 716/766/533 717/789/557 718/787/555
f 718/787/555 719/785/552 720/767/534
f 720/767/534 721/783/551 723/780/547
f 721/783/551 722/782/549 723/780/547
f 723/780/547 724/778/575 725/776/543
f 720/767/534 723/780/547 728/768/535
f 725/776/543 726/774/540 723/780/547
f 726/774/540 727/772/538 728/768/535
f 728/768/535 710/802/569 713/796/563
f 713/796/563 716/766/533 728/768/535
f 716/766/533 718/787/555 720/767/534
f 728/768/535 723/780/547 726/774/540
f 729/769/539 730/804/536 709/770/537
f 731/771/541 729/769/539 728/768/535
f 732/773/574 731/771/541 727/772/538
f 733/775/542 732/773/574 726/774/540
f 734/777/544 733/775/542 725/776/543
f 735/779/546 734/777/544 724/778/575
f 736/781/548 735/779/546 723/780/547
f 721/783/551 737/784/550 736/781/548
f 720/767/534 738/786/553 737/784/550
f 719/785/552 739/788/570 738/786/553
f 718/787/555 740/790/554 739/788/570
f 717/789/557 741/791/556 740/790/554
f 716/766/533 742/793/571 741/791/556
f 715/792/559 743/795/558 742/793/571
f 714/794/561 744/797/560 743/795/558
f 713/796/563 745/799/562 744/797/560
f 712/798/572 746/801/564 745/799/562
f 711/800/567 747/803/573 746/801/564
f 710/802/569 748/1470/568 747/803/573
f 730/804/536 748/1470/568 710/802/569
f 750/805/576 751/809/580 752/806/577
f 753/808/579 754/810/581 751/809/580
f 754/810/581 755/817/588 756/811/582
f 751/809/580 756/811/582 757/812/583
f 753/808/579 758/814/585 759/813/584
f 758/814/585 760/1471/612 761/815/586
f 761/815/586 762/1472/632 763/816/587
f 759/813/584 763/816/587 755/817/588
f 765/818/589 766/822/593 767/819/590
f 768/821/592 769/827/598 766/822/593
f 766/822/593 769/827/598 770/823/594
f 766/822/593 771/824/595 772/825/596
f 773/826/597 774/829/600 769/827/598
f 773/826/597 775/959/643 776/828/599
f 774/829/600 776/828/599 777/830/601
f 774/829/600 778/831/602 770/823/594
f 780/832/603 781/836/607 782/833/604
f 783/835/606 784/837/608 781/836/607
f 784/837/608 753/808/579 750/805/576
f 781/836/607 750/805/576 749/807/578
f 783/838/606 785/841/610 786/839/609
f 785/841/610 787/856/623 788/842/611
f 786/839/609 788/842/611 760/843/612
f 786/839/609 758/844/585 753/845/579
f 757/812/583 756/811/582 789/846/613
f 756/811/582 755/817/588 791/848/615
f 789/846/613 791/848/615 792/849/616
f 790/847/614 789/846/613 793/850/617
f 755/817/588 763/816/587 795/852/619
f 763/816/587 762/1472/632 796/853/620
f 795/852/619 796/853/620 797/854/621
f 791/848/615 795/852/619 798/855/622
f 787/856/623 799/858/625 800/857/624
f 799/858/625 801/1160/885 802/859/626
f 800/857/624 802/859/626 803/860/627
f 788/842/611 800/857/624 804/861/628
f 760/843/612 804/861/628 805/862/629
f 804/861/628 803/860/627 806/864/630
f 806/864/630 807/1094/825 808/865/631
f 761/863/586 805/862/629 808/865/631
f 777/867/601 809/870/634 810/868/633
f 809/870/634 811/1046/788 812/871/635
f 812/871/635 772/1473/596 771/872/595
f 810/868/633 771/872/595 770/873/594
f 813/874/636 814/877/639 815/875/637
f 814/877/639 817/1084/816 818/878/640
f 815/875/637 818/878/640 819/879/641
f 816/876/638 815/875/637 820/880/642
f 821/882/644 822/886/648 823/883/645
f 825/885/647 826/1474/721 823/883/645
f 823/883/645 826/1474/721 827/887/649
f 823/883/645 828/888/650 829/889/651
f 830/890/652 831/894/656 832/891/653
f 834/893/655 835/1475/778 832/891/653
f 832/891/653 835/1475/778 836/895/657
f 832/891/653 837/896/658 838/897/659
f 840/898/660 841/902/664 842/899/661
f 840/898/660 843/906/668 844/901/663
f 841/902/664 844/901/663 845/903/665
f 841/902/664 846/904/666 847/905/667
f 843/906/668 848/908/670 849/907/669
f 848/908/670 850/912/674 851/909/671
f 849/907/669 851/909/671 852/910/672
f 844/901/663 849/907/669 853/911/673
f 850/912/674 854/915/677 855/913/675
f 856/914/676 857/916/678 855/913/675
f 857/916/678 858/921/683 859/917/679
f 851/909/671 855/913/675 859/917/679
f 860/918/680 861/919/681 857/916/678
f 839/900/662 842/899/661 861/919/681
f 842/899/661 847/905/667 862/920/682
f 861/919/681 862/920/682 858/921/683
f 864/922/684 865/926/688 866/923/685
f 864/922/684 867/930/692 868/925/687
f 865/926/688 868/925/687 869/927/689
f 865/926/688 870/928/690 871/929/691
f 867/930/692 872/932/694 873/931/693
f 872/932/694 874/936/698 875/933/695
f 875/933/695 876/941/703 877/934/696
f 868/925/687 873/931/693 877/934/696
f 878/935/697 879/938/700 875/933/695
f 880/937/699 881/1476/705 879/938/700
f 879/938/700 881/1476/705 882/939/701
f 879/938/700 883/940/702 876/941/703
f 884/942/704 885/946/706 881/943/705
f 863/945/686 866/947/685 885/946/706
f 866/947/685 871/1477/691 886/948/707
f 881/943/705 885/946/706 886/948/707
f 888/950/708 889/954/712 890/951/709
f 888/950/708 891/955/713 892/953/711
f 892/953/711 768/821/592 765/818/589
f 889/954/712 765/818/589 764/820/591
f 891/955/713 893/957/715 894/956/714
f 893/957/715 813/1478/636 816/958/638
f 894/956/714 816/958/638 775/959/643
f 894/956/714 773/826/597 768/821/592
f 846/904/666 895/962/718 896/960/716
f 846/904/666 845/903/665 897/961/717
f 897/961/717 825/969/647 822/963/648
f 896/960/716 895/962/718 822/963/648
f 845/903/665 853/911/673 898/965/719
f 853/911/673 852/910/672 899/966/720
f 898/965/719 899/966/720 827/967/649
f 898/965/719 826/968/721 825/969/647
f 859/917/679 900/971/723 899/966/720
f 859/917/679 858/921/683 901/970/722
f 900/971/723 901/970/722 829/972/651
f 900/971/723 828/973/650 827/967/649
f 862/920/682 902/974/724 901/970/722
f 847/905/667 896/960/716 902/974/724
f 902/974/724 896/960/716 821/964/644
f 902/974/724 824/975/646 829/972/651
f 904/976/725 905/980/729 906/977/726
f 904/976/725 907/984/733 908/979/728
f 905/980/729 908/979/728 909/981/730
f 905/980/729 910/982/731 911/983/732
f 907/984/733 912/986/735 913/985/734
f 912/986/735 914/990/739 915/987/736
f 913/985/734 915/987/736 916/988/737
f 908/979/728 913/985/734 917/989/738
f 914/990/739 918/993/742 919/991/740
f 920/992/741 921/994/743 919/991/740
f 921/994/743 922/999/748 923/995/744
f 915/987/736 919/991/740 923/995/744
f 924/996/745 925/997/746 921/994/743
f 903/978/727 906/977/726 925/997/746
f 906/977/726 911/983/732 926/998/747
f 925/997/746 926/998/747 922/999/748
f 927/1000/749 928/1004/753 929/1001/750
f 931/1003/752 932/1005/754 929/1001/750
f 932/1005/754 933/1013/762 934/1006/755
f 930/1002/751 929/1001/750 934/1006/755
f 936/1008/757 937/1010/759 932/1005/754
f 938/1009/758 939/1011/760 937/1010/759
f 939/1011/760 940/1019/768 941/1012/761
f 937/1010/759 941/1012/761 933/1013/762
f 942/1014/763 943/1016/765 939/1011/760
f 942/1014/763 944/1020/769 945/1015/764
f 943/1016/765 945/1015/764 946/1017/766
f 943/1016/765 947/1018/767 940/1019/768
f 944/1020/769 948/1022/771 949/1021/770
f 948/1022/771 927/1000/749 930/1002/751
f 949/1021/770 930/1002/751 935/1007/756
f 945/1015/764 949/1021/770 950/1023/772
f 910/982/731 951/1026/775 952/1024/773
f 910/982/731 909/981/730 953/1025/774
f 953/1025/774 834/1033/655 831/1027/656
f 952/1024/773 951/1026/775 831/1027/656
f 909/981/730 917/989/738 954/1029/776
f 917/989/738 916/988/737 955/1030/777
f 954/1029/776 955/1030/777 836/1031/657
f 954/1029/776 835/1032/778 834/1033/655
f 923/995/744 956/1035/780 955/1030/777
f 923/995/744 922/999/748 957/1034/779
f 956/1035/780 957/1034/779 838/1036/659
f 956/1035/780 837/1037/658 836/1031/657
f 926/998/747 958/1038/781 957/1034/779
f 911/983/732 952/1024/773 958/1038/781
f 958/1038/781 952/1024/773 830/1028/652
f 958/1038/781 833/1039/654 838/1036/659
f 775/881/643 820/880/642 959/1040/782
f 820/880/642 819/879/641 961/1042/784
f 959/1040/782 961/1042/784 931/1003/752
f 960/1041/783 959/1040/782 928/1004/753
f 819/879/641 962/1044/786 963/1043/785
f 962/1044/786 811/1046/788 964/1045/787
f 964/1045/787 938/1009/758 936/1008/757
f 961/1042/784 963/1043/785 936/1008/757
f 809/870/634 965/1047/789 964/1045/787
f 777/867/601 966/1048/790 965/1047/789
f 966/1048/790 944/1020/769 942/1014/763
f 965/1047/789 942/1014/763 938/1009/758
f 776/828/599 967/1051/791 966/1049/790
f 776/828/599 775/959/643 960/1050/783
f 967/1051/791 960/1050/783 927/1052/749
f 966/1049/790 967/1051/791 948/1053/771
f 968/1055/792 969/1059/796 970/1056/793
f 972/1058/795 973/1060/797 970/1056/793
f 973/1060/797 867/930/692 864/922/684
f 970/1056/793 864/922/684 863/924/686
f 974/1061/798 975/1063/800 973/1060/797
f 974/1061/798 976/1064/801 977/1062/799
f 975/1063/800 977/1062/799 874/936/698
f 975/1063/800 872/932/694 867/930/692
f 976/1064/801 978/1067/804 979/1065/802
f 980/1066/803 981/1068/805 979/1065/802
f 981/1068/805 880/937/699 878/935/697
f 977/1062/799 979/1065/802 878/935/697
f 982/1069/806 983/1073/807 981/1070/805
f 982/1069/806 968/1088/792 971/1072/794
f 971/1072/794 863/945/686 884/942/704
f 983/1073/807 884/942/704 880/944/699
f 792/849/616 798/855/622 984/1074/808
f 798/855/622 797/854/621 986/1076/810
f 986/1076/810 813/1478/636 893/957/715
f 985/1075/809 984/1074/808 893/957/715
f 794/851/618 793/850/617 987/1077/811
f 793/850/617 792/849/616 985/1075/809
f 987/1077/811 985/1075/809 891/955/713
f 987/1077/811 888/950/708 887/952/710
f 797/1079/621 989/1082/814 990/1080/813
f 989/1082/814 991/1090/821 992/1083/815
f 990/1080/813 992/1083/815 817/1084/816
f 986/1081/810 990/1080/813 814/877/639
f 796/853/620 993/1087/819 994/1085/817
f 796/853/620 762/1472/632 995/1086/818
f 993/1087/819 995/1086/818 968/1088/792
f 994/1085/817 993/1087/819 982/1069/806
f 989/1082/814 996/1091/822 997/1089/820
f 797/1079/621 994/1479/817 996/1091/822
f 996/1091/822 994/1479/817 980/1066/803
f 996/1091/822 978/1067/804 976/1064/801
f 998/1092/823 999/1095/826 1000/1093/824
f 991/1090/821 997/1089/820 999/1095/826
f 997/1089/820 976/1064/801 974/1061/798
f 999/1095/826 974/1061/798 972/1058/795
f 808/865/631 1001/1097/827 995/1096/818
f 807/1094/825 1000/1093/824 1001/1097/827
f 1000/1093/824 972/1058/795 969/1059/796
f 1001/1097/827 969/1059/796 968/1055/792
f 882/939/701 886/1100/707 1002/1098/828
f 871/929/691 1004/1101/830 1002/1098/828
f 1004/1101/830 839/900/662 860/918/680
f 1002/1098/828 860/918/680 856/914/676
f 883/940/702 1005/1103/832 1006/1102/831
f 883/940/702 882/939/701 1003/1099/829
f 1003/1099/829 856/914/676 854/915/677
f 1006/1102/831 1005/1103/832 854/915/677
f 869/927/689 877/934/696 1007/1104/833
f 876/941/703 1006/1102/831 1007/1104/833
f 1007/1104/833 1006/1102/831 850/912/674
f 1008/1105/834 1007/1104/833 848/908/670
f 870/928/690 1009/1106/835 1004/1101/830
f 870/928/690 869/927/689 1008/1105/834
f 1009/1106/835 1008/1105/834 843/906/668
f 1009/1106/835 840/898/660 839/900/662
f 946/1017/766 950/1023/772 1010/1107/836
f 950/1023/772 935/1007/756 1012/1109/838
f 1012/1109/838 903/978/727 924/996/745
f 1010/1107/836 924/996/745 920/992/741
f 947/1018/767 1013/1111/840 1014/1110/839
f 947/1018/767 946/1017/766 1011/1108/837
f 1011/1108/837 920/992/741 918/993/742
f 1014/1110/839 1013/1111/840 918/993/742
f 941/1012/761 1015/1113/842 1016/1112/841
f 940/1019/768 1014/1110/839 1015/1113/842
f 1015/1113/842 1014/1110/839 914/990/739
f 1016/1112/841 1015/1113/842 912/986/735
f 934/1006/755 1017/1114/843 1012/1109/838
f 934/1006/755 933/1013/762 1016/1112/841
f 1017/1114/843 1016/1112/841 907/984/733
f 1017/1114/843 904/976/725 903/978/727
f 752/806/577 1018/1116/845 1019/1115/844
f 757/812/583 1020/1117/846 1018/1116/845
f 1020/1117/846 1021/1122/851 1022/1118/847
f 1018/1116/845 1022/1118/847 1023/1119/848
f 1023/1119/848 1022/1118/847 1024/1120/849
f 1021/1122/851 1026/1123/852 1024/1120/849
f 1026/1123/852 1027/1156/881 1028/1124/853
f 1025/1121/850 1024/1120/849 1028/1124/853
f 767/819/590 1030/1127/856 1031/1126/855
f 772/825/596 1032/1480/891 1030/1127/856
f 1030/1127/856 1032/1480/891 1033/1128/857
f 1030/1127/856 1034/1129/858 1035/1130/859
f 1034/1129/858 1036/1132/861 1037/1131/860
f 1033/1128/857 1038/1481/890 1036/1132/861
f 1036/1132/861 1038/1481/890 1039/1133/862
f 1037/1131/860 1036/1132/861 1040/1134/863
f 782/833/604 1042/1137/866 1043/1136/865
f 749/807/578 1019/1115/844 1042/1137/866
f 1019/1115/844 1023/1119/848 1044/1138/867
f 1042/1137/866 1044/1138/867 1045/1139/868
f 1045/1140/868 1044/1144/867 1046/1141/869
f 1023/1143/848 1025/1482/850 1046/1141/869
f 1046/1141/869 1025/1482/850 1029/1145/854
f 1047/1142/870 1046/1141/869 1048/1146/871
f 757/812/583 790/847/614 1050/1148/873
f 790/847/614 794/851/618 1051/1149/874
f 1050/1148/873 1051/1149/874 1052/1150/875
f 1020/1117/846 1050/1148/873 1053/1151/876
f 1021/1122/851 1053/1151/876 1054/1152/877
f 1053/1151/876 1052/1150/875 1055/1153/878
f 1054/1152/877 1055/1153/878 1056/1154/879
f 1026/1123/852 1054/1152/877 1057/1155/880
f 1049/1147/872 1048/1146/871 1058/1157/882
f 1048/1146/871 1029/1145/854 1060/1159/884
f 1058/1157/882 1060/1159/884 803/860/627
f 1059/1158/883 1058/1157/882 802/859/626
f 1029/1145/854 1028/1162/853 1061/1161/886
f 1028/1162/853 1027/1372/881 1062/1163/887
f 1062/1163/887 807/1094/825 806/864/630
f 1060/1159/884 1061/1161/886 806/864/630
f 1039/1164/862 1038/1168/890 1063/1165/888
f 1033/1167/857 1032/1169/891 1063/1165/888
f 1032/1169/891 772/1473/596 812/871/635
f 1064/1166/889 1063/1165/888 812/871/635
f 1065/1170/892 1066/1173/895 1067/1171/893
f 1066/1173/895 1041/1322/864 1069/1174/896
f 1067/1171/893 1069/1174/896 819/879/641
f 1068/1172/894 1067/1171/893 818/878/640
f 1070/1175/897 1071/1179/901 1072/1176/898
f 1074/1178/900 1075/1483/1137 1072/1176/898
f 1072/1176/898 1075/1483/1137 1076/1180/902
f 1072/1176/898 1077/1181/903 1078/1182/904
f 1079/1183/905 1080/1187/909 1081/1184/906
f 1083/1186/908 1084/1484/1138 1081/1184/906
f 1081/1184/906 1084/1484/1138 1085/1188/910
f 1081/1184/906 1086/1189/911 1087/1190/912
f 1089/1191/913 1090/1195/917 1091/1192/914
f 1092/1194/916 1093/1249/965 1090/1195/917
f 1090/1195/917 1093/1249/965 1094/1196/918
f 1091/1192/914 1090/1195/917 1095/1197/919
f 1096/1198/920 1095/1197/919 1097/1199/921
f 1095/1197/919 1094/1196/918 1099/1201/923
f 1097/1199/921 1099/1201/923 1100/1202/924
f 1098/1200/922 1097/1199/921 1101/1203/925
f 1102/1204/926 1101/1203/925 1103/1205/927
f 1101/1203/925 1100/1202/924 1105/1207/929
f 1105/1207/929 1106/1211/933 1107/1208/930
f 1103/1205/927 1107/1208/930 1108/1209/931
f 1107/1208/930 1109/1212/934 1110/1210/932
f 1106/1211/933 1111/1213/935 1109/1212/934
f 1111/1213/935 1092/1194/916 1089/1191/913
f 1109/1212/934 1089/1191/913 1088/1193/915
f 1113/1214/936 1114/1218/940 1115/1215/937
f 1116/1217/939 1117/1383/1074 1114/1218/940
f 1114/1218/940 1117/1383/1074 1118/1219/941
f 1115/1215/937 1114/1218/940 1119/1220/942
f 1120/1221/943 1119/1220/942 1121/1222/944
f 1119/1220/942 1118/1219/941 1123/1224/946
f 1123/1224/946 1124/1228/950 1125/1225/947
f 1122/1223/945 1121/1222/944 1125/1225/947
f 1125/1225/947 1127/1229/951 1128/1227/949
f 1124/1228/950 1129/1379/1070 1127/1229/951
f 1127/1229/951 1129/1379/1070 1130/1230/952
f 1127/1229/951 1131/1231/953 1132/1232/954
f 1131/1233/953 1133/1237/957 1134/1234/955
f 1131/1233/953 1130/1485/952 1135/1236/956
f 1135/1236/956 1116/1486/939 1113/1238/936
f 1133/1237/957 1113/1238/936 1112/1239/938
f 890/951/709 1136/1241/959 1137/1240/958
f 764/820/591 1031/1126/855 1136/1241/959
f 1031/1126/855 1035/1130/859 1138/1242/960
f 1137/1240/958 1136/1241/959 1138/1242/960
f 1139/1243/961 1138/1242/960 1140/1244/962
f 1035/1130/859 1037/1131/860 1140/1244/962
f 1140/1244/962 1037/1131/860 1041/1135/864
f 1141/1245/963 1140/1244/962 1066/1246/895
f 1142/1248/964 1143/1251/966 1093/1249/965
f 1142/1248/964 1070/1261/897 1073/1250/899
f 1073/1250/899 1078/1254/904 1144/1252/967
f 1093/1249/965 1143/1251/966 1144/1252/967
f 1094/1196/918 1144/1252/967 1145/1253/968
f 1078/1254/904 1077/1487/903 1145/1253/968
f 1145/1253/968 1077/1487/903 1076/1255/902
f 1099/1201/923 1145/1253/968 1146/1256/969
f 1146/1256/969 1147/1257/970 1105/1207/929
f 1076/1255/902 1075/1488/1137 1147/1257/970
f 1147/1257/970 1075/1488/1137 1074/1258/900
f 1105/1207/929 1147/1257/970 1148/1259/971
f 1148/1259/971 1149/1260/972 1111/1213/935
f 1074/1258/900 1071/1489/901 1149/1260/972
f 1149/1260/972 1071/1489/901 1070/1261/897
f 1149/1260/972 1142/1248/964 1092/1194/916
f 1151/1262/973 1152/1266/977 1153/1263/974
f 1154/1265/976 1155/1309/1020 1152/1266/977
f 1152/1266/977 1155/1309/1020 1156/1267/978
f 1153/1263/974 1152/1266/977 1157/1268/979
f 1158/1269/980 1157/1268/979 1159/1270/981
f 1157/1268/979 1156/1267/978 1161/1272/983
f 1159/1270/981 1161/1272/983 1162/1273/984
f 1160/1271/982 1159/1270/981 1163/1274/985
f 1164/1275/986 1163/1274/985 1165/1276/987
f 1163/1274/985 1162/1273/984 1167/1278/989
f 1167/1278/989 1168/1282/993 1169/1279/990
f 1165/1276/987 1169/1279/990 1170/1280/991
f 1169/1279/990 1171/1283/994 1172/1281/992
f 1168/1282/993 1173/1284/995 1171/1283/994
f 1173/1284/995 1154/1265/976 1151/1262/973
f 1171/1283/994 1151/1262/973 1150/1264/975
f 1174/1285/996 1175/1288/999 1176/1286/997
f 1175/1288/999 1178/1307/1018 1179/1289/1000
f 1179/1289/1000 1180/1293/1004 1181/1290/1001
f 1176/1286/997 1181/1290/1001 1182/1291/1002
f 1181/1290/1001 1183/1294/1005 1184/1292/1003
f 1180/1293/1004 1185/1295/1006 1183/1294/1005
f 1185/1295/1006 1186/1299/1010 1187/1296/1007
f 1183/1294/1005 1187/1296/1007 1188/1297/1008
f 1187/1296/1007 1189/1300/1011 1190/1298/1009
f 1186/1299/1010 1191/1389/1080 1189/1300/1011
f 1189/1300/1011 1191/1389/1080 1192/1301/1012
f 1190/1298/1009 1189/1300/1011 1193/1302/1013
f 1194/1303/1014 1193/1302/1013 1195/1304/1015
f 1193/1302/1013 1192/1301/1012 1197/1306/1017
f 1195/1304/1015 1197/1306/1017 1178/1307/1018
f 1196/1305/1016 1195/1304/1015 1175/1288/999
f 1198/1308/1019 1199/1311/1021 1155/1309/1020
f 1198/1308/1019 1079/1321/905 1082/1310/907
f 1082/1310/907 1087/1314/912 1200/1312/1022
f 1155/1309/1020 1199/1311/1021 1200/1312/1022
f 1156/1267/978 1200/1312/1022 1201/1313/1023
f 1087/1314/912 1086/1490/911 1201/1313/1023
f 1201/1313/1023 1086/1490/911 1085/1315/910
f 1161/1272/983 1201/1313/1023 1202/1316/1024
f 1202/1316/1024 1203/1317/1025 1167/1278/989
f 1085/1315/910 1084/1491/1138 1203/1317/1025
f 1203/1317/1025 1084/1491/1138 1083/1318/908
f 1167/1278/989 1203/1317/1025 1204/1319/1026
f 1204/1319/1026 1205/1320/1027 1173/1284/995
f 1083/1318/908 1080/1492/909 1205/1320/1027
f 1205/1320/1027 1080/1492/909 1079/1321/905
f 1205/1320/1027 1198/1308/1019 1154/1265/976
f 1041/1322/864 1206/1324/1029 1207/1323/1028
f 1206/1324/1029 1174/1285/996 1177/1287/998
f 1207/1323/1028 1177/1287/998 1182/1291/1002
f 1069/1174/896 1207/1323/1028 1208/1325/1030
f 819/879/641 1208/1325/1030 1209/1326/1031
f 1208/1325/1030 1182/1291/1002 1184/1292/1003
f 1184/1292/1003 1188/1297/1008 1210/1327/1032
f 962/1044/786 1209/1326/1031 1210/1327/1032
f 1210/1327/1032 1211/1328/1033 1064/1166/889
f 1188/1297/1008 1190/1298/1009 1211/1328/1033
f 1190/1298/1009 1194/1303/1014 1212/1329/1034
f 1211/1328/1033 1212/1329/1034 1039/1164/862
f 1212/1330/1034 1213/1332/1035 1040/1134/863
f 1212/1330/1034 1194/1493/1014 1196/1331/1016
f 1213/1332/1035 1196/1331/1016 1174/1333/996
f 1040/1134/863 1213/1332/1035 1206/1334/1029
f 1214/1335/1036 1215/1338/1039 1216/1336/1037
f 1112/1216/938 1115/1215/937 1216/1336/1037
f 1115/1215/937 1120/1221/943 1218/1339/1040
f 1216/1336/1037 1218/1339/1040 1219/1340/1041
f 1218/1339/1040 1220/1342/1043 1221/1341/1042
f 1120/1221/943 1122/1223/945 1220/1342/1043
f 1220/1342/1043 1122/1223/945 1126/1226/948
f 1221/1341/1042 1220/1342/1043 1222/1343/1044
f 1223/1344/1045 1222/1343/1044 1224/1345/1046
f 1222/1343/1044 1126/1226/948 1128/1227/949
f 1128/1227/949 1132/1232/954 1226/1347/1048
f 1224/1345/1046 1226/1347/1048 1227/1348/1049
f 1226/1349/1048 1228/1352/1051 1229/1350/1050
f 1132/1235/954 1134/1234/955 1228/1352/1051
f 1134/1234/955 1112/1239/938 1215/1353/1039
f 1229/1350/1050 1228/1352/1051 1215/1353/1039
f 1052/1150/875 1230/1356/1053 1231/1355/1052
f 1230/1356/1053 1139/1243/961 1141/1245/963
f 1141/1245/963 1065/1247/892 1232/1357/1054
f 1055/1153/878 1231/1355/1052 1232/1357/1054
f 794/851/618 988/1078/812 1233/1358/1055
f 887/952/710 1137/1240/958 1233/1358/1055
f 1233/1358/1055 1137/1240/958 1139/1243/961
f 1051/1149/874 1233/1358/1055 1230/1356/1053
f 1056/1359/879 1232/1362/1054 1234/1360/1056
f 1232/1362/1054 1065/1170/892 1068/1172/894
f 1234/1360/1056 1068/1172/894 817/1084/816
f 1235/1361/1057 1234/1360/1056 992/1083/815
f 1236/1363/1058 1237/1364/1059 1057/1155/880
f 1236/1363/1058 1227/1351/1049 1229/1350/1050
f 1237/1364/1059 1229/1350/1050 1214/1354/1036
f 1057/1155/880 1237/1364/1059 1238/1365/1060
f 1239/1366/1061 1240/1367/1062 1235/1361/1057
f 1223/1344/1045 1225/1346/1047 1240/1367/1062
f 1240/1367/1062 1225/1346/1047 1227/1348/1049
f 1240/1367/1062 1236/1368/1058 1056/1359/879
f 1241/1369/1063 1242/1370/1064 998/1092/823
f 1219/1340/1041 1221/1341/1042 1242/1370/1064
f 1221/1341/1042 1223/1344/1045 1239/1366/1061
f 1242/1370/1064 1239/1366/1061 991/1090/821
f 1238/1371/1060 1243/1373/1065 1062/1163/887
f 1214/1335/1036 1217/1337/1038 1243/1373/1065
f 1217/1337/1038 1219/1340/1041 1241/1369/1063
f 1243/1373/1065 1241/1369/1063 807/1094/825
f 1130/1230/952 1244/1376/1067 1245/1374/1066
f 1108/1209/931 1110/1210/932 1245/1374/1066
f 1110/1210/932 1088/1193/915 1246/1377/1068
f 1245/1374/1066 1246/1377/1068 1116/1217/939
f 1247/1378/1069 1248/1380/1071 1129/1379/1070
f 1247/1378/1069 1102/1204/926 1104/1206/928
f 1104/1206/928 1108/1209/931 1244/1376/1067
f 1129/1379/1070 1248/1380/1071 1244/1376/1067
f 1118/1219/941 1249/1382/1073 1250/1381/1072
f 1249/1382/1073 1096/1198/920 1098/1200/922
f 1250/1381/1072 1098/1200/922 1102/1204/926
f 1250/1381/1072 1247/1378/1069 1124/1228/950
f 1246/1377/1068 1251/1384/1075 1117/1383/1074
f 1088/1193/915 1091/1192/914 1251/1384/1075
f 1251/1384/1075 1091/1192/914 1096/1198/920
f 1117/1383/1074 1251/1384/1075 1249/1382/1073
f 1192/1301/1012 1252/1386/1077 1253/1385/1076
f 1170/1280/991 1172/1281/992 1253/1385/1076
f 1172/1281/992 1150/1264/975 1254/1387/1078
f 1197/1306/1017 1253/1385/1076 1254/1387/1078
f 1255/1388/1079 1256/1390/1081 1191/1389/1080
f 1255/1388/1079 1164/1275/986 1166/1277/988
f 1166/1277/988 1170/1280/991 1252/1386/1077
f 1191/1389/1080 1256/1390/1081 1252/1386/1077
f 1257/1391/1082 1258/1392/1083 1185/1295/1006
f 1257/1391/1082 1158/1269/980 1160/1271/982
f 1258/1392/1083 1160/1271/982 1164/1275/986
f 1258/1392/1083 1255/1388/1079 1186/1299/1010
f 1254/1387/1078 1259/1393/1084 1179/1289/1000
f 1150/1264/975 1153/1263/974 1259/1393/1084
f 1259/1393/1084 1153/1263/974 1158/1269/980
f 1179/1289/1000 1259/1393/1084 1257/1391/1082
f 1260/1394/1085 1261/1398/1089 1262/1395/1086
f 1264/1397/1088 1265/1399/1090 1262/1395/1086
f 1265/1399/1090 1266/1494/1107 1267/1400/1091
f 1263/1396/1087 1262/1395/1086 1267/1400/1091
f 1270/1402/1093 1271/1406/1097 1272/1403/1094
f 1270/1402/1093 1273/1495/1105 1274/1405/1096
f 1271/1406/1097 1274/1405/1096 1275/1407/1098
f 1271/1406/1097 1276/1408/1099 1277/1409/1100
f 1277/1409/1100 1276/1408/1099 1278/1410/1101
f 1275/1407/1098 1280/1496/1109 1278/1410/1101
f 1278/1410/1101 1280/1496/1109 1264/1397/1088
f 1278/1410/1101 1261/1398/1089 1260/1394/1085
f 1281/1412/1103 1282/1413/1104 1263/1396/1087
f 1281/1412/1103 1269/1404/1095 1272/1403/1094
f 1282/1413/1104 1272/1403/1094 1277/1409/1100
f 1282/1413/1104 1279/1411/1102 1260/1394/1085
f 1273/1414/1105 1283/1418/1108 1284/1415/1106
f 1266/1417/1107 1265/1497/1090 1284/1415/1106
f 1284/1415/1106 1265/1497/1090 1264/1419/1088
f 1284/1415/1106 1280/1420/1109 1275/1421/1098
f 1285/1422/1110 1286/1426/1114 1287/1423/1111
f 1289/1425/1113 1290/1444/1132 1287/1423/1111
f 1287/1423/1111 1290/1444/1132 1291/1427/1115
f 1287/1423/1111 1292/1428/1116 1293/1429/1117
f 1294/1430/1118 1295/1434/1122 1296/1431/1119
f 1298/1433/1121 1299/1447/1135 1296/1431/1119
f 1296/1431/1119 1299/1447/1135 1300/1435/1123
f 1296/1431/1119 1301/1436/1124 1302/1437/1125
f 1285/1422/1110 1288/1424/1112 1303/1438/1126
f 1293/1429/1117 1305/1446/1134 1303/1438/1126
f 1303/1438/1126 1305/1446/1134 1298/1433/1121
f 1303/1438/1126 1295/1434/1122 1294/1430/1118
f 1289/1425/1113 1286/1426/1114 1306/1440/1128
f 1285/1422/1110 1304/1439/1127 1306/1440/1128
f 1306/1440/1128 1304/1439/1127 1294/1430/1118
f 1306/1440/1128 1297/1432/1120 1302/1437/1125
f 1291/1427/1115 1290/1444/1132 1308/1442/1130
f 1289/1425/1113 1307/1441/1129 1308/1442/1130
f 1308/1442/1130 1307/1441/1129 1302/1437/1125
f 1308/1442/1130 1301/1436/1124 1300/1435/1123
f 1293/1429/1117 1292/1428/1116 1310/1445/1133
f 1291/1427/1115 1309/1443/1131 1310/1445/1133
f 1310/1445/1133 1309/1443/1131 1300/1435/1123
f 1310/1445/1133 1299/1447/1135 1298/1433/1121
