# Blender v3.6.23 OBJ File: ''
# www.blender.org
mtllib rx-7bb2.mtl
o rx7body.001_14_T.003
v 0.037341 0.670561 -0.575172
v 0.042500 0.668721 -0.123844
v 0.049020 0.672387 -0.192472
v 0.752573 -0.189275 -1.806839
v 0.766487 -0.192606 -1.751541
v 0.774930 -0.170308 -1.732383
v 0.764388 -0.127533 -1.817295
v 0.783578 -0.100135 -1.758349
v 0.767974 -0.098862 -1.821892
v 0.750447 -0.188519 -1.809497
v 0.762781 -0.126856 -1.819891
v 0.765842 -0.101481 -1.824392
v 0.761050 -0.099204 -1.824949
v 0.752900 -0.146152 -1.817097
v 0.744488 -0.187802 -1.810056
v 0.783680 -0.037457 -1.769590
v 0.754432 -0.243712 -1.780338
v 0.767479 -0.221904 -1.738079
v 0.746670 -0.254298 -1.795965
v 0.762075 -0.263104 -1.741391
v 0.746830 -0.241028 -1.800576
v 0.740952 -0.225937 -1.803554
v 0.735408 -0.253274 -1.798927
v 0.729636 -0.278450 -1.791792
v 0.746850 -0.291187 -1.724978
v 0.728924 -0.299417 -1.722670
v 0.726976 -0.277601 -1.794484
v 0.743966 -0.253816 -1.798618
v 0.717506 -0.277161 -1.795061
v 0.699218 -0.290185 -1.792890
v 0.690710 -0.294759 -1.792004
v 0.664015 -0.304468 -1.778047
v 0.668778 -0.315262 -1.721942
v 0.668346 -0.300587 -1.790664
v 0.751461 0.157202 -1.830642
v 0.759629 0.120120 -1.822357
v 0.773567 0.124469 -1.779293
v 0.759637 0.159306 -1.802454
v 0.779497 0.079983 -1.761793
v 0.783535 0.121464 -1.743670
v 0.772193 0.163457 -1.754533
v 0.748241 0.050592 -1.846923
v 0.750392 0.032633 -1.843411
v 0.780211 0.036673 -1.753022
v 0.759786 -0.000970 -1.838286
v 0.776926 0.003050 -1.775478
v 0.746030 0.051674 -1.849826
v 0.748044 0.032199 -1.846536
v 0.749453 0.114445 -1.848983
v 0.743470 0.109355 -1.859475
v 0.738854 0.086834 -1.856062
v 0.741900 0.032155 -1.847140
v 0.743246 0.111012 -1.859343
v 0.737911 0.110849 -1.859670
v 0.738294 0.111720 -1.858233
v 0.745483 0.112951 -1.855295
v 0.751041 0.125165 -1.841506
v 0.745810 0.125315 -1.841465
v 0.768368 -0.037819 -1.832089
v 0.751706 0.017614 -1.844083
v 0.766749 -0.037797 -1.834779
v 0.751688 0.001607 -1.841843
v 0.761696 -0.037798 -1.835216
v 0.712009 0.237356 -1.786662
v 0.747963 0.205769 -1.775181
v 0.758432 0.213028 -1.721081
v 0.723644 0.246652 -1.718284
v 0.733780 0.197250 -1.836910
v 0.749776 0.156089 -1.832327
v 0.732179 0.196252 -1.838531
v 0.727609 0.192730 -1.837559
v 0.744536 0.155159 -1.832038
v 0.699960 0.228247 -1.850124
v 0.655664 0.244731 -1.866470
v 0.698363 0.226959 -1.852005
v 0.655587 0.243066 -1.867980
v 0.596384 0.252932 -1.887117
v 0.669404 0.257972 -1.774366
v 0.596117 0.251342 -1.889144
v 0.595942 0.245516 -1.889317
v 0.653820 0.237226 -1.867524
v 0.695838 0.221612 -1.850900
v 0.593916 0.245870 -1.889560
v 0.594281 0.251198 -1.889541
v 0.594321 0.252097 -1.887737
v 0.601645 0.253756 -1.830520
v 0.607118 0.265037 -1.790698
v 0.610476 0.261465 -1.762693
v 0.606414 0.263221 -1.811134
v 0.611903 0.268497 -1.767673
v 0.783042 -0.239398 -1.669736
v 0.790364 -0.200813 -1.635796
v 0.778781 -0.272632 -1.670393
v 0.762955 -0.302091 -1.646752
v 0.705580 -0.320309 -1.636531
v 0.673211 -0.327067 -1.642573
v 0.798758 -0.131393 -1.653635
v 0.799529 -0.102184 -1.675674
v 0.809260 -0.035551 -1.642909
v 0.809829 0.020001 -1.636767
v 0.807795 0.074687 -1.647406
v 0.798235 0.122421 -1.678965
v 0.790359 0.170704 -1.667169
v 0.735725 0.255525 -1.639977
v 0.687888 0.273150 -1.641391
v 0.772293 0.221408 -1.638999
v 0.829152 -0.025363 -1.535678
v 0.814992 -0.098673 -1.578972
v 0.805934 -0.175765 -1.554574
v 0.625958 0.280518 -1.650160
v 0.621543 0.277268 -1.670761
v 0.624349 0.271344 -1.642535
v 0.797918 -0.247085 -1.592895
v 0.802700 -0.203207 -1.559099
v 0.794173 -0.282021 -1.591155
v 0.803614 -0.250689 -1.548589
v 0.803651 -0.204635 -1.543481
v 0.796617 -0.207049 -1.524027
v 0.795934 -0.252521 -1.530628
v 0.790645 -0.282668 -1.533368
v 0.799600 -0.285247 -1.550676
v 0.777562 -0.251788 -1.520934
v 0.778393 -0.207923 -1.514493
v 0.771498 -0.307376 -1.598358
v 0.778309 -0.310225 -1.551266
v 0.729577 -0.325336 -1.563345
v 0.772372 -0.274822 -1.522923
v 0.773714 -0.303515 -1.533709
v 0.764678 -0.285934 -1.523117
v 0.730832 -0.312427 -1.529170
v 0.731275 -0.324987 -1.550562
v 0.754974 -0.292819 -1.524307
v 0.687024 -0.327419 -1.533341
v 0.676766 -0.335914 -1.550056
v 0.675283 -0.334099 -1.582313
v 0.833455 0.020264 -1.522578
v 0.811768 -0.152165 -1.531399
v 0.804590 -0.158366 -1.512000
v 0.787223 -0.158910 -1.502952
v 0.835102 0.052176 -1.517985
v 0.835147 0.094665 -1.508456
v 0.832763 0.127847 -1.496892
v 0.819716 0.180822 -1.493843
v 0.792354 0.232769 -1.494231
v 0.827591 -0.076784 -1.499233
v 0.816525 -0.105332 -1.491649
v 0.829783 -0.046776 -1.460531
v 0.801241 -0.106387 -1.486041
v 0.815252 -0.049097 -1.457108
v 0.705312 0.284540 -1.494393
v 0.641069 0.292400 -1.495647
v 0.754872 0.267413 -1.494810
v 0.638849 0.291260 -1.494529
v 0.638809 0.284720 -1.492468
v 0.844383 0.039289 -1.456633
v 0.847950 0.078743 -1.418482
v 0.843697 0.013284 -1.443971
v 0.837354 -0.026461 -1.471230
v 0.822514 -0.000178 -1.419596
v 0.838156 0.001966 -1.421981
v 0.850749 0.132137 -1.317801
v 0.849388 0.050521 -1.395276
v 0.855766 0.105568 -1.284949
v 0.835964 0.189336 -1.316233
v 0.808076 0.241402 -1.322628
v 0.844673 0.050306 -1.367603
v 0.826141 0.047753 -1.365635
v 0.832399 0.092089 -1.278701
v 0.851158 0.094822 -1.280544
v 0.770599 0.274826 -1.324927
v 0.720125 0.291767 -1.324554
v 0.653371 0.299993 -1.321023
v 0.650683 0.298814 -1.324483
v 0.650514 0.292771 -1.323010
v 0.816485 0.242942 -1.158261
v 0.843486 0.193866 -1.152429
v 0.856104 0.151239 -1.146520
v 0.836946 0.116452 -1.144988
v 0.853810 0.118682 -1.145265
v 0.858951 0.127522 -1.145282
v 0.782164 0.274485 -1.123580
v 0.729203 0.292792 -1.208770
v 0.670178 0.303302 -1.140205
v 0.656024 0.304224 -1.157287
v 0.655231 0.298350 -1.160826
v 0.838159 0.098862 -1.007619
v 0.851462 0.099572 -1.006887
v 0.861338 0.107294 -1.003032
v 0.859835 0.127952 -0.974254
v 0.845329 0.185557 -0.975992
v 0.819116 0.240278 -1.063444
v 0.786651 0.271226 -0.986106
v 0.742314 0.291242 -1.013856
v 0.836019 0.048684 -0.909168
v 0.850847 0.049480 -0.908380
v 0.858484 0.055113 -0.901412
v 0.859797 0.064967 -0.867851
v 0.697859 0.300660 -0.995919
v 0.681673 0.316676 -0.926084
v 0.651637 0.332110 -1.027626
v 0.648831 0.328162 -1.026304
v 0.653891 0.310818 -1.069014
v 0.656195 0.315145 -1.069653
v 0.658101 0.315820 -1.067623
v 0.654677 0.335292 -1.009802
v 0.854512 0.118695 -0.817825
v 0.843657 0.178059 -0.850271
v 0.820378 0.233768 -0.912519
v 0.855906 0.059998 -0.766785
v 0.790072 0.264744 -0.859634
v 0.749839 0.286588 -0.881555
v 0.710818 0.299114 -0.875654
v 0.847303 -0.015030 -0.842959
v 0.831639 -0.015857 -0.844308
v 0.820540 -0.083213 -0.805887
v 0.838807 -0.082787 -0.804062
v 0.844501 -0.081016 -0.790488
v 0.852410 -0.029745 -0.817512
v 0.854997 -0.009598 -0.811528
v 0.852002 -0.006378 -0.735956
v 0.662614 0.336232 -0.959837
v 0.639525 0.380835 -0.956563
v 0.642726 0.360759 -0.991419
v 0.639616 0.356629 -0.990038
v 0.843981 -0.080361 -0.752767
v 0.840825 -0.080000 -0.688826
v 0.852150 0.113650 -0.721147
v 0.842208 0.169979 -0.739095
v 0.688580 0.316421 -0.869182
v 0.681054 0.327570 -0.865158
v 0.654103 0.388790 -0.833408
v 0.626861 0.411342 -0.926368
v 0.638044 0.422519 -0.812532
v 0.622986 0.410566 -0.939526
v 0.619209 0.406339 -0.938128
v 0.820512 0.224370 -0.752163
v 0.792104 0.258143 -0.755194
v 0.837807 -0.077610 -0.606400
v 0.584547 0.490618 -0.863970
v 0.583129 0.489923 -0.865261
v 0.578912 0.486011 -0.863941
v 0.852179 0.058180 -0.694833
v 0.844758 0.058867 -0.695176
v 0.843293 0.113306 -0.718182
v 0.850610 0.113794 -0.718270
v 0.833788 0.168509 -0.735503
v 0.840836 0.169556 -0.735613
v 0.853712 0.058948 -0.697543
v 0.814368 0.218351 -0.747578
v 0.820347 0.221569 -0.747931
v 0.849280 -0.005849 -0.663445
v 0.791771 0.256502 -0.751669
v 0.753212 0.278737 -0.749798
v 0.751207 0.281286 -0.753048
v 0.787902 0.250664 -0.751275
v 0.750369 0.272354 -0.749641
v 0.836371 -0.077420 -0.603939
v 0.829170 -0.077364 -0.603798
v 0.839771 -0.006898 -0.660522
v 0.847492 -0.007153 -0.660377
v 0.591625 0.501433 -0.781482
v 0.716549 0.297097 -0.748665
v 0.692387 0.325195 -0.741640
v 0.700720 0.309804 -0.745741
v 0.669798 0.369045 -0.769082
v 0.686767 0.333977 -0.746913
v 0.682284 0.333598 -0.745149
v 0.662870 0.369376 -0.760211
v 0.668492 0.369632 -0.765308
v 0.640650 0.427624 -0.750580
v 0.639430 0.427775 -0.746878
v 0.633602 0.427346 -0.741398
v 0.539718 0.569722 -0.746747
v 0.537847 0.557022 -0.810036
v 0.536707 0.555962 -0.811554
v 0.540786 0.577017 -0.702753
v 0.532757 0.551429 -0.811379
v 0.717844 0.295038 -0.745458
v 0.712133 0.291725 -0.744673
v 0.695930 0.306217 -0.741577
v 0.699297 0.310215 -0.741697
v 0.692088 0.323891 -0.739413
v 0.691454 0.314350 -0.740400
v 0.691245 0.325119 -0.739441
v 0.686519 0.325461 -0.739365
v 0.441299 0.615572 -0.771548
v 0.439166 0.609972 -0.771794
v 0.488377 0.589753 -0.784201
v 0.491876 0.594817 -0.784059
v 0.492115 0.596649 -0.782077
v 0.442524 0.616885 -0.770057
v 0.593552 0.509991 -0.714395
v 0.593333 0.509803 -0.694037
v 0.585871 0.509961 -0.687500
v 0.538905 0.589573 -0.630612
v 0.495346 0.610756 -0.702853
v 0.444246 0.628911 -0.703633
v 0.496023 0.621336 -0.636186
v 0.385230 0.647280 -0.668973
v 0.385518 0.638598 -0.716331
v 0.387503 0.628560 -0.764916
v 0.316967 0.637257 -0.762389
v 0.305079 0.636861 -0.763452
v 0.373903 0.629268 -0.765442
v 0.384688 0.621569 -0.766375
v 0.317578 0.629796 -0.763904
v 0.544028 0.581975 -0.618208
v 0.534176 0.577139 -0.614563
v 0.278731 0.652628 -0.701474
v 0.318001 0.650046 -0.701126
v 0.223634 0.643963 -0.761578
v 0.218093 0.642880 -0.762806
v 0.233641 0.636076 -0.763093
v 0.445987 0.639947 -0.634257
v 0.388780 0.654183 -0.618838
v 0.078256 0.649949 -0.761542
v 0.081257 0.648774 -0.762638
v 0.126444 0.641868 -0.762832
v 0.068753 0.659111 -0.704808
v 0.217977 0.665531 -0.618190
v 0.084422 0.667182 -0.622376
v 0.318508 0.662404 -0.618860
v 0.520868 0.615183 -0.513732
v 0.494144 0.631981 -0.555559
v 0.525530 0.605738 -0.530811
v 0.514975 0.599896 -0.529291
v 0.446993 0.650260 -0.550010
v 0.391513 0.661119 -0.555238
v 0.319423 0.668510 -0.559342
v 0.276829 0.672108 -0.529594
v 0.492403 0.641214 -0.424550
v 0.450521 0.657035 -0.424570
v 0.517008 0.622925 -0.386145
v 0.509772 0.608228 -0.424077
v 0.520368 0.614078 -0.423919
v 0.395776 0.668298 -0.424590
v 0.323657 0.676395 -0.424624
v 0.282620 0.677277 -0.424606
v 0.140130 0.675978 -0.423757
v 0.163200 0.671962 -0.532902
v 0.458380 0.654079 -0.271759
v 0.405044 0.664940 -0.270993
v 0.495749 0.639002 -0.272388
v 0.511378 0.608565 -0.273226
v 0.521913 0.614375 -0.273635
v 0.523346 0.616667 -0.270811
v 0.331073 0.672727 -0.270079
v 0.218475 0.674496 -0.268703
v 0.676279 0.272349 0.477733
v 0.674124 0.271430 0.480355
v 0.669329 0.283816 0.460264
v 0.678227 0.277542 0.466726
v 0.686362 0.278818 0.444364
v 0.686725 0.274568 0.449923
v 0.672895 0.267533 0.480371
v 0.672619 0.268578 0.479810
v 0.662561 0.275911 0.451286
v 0.669818 0.260265 0.475626
v 0.672153 0.259096 0.479780
v 0.681416 0.268382 0.456171
v 0.681349 0.259410 0.452181
v 0.674666 0.258752 0.473535
v 0.691309 0.274041 0.409910
v 0.681442 0.301988 0.371334
v 0.675394 0.287419 0.377814
v 0.679997 0.267803 0.401507
v 0.692369 0.274368 0.420833
v 0.692410 0.278909 0.415130
v 0.686971 0.268974 0.423396
v 0.656839 0.354072 0.334899
v 0.656717 0.367428 0.284491
v 0.630029 0.403770 0.280377
v 0.681041 0.258998 0.412395
v 0.685369 0.259286 0.425093
v 0.519850 0.596228 -0.155921
v 0.530306 0.602031 -0.156070
v 0.532181 0.602315 -0.129285
v 0.419892 0.651598 -0.139560
v 0.474485 0.639047 -0.144783
v 0.508257 0.623624 -0.149756
v 0.634885 0.349223 0.348021
v 0.628514 0.391472 0.300652
v 0.657709 0.359811 0.291357
v 0.646970 0.358595 0.282436
v 0.535423 0.574206 -0.076988
v 0.545409 0.579866 -0.076671
v 0.545893 0.583329 -0.079648
v 0.528927 0.597292 -0.056420
v 0.495774 0.615551 -0.052957
v 0.439265 0.628970 -0.040775
v 0.504901 0.598897 -0.009294
v 0.448825 0.613223 0.002376
v 0.608439 0.454121 0.203391
v 0.616165 0.450114 0.184399
v 0.620729 0.448920 0.163128
v 0.595249 0.466919 0.184948
v 0.593512 0.439042 0.205361
v 0.605692 0.474498 0.118921
v 0.609249 0.442245 0.157361
v 0.281938 0.664674 -0.133981
v 0.342566 0.660847 -0.134087
v 0.559762 0.556706 -0.022367
v 0.551385 0.551850 -0.024546
v 0.570990 0.517144 0.036511
v 0.580397 0.521361 0.042145
v 0.582125 0.522694 0.044566
v 0.552621 0.571693 -0.041424
v 0.575246 0.528106 0.059566
v 0.550863 0.568782 -0.008417
v 0.568826 0.530113 0.080383
v 0.543546 0.572163 0.009329
v 0.537109 0.571610 0.013051
v 0.550071 0.551856 0.046654
v 0.523804 0.585149 -0.004584
v 0.532941 0.584141 -0.008158
v 0.549917 0.522840 0.075065
v 0.526177 0.564617 0.009350
v 0.516319 0.576746 -0.006314
v 0.498612 0.585452 -0.009153
v 0.502791 0.595888 -0.007762
v 0.447376 0.606577 0.009133
v 0.444315 0.591369 0.003169
v 0.336228 0.642401 -0.027935
v 0.369109 0.619738 0.030829
v 0.370172 0.615243 0.031134
v 0.367386 0.598881 0.023933
v 0.155067 0.667697 -0.125820
v 0.222981 0.650154 -0.017665
v 0.261738 0.627561 0.048945
v 0.261655 0.623282 0.049648
v 0.261097 0.606447 0.041902
v 0.130923 0.653987 -0.013967
v 0.134237 0.633617 0.061015
v 0.134274 0.612358 0.054385
v 0.135882 0.629273 0.061794
v 0.748253 -0.167045 -1.813684
v 0.727681 -0.265963 -1.796863
v 0.707099 -0.285183 -1.793745
v 0.783611 0.101961 -1.748416
v 0.766952 0.099946 -1.802028
v 0.762694 -0.015934 -1.838655
v 0.807617 0.243019 -0.754399
v 0.839755 0.140750 -0.727402
v 0.716654 0.213484 -1.844867
v 0.642145 0.262569 -1.780111
v 0.739105 -0.306763 -1.671640
v 0.842693 -0.042538 -0.635187
v 0.795288 0.077968 -1.701632
v 0.713517 0.266033 -1.640691
v 0.755428 0.240765 -1.639356
v 0.676134 -0.336104 -1.563056
v 0.618170 0.273981 -1.717073
v 0.518203 0.595155 -0.015625
v 0.795970 -0.231075 -1.527899
v 0.788418 -0.207502 -1.518411
v 0.799711 -0.182844 -1.518830
v 0.796758 -0.158854 -1.506696
v 0.657085 0.394931 -0.765520
v 0.810216 -0.132849 -1.503142
v 0.684388 0.259639 0.437687
v 0.830789 -0.083160 -0.805658
v 0.633829 0.286952 -1.574497
v 0.745392 0.261791 -1.571623
v 0.464416 0.601464 -0.776716
v 0.514608 0.578244 -0.795321
v 0.416580 0.641713 -0.667337
v 0.679331 0.266723 -1.702996
v 0.770388 0.262085 -0.751026
v 0.557671 0.548455 -0.652852
v 0.408856 0.594907 0.013314
v 0.823498 0.216686 -1.319811
v 0.841396 0.025998 -1.397571
v 0.317757 0.602782 0.033575
v 0.645411 0.295646 -1.411321
v 0.068458 0.630946 0.065428
v 0.484307 0.604232 -0.003508
v 0.318024 0.657353 -0.656761
v 0.361739 0.673118 -0.424608
v 0.840648 0.192709 -1.231786
v 0.853099 0.111063 -1.217031
v 0.683583 0.258394 0.417499
v 0.412979 0.616418 -0.768539
v 0.399729 0.667797 -0.349776
v 0.509750 0.609742 -0.349912
v 0.326833 0.675704 -0.349687
v 0.690234 0.274633 0.434124
v 0.605656 0.453285 0.208729
v 0.628785 0.400391 0.221656
v 0.569338 0.544838 0.005694
v 0.588467 0.494567 0.138425
v 0.525852 0.587281 -0.005911
v 0.837407 0.076729 -0.953298
v 0.516087 0.590638 -0.008015
v 0.163325 0.671971 -0.194859
v 0.687288 0.324830 -0.813503
v 0.679095 0.348652 -0.757595
v 0.336199 0.668001 -0.198146
v 0.659512 0.277757 -1.641980
v 0.132386 0.644755 0.025607
v 0.794397 -0.269250 -1.532377
v 0.786904 -0.262997 -1.526456
v 0.768611 -0.281512 -1.523101
v 0.065941 0.655439 -0.012429
v 0.226688 0.640630 0.019778
v 0.823432 -0.075623 -1.477162
v 0.809591 -0.106137 -1.487980
v 0.729521 0.282509 -0.747219
v 0.843023 -0.081928 -0.799631
v 0.647978 0.344445 -1.010464
v 0.695362 -0.292892 -1.792391
v 0.780814 0.142352 -1.741121
v 0.449806 0.609946 0.008282
v 0.742777 0.117330 -1.848874
v 0.669731 0.338323 -0.908526
v 0.757519 -0.015287 -1.838997
v 0.847009 0.141374 -0.727478
v 0.853755 0.086910 -0.710243
v 0.738179 0.174104 -1.833172
v 0.679729 0.237976 -1.857725
v 0.713107 0.208838 -1.843737
v 0.774057 0.269987 -0.754787
v 0.802270 0.236587 -0.750343
v 0.798689 -0.036219 -1.697980
v 0.835196 -0.042290 -0.635302
v 0.843943 0.056056 -1.463476
v 0.848518 0.141389 -0.730681
v 0.411594 0.618347 0.012936
v 0.696721 0.279209 -1.571493
v 0.631697 0.285651 -1.572886
v 0.517659 0.594662 -0.716753
v 0.790543 0.260685 -1.324262
v 0.645310 0.289559 -1.409540
v 0.472155 0.631870 -0.634194
v 0.162508 0.646867 -0.761489
v 0.857998 0.102452 -1.005743
v 0.850597 0.077096 -0.952516
v 0.654429 0.322702 -1.045715
v 0.652982 0.332913 -1.025359
v 0.850617 0.148508 -0.839569
v 0.281178 0.656419 -0.073454
v 0.153773 0.661431 -0.065451
v 0.856089 0.089762 -0.792344
v 0.321692 0.674357 -0.483616
v 0.813165 0.243092 -1.238288
v 0.831505 0.219311 -1.155738
v 0.287756 0.674132 -0.269691
v 0.800979 0.260664 -1.131759
v 0.520295 0.615513 -0.349953
v 0.793880 -0.133519 -1.495697
v 0.674173 0.348194 -0.754108
v 0.064690 0.644099 -0.762804
v 0.631726 0.278121 -1.570310
v 0.510724 0.573562 -0.795305
v 0.561022 0.552555 0.019180
v 0.517537 0.607145 -0.640960
v 0.841201 0.039536 -1.481311
v 0.544902 0.584107 -0.620319
v 0.526745 0.608115 -0.531491
v 0.756035 -0.168989 -1.810287
v 0.750563 -0.209553 -1.803373
v 0.758593 -0.216894 -1.772822
v 0.748830 -0.241681 -1.798196
v 0.738656 -0.285080 -1.758639
v 0.713516 -0.287339 -1.790500
v 0.679532 -0.297820 -1.791476
v 0.527130 0.585734 -0.112405
v 0.745295 0.109844 -1.858014
v 0.748327 0.117063 -1.848902
v 0.832765 0.198267 -0.746372
v 0.527274 0.605984 -0.577621
v 0.731521 0.223504 -1.780577
v 0.764471 0.187053 -1.751866
v 0.690857 0.247815 -1.790367
v 0.627420 0.241645 -1.877549
v 0.807123 0.241354 -0.750793
v 0.645001 0.340576 -1.008997
v 0.796712 -0.284646 -1.540887
v 0.779355 -0.285825 -1.528045
v 0.784148 -0.294417 -1.533801
v 0.767349 -0.296216 -1.527471
v 0.757754 -0.308981 -1.532875
v 0.068329 0.635251 0.064393
v 0.822238 0.018397 -1.579665
v 0.807590 0.208055 -1.494021
v 0.825081 0.195096 -0.742449
v 0.565384 0.540594 -0.754371
v 0.823251 -0.048316 -1.457921
v 0.782450 0.227195 -1.571385
v 0.163478 0.674363 -0.486851
v 0.851452 0.170530 -1.149059
v 0.776083 0.275598 -1.240019
v 0.478670 0.647352 -0.272070
v 0.844696 -0.080512 -0.774981
v 0.535392 0.549214 0.033697
v 0.861996 0.115520 -0.997077
v 0.844865 0.191746 -1.076411
v 0.685551 0.264355 0.424008
v 0.465238 0.648176 -0.203528
v 0.169659 0.676000 -0.342150
v 0.434151 0.659830 -0.271405
v 0.282055 0.670594 -0.201199
v 0.543598 0.563084 -0.048683
v 0.600186 0.489765 0.098983
v 0.860360 0.084057 -0.947133
v 0.651758 0.318642 -1.044507
v 0.350277 0.650840 -0.076419
v 0.833355 0.205655 -0.848182
v 0.199194 0.630958 0.055840
v 0.746672 0.289251 -0.947158
v 0.849800 0.102796 -1.377802
v 0.850267 0.070656 -1.392912
v 0.829067 0.185210 -1.406055
v 0.747531 0.284869 -1.324957
v 0.074598 0.663856 -0.662098
v 0.352995 0.625987 -0.764877
v 0.513140 0.618759 -0.563699
v 0.531470 0.598331 -0.575573
v 0.843292 0.082051 -1.458794
v 0.840502 -0.006005 -1.438897
v 0.774821 0.252614 -1.494555
v 0.467967 0.608388 -0.774776
v 0.618892 0.468419 -0.726733
v 0.531579 0.604099 -0.155587
v 0.640380 0.372125 -0.977487
v 0.602651 0.436777 0.222246
v 0.552618 0.568446 -0.047814
v 0.798780 -0.176181 -1.602910
v 0.796801 -0.225439 -1.596167
v 0.797464 -0.265639 -1.592002
v 0.802930 -0.249399 -1.562068
v 0.791715 -0.299081 -1.551155
v 0.760503 -0.288528 -1.523264
v 0.649925 0.395112 -0.756088
v 0.561159 0.527206 -0.833183
v 0.808751 -0.077388 -1.472880
v 0.757472 -0.124639 -1.820700
v 0.768614 -0.250286 -1.727882
v 0.666135 -0.309218 -1.754795
v 0.663807 -0.302162 -1.788248
v 0.842532 -0.080332 -0.723915
v 0.761302 0.050717 -1.812414
v 0.754026 0.106672 -1.837209
v 0.606948 0.448610 -0.902186
v 0.831749 0.196959 -0.742628
v 0.751946 0.138448 -1.835366
v 0.627053 0.249410 -1.876518
v 0.676600 0.230827 -1.858648
v 0.605614 0.257596 -1.800458
v 0.779425 -0.202366 -1.689361
v 0.755281 -0.297056 -1.686078
v 0.660095 0.353390 0.322221
v 0.651871 0.357117 0.341680
v 0.858207 0.145829 -1.067365
v 0.854000 0.156632 -0.975211
v 0.804244 0.256496 -0.985725
v 0.411606 0.659716 -0.201034
v 0.537523 0.591534 -0.112456
v 0.632566 0.407672 0.263027
v 0.520506 0.572380 -0.001922
v 0.860857 0.096427 -0.916234
v 0.806543 0.249285 -0.852084
v 0.624833 0.410267 -0.938938
v 0.220041 0.668871 -0.577281
v 0.200168 0.626629 0.056514
v 0.858436 0.137053 -1.145448
v 0.370423 0.669474 -0.270532
v 0.682560 0.274020 0.463031
v 0.673003 0.263686 0.478696
v 0.276052 0.665643 -0.607187
v 0.521019 0.592624 -0.573114
v 0.492553 0.638626 -0.483535
v 0.472111 0.642200 -0.552236
v 0.352492 0.646191 -0.702097
v 0.278155 0.633064 -0.763366
v 0.801055 0.237749 -1.409614
v 0.689185 0.296341 -1.323910
v 0.183029 0.639069 -0.762926
v 0.842685 0.130472 -1.411995
v 0.691000 0.277556 0.405036
v 0.692656 0.274064 0.413498
v 0.525048 0.608791 -0.126639
v 0.182050 0.656615 -0.699921
v 0.846387 0.117187 -1.145154
v 0.509851 0.629075 -0.272742
v 0.673806 0.274177 0.476837
v 0.657068 0.302483 -1.227540
v 0.837999 0.112853 -1.073258
v 0.833712 0.213046 -0.976697
v 0.500689 0.632965 -0.205671
v 0.651190 0.307060 0.408607
v 0.538153 0.590664 -0.068700
v 0.765248 0.283361 -1.016602
v 0.639466 0.406063 0.235115
v 0.568289 0.542540 0.005112
v 0.557249 0.564735 -0.033990
v 0.556412 0.548026 0.055063
v 0.570425 0.484178 0.134709
v 0.844019 0.048783 -0.909069
v 0.681089 0.308078 -0.995209
v 0.199329 0.609746 0.048856
v 0.705416 0.299966 -0.934716
v 0.766309 -0.169264 -1.769963
v 0.780240 -0.126298 -1.754082
v 0.740597 -0.267002 -1.793767
v 0.701842 -0.299442 -1.756914
v 0.753952 0.138490 -1.833462
v 0.766074 0.033992 -1.798015
v 0.753958 0.017226 -1.840925
v 0.634846 0.418478 -0.853275
v 0.635086 0.381726 -0.968762
v 0.852358 0.028913 -0.683058
v 0.742546 0.231837 -1.719897
v 0.744814 0.177250 -1.832320
v 0.746801 0.138296 -1.835215
v 0.678418 0.236487 -1.859608
v 0.702806 -0.312677 -1.687419
v 0.671213 -0.321386 -1.684116
v 0.783602 -0.172138 -1.690533
v 0.802860 -0.069580 -1.671699
v 0.553951 0.555884 0.037069
v 0.614515 0.456801 -0.830097
v 0.775636 -0.265683 -1.522355
v 0.732507 -0.321137 -1.540125
v 0.746193 -0.301881 -1.526753
v 0.707818 -0.320883 -1.530589
v 0.827975 0.153650 -1.494040
v 0.655841 0.395291 -0.761749
v 0.559505 0.526781 -0.834236
v 0.667920 0.262715 0.470337
v 0.701715 0.299206 -0.742765
v 0.415867 0.623398 -0.766947
v 0.618156 0.467479 -0.723573
v 0.510828 0.581222 -0.009041
v 0.522099 0.610659 -0.482822
v 0.671100 0.259625 0.478393
v 0.355542 0.633056 -0.763449
v 0.421404 0.657828 -0.531770
v 0.559403 0.538511 0.000304
v 0.514637 0.604027 -0.208528
v 0.854808 0.116179 -1.291575
v 0.844737 0.162074 -1.313313
v 0.836479 0.048455 -1.366180
v 0.848129 0.073816 -1.329931
v 0.713270 0.288872 -1.411056
v 0.419712 0.651582 -0.595165
v 0.675491 0.276179 0.472761
v 0.654091 0.301169 -1.236958
v 0.693105 0.278705 0.408142
v 0.852559 0.114067 -1.072414
v 0.513467 0.607974 -0.057384
v 0.429916 0.640542 -0.084599
v 0.363966 0.629982 0.003838
v 0.383846 0.656769 -0.136754
v 0.542803 0.581049 -0.031184
v 0.540555 0.573134 0.012740
v 0.855606 0.051380 -0.906329
v 0.656170 0.323536 -1.043097
v 0.673194 0.271683 0.479203
v 0.771072 0.277178 -0.872143
v 0.507829 0.630355 -0.424533
v 0.511518 0.604801 -0.482220
v 0.853969 0.146707 -1.225345
v 0.857749 0.121765 -1.145290
v 0.493226 0.641573 -0.349919
v 0.669749 0.270158 0.470779
v 0.773822 0.268376 -0.751293
v 0.617686 0.461637 -0.785929
v 0.819490 -0.035434 -1.587194
v 0.823084 -0.067641 -1.548942
v 0.798960 -0.284715 -1.563651
v 0.786046 -0.296431 -1.592363
v 0.782131 -0.256934 -1.670114
v 0.475424 0.588546 -0.004819
v 0.781780 -0.183345 -1.509108
v 0.823268 0.074652 -1.575942
v 0.473053 0.650081 -0.424562
v 0.555707 0.522188 -0.833825
v 0.742274 -0.207979 -1.806621
v 0.756045 -0.277681 -1.737409
v 0.857370 0.026533 -0.821475
v 0.775566 0.018596 -1.771855
v 0.740076 0.049305 -1.849849
v 0.753017 0.124281 -1.839497
v 0.534353 0.586187 -0.020299
v 0.631661 0.377473 -0.967383
v 0.839350 -0.079086 -0.650181
v 0.450112 0.645653 -0.142248
v 0.701986 0.257335 -1.719112
v 0.629902 0.247239 -1.877251
v 0.787382 -0.221706 -1.647654
v 0.795367 0.026135 -1.696920
v 0.798977 0.100702 -1.684274
v 0.658638 0.312034 0.417925
v 0.448862 0.655086 -0.483558
v 0.675586 0.289069 -1.493666
v 0.732031 0.277684 -1.494784
v 0.612006 0.467376 -0.717747
v 0.628053 0.401640 0.286985
v 0.393277 0.666497 -0.483584
v 0.357329 0.665503 -0.557431
v 0.425080 0.662959 -0.424578
v 0.593808 0.511409 -0.696467
v 0.493394 0.631781 -0.147223
v 0.453574 0.656881 -0.349857
v 0.682094 0.278250 0.457660
v 0.672985 0.258781 0.478502
v 0.679807 0.273114 0.395742
v 0.699709 0.298357 -1.152624
v 0.653786 0.295139 -1.236450
v 0.860577 0.122533 -1.070888
v 0.663590 0.318135 0.337670
v 0.485748 0.627228 -0.093281
v 0.501533 0.606833 -0.027621
v 0.736745 0.292432 -1.082852
v 0.615396 0.393717 0.278362
v 0.588699 0.483287 0.091915
v 0.530194 0.580160 0.000611
v 0.859257 0.048316 -0.873891
v 0.318992 0.623792 0.040531
v 0.729064 0.292862 -0.878992
v 0.752041 0.283599 -0.819043
v 0.853456 0.084692 -1.337669
v 0.849157 0.054356 -1.371026
v 0.829104 0.071093 -1.327913
v 0.647707 0.296684 -1.412608
v 0.270073 0.660664 -0.651201
v 0.353395 0.657170 -0.634528
v 0.525126 0.609828 -0.208761
v 0.696822 0.316233 -0.744481
v 0.481025 0.600841 -0.002001
v 0.566410 0.551528 -0.679420
v 0.837595 -0.006931 -1.487911
v 0.415700 0.632960 -0.717361
v 0.840201 -0.015754 -0.844139
v 0.844167 -0.047729 -0.821092
v 0.856617 0.022729 -0.863014
v 0.784798 -0.068753 -1.764010
v 0.737837 -0.266615 -1.796174
v 0.711336 -0.286790 -1.793013
v 0.772301 0.140473 -1.774689
v 0.765219 -0.017759 -1.834953
v 0.746026 0.016726 -1.844389
v 0.604927 0.449051 -0.902513
v 0.852261 0.086760 -0.707577
v 0.718319 0.214592 -1.843095
v 0.791208 -0.176380 -1.647960
v 0.795770 0.145909 -1.672315
v 0.680666 0.347553 -0.760730
v 0.808638 -0.128172 -1.592667
v 0.803181 -0.228590 -1.546585
v 0.801344 -0.251842 -1.538342
v 0.803022 -0.269376 -1.549872
v 0.777199 -0.310248 -1.564176
v 0.751861 -0.315249 -1.597535
v 0.470999 0.622521 -0.047058
v 0.820007 0.125432 -1.573054
v 0.820319 -0.104724 -1.532140
v 0.761236 0.284855 -1.099513
v 0.658082 0.304848 -1.159031
v 0.689955 0.278830 0.428817
v 0.685171 0.268342 0.412464
v 0.445537 0.619520 -0.012611
v 0.518149 0.611525 -0.101465
v 0.638608 0.404816 0.225991
v 0.562629 0.518004 0.095345
v 0.686081 0.302023 -1.061730
v 0.401509 0.634713 -0.034680
v 0.271422 0.641006 -0.761802
v 0.412388 0.610993 0.020139
v 0.067550 0.613973 0.058291
v 0.414514 0.622110 -0.768336
v 0.521736 0.616425 -0.424455
v 0.835075 0.108484 -1.215898
v 0.857445 0.120995 -1.219014
v 0.566259 0.550938 -0.658136
v 0.679938 0.262877 0.406762
v 0.806469 -0.180460 -1.538846
v 0.824246 0.023723 -1.395487
v 0.843031 0.092948 -1.279497
v 0.855012 0.098712 -1.282162
v 0.471017 0.621597 -0.699122
v 0.763435 0.271967 -1.411264
v 0.831121 0.000286 -1.419989
v 0.515123 0.580013 -0.793303
v 0.680580 0.264068 0.455817
v 0.467232 0.606869 -0.776481
v 0.781904 0.195896 -1.661619
v 0.733662 0.289093 -0.751201
v 0.713960 0.298363 -0.815286
v 0.801714 -0.205953 -1.532323
v 0.776940 -0.308240 -1.541381
v 0.758861 -0.318148 -1.550984
v 0.678291 -0.332722 -1.540049
v 0.809354 -0.157200 -1.520257
v 0.808071 0.176410 -1.571930
v 0.816601 -0.123324 -1.507807
v 0.739332 -0.240478 -1.801072
v 0.526475 0.612106 -0.207922
v 0.318877 0.619493 0.041200
v 0.697472 0.307406 -0.872354
v 0.600944 0.444838 -0.901229
v 0.844898 0.086773 -0.707629
v 0.752278 0.180488 -1.803898
v 0.743302 0.176296 -1.833798
v 0.827621 -0.048391 -0.822740
v 0.772251 -0.287863 -1.666320
v 0.795443 0.006000 -1.701481
v 0.684946 0.267563 0.437686
v 0.769410 -0.067525 -1.827124
v 0.819751 -0.023833 -1.439654
v 0.834537 -0.021521 -1.442473
v 0.831148 -0.048800 -1.507372
v 0.762744 -0.068006 -1.830161
v 0.809454 -0.010447 -1.642025
v 0.767666 -0.067671 -1.829885
v 0.831464 -0.054852 -1.473891
v 0.694527 0.313979 -0.811803
v 0.675886 0.325394 -0.917829
v 0.656659 0.308877 -1.104640
v 0.655150 0.303798 -1.105874
v 0.705390 0.303079 -0.743199
v 0.850747 -0.043800 -0.787982
v 0.706054 0.303898 -0.747017
v 0.834206 0.016998 -0.872973
v 0.851849 -0.013282 -0.839562
v 0.849419 0.017829 -0.871942
v 0.847386 -0.041819 -0.712997
v 0.844354 -0.041918 -0.638004
v 0.850625 0.027021 -0.679802
v 0.658664 0.309545 -1.103948
v 0.842997 0.027355 -0.679987
v 0.721813 -0.293355 -1.757463
v 0.761249 0.139060 -1.811185
v 0.772791 0.110296 -1.785048
v 0.792150 -0.127163 -1.694916
v 0.797444 -0.011630 -1.698980
v 0.816245 -0.067038 -1.593093
v 0.651435 0.271380 -1.705311
v 0.802398 -0.227329 -1.560523
v 0.801141 -0.229977 -1.535905
v 0.800319 -0.269729 -1.539929
v 0.787735 -0.231477 -1.522388
v 0.802402 -0.268399 -1.563038
v 0.790924 -0.298876 -1.564044
v 0.789325 -0.297783 -1.541378
v 0.758557 -0.315224 -1.540844
v 0.757310 -0.318365 -1.564003
v 0.821251 -0.009898 -1.582811
v 0.804667 -0.181754 -1.527255
v 0.791616 -0.183296 -1.513210
v 0.822248 0.102686 -1.574284
v 0.796912 0.202917 -1.571580
v 0.815563 0.150187 -1.572338
v 0.816799 -0.076816 -1.474130
v 0.802824 -0.133429 -1.498599
v 0.667684 0.283784 -1.571072
v 0.722881 0.272219 -1.571671
v 0.765213 0.246913 -1.571456
v 0.827887 -0.023181 -1.440185
v 0.843957 0.105119 -1.434534
v 0.852730 0.094299 -1.349015
v 0.816548 0.212845 -1.408025
v 0.837757 0.157471 -1.404991
v 0.839811 0.071910 -1.328663
v 0.833734 0.024245 -1.395891
v 0.852345 0.077831 -1.332434
v 0.845861 0.030116 -1.402038
v 0.847529 0.048744 -1.425372
v 0.740395 0.282083 -1.411360
v 0.682949 0.293342 -1.410476
v 0.783439 0.257442 -1.410694
v 0.828432 0.218965 -1.235430
v 0.848931 0.167979 -1.228312
v 0.845302 0.109333 -1.216421
v 0.856758 0.114594 -1.217834
v 0.856605 0.131333 -1.221222
v 0.795814 0.261816 -1.239722
v 0.753191 0.285718 -1.239606
v 0.694075 0.297934 -1.236803
v 0.858204 0.117268 -1.072250
v 0.860596 0.131501 -1.068763
v 0.853115 0.166972 -1.071382
v 0.832988 0.217641 -1.080335
v 0.857023 0.079718 -0.950945
v 0.861550 0.090771 -0.938519
v 0.768083 0.281039 -0.949080
v 0.724769 0.294578 -0.941905
v 0.836783 -0.048309 -0.822534
v 0.848479 -0.046369 -0.817041
v 0.854015 0.019687 -0.869280
v 0.842482 0.017102 -0.872843
v 0.649278 0.345139 -1.008284
v 0.691309 0.307968 -0.927351
v 0.648430 0.389017 -0.874302
v 0.731527 0.291219 -0.817297
v 0.702023 0.306072 -0.813503
v 0.567200 0.552423 -0.660693
v 0.532514 0.600707 -0.576624
v 0.472266 0.647854 -0.483542
v 0.508765 0.627387 -0.483539
v 0.523424 0.613030 -0.483380
v 0.422822 0.661159 -0.483571
v 0.359376 0.671188 -0.483601
v 0.280717 0.675306 -0.483626
v 0.428826 0.662627 -0.349818
v 0.474976 0.650133 -0.349890
v 0.521660 0.617839 -0.349961
v 0.508027 0.631150 -0.349941
v 0.365474 0.672464 -0.349731
v 0.284540 0.676756 -0.349645
v 0.689151 0.271679 0.413226
v 0.683639 0.263671 0.414320
v 0.441103 0.654285 -0.202361
v 0.484728 0.641213 -0.204580
v 0.513828 0.623583 -0.206883
v 0.538844 0.593522 -0.111867
v 0.504152 0.619744 -0.097444
v 0.477272 0.613412 -0.020996
v 0.641130 0.403872 0.231033
v 0.376399 0.664459 -0.199570
v 0.532766 0.581811 -0.000255
v 0.517472 0.599869 -0.030609
v 0.517682 0.592939 -0.009396
v 0.584593 0.495925 0.141088
v 0.392859 0.646129 -0.080345
v 0.407813 0.625015 -0.004119
v 0.461027 0.634183 -0.088944
v 0.413151 0.614851 0.019717
v 0.313686 0.634527 0.010922
v 0.066589 0.646377 0.027900
v 0.065507 0.663080 -0.064670
v 0.809674 0.154804 -1.596131
v 0.804678 0.098944 -1.659020
v 0.819796 0.008045 -1.591755
v 0.825671 0.019744 -1.563310
v 0.833098 0.041140 -1.528692
v 0.824596 0.139673 -1.533049
v 0.820022 0.156178 -1.538160
v 0.815701 0.162618 -1.552161
v 0.808936 0.166800 -1.582777
v 0.812099 0.166206 -1.567149
v 0.804939 0.159112 -1.613285
v 0.806527 0.164389 -1.598248
v 0.803925 0.140857 -1.638838
v 0.804319 0.151146 -1.626907
v 0.804048 0.128202 -1.648332
v 0.804277 0.113989 -1.655217
v 0.807346 0.083617 -1.649526
v 0.805705 0.067716 -1.657243
v 0.805063 0.083161 -1.659666
v 0.807937 0.070273 -1.647371
v 0.806830 0.052878 -1.651713
v 0.808595 0.039442 -1.643604
v 0.813540 0.018257 -1.620898
v 0.810860 0.027768 -1.633278
v 0.822965 0.007341 -1.576331
v 0.826011 0.009917 -1.560814
v 0.823065 0.017677 -1.576751
v 0.828942 0.015153 -1.545952
v 0.831838 0.023491 -1.532670
v 0.834378 0.034271 -1.521234
v 0.836204 0.046776 -1.512121
v 0.837292 0.061143 -1.505517
v 0.836461 0.092105 -1.500871
v 0.834909 0.091509 -1.511102
v 0.834790 0.107635 -1.503039
v 0.824193 0.147294 -1.525947
v 0.808172 0.150089 -1.609228
v 0.816656 0.011495 -1.606707
v 0.837442 0.076240 -1.501689
v 0.828261 0.135757 -1.515716
v 0.831850 0.122513 -1.508059
v 0.821133 0.147675 -1.543749
v 0.811831 0.156835 -1.582650
v 0.807182 0.143315 -1.621052
v 0.806687 0.134024 -1.631389
v 0.806731 0.123220 -1.639676
v 0.809018 0.057370 -1.642572
v 0.812392 0.035459 -1.626450
v 0.814742 0.027355 -1.615572
v 0.817401 0.021569 -1.603206
v 0.834684 0.051995 -1.520813
v 0.835575 0.064477 -1.515141
v 0.833376 0.105035 -1.512958
v 0.830906 0.118010 -1.517363
v 0.806692 0.110591 -1.645608
v 0.806961 0.097480 -1.648911
v 0.810461 0.045712 -1.635656
v 0.820217 0.018292 -1.590135
v 0.830810 0.031709 -1.538764
v 0.828376 0.024693 -1.550343
v 0.835701 0.077754 -1.511865
v 0.827992 0.129601 -1.524087
v 0.814614 0.156325 -1.569082
v 0.817757 0.153198 -1.556016
v 0.819724 -0.315583 -0.763066
v 0.818397 -0.315912 -0.738513
v 0.827113 -0.281013 -0.735709
v 0.828656 -0.279246 -0.760756
v 0.811651 -0.314464 -0.777881
v 0.826695 -0.228134 -0.760449
v 0.825655 -0.227318 -0.739584
v 0.828158 -0.163165 -0.709775
v 0.830248 -0.161282 -0.764116
v 0.823370 -0.161565 -0.779824
v 0.821207 -0.278603 -0.774986
v 0.776564 -0.313277 -0.779565
v 0.819673 -0.227750 -0.773931
v 0.794978 -0.228032 -0.774961
v 0.796266 -0.280196 -0.775859
v 0.800001 -0.161793 -0.781448
v 0.781031 -0.343826 -0.686963
v 0.787340 -0.341796 -0.764180
v 0.692140 -0.346355 -0.764699
v 0.711937 -0.347806 -0.693340
v 0.783750 -0.335309 -0.777933
v 0.710625 -0.333023 -0.780987
v 0.682518 -0.339828 -0.779428
v 0.679397 -0.347486 -0.764509
v 0.679388 -0.349121 -0.743728
v 0.820540 -0.083213 -0.805887
v 0.838807 -0.082787 -0.804062
v 0.844501 -0.081016 -0.790488
v 0.843981 -0.080361 -0.752767
v 0.840825 -0.080000 -0.688826
v 0.768914 -0.342978 -0.567119
v 0.807131 -0.316645 -0.629124
v 0.809401 -0.286329 -0.576087
v 0.679000 -0.347806 -0.602645
v 0.704310 -0.346511 -0.592503
v 0.816985 -0.233400 -0.640303
v 0.818802 -0.178533 -0.598056
v 0.821365 -0.145729 -0.521341
v 0.837850 -0.077620 -0.606485
v 0.836356 -0.077430 -0.603945
v 0.829170 -0.077364 -0.603798
v 0.796615 -0.289000 -0.484401
v 0.795332 -0.258204 -0.456049
v 0.782610 -0.315396 -0.439186
v 0.797379 -0.233826 -0.426297
v 0.691808 -0.343945 -0.443405
v 0.680011 -0.344841 -0.425952
v 0.754269 -0.339542 -0.425340
v 0.820152 -0.144631 -0.519325
v 0.813024 -0.144369 -0.519440
v 0.771283 -0.308615 -0.335166
v 0.801923 -0.207059 -0.397581
v 0.803102 -0.208220 -0.398745
v 0.772539 -0.297205 -0.236921
v 0.682805 -0.344971 -0.281917
v 0.708913 -0.342489 -0.315620
v 0.742075 -0.335569 -0.286141
v 0.788026 -0.245000 -0.235436
v 0.779629 -0.244607 -0.236206
v 0.794410 -0.206831 -0.397646
v 0.789376 -0.246910 -0.235874
v 0.706159 -0.342794 -0.194765
v 0.740424 -0.333375 -0.207198
v 0.682548 -0.346062 -0.171344
v 0.790304 -0.312248 0.480054
v 0.779909 -0.304890 0.481260
v 0.793940 -0.282899 0.481342
v 0.802661 -0.278058 0.480586
v 0.759048 -0.334489 0.479690
v 0.749755 -0.322349 0.481125
v 0.803382 -0.278457 0.471981
v 0.791605 -0.313918 0.469965
v 0.797383 -0.273614 0.480893
v 0.802670 -0.275021 0.480320
v 0.802954 -0.274520 0.471024
v 0.760891 -0.336268 0.470172
v 0.705975 -0.346907 0.397111
v 0.679305 -0.350663 0.402431
v 0.679289 -0.348921 0.479704
v 0.682405 -0.338817 0.480736
v 0.704497 -0.333111 0.480907
v 0.742524 -0.331887 -0.085497
v 0.771702 -0.304958 -0.065927
v 0.785801 -0.271216 -0.039733
v 0.786016 -0.258766 -0.069334
v 0.779104 -0.258270 -0.069860
v 0.797178 -0.272261 0.470754
v 0.680409 -0.347374 0.010275
v 0.792163 -0.279163 0.188447
v 0.774941 -0.306363 0.030918
v 0.791471 -0.267087 0.151098
v 0.785734 -0.265495 0.144207
v 0.704310 -0.343948 0.073585
v 0.679662 -0.348464 0.132442
v 0.748761 -0.332210 0.170423
v 0.809825 -0.122399 -0.791701
v 0.787177 -0.256418 -0.151189
v 0.786107 -0.343041 -0.744470
v 0.818262 -0.283385 -0.649667
v 0.726578 -0.328630 0.481009
v 0.819340 -0.203812 -0.649089
v 0.804279 -0.254867 -0.530450
v 0.828754 -0.111364 -0.565493
v 0.830789 -0.083160 -0.805658
v 0.693617 -0.343583 -0.336301
v 0.683040 -0.345689 -0.222515
v 0.780557 -0.286864 -0.050767
v 0.679681 -0.343945 0.480413
v 0.827115 -0.259975 -0.741427
v 0.830758 -0.122148 -0.789902
v 0.813189 -0.161702 -0.781279
v 0.821649 -0.111137 -0.565552
v 0.843023 -0.081928 -0.799631
v 0.788344 -0.331633 -0.563468
v 0.787244 -0.261457 -0.070021
v 0.722687 -0.340499 -0.259411
v 0.724516 -0.338935 0.074031
v 0.679794 -0.343808 -0.774956
v 0.798289 -0.299069 0.470058
v 0.689964 -0.335800 0.480850
v 0.795026 -0.231036 -0.320400
v 0.792799 -0.316594 -0.516172
v 0.779904 -0.326568 0.470273
v 0.813383 -0.301744 -0.630372
v 0.790994 -0.301805 -0.460707
v 0.844696 -0.080512 -0.774981
v 0.818540 -0.299526 -0.776647
v 0.800552 -0.311862 -0.779130
v 0.810073 -0.268629 -0.775530
v 0.787420 -0.262483 0.016499
v 0.783855 -0.288128 -0.392115
v 0.770374 -0.304073 -0.291809
v 0.842532 -0.080332 -0.723915
v 0.797240 -0.297970 0.480052
v 0.781532 -0.261893 0.017641
v 0.816785 -0.171608 -0.538723
v 0.778264 -0.324952 0.479870
v 0.767492 -0.314596 0.481207
v 0.690133 -0.347566 -0.646421
v 0.770441 -0.303264 -0.144369
v 0.792828 -0.270846 0.170590
v 0.830076 -0.111975 -0.567900
v 0.788544 -0.293303 0.481299
v 0.812174 -0.178737 -0.465621
v 0.826804 -0.196734 -0.761642
v 0.757050 -0.320662 -0.194636
v 0.734723 -0.342874 0.470075
v 0.679192 -0.346180 -0.516676
v 0.771393 -0.329258 -0.428632
v 0.775293 -0.312556 -0.380758
v 0.785431 -0.267135 -0.340409
v 0.782107 -0.272018 -0.236109
v 0.767323 -0.321584 0.161883
v 0.796541 -0.276584 0.481327
v 0.706606 -0.347324 0.470523
v 0.785810 -0.253947 -0.150756
v 0.800537 -0.272998 0.471087
v 0.826153 -0.196703 -0.737872
v 0.808853 -0.227830 -0.775078
v 0.712496 -0.341971 -0.775060
v 0.679114 -0.348747 -0.667834
v 0.830781 -0.125492 -0.642245
v 0.839350 -0.079086 -0.650181
v 0.811003 -0.177593 -0.463999
v 0.825682 -0.299966 -0.762243
v 0.818508 -0.315071 -0.773369
v 0.795998 -0.256210 -0.774893
v 0.795460 -0.196891 -0.776450
v 0.785672 -0.229369 -0.319794
v 0.777906 -0.253378 -0.152741
v 0.690915 -0.345438 -0.100423
v 0.789022 -0.265929 0.150165
v 0.722745 -0.339277 -0.139931
v 0.809370 -0.330647 -0.763728
v 0.837075 -0.120024 -0.750540
v 0.824534 -0.300157 -0.738603
v 0.828447 -0.161388 -0.775595
v 0.679344 -0.349555 0.283253
v 0.745338 -0.332615 0.480554
v 0.732160 -0.341122 0.479678
v 0.679293 -0.350877 0.470383
v 0.758503 -0.320518 -0.094346
v 0.793779 -0.229646 -0.319554
v 0.744635 -0.331332 0.019863
v 0.803277 -0.331967 -0.692659
v 0.756756 -0.335747 -0.778965
v 0.836760 -0.121322 -0.776177
v 0.746843 -0.337444 -0.350169
v 0.819933 -0.196540 -0.775086
v 0.690829 -0.337092 -0.780893
v 0.827043 -0.279143 -0.770946
v 0.787014 -0.339086 -0.774328
v 0.799095 -0.327444 -0.778379
v 0.757817 -0.324829 -0.301645
v 0.745202 -0.347898 -0.683390
v 0.792444 -0.298806 -0.777712
v 0.825227 -0.227875 -0.769966
v 0.744312 -0.324930 -0.780597
v 0.749739 -0.345840 -0.764406
v 0.727712 -0.342117 -0.375269
v 0.692960 -0.347991 -0.743448
v 0.739083 -0.346589 -0.571689
v 0.803788 -0.177360 -0.464069
v 0.824254 -0.299757 -0.772347
v 0.825314 -0.196544 -0.771021
v 0.809249 -0.196679 -0.776392
v 0.808119 -0.331403 -0.744156
v 0.808269 -0.329195 -0.774009
v 0.748945 -0.347323 -0.744667
v 0.750625 -0.342233 -0.774711
v 0.690689 -0.342602 -0.775129
v 0.776303 -0.326281 -0.780009
v 0.821635 -0.122360 -0.791480
v 0.835329 -0.121692 -0.785476
v 0.799845 -0.302963 -0.525601
v 0.807229 -0.227293 -0.540530
v 0.785960 -0.296325 -0.419881
v 0.783580 -0.278932 -0.364904
v 0.762982 -0.327157 -0.359262
v 0.789661 -0.250862 -0.328017
v 0.756367 -0.322473 -0.249232
v 0.779570 -0.281973 -0.150174
v 0.728569 -0.340986 0.283233
v 0.788612 -0.265695 0.017509
v 0.761894 -0.320519 0.019384
v 0.272899 0.327556 -2.004847
v 0.172227 0.338743 -2.016257
v 0.094022 0.345164 -2.021294
v 0.369547 0.317156 -1.985326
v 0.419680 0.312999 -1.972100
v 0.465875 0.310968 -1.960548
v 0.535668 0.313164 -1.951260
v 0.573344 0.320157 -1.950575
v 0.592464 0.330859 -1.954308
v 0.601738 0.342878 -1.960540
v 0.605932 0.363692 -1.972296
v 0.600936 0.485348 -2.041052
v 0.251346 0.314958 -2.009565
v 0.163537 0.330642 -2.023290
v 0.067902 0.331095 -2.024878
v 0.339377 0.310572 -1.998632
v 0.457898 0.302795 -1.971354
v 0.244795 0.295857 -1.991585
v 0.181082 0.300983 -1.999237
v 0.021808 0.309758 -2.010403
v 0.083704 0.308056 -2.009017
v 0.333440 0.281973 -1.968509
v 0.223758 0.318940 -1.786159
v 0.150432 0.321471 -1.792933
v 0.356374 0.309998 -1.755453
v 0.420380 0.306724 -1.722396
v 0.480289 0.305567 -1.674864
v 0.530940 0.307727 -1.615887
v 0.570985 0.314284 -1.549929
v 0.605516 0.329176 -1.550472
v 0.618838 0.343520 -1.601548
v 0.622112 0.351983 -1.619270
v 0.618698 0.484075 -1.852914
v 0.601455 0.504575 -2.039912
v 0.614973 0.504575 -1.913985
v 0.602054 0.450137 -2.023157
v 0.627274 0.411327 -1.726803
v 0.627713 0.391609 -1.693202
v 0.629177 0.337852 -1.961280
v 0.632519 0.363171 -1.972163
v 0.624658 0.485348 -2.041052
v 0.644145 0.330869 -1.532258
v 0.659501 0.343677 -1.592769
v 0.665323 0.360947 -1.635843
v 0.644499 0.481057 -1.845507
v 0.623274 0.504575 -2.039912
v 0.636893 0.504454 -1.914771
v 0.629322 0.418672 -2.004536
v 0.660382 0.417998 -1.738789
v 0.664455 0.391609 -1.693250
v 0.493983 0.298214 -1.958693
v 0.553527 0.300159 -1.952513
v 0.596007 0.306717 -1.951331
v 0.615123 0.323592 -1.963625
v 0.050191 0.345425 -2.030414
v 0.140353 0.339222 -2.025533
v 0.244795 0.328148 -2.015944
v 0.341919 0.317031 -1.999050
v 0.448454 0.308770 -1.973373
v 0.604035 0.485582 -2.046058
v 0.608960 0.458320 -2.034456
v 0.613210 0.365207 -1.983562
v 0.607489 0.338556 -1.970665
v 0.628343 0.485348 -1.836439
v 0.639322 0.409320 -1.697100
v 0.625055 0.336471 -1.541492
v 0.630836 0.345037 -1.566537
v 0.639554 0.386709 -1.655431
v 0.634373 0.352497 -1.583928
v 0.604075 0.505549 -2.041031
v 0.618080 0.505593 -1.912364
v 0.580130 0.317611 -1.962731
v 0.594916 0.324787 -1.965148
v 0.488011 0.308512 -1.965979
v 0.542537 0.310642 -1.961936
v 0.140516 0.335154 -2.025518
v 0.335068 0.313795 -2.000446
v 0.618649 0.458005 -2.034324
v 0.621263 0.345682 -1.974283
v 0.638582 0.485347 -1.836438
v 0.648056 0.337632 -1.545556
v 0.654450 0.352569 -1.583804
v 0.620816 0.505629 -2.041041
v 0.073561 0.340004 -2.029337
v 0.616924 0.331420 -1.968910
v 0.550538 0.307665 -1.961936
v 0.244788 0.322850 -2.015850
v 0.406939 0.306810 -1.983664
v 0.617601 0.485348 -2.046405
v 0.622825 0.366312 -1.984228
v 0.654652 0.411656 -1.701316
v 0.649225 0.345111 -1.565777
v 0.656767 0.391108 -1.663890
v 0.634915 0.505611 -1.911940
v 0.593537 0.316474 -1.963225
v 0.493788 0.305330 -1.966087
v 0.613916 0.343622 -1.682557
v 0.374566 0.309787 -1.855209
v 0.253310 0.318273 -1.880483
v 0.533580 0.312884 -1.793871
v 0.573050 0.320530 -1.784798
v 0.419454 0.307203 -1.832773
v 0.157540 0.325101 -1.882987
v 0.601487 0.331168 -1.657803
v 0.480929 0.307651 -1.751178
v 0.014251 0.329516 -1.896913
v 0.611642 0.505506 -1.940363
v 0.656918 0.333394 -1.597180
v 0.663813 0.368733 -1.791995
v 0.638852 0.481936 -1.933802
v 0.634385 0.505645 -1.941706
v 0.658087 0.410100 -1.847396
v 0.661952 0.391609 -1.822960
v 0.619534 0.364255 -1.712505
v 0.614497 0.385238 -1.838191
v 0.611320 0.499416 -1.927529
v 0.614530 0.507602 -1.947080
v 0.631471 0.507651 -1.946305
v 0.589346 0.315468 -1.481013
v 0.602293 0.317509 -1.479878
v 0.623922 0.316326 -1.496308
v 0.613717 0.317918 -1.480867
v 0.242496 0.303326 -1.756274
v 0.156420 0.306143 -1.766034
v 0.087054 0.307443 -1.771621
v 0.332700 0.297024 -1.735796
v 0.417153 0.292470 -1.694765
v 0.478277 0.290471 -1.642985
v 0.528427 0.292116 -1.578961
v 0.563481 0.295750 -1.518563
v 0.585088 0.295436 -1.473907
v 0.596305 0.294351 -1.465413
v 0.613698 0.291254 -1.485822
v 0.600944 0.293583 -1.465469
v 0.606959 0.293339 -1.465534
v 0.528810 0.302445 -1.580061
v 0.563864 0.306997 -1.519663
v 0.230258 0.314349 -1.759296
v 0.333083 0.307352 -1.736896
v 0.139687 0.316820 -1.768696
v 0.048285 0.318396 -1.775117
v 0.584789 0.310422 -1.475921
v 0.596555 0.310220 -1.466513
v 0.607349 0.310109 -1.466634
v 0.614905 0.308074 -1.486446
v 0.417537 0.302799 -1.695864
v 0.478659 0.300800 -1.644086
v 0.270913 0.326485 -1.988022
v 0.655931 0.324819 -1.751224
v 0.584189 0.253078 -1.881760
v 0.589886 0.273749 -1.894733
v 0.272706 0.274316 -1.977014
v 0.165696 0.280632 -1.993623
v 0.073572 0.283169 -2.003051
v 0.347453 0.268239 -1.960816
v 0.421103 0.260742 -1.937612
v 0.552700 0.252917 -1.896188
v 0.545974 0.271509 -1.908646
v 0.491871 0.254772 -1.914503
v 0.474717 0.274384 -1.928369
v 0.602611 0.269695 -1.744775
v 0.611136 0.283364 -1.745291
v 0.615651 0.300473 -1.922062
v 0.628919 0.322738 -1.941839
v 0.157746 0.338290 -2.000157
v 0.593881 0.331107 -1.864202
v 0.483478 0.311074 -1.929768
v 0.077434 0.343739 -2.005036
v 0.601686 0.505650 -2.030873
v 0.650238 0.366360 -1.911768
v 0.631117 0.485348 -2.009291
v 0.625064 0.505602 -2.029465
v 0.605079 0.507643 -2.030156
v 0.620095 0.507913 -2.017129
v 0.601589 0.342851 -1.932975
v 0.311676 0.319901 -1.955631
v 0.534901 0.313661 -1.922829
v 0.424382 0.312169 -1.951474
v 0.638138 0.447629 -1.980357
v 0.646949 0.400017 -1.939202
v 0.608501 0.359771 -1.893729
v 0.608020 0.381360 -1.925119
v 0.602033 0.456417 -2.011061
v 0.647038 0.323436 -1.875661
v 0.640921 0.309747 -1.591663
v 0.637880 0.301809 -1.747650
v 0.627873 0.299031 -1.862877
v 0.615724 0.283172 -1.595006
v 0.620830 0.297468 -1.594055
v 0.590699 0.257948 -1.846526
v 0.598258 0.274581 -1.846840
v 0.528348 0.299278 -1.579201
v 0.242835 0.310502 -1.756309
v 0.157611 0.313289 -1.766009
v 0.086424 0.314637 -1.771742
v 0.606973 0.305722 -1.465607
v 0.563391 0.303645 -1.518882
v 0.332817 0.304200 -1.735846
v 0.585131 0.306401 -1.473987
v 0.596254 0.305979 -1.465498
v 0.613884 0.303765 -1.486301
v 0.417261 0.299650 -1.694794
v 0.478284 0.297607 -1.643074
v 0.584190 0.259196 -1.881760
v 0.421241 0.267583 -1.937879
v 0.336162 0.277237 -1.964304
v 0.163294 0.289296 -1.994394
v 0.074123 0.292824 -2.003306
v 0.222686 0.286544 -1.986043
v 0.035865 0.294633 -2.004366
v 0.552701 0.259153 -1.896188
v 0.486797 0.261624 -1.916037
v 0.602933 0.274132 -1.744487
v 0.615806 0.289244 -1.596012
v 0.591784 0.264959 -1.838191
v 0.661897 0.346102 -1.765338
v 0.650447 0.344143 -1.893139
v 0.622687 0.466367 -1.853778
v 0.613854 0.484523 -2.012745
v 0.216826 0.484183 -1.886492
v 0.267440 0.498234 -2.044813
v 0.474070 0.477590 -1.870918
v 0.467233 0.491795 -2.031139
v 0.604556 0.470535 -1.855708
v 0.596781 0.484516 -2.015086
v 0.053033 0.493186 -1.988490
v 0.616595 0.475769 -1.953336
v 0.335567 0.489074 -1.982405
v 0.464078 0.484553 -1.971672
v 0.608012 0.476638 -1.954535
v 0.619732 0.469206 -1.897298
v 0.273250 0.487132 -1.952070
v 0.447139 0.482303 -1.941146
v 0.600996 0.473588 -1.900066
v 0.624386 0.456787 -1.851465
v 0.615556 0.476886 -2.010299
v 0.271064 0.470014 -1.882341
v 0.214378 0.488803 -2.045005
v 0.450000 0.465503 -1.871175
v 0.403067 0.484083 -2.035118
v 0.579083 0.475058 -2.015905
v 0.605782 0.474635 -2.011700
v 0.052328 0.477002 -1.984740
v 0.619146 0.462540 -1.950203
v 0.340265 0.473022 -1.979283
v 0.466523 0.468503 -1.968427
v 0.600430 0.461299 -1.952222
v 0.622283 0.454869 -1.894166
v 0.342176 0.466159 -1.922421
v 0.469790 0.462035 -1.911947
v 0.609339 0.454757 -1.895893
v 0.033703 0.348153 -2.022315
v 0.510851 0.311807 -1.950908
v 0.556955 0.316055 -1.950372
v 0.584755 0.325245 -1.951990
v 0.597897 0.336642 -1.957184
v 0.604362 0.350263 -1.964583
v 0.294231 0.309463 -2.002200
v 0.209161 0.325440 -2.019181
v 0.394160 0.305521 -1.985725
v 0.046397 0.347413 -2.029655
v 0.221271 0.332804 -2.017981
v 0.420163 0.312001 -1.979029
v 0.284036 0.285899 -1.978804
v 0.372840 0.286072 -1.965641
v 0.334999 0.297444 -1.985525
v 0.144553 0.317084 -2.013309
v 0.453553 0.305918 -1.702793
v 0.505798 0.306724 -1.655099
v 0.551149 0.310199 -1.586280
v 0.589310 0.321605 -1.551967
v 0.614259 0.337091 -1.581931
v 0.626179 0.374870 -1.662496
v 0.532470 0.310337 -1.682279
v 0.572341 0.320598 -1.923326
v 0.622645 0.457020 -2.032962
v 0.592213 0.331263 -1.926691
v 0.616074 0.499663 -1.891957
v 0.600713 0.499663 -2.043313
v 0.608736 0.364503 -1.981925
v 0.623335 0.339364 -1.970923
v 0.631857 0.348388 -1.964424
v 0.652499 0.337685 -1.553262
v 0.663315 0.351454 -1.616144
v 0.665635 0.374907 -1.662617
v 0.640973 0.352350 -1.941424
v 0.627932 0.485348 -2.029051
v 0.639110 0.499663 -1.891957
v 0.623759 0.499663 -2.043313
v 0.626362 0.459808 -2.028609
v 0.660527 0.412776 -1.789418
v 0.664595 0.391609 -1.751336
v 0.642199 0.485348 -1.838851
v 0.632813 0.410746 -1.702879
v 0.639569 0.331110 -1.525227
v 0.623847 0.344295 -1.571407
v 0.633144 0.391609 -1.668510
v 0.663127 0.363164 -1.612083
v 0.621929 0.391609 -1.751330
v 0.621377 0.414027 -1.782819
v 0.576530 0.301779 -1.950070
v 0.607705 0.316590 -1.959752
v 0.133643 0.341692 -2.025078
v 0.576168 0.319084 -1.961212
v 0.606785 0.321014 -1.964850
v 0.484701 0.310052 -1.964856
v 0.567571 0.307131 -1.960257
v 0.621358 0.330270 -1.965854
v 0.345247 0.318615 -1.997406
v 0.604570 0.456771 -2.032819
v 0.604416 0.342339 -1.970581
v 0.623347 0.485348 -1.838851
v 0.613653 0.330767 -1.526854
v 0.627039 0.352203 -1.589415
v 0.595037 0.329874 -1.965089
v 0.538565 0.312111 -1.960602
v 0.563813 0.313512 -1.961897
v 0.516905 0.309085 -1.962996
v 0.603694 0.499811 -2.047132
v 0.620957 0.499835 -1.878308
v 0.611731 0.349592 -1.975679
v 0.632454 0.459808 -1.785726
v 0.289533 0.322952 -2.009204
v 0.201583 0.333064 -2.020694
v 0.621340 0.485348 -2.045736
v 0.627010 0.352833 -1.976044
v 0.655531 0.431646 -1.739130
v 0.656138 0.345070 -1.569445
v 0.661445 0.398859 -1.682187
v 0.591558 0.312843 -1.961508
v 0.508297 0.303496 -1.963327
v 0.458344 0.305257 -1.972135
v 0.571833 0.310537 -1.961897
v 0.524530 0.306066 -1.963007
v 0.620433 0.499794 -2.047371
v 0.637891 0.499732 -1.878374
v 0.657120 0.374251 -1.629938
v 0.644739 0.459808 -1.785726
v 0.289506 0.317649 -2.009112
v 0.201579 0.328999 -2.020694
v 0.039243 0.340248 -2.030605
v 0.308194 0.317012 -1.919617
v 0.209092 0.320283 -1.828132
v 0.571336 0.317496 -1.642307
v 0.412076 0.309249 -1.894187
v 0.216786 0.324489 -1.929404
v 0.665385 0.357013 -1.690613
v 0.643305 0.478682 -1.878984
v 0.652222 0.412055 -1.904997
v 0.656058 0.391609 -1.884842
v 0.612343 0.406351 -1.881837
v 0.615998 0.374858 -1.801061
v 0.617545 0.351634 -1.687332
v 0.508188 0.310765 -1.817665
v 0.609203 0.337231 -1.670204
v 0.117612 0.326763 -1.888322
v 0.448628 0.307388 -1.837157
v 0.588283 0.324204 -1.649935
v 0.201583 0.322579 -1.887382
v 0.555129 0.315962 -1.776019
v 0.617582 0.317414 -1.482041
v 0.607975 0.322888 -1.497024
v 0.633663 0.323172 -1.512420
v 0.585864 0.316117 -1.494816
v 0.601596 0.322306 -1.502043
v 0.287231 0.300326 -1.748305
v 0.199283 0.305129 -1.761810
v 0.034518 0.308208 -1.774520
v 0.377166 0.294399 -1.717277
v 0.450028 0.291098 -1.670357
v 0.504725 0.290807 -1.611672
v 0.547922 0.294138 -1.547719
v 0.591834 0.294855 -1.466415
v 0.610366 0.292812 -1.468085
v 0.575743 0.295993 -1.492441
v 0.565197 0.309918 -1.524501
v 0.333849 0.309893 -1.741785
v 0.585592 0.313447 -1.479275
v 0.597858 0.313450 -1.469762
v 0.617836 0.311716 -1.488586
v 0.418304 0.305326 -1.700967
v 0.479438 0.303422 -1.649583
v 0.529651 0.305131 -1.586189
v 0.278711 0.313978 -1.756416
v 0.195810 0.318151 -1.768230
v 0.038699 0.321303 -1.780944
v 0.608693 0.313464 -1.469953
v 0.505108 0.301136 -1.612772
v 0.450411 0.301427 -1.671457
v 0.377549 0.304727 -1.718377
v 0.610570 0.308981 -1.468485
v 0.592218 0.310597 -1.467515
v 0.287617 0.310655 -1.749404
v 0.548305 0.304581 -1.548820
v 0.658302 0.368664 -1.859874
v 0.048031 0.334480 -1.943640
v 0.584812 0.263528 -1.883143
v 0.588512 0.254668 -1.870072
v 0.502884 0.311129 -1.880051
v 0.309593 0.271624 -1.970126
v 0.221644 0.277617 -1.985355
v 0.116181 0.282375 -1.999689
v 0.034889 0.283568 -2.003825
v 0.073572 0.299646 -2.004947
v 0.222604 0.290710 -1.988465
v 0.031439 0.300738 -2.005839
v 0.457985 0.257225 -1.925458
v 0.552783 0.263437 -1.897558
v 0.524533 0.253485 -1.904608
v 0.499045 0.265331 -1.913430
v 0.475110 0.287818 -1.946948
v 0.545758 0.284333 -1.928461
v 0.572708 0.252667 -1.889269
v 0.573728 0.272200 -1.901742
v 0.591401 0.289684 -1.924330
v 0.623914 0.312736 -1.933372
v 0.603829 0.278120 -1.806232
v 0.604966 0.278142 -1.744840
v 0.158718 0.330000 -1.938111
v 0.656942 0.327258 -1.669660
v 0.622069 0.298899 -1.897682
v 0.638401 0.323124 -1.915540
v 0.636713 0.473961 -1.972356
v 0.376088 0.315918 -1.966821
v 0.635603 0.422197 -1.988513
v 0.639874 0.382528 -1.961015
v 0.605711 0.360546 -1.946435
v 0.605740 0.376844 -1.956423
v 0.600450 0.500008 -2.033493
v 0.652795 0.323721 -1.821112
v 0.649796 0.332731 -1.882801
v 0.555866 0.316582 -1.920304
v 0.204264 0.333768 -1.996801
v 0.585398 0.325862 -1.858464
v 0.456899 0.310960 -1.939060
v 0.115833 0.341370 -2.002214
v 0.597407 0.336445 -1.926690
v 0.629329 0.498990 -2.010432
v 0.604289 0.350073 -1.937726
v 0.622059 0.507585 -2.030695
v 0.623161 0.326980 -1.960171
v 0.649797 0.330354 -1.552484
v 0.641629 0.305415 -1.668612
v 0.633103 0.299845 -1.813297
v 0.648930 0.313569 -1.748929
v 0.639946 0.312041 -1.869364
v 0.649366 0.319550 -1.593738
v 0.608035 0.304008 -1.939708
v 0.604253 0.286793 -1.907162
v 0.633406 0.313638 -1.532680
v 0.610382 0.276731 -1.670949
v 0.617639 0.290205 -1.670448
v 0.616238 0.288104 -1.529562
v 0.619135 0.303770 -1.529590
v 0.616684 0.293194 -1.594887
v 0.595474 0.263143 -1.804710
v 0.594841 0.272360 -1.875519
v 0.591994 0.267708 -1.847464
v 0.630086 0.302594 -1.592329
v 0.623602 0.291403 -1.746360
v 0.611831 0.285619 -1.855511
v 0.435961 0.270213 -1.934083
v 0.338633 0.273126 -1.962814
v 0.126998 0.297704 -2.000841
v 0.236031 0.281319 -1.983145
v 0.616630 0.299110 -1.532170
v 0.610535 0.281631 -1.672181
v 0.572708 0.258806 -1.889269
v 0.292876 0.281247 -1.973960
v 0.116876 0.291517 -1.999960
v 0.379839 0.271071 -1.951116
v 0.588537 0.260747 -1.870055
v 0.504684 0.297834 -1.611786
v 0.450121 0.298279 -1.670382
v 0.377286 0.301578 -1.717313
v 0.035078 0.315376 -1.774582
v 0.591846 0.306450 -1.466508
v 0.575967 0.305425 -1.492123
v 0.199946 0.312280 -1.761819
v 0.287394 0.307500 -1.748355
v 0.547856 0.301388 -1.547964
v 0.640319 0.333013 -1.925832
v 0.659406 0.334043 -1.755579
v 0.630644 0.330537 -1.950269
v 0.657581 0.344791 -1.837517
v 0.661039 0.339178 -1.677933
v 0.621233 0.468294 -1.872478
v 0.616703 0.468381 -1.854438
v 0.141538 0.500136 -2.048456
v 0.366280 0.495763 -2.039592
v 0.333875 0.494093 -2.015489
v 0.369747 0.480882 -1.879372
v 0.463026 0.489483 -2.005645
v 0.604851 0.481592 -1.987737
v 0.057882 0.498515 -2.025229
v 0.614882 0.481248 -1.986314
v 0.600000 0.474425 -1.926215
v 0.618314 0.471674 -1.923126
v 0.350647 0.484137 -1.899640
v 0.471110 0.480324 -1.890052
v 0.602672 0.473133 -1.874462
v 0.513046 0.479171 -1.934235
v 0.369975 0.484877 -1.947159
v 0.146608 0.489291 -1.955977
v 0.613792 0.471279 -1.898015
v 0.623678 0.454363 -1.869475
v 0.143422 0.472271 -1.885982
v 0.335414 0.479098 -2.012640
v 0.371413 0.467841 -1.877283
v 0.462238 0.474511 -2.002406
v 0.514313 0.462652 -1.864517
v 0.584421 0.467778 -1.987833
v 0.602358 0.467411 -1.985431
v 0.617327 0.469504 -1.983312
v 0.342094 0.468657 -1.949232
v 0.468403 0.464360 -1.938620
v 0.601680 0.457276 -1.922937
v 0.613262 0.461789 -1.950991
v 0.620910 0.457220 -1.918205
v 0.338095 0.465831 -1.897585
v 0.470367 0.461797 -1.887160
v 0.610431 0.454530 -1.871059
v 0.143319 0.469752 -1.928967
v 0.604672 0.481337 -2.022362
v 0.614204 0.482670 -2.020885
v 0.465725 0.471546 -1.864296
v 0.270451 0.476585 -1.876875
v 0.460882 0.488605 -2.040398
v 0.578877 0.481934 -2.026157
v 0.623920 0.461681 -1.846383
v 0.606824 0.464166 -1.848112
v 0.268023 0.494772 -2.053412
v 0.201583 0.310859 -2.006958
v 0.553183 0.313163 -1.659474
v 0.648823 0.459808 -1.788525
v 0.665916 0.374877 -1.724660
v 0.660544 0.351825 -1.587281
v 0.621006 0.374859 -1.724637
v 0.454528 0.310384 -1.970672
v 0.559842 0.314983 -1.960457
v 0.600488 0.335847 -1.967630
v 0.513015 0.310559 -1.961773
v 0.587439 0.324182 -1.962857
v 0.631410 0.374894 -1.635635
v 0.619478 0.337736 -1.551604
v 0.607109 0.349982 -1.974292
v 0.626981 0.459808 -1.788525
v 0.289533 0.324872 -2.008300
v 0.115308 0.332324 -1.941247
v 0.627766 0.323696 -1.501368
v 0.505913 0.303797 -1.618567
v 0.451179 0.303994 -1.676728
v 0.378316 0.307257 -1.723351
v 0.612460 0.313243 -1.472295
v 0.592916 0.313665 -1.470757
v 0.549275 0.307328 -1.554995
v 0.299981 0.276664 -1.971712
v 0.632526 0.312046 -1.907342
v 0.572902 0.263119 -1.890761
v 0.656136 0.333116 -1.827053
v 0.584126 0.325681 -1.924151
v 0.626120 0.499772 -2.033460
v 0.631027 0.459808 -2.013947
v 0.645266 0.312312 -1.816879
v 0.651087 0.316371 -1.668621
v 0.615254 0.314495 -1.950203
v 0.601753 0.292951 -1.924614
v 0.642195 0.321829 -1.541537
v 0.607681 0.284643 -1.885706
v 0.625115 0.307962 -1.529477
v 0.628889 0.296657 -1.669466
v 0.612216 0.285586 -1.670886
v 0.379712 0.276451 -1.953931
v 0.589344 0.264857 -1.870783
v 0.654338 0.335994 -1.561983
v 0.615269 0.470626 -1.873162
v 0.142298 0.488042 -1.906987
v 0.143469 0.469371 -1.903985
v 0.142701 0.482417 -2.019099
v 0.611474 0.468162 -1.984140
v 0.143137 0.472195 -1.955735
v 0.370730 0.474426 -1.871824
v 0.141885 0.496655 -2.057054
v 0.143060 0.478858 -1.880515
v 0.366916 0.492284 -2.048182
v 0.647957 0.464608 -1.855998
v 0.649056 0.459866 -1.851600
v 0.648108 0.463262 -1.857664
v 0.649051 0.459290 -1.853823
v 0.642927 0.481714 -1.889311
v 0.644954 0.475192 -1.874568
v 0.643191 0.479817 -1.890195
v 0.645192 0.473510 -1.875656
v 0.634179 0.450781 -2.001413
v 0.633197 0.452934 -2.006419
v 0.634327 0.452734 -2.000826
v 0.633408 0.454623 -2.005502
v 0.650223 0.454016 -1.851020
v 0.649999 0.454536 -1.853262
v 0.641142 0.485838 -1.904678
v 0.641470 0.483718 -1.905102
v 0.639669 0.488039 -1.920158
v 0.639997 0.485859 -1.920178
v 0.629812 0.491257 -2.018138
v 0.638421 0.488798 -1.935160
v 0.630034 0.489304 -2.018051
v 0.638725 0.486669 -1.935186
v 0.629135 0.490622 -2.022759
v 0.629516 0.488833 -2.021572
v 0.629346 0.480034 -2.025782
v 0.629617 0.480822 -2.023973
v 0.632029 0.459692 -2.012690
v 0.632207 0.461326 -2.011552
v 0.640265 0.449162 -1.968799
v 0.640151 0.451170 -1.968468
v 0.651075 0.446573 -1.860379
v 0.650647 0.448641 -1.861034
v 0.650987 0.448966 -1.854089
v 0.650599 0.450478 -1.855982
v 0.628977 0.488060 -2.025431
v 0.629373 0.486976 -2.023687
v 0.629431 0.484231 -2.024579
v 0.629105 0.484179 -2.026608
v 0.644729 0.448039 -1.935845
v 0.644427 0.450063 -1.935765
v 0.648364 0.447154 -1.898156
v 0.647996 0.449218 -1.898453
v 0.698649 0.013601 1.633372
v 0.704176 0.184269 1.548228
v 0.663855 0.186451 1.538023
v 0.662809 0.198346 1.543104
v 0.592473 0.187413 1.540978
v 0.703131 0.179880 1.543837
v 0.481025 0.176558 1.579587
v 0.518845 0.181808 1.552271
v 0.462068 0.136673 1.603364
v 0.501058 0.069951 1.842455
v 0.555163 0.069268 1.834359
v 0.471598 0.063720 1.831715
v 0.682624 0.078609 1.758475
v 0.702217 0.090809 1.727542
v 0.699818 0.099358 1.740030
v 0.735699 0.152475 1.609535
v 0.543355 0.175519 1.622868
v 0.584674 0.176533 1.620880
v 0.592973 0.200703 1.550622
v 0.496429 0.189989 1.570817
v 0.532655 0.147791 1.693715
v 0.575085 0.142703 1.703436
v 0.663740 0.199642 1.548303
v 0.655935 0.180117 1.602814
v 0.518667 0.194457 1.557566
v 0.483031 0.185161 1.585266
v 0.468546 0.169057 1.633244
v 0.471599 0.077113 1.836952
v 0.472139 0.079094 1.834889
v 0.460703 0.089911 1.814878
v 0.457220 0.089410 1.813011
v 0.487751 0.075000 1.840499
v 0.501230 0.072055 1.842407
v 0.500614 0.088948 1.814164
v 0.469212 0.111554 1.772600
v 0.456121 0.123522 1.744924
v 0.471372 0.075076 1.836910
v 0.684462 0.100072 1.753592
v 0.687013 0.094497 1.758936
v 0.699008 0.102150 1.740820
v 0.663371 0.088444 1.779972
v 0.659110 0.104884 1.756771
v 0.660692 0.084677 1.784619
v 0.695952 0.115021 1.723430
v 0.707645 0.110571 1.722331
v 0.683705 0.090123 1.763143
v 0.724715 0.165306 1.612722
v 0.724880 0.140215 1.663263
v 0.727330 0.138014 1.663899
v 0.728206 0.135381 1.663212
v 0.706963 0.174895 1.599083
v 0.695784 0.144427 1.670051
v 0.722966 0.179763 1.578801
v 0.702832 0.192295 1.556275
v 0.662760 0.199917 1.544563
v 0.481547 0.184630 1.582758
v 0.519059 0.192821 1.555717
v 0.457820 0.140808 1.704872
v 0.460997 0.141119 1.706959
v 0.462707 0.153001 1.626874
v 0.456747 0.138103 1.706383
v 0.455240 0.118983 1.690704
v 0.455092 0.112606 1.763535
v 0.728094 0.117188 1.651599
v 0.721350 0.093848 1.662589
v 0.715146 0.102233 1.695709
v 0.643374 0.143058 1.691098
v 0.675204 0.118057 1.728140
v 0.633483 0.118992 1.740410
v 0.568614 0.117772 1.754991
v 0.527088 0.121996 1.750197
v 0.562301 0.094639 1.797159
v 0.555717 0.057864 1.829329
v 0.616057 0.062472 1.806663
v 0.555310 0.071451 1.834278
v 0.553865 0.073604 1.832369
v 0.708421 0.108256 1.721719
v 0.735059 0.160333 1.613622
v 0.726401 0.177606 1.577450
v 0.703596 0.192193 1.552319
v 0.590803 0.199151 1.545228
v 0.591412 0.200875 1.546816
v 0.464289 0.165492 1.634343
v 0.465350 0.167583 1.634050
v 0.726345 0.169125 1.570828
v 0.501405 0.058672 1.837324
v 0.471839 0.063681 1.830458
v 0.501354 0.058472 1.836032
v 0.555320 0.057537 1.827970
v 0.457975 0.075412 1.808384
v 0.699377 0.085411 1.730127
v 0.682489 0.079002 1.757343
v 0.697585 0.085442 1.730207
v 0.704783 0.070057 1.702601
v 0.702824 0.070336 1.703211
v 0.660375 0.070746 1.780125
v 0.660140 0.070347 1.778776
v 0.722248 0.166519 1.556038
v 0.615605 0.062408 1.804486
v 0.452661 0.070051 1.734487
v 0.453162 0.085989 1.750566
v 0.449531 0.013080 1.664330
v 0.451124 0.023157 1.677762
v 0.453812 0.069831 1.735216
v 0.726828 0.100909 1.638573
v 0.723967 0.086805 1.629485
v 0.725510 0.086882 1.599218
v 0.455094 0.089391 1.771695
v 0.703356 0.040449 1.666007
v 0.701667 0.042394 1.668717
v 0.698651 0.017758 1.638405
v 0.699308 0.013049 1.632553
v 0.456867 0.076267 1.808834
v 0.661280 0.082377 1.784218
v 0.616011 0.076486 1.811301
v 0.614738 0.078688 1.809852
v 0.616076 0.074159 1.811268
v 0.625130 0.098853 1.776915
v 0.453849 0.090408 1.771682
v 0.721138 0.083374 1.645415
v 0.474953 0.178908 1.604605
v 0.536775 0.161830 1.659213
v 0.451165 0.050146 1.649387
v 0.463071 0.082526 1.827901
v 0.720703 0.123478 1.688260
v 0.685223 0.096148 1.758721
v 0.672620 0.090745 1.772611
v 0.682445 0.158944 1.645320
v 0.524309 0.073278 1.838150
v 0.681433 0.177656 1.602177
v 0.602773 0.118602 1.747928
v 0.529824 0.134632 1.723682
v 0.732873 0.169241 1.593983
v 0.703508 0.080529 1.716757
v 0.450136 0.014038 1.666195
v 0.717778 0.061655 1.610790
v 0.704605 0.056700 1.686143
v 0.701790 0.026119 1.646759
v 0.611380 0.143353 1.697073
v 0.674455 0.086075 1.773168
v 0.462623 0.068608 1.822866
v 0.687376 0.186659 1.541441
v 0.703610 0.181742 1.545871
v 0.495987 0.182312 1.564010
v 0.481045 0.172743 1.576643
v 0.587812 0.188559 1.587327
v 0.580975 0.162870 1.655907
v 0.622941 0.181651 1.604420
v 0.673515 0.088534 1.773914
v 0.644075 0.089954 1.784719
v 0.496030 0.189853 1.567027
v 0.630963 0.187771 1.538438
v 0.667719 0.142136 1.685956
v 0.689506 0.132742 1.695284
v 0.525855 0.071121 1.840222
v 0.724418 0.167203 1.563403
v 0.453507 0.085696 1.755383
v 0.702778 0.057051 1.686732
v 0.641334 0.081082 1.797306
v 0.554581 0.198185 1.554087
v 0.631251 0.201123 1.548538
v 0.452502 0.045364 1.705125
v 0.718057 0.129204 1.686779
v 0.686095 0.196854 1.550331
v 0.458654 0.146142 1.667307
v 0.525074 0.109129 1.775339
v 0.529231 0.091607 1.806726
v 0.586845 0.059554 1.819359
v 0.673102 0.074415 1.768260
v 0.455309 0.100878 1.790388
v 0.496031 0.177427 1.561849
v 0.483829 0.060504 1.834964
v 0.690883 0.083833 1.744156
v 0.454649 0.085165 1.755716
v 0.463322 0.068437 1.821884
v 0.459739 0.128143 1.737175
v 0.483686 0.073969 1.841438
v 0.525690 0.068992 1.840294
v 0.691948 0.083637 1.744785
v 0.457930 0.109265 1.776402
v 0.700652 0.106686 1.734335
v 0.721057 0.154330 1.638007
v 0.719995 0.126609 1.688369
v 0.729530 0.171783 1.594514
v 0.707659 0.103434 1.721615
v 0.463715 0.155023 1.671521
v 0.734775 0.143586 1.594318
v 0.733687 0.141651 1.634259
v 0.721860 0.106364 1.673119
v 0.650424 0.161874 1.648006
v 0.657185 0.118884 1.733635
v 0.716612 0.185522 1.563057
v 0.525958 0.057365 1.833968
v 0.701383 0.080538 1.717111
v 0.640830 0.066300 1.791041
v 0.455725 0.084281 1.790223
v 0.595672 0.097011 1.786961
v 0.456770 0.111253 1.619575
v 0.454472 0.085589 1.789222
v 0.686750 0.195466 1.545438
v 0.483524 0.071887 1.841463
v 0.462527 0.080032 1.827902
v 0.483804 0.060575 1.836280
v 0.552301 0.198188 1.550585
v 0.692214 0.094506 1.752137
v 0.629898 0.201356 1.544749
v 0.460429 0.154606 1.668826
v 0.586398 0.073324 1.824177
v 0.586284 0.071101 1.824245
v 0.552221 0.196632 1.549151
v 0.716730 0.177325 1.557527
v 0.713953 0.174493 1.549219
v 0.526118 0.057637 1.835178
v 0.729660 0.154483 1.564429
v 0.470380 0.166306 1.600014
v 0.732899 0.159975 1.586603
v 0.686666 0.196994 1.546894
v 0.456340 0.115639 1.638495
v 0.732520 0.124290 1.619537
v 0.673476 0.074674 1.769122
v 0.471793 0.177464 1.604554
v 0.586204 0.059323 1.817537
v 0.641747 0.078214 1.797243
v 0.732528 0.162128 1.614456
v 0.733216 0.149670 1.637149
v 0.553031 0.185238 1.545389
v 0.584830 0.075469 1.822587
v 0.629377 0.199616 1.543121
v 0.640976 0.066340 1.792968
v 0.455349 0.124433 1.737062
v 0.549592 0.186718 1.590368
v 0.730442 0.151191 1.638562
v 0.715419 0.186080 1.566057
v 0.715454 0.175522 1.553427
v 0.731410 0.156636 1.575965
v 0.728936 0.103413 1.613363
v 0.618010 0.162891 1.651780
v 0.481061 0.169753 1.573871
v 0.733528 0.136534 1.574823
v 0.453382 0.081412 1.635405
v 0.687105 0.183820 1.539938
v 0.470026 0.156291 1.587911
v 0.731345 0.112197 1.587169
v 0.188752 0.241714 1.375046
v 0.205820 0.263301 1.198848
v 0.185649 0.211360 1.530753
v 0.182702 0.181675 1.651479
v 0.182144 0.089827 1.871721
v 0.183435 0.092816 1.869346
v 0.192182 0.300648 0.796117
v 0.192137 0.293022 0.794755
v 0.202267 0.289443 0.866290
v 0.194623 0.294077 0.830807
v 0.182492 0.133963 1.786499
v 0.181830 0.159663 1.720863
v 0.318425 0.089194 1.846377
v 0.276917 0.097041 1.844422
v 0.370100 0.089873 1.833493
v 0.408056 0.097782 1.812546
v 0.183064 0.109390 1.837829
v 0.360211 0.107489 1.802426
v 0.182964 0.084005 1.871912
v 0.318651 0.082801 1.846637
v 0.330821 0.200687 1.522761
v 0.323561 0.176148 1.622033
v 0.361175 0.159866 1.664809
v 0.392281 0.234338 1.337613
v 0.420402 0.186473 1.561154
v 0.421626 0.203155 1.492693
v 0.407979 0.256113 1.156698
v 0.193399 0.280083 1.010474
v 0.427184 0.271373 0.970554
v 0.440562 0.236067 1.324314
v 0.459832 0.257423 1.138412
v 0.191130 0.301031 0.799523
v 0.371591 0.289791 0.797990
v 0.366451 0.296962 0.765315
v 0.376263 0.284392 0.836626
v 0.365709 0.296628 0.761846
v 0.474813 0.284855 0.765664
v 0.468420 0.293453 0.731921
v 0.365451 0.289333 0.760431
v 0.464726 0.293205 0.729714
v 0.464266 0.285613 0.728392
v 0.529849 0.244500 1.298272
v 0.551262 0.262560 1.105488
v 0.549961 0.224325 1.438318
v 0.474716 0.271057 0.944626
v 0.569689 0.269282 0.907425
v 0.615256 0.248536 1.270149
v 0.625811 0.262410 1.076421
v 0.447664 0.095359 1.809493
v 0.404660 0.122109 1.759542
v 0.446783 0.113698 1.771479
v 0.395699 0.083726 1.826982
v 0.448336 0.086561 1.812313
v 0.450438 0.092746 1.811061
v 0.450220 0.094863 1.808409
v 0.475898 0.186980 1.575324
v 0.515646 0.197038 1.548824
v 0.591836 0.218333 1.477602
v 0.607497 0.229366 1.421813
v 0.587412 0.275660 0.713331
v 0.560196 0.288067 0.684986
v 0.499475 0.276836 0.818224
v 0.597895 0.270235 0.768800
v 0.557472 0.287795 0.682693
v 0.639439 0.270948 0.672980
v 0.613616 0.283262 0.644699
v 0.556898 0.280142 0.681487
v 0.615571 0.282523 0.638784
v 0.611331 0.275468 0.641074
v 0.677697 0.264056 0.720385
v 0.675785 0.268076 0.636856
v 0.619583 0.267866 0.810205
v 0.657127 0.278224 0.594645
v 0.648433 0.272804 0.602104
v 0.660361 0.277155 0.592518
v 0.660445 0.271403 0.592207
v 0.660384 0.278533 0.595638
v 0.677778 0.266959 0.634563
v 0.666834 0.275013 0.599364
v 0.679975 0.263127 0.707454
v 0.678111 0.262031 0.634604
v 0.667462 0.268741 0.599409
v 0.673456 0.259315 1.067234
v 0.674657 0.261718 0.961055
v 0.669913 0.247065 1.256784
v 0.678446 0.261949 0.817176
v 0.667087 0.228537 1.413534
v 0.664784 0.205779 1.527318
v 0.673070 0.246438 1.254187
v 0.450766 0.092547 1.801566
v 0.450827 0.087102 1.811161
v 0.449796 0.112019 1.762917
v 0.448846 0.126207 1.741772
v 0.458105 0.166549 1.633636
v 0.458719 0.162561 1.632743
v 0.478169 0.180101 1.576972
v 0.477697 0.185461 1.576980
v 0.449984 0.140322 1.706990
v 0.450461 0.137417 1.705540
v 0.517717 0.189709 1.551000
v 0.589692 0.196333 1.540609
v 0.601956 0.202349 1.538885
v 0.652509 0.196801 1.537483
v 0.664610 0.202251 1.536318
v 0.668358 0.196708 1.536415
v 0.670436 0.227832 1.411976
v 0.671205 0.223723 1.411782
v 0.673880 0.242442 1.253990
v 0.669372 0.217539 1.470082
v 0.669594 0.206184 1.499783
v 0.676836 0.254598 1.064673
v 0.676448 0.258475 1.061375
v 0.678394 0.257791 0.857401
v 0.680236 0.258828 0.707713
v 0.447573 0.141709 1.705735
v 0.405810 0.136882 1.722660
v 0.359204 0.134743 1.738922
v 0.456105 0.168471 1.630506
v 0.410888 0.162864 1.645112
v 0.517326 0.195244 1.550716
v 0.589226 0.203492 1.537629
v 0.668095 0.203057 1.533677
v 0.667847 0.201537 1.536069
v 0.669039 0.198971 1.529336
v 0.095567 0.243734 1.385188
v 0.405870 0.173967 1.607457
v 0.094927 0.168204 1.713583
v 0.094943 0.110404 1.847766
v 0.350137 0.248252 1.258064
v 0.096119 0.281997 1.022256
v 0.284151 0.299007 0.783270
v 0.464324 0.290166 0.728584
v 0.512916 0.290644 0.706870
v 0.590570 0.285598 0.664755
v 0.610952 0.266462 0.977429
v 0.632224 0.273905 0.619639
v 0.663407 0.270572 0.593323
v 0.450914 0.091988 1.809324
v 0.451135 0.088456 1.809014
v 0.095917 0.266168 1.209632
v 0.677674 0.256964 0.958993
v 0.192143 0.297605 0.794952
v 0.252023 0.122870 1.795897
v 0.450643 0.155614 1.667773
v 0.286402 0.298604 0.779392
v 0.428194 0.287535 0.783402
v 0.512389 0.282991 0.705602
v 0.668350 0.238173 1.341491
v 0.190322 0.253913 1.289240
v 0.187098 0.226680 1.457887
v 0.672422 0.233527 1.339188
v 0.670256 0.214042 1.464993
v 0.675479 0.249672 1.162905
v 0.258883 0.137201 1.760722
v 0.464279 0.178924 1.599331
v 0.257398 0.089381 1.859185
v 0.275976 0.238600 1.360622
v 0.431538 0.222043 1.403851
v 0.422958 0.295316 0.749624
v 0.286264 0.291183 0.778001
v 0.540285 0.254884 1.206081
v 0.520995 0.232470 1.378229
v 0.569530 0.247217 1.286101
v 0.448459 0.090017 1.812186
v 0.549647 0.215273 1.482727
v 0.677954 0.265595 0.665756
v 0.672637 0.271110 0.613211
v 0.679978 0.264449 0.663670
v 0.449426 0.125217 1.740004
v 0.551314 0.193596 1.544569
v 0.670610 0.221456 1.440746
v 0.360503 0.122395 1.768963
v 0.407720 0.149898 1.685822
v 0.628008 0.204413 1.535177
v 0.258482 0.083234 1.859307
v 0.209099 0.272042 1.103287
v 0.416918 0.264656 1.058764
v 0.525258 0.269924 0.932071
v 0.587575 0.263323 1.091827
v 0.468977 0.213943 1.455473
v 0.478473 0.275191 0.873070
v 0.492359 0.192781 1.558971
v 0.431377 0.280051 0.849133
v 0.556969 0.284725 0.681664
v 0.588898 0.285217 0.661964
v 0.670200 0.272485 0.615071
v 0.466791 0.172513 1.601178
v 0.453382 0.150505 1.669324
v 0.094322 0.090340 1.881599
v 0.680247 0.259898 0.663927
v 0.257656 0.156734 1.708371
v 0.290080 0.276998 0.992809
v 0.095736 0.302625 0.810829
v 0.365483 0.293719 0.760633
v 0.420472 0.295019 0.746706
v 0.362811 0.082965 1.835870
v 0.666048 0.219176 1.466604
v 0.466214 0.177284 1.601565
v 0.452804 0.153692 1.670792
v 0.598279 0.199724 1.539819
v 0.625850 0.197111 1.538447
v 0.094997 0.190220 1.641293
v 0.450269 0.100829 1.785471
v 0.094734 0.093299 1.879454
v 0.446565 0.128993 1.737132
v 0.547900 0.200672 1.542170
v 0.098369 0.291281 0.878961
v 0.096873 0.295767 0.842440
v 0.334656 0.091892 1.840715
v 0.384027 0.219820 1.417974
v 0.382245 0.205783 1.483225
v 0.421906 0.084924 1.819685
v 0.526720 0.281242 0.741117
v 0.490922 0.280043 0.786856
v 0.656049 0.275764 0.594502
v 0.673113 0.265445 0.613257
v 0.624306 0.219177 1.473744
v 0.200843 0.197325 1.586439
v 0.359063 0.147478 1.703587
v 0.095950 0.302244 0.807543
v 0.266701 0.208422 1.514668
v 0.374576 0.187020 1.563572
v 0.450298 0.247875 1.235267
v 0.299248 0.286822 0.852125
v 0.485121 0.240065 1.311660
v 0.517383 0.290823 0.708447
v 0.579289 0.270328 0.830194
v 0.588283 0.277571 0.660858
v 0.656811 0.272037 0.593936
v 0.494030 0.185489 1.560960
v 0.095191 0.213968 1.542048
v 0.664881 0.199737 1.536980
v 0.664841 0.196520 1.537072
v 0.437983 0.179786 1.589802
v 0.668828 0.200876 1.533870
v 0.095944 0.294523 0.806166
v 0.629419 0.275682 0.658980
v 0.669215 0.201466 1.519505
v 0.094982 0.135786 1.796130
v 0.409425 0.093371 1.820719
v 0.094882 0.084771 1.881839
v 0.257573 0.178591 1.637877
v 0.290352 0.292033 0.814463
v 0.420103 0.287611 0.745323
v 0.506278 0.260048 1.122161
v 0.468269 0.265149 1.037209
v 0.620898 0.256652 1.176626
v 0.369562 0.086751 1.834097
v 0.611195 0.239073 1.354125
v 0.566825 0.281531 0.704796
v 0.589136 0.272596 0.737524
v 0.614049 0.279688 0.638835
v 0.662775 0.277006 0.593516
v 0.671766 0.254339 1.165654
v 0.677052 0.260921 0.959142
v 0.468710 0.199899 1.519468
v 0.550556 0.198900 1.544263
v 0.671627 0.237524 1.339404
v 0.679377 0.258249 0.772298
v 0.449568 0.124421 1.736577
v 0.675072 0.253657 1.159417
v 0.672960 0.240392 1.301487
v 0.664581 0.203840 1.534244
v 0.493654 0.191122 1.560762
v 0.095756 0.256005 1.299903
v 0.095071 0.201231 1.598174
v 0.095945 0.299162 0.806365
v 0.094905 0.154866 1.749965
v 0.258491 0.092011 1.857058
v 0.271027 0.223703 1.442717
v 0.408251 0.246590 1.246797
v 0.095366 0.228926 1.468523
v 0.286282 0.295645 0.778200
v 0.420150 0.292060 0.745522
v 0.495554 0.251329 1.221042
v 0.475996 0.226857 1.391081
v 0.516167 0.266173 1.019676
v 0.578341 0.256564 1.193000
v 0.598767 0.278827 0.683944
v 0.096039 0.275017 1.112510
v 0.512455 0.287578 0.705787
v 0.588359 0.282141 0.661023
v 0.562038 0.236513 1.367207
v 0.528409 0.272900 0.853034
v 0.094954 0.179681 1.678232
v 0.431769 0.283566 0.809535
v 0.369595 0.172152 1.620533
v 0.021739 -0.317795 1.996918
v 0.022903 -0.320622 1.993661
v 0.022159 -0.313708 1.999879
v 0.025381 -0.307412 2.002530
v 0.127627 -0.315181 1.987620
v 0.027969 -0.299091 2.004631
v 0.121223 -0.295863 1.998201
v 0.125708 -0.310551 1.991352
v 0.131021 -0.318015 1.984138
v 0.035777 -0.290497 2.005002
v 0.154604 -0.303044 1.992279
v 0.121608 -0.288230 1.999207
v 0.036103 -0.282971 2.003481
v 0.093246 -0.281430 1.999927
v 0.165961 -0.295409 1.993717
v 0.162911 -0.311879 1.985995
v 0.150862 -0.280880 1.994492
v 0.185416 -0.287468 1.992288
v 0.165610 -0.317008 1.980090
v 0.023861 -0.275666 1.999758
v 0.070295 -0.275199 1.997035
v 0.116954 -0.274669 1.992562
v 0.217018 -0.294551 1.986738
v 0.211790 -0.302036 1.984601
v 0.215905 -0.309167 1.979254
v 0.198180 -0.313227 1.978469
v 0.193110 -0.274035 1.983726
v 0.221984 -0.279358 1.985125
v 0.198151 -0.315817 1.974752
v 0.023119 -0.267515 1.990754
v 0.047412 -0.267159 1.988816
v 0.102689 -0.268697 1.984078
v 0.158257 -0.268676 1.977371
v 0.253124 -0.285239 1.981906
v 0.231569 -0.314437 1.967765
v 0.250247 -0.311833 1.967947
v 0.221737 -0.267209 1.969815
v 0.260342 -0.271204 1.973968
v 0.033250 -0.258170 1.975203
v 0.022645 -0.256637 1.970009
v 0.022406 -0.254599 1.956830
v 0.012926 -0.255117 1.954591
v 0.056602 -0.258326 1.971368
v 0.086500 -0.262276 1.971414
v 0.146358 -0.262893 1.961995
v 0.203439 -0.261174 1.954758
v 0.276947 -0.300114 1.972656
v 0.287012 -0.291770 1.974214
v 0.324932 -0.272446 1.967983
v 0.287305 -0.306917 1.965249
v 0.266621 -0.312989 1.959524
v 0.294310 -0.262522 1.959084
v 0.287093 -0.256369 1.945030
v 0.032222 -0.249850 1.956183
v 0.037345 -0.249571 1.957220
v 0.046970 -0.250012 1.955942
v 0.078813 -0.254422 1.953120
v 0.116901 -0.255946 1.940763
v 0.153863 -0.257251 1.938031
v 0.211536 -0.255197 1.933181
v 0.336344 -0.279567 1.966893
v 0.473362 -0.263579 1.923437
v 0.456747 -0.204988 1.953053
v 0.448088 -0.183732 1.967657
v 0.484452 -0.240239 1.922468
v 0.426376 -0.196510 1.971766
v 0.508401 -0.271001 1.902073
v 0.478606 -0.206717 1.938459
v 0.469570 -0.188972 1.954993
v 0.466382 -0.170418 1.966175
v 0.495372 -0.256680 1.912080
v 0.533361 -0.302250 1.874306
v 0.531244 -0.304060 1.869218
v 0.506510 -0.298262 1.890255
v 0.500808 -0.217683 1.914994
v 0.494946 -0.176852 1.951946
v 0.417524 -0.180733 1.979920
v 0.433203 -0.172628 1.976638
v 0.532681 -0.285963 1.887684
v 0.521026 -0.228275 1.887376
v 0.534845 -0.181461 1.930834
v 0.496220 -0.194070 1.934525
v 0.530104 -0.248062 1.887785
v 0.521020 -0.257094 1.896894
v 0.374496 -0.163725 1.990756
v 0.410625 -0.165701 1.985788
v 0.536816 -0.271221 1.891037
v 0.534935 -0.296367 1.880607
v 0.611015 -0.169545 1.909288
v 0.574213 -0.184611 1.907398
v 0.532646 -0.188022 1.922226
v 0.551706 -0.163304 1.937945
v 0.528936 -0.237334 1.879019
v 0.377257 -0.150407 1.996116
v 0.364011 -0.167537 1.986212
v 0.355919 -0.183935 1.887269
v 0.322122 -0.241753 1.895621
v 0.031590 -0.237244 1.927738
v 0.347367 -0.233695 1.867295
v 0.015689 -0.245211 1.932318
v 0.017256 -0.234975 1.922831
v 0.320662 -0.238329 1.868383
v 0.471293 -0.220953 1.937146
v 0.490966 -0.225038 1.922230
v 0.328384 -0.264937 1.962158
v 0.315826 -0.311188 1.947371
v 0.352022 -0.308348 1.945004
v 0.293160 -0.249983 1.924693
v 0.014970 -0.249717 1.939923
v 0.040702 -0.240137 1.935820
v 0.036002 -0.242311 1.939450
v 0.032554 -0.245481 1.940153
v 0.065095 -0.243031 1.928553
v 0.026332 -0.248449 1.940131
v 0.101019 -0.249562 1.921096
v 0.144052 -0.252624 1.913100
v 0.181333 -0.252124 1.908056
v 0.289165 -0.245672 1.898767
v 0.356181 -0.297432 1.955732
v 0.340292 -0.288587 1.963863
v 0.360622 -0.304635 1.948734
v 0.350777 -0.253962 1.946944
v 0.341098 -0.249250 1.935360
v 0.338027 -0.243615 1.916694
v 0.025394 -0.245236 1.933814
v 0.090216 -0.240430 1.896357
v 0.126029 -0.247045 1.887595
v 0.108094 -0.244658 1.892234
v 0.172708 -0.248753 1.880849
v 0.147441 -0.248483 1.883954
v 0.201481 -0.247597 1.877755
v 0.233116 -0.245660 1.874666
v 0.378793 -0.283387 1.955984
v 0.362609 -0.265670 1.960336
v 0.352945 -0.235813 1.890483
v 0.035534 -0.233198 1.919449
v 0.018745 -0.230105 1.913218
v 0.069360 -0.234020 1.898583
v 0.046459 -0.228247 1.899616
v 0.266242 -0.243628 1.871909
v 0.296680 -0.241269 1.869747
v 0.400115 -0.295472 1.944074
v 0.358695 -0.259010 1.955236
v 0.366582 -0.273702 1.961068
v 0.373768 -0.252685 1.950266
v 0.362550 -0.243109 1.928420
v 0.357731 -0.238804 1.911486
v 0.023235 -0.225773 1.900427
v 0.405549 -0.283428 1.947662
v 0.430700 -0.280630 1.939437
v 0.426990 -0.294020 1.935239
v 0.418114 -0.301992 1.932866
v 0.385831 -0.262992 1.957451
v 0.416629 -0.267251 1.948613
v 0.379405 -0.257724 1.955642
v 0.389366 -0.247047 1.953806
v 0.382209 -0.244190 1.947952
v 0.375958 -0.241076 1.938798
v 0.368101 -0.247891 1.941257
v 0.366488 -0.233894 1.907120
v 0.370963 -0.237681 1.926018
v 0.359717 -0.229335 1.867195
v 0.455177 -0.278307 1.929098
v 0.454133 -0.292440 1.923833
v 0.397428 -0.306131 1.932773
v 0.443285 -0.303941 1.917276
v 0.457338 -0.300090 1.916829
v 0.397895 -0.249022 1.956828
v 0.414312 -0.245383 1.955997
v 0.447291 -0.250871 1.940113
v 0.386269 -0.233054 1.950147
v 0.394186 -0.234138 1.956674
v 0.403153 -0.234244 1.960436
v 0.379843 -0.231713 1.940452
v 0.375316 -0.229620 1.926455
v 0.368860 -0.226107 1.890258
v 0.365121 -0.224320 1.867760
v 0.470175 -0.279420 1.920599
v 0.468030 -0.245596 1.930803
v 0.425032 -0.304888 1.917863
v 0.397166 -0.306808 1.926563
v 0.366348 -0.309018 1.934798
v 0.448168 -0.304235 1.908692
v 0.468469 -0.304374 1.898525
v 0.483914 -0.303448 1.896024
v 0.415417 -0.222193 1.964534
v 0.447203 -0.229109 1.947601
v 0.432423 -0.213644 1.961961
v 0.380778 -0.219935 1.945755
v 0.387146 -0.219912 1.955789
v 0.395296 -0.219747 1.962656
v 0.404158 -0.211095 1.969756
v 0.376980 -0.220151 1.931218
v 0.367429 -0.216698 1.869864
v 0.488654 -0.289348 1.905700
v 0.488450 -0.304604 1.887367
v 0.385598 -0.205650 1.963222
v 0.379347 -0.206518 1.953776
v 0.375995 -0.206877 1.941128
v 0.393777 -0.204681 1.969633
v 0.410207 -0.190169 1.978597
v 0.366672 -0.205772 1.874476
v 0.509014 -0.304567 1.877070
v 0.509452 -0.303028 1.882824
v 0.499257 -0.237682 1.912881
v 0.508429 -0.248559 1.904813
v 0.375257 -0.193125 1.962588
v 0.389980 -0.189889 1.976740
v 0.362888 -0.194592 1.880373
v 0.512198 -0.233201 1.901362
v 0.381567 -0.191606 1.971181
v 0.394596 -0.175148 1.985319
v 0.400180 -0.163993 1.988608
v 0.371839 -0.193899 1.950249
v 0.509306 -0.287479 1.895811
v 0.494963 -0.185342 1.945350
v 0.520055 -0.241684 1.894302
v 0.383787 -0.176269 1.983639
v 0.374703 -0.178850 1.978801
v 0.539877 -0.260137 1.889086
v 0.613970 -0.266266 1.867490
v 0.614106 -0.299879 1.851219
v 0.640901 -0.176044 1.890468
v 0.574505 -0.153457 1.933638
v 0.357118 -0.170860 1.978596
v 0.618774 -0.293026 1.856017
v 0.654920 -0.148390 1.900226
v 0.617832 -0.143254 1.919473
v 0.574564 -0.142450 1.937482
v 0.510100 -0.155780 1.956910
v 0.530040 -0.227971 1.866021
v 0.597843 -0.257106 1.870213
v 0.657639 -0.290712 1.841789
v 0.683678 -0.148286 1.884245
v 0.681501 -0.131023 1.891410
v 0.531623 -0.144887 1.952713
v 0.477422 -0.146928 1.970355
v 0.337955 -0.138616 2.005372
v 0.446286 -0.160742 1.975965
v 0.681885 -0.290337 1.830767
v 0.611433 -0.248890 1.856974
v 0.653433 -0.297962 1.837049
v 0.365530 -0.116131 2.002424
v 0.398213 -0.114873 1.994896
v 0.317440 -0.115146 2.012007
v 0.708291 -0.277649 1.823797
v 0.703139 -0.129238 1.877519
v 0.346309 -0.174601 1.895458
v 0.514658 -0.133679 1.960978
v 0.646212 -0.181023 1.879531
v 0.348325 -0.157593 1.993811
v 0.472328 -0.122751 1.975691
v 0.531623 -0.119972 1.956527
v 0.051602 -0.147404 2.008531
v 0.668009 -0.182749 1.856185
v 0.634654 -0.184525 1.871671
v 0.319735 -0.156885 1.981001
v 0.448770 -0.111648 1.982670
v 0.515130 -0.110872 1.962055
v 0.680238 -0.181287 1.858902
v 0.292904 -0.151638 1.988233
v 0.291541 -0.154461 1.919617
v 0.553468 -0.103515 1.947307
v 0.466972 -0.106490 1.975855
v 0.574301 -0.107691 1.941237
v 0.574417 -0.117713 1.941427
v 0.140551 -0.145371 2.020989
v 0.691553 -0.183624 1.858358
v 0.688037 -0.185596 1.849178
v 0.678927 -0.183854 1.843951
v 0.254082 -0.146241 2.009406
v 0.258953 -0.148755 1.994210
v 0.569323 -0.100100 1.938681
v 0.615955 -0.099710 1.923605
v 0.701718 -0.187937 1.855157
v 0.696724 -0.190693 1.852760
v 0.329194 -0.094870 2.009093
v 0.500171 -0.103126 1.962083
v 0.704056 -0.198446 1.849996
v 0.684002 -0.189205 1.808128
v 0.692003 -0.192125 1.835758
v 0.324550 -0.074142 2.006515
v 0.494538 -0.098010 1.952206
v 0.466917 -0.103474 1.972159
v 0.212722 -0.147515 2.000910
v 0.704494 -0.210289 1.845684
v 0.712117 -0.207012 1.843596
v 0.261306 -0.054878 2.011100
v 0.531673 -0.096561 1.940728
v 0.711570 -0.223594 1.839572
v 0.690122 -0.211545 1.793722
v 0.693421 -0.211805 1.815102
v 0.328113 -0.053636 1.999576
v 0.573655 -0.094499 1.926630
v 0.708140 -0.143406 1.869176
v 0.693569 -0.161016 1.872916
v 0.720780 -0.121191 1.864987
v 0.735260 -0.111635 1.851693
v 0.688666 -0.174083 1.869112
v 0.705502 -0.172430 1.860342
v 0.721523 -0.200586 1.838340
v 0.732156 -0.190203 1.830274
v 0.730438 -0.157069 1.842765
v 0.731023 -0.218873 1.825589
v 0.403037 -0.148755 1.991238
v 0.417655 -0.134817 1.989292
v 0.081453 -0.036780 2.018107
v 0.592645 -0.282212 1.870436
v 0.616744 -0.160080 1.912728
v 0.368013 -0.181233 1.970862
v 0.364656 -0.182858 1.958352
v 0.427459 -0.149079 1.984622
v 0.628223 -0.279278 1.859301
v 0.666840 -0.273968 1.846336
v 0.658311 -0.260263 1.852510
v 0.653433 -0.251069 1.850663
v 0.657844 -0.166223 1.890305
v 0.376738 -0.133630 1.999002
v 0.353743 -0.172846 1.966226
v 0.692079 -0.276941 1.833706
v 0.705808 -0.260925 1.833824
v 0.448308 -0.135601 1.981372
v 0.718340 -0.261584 1.825039
v 0.691758 -0.258150 1.841567
v 0.681972 -0.252200 1.845044
v 0.339368 -0.164143 1.973786
v 0.342015 -0.161756 1.986321
v 0.432540 -0.120666 1.986798
v 0.704085 -0.244657 1.839356
v 0.670901 -0.176733 1.874714
v 0.321450 -0.154430 1.993900
v 0.714893 -0.245433 1.833212
v 0.683316 -0.179166 1.865519
v 0.326300 -0.149310 2.001596
v 0.289369 -0.143031 2.010869
v 0.294022 -0.149405 2.001200
v 0.080636 -0.140156 2.031370
v 0.696840 -0.180149 1.861222
v 0.268672 -0.130718 2.019361
v 0.153400 -0.140139 2.029126
v 0.153400 -0.129994 2.033359
v 0.711196 -0.189488 1.850105
v 0.212318 -0.140256 2.023844
v 0.260429 -0.114460 2.021702
v 0.212523 -0.114084 2.028769
v 0.260838 -0.094704 2.020306
v 0.212435 -0.130072 2.027945
v 0.153400 -0.114053 2.034242
v 0.153400 -0.094871 2.032636
v 0.212552 -0.094799 2.027173
v 0.219484 -0.075000 2.022988
v 0.080636 -0.114068 2.036736
v 0.689081 -0.193560 1.804213
v 0.691114 -0.201025 1.799245
v 0.153458 -0.075278 2.029115
v 0.080664 -0.075327 2.031782
v 0.080636 -0.094882 2.035250
v 0.153780 -0.055843 2.023346
v 0.212873 -0.055483 2.017965
v 0.719359 -0.226183 1.834019
v 0.080898 -0.055931 2.026067
v 0.213487 -0.036107 2.009421
v 0.700959 -0.232735 1.840831
v 0.703618 -0.221848 1.842430
v 0.739008 -0.228698 1.815871
v 0.689350 -0.222537 1.802359
v 0.692926 -0.223071 1.822947
v 0.278558 -0.034145 1.999301
v 0.614288 -0.091992 1.911444
v 0.698330 -0.222920 1.839517
v 0.695058 -0.242817 1.841416
v 0.688779 -0.240447 1.837936
v 0.695823 -0.201149 1.840996
v 0.670026 -0.092285 1.897589
v 0.696230 -0.212046 1.836733
v 0.647796 -0.089403 1.897604
v 0.728336 -0.246272 1.822510
v 0.695088 -0.223142 1.832519
v 0.746558 -0.227505 1.807136
v 0.754322 -0.227692 1.795856
v 0.686851 -0.221789 1.789686
v 0.699440 -0.211758 1.843561
v 0.745409 -0.245367 1.804314
v 0.742615 -0.259713 1.801870
v 0.715360 -0.289270 1.809793
v 0.756424 -0.189442 1.797595
v 0.725819 -0.275859 1.810704
v 0.592471 -0.246000 1.850241
v 0.642850 -0.243159 1.833529
v 0.760803 -0.206918 1.786719
v 0.735132 -0.287883 1.791000
v 0.743195 -0.275370 1.791616
v 0.755202 -0.259111 1.784202
v 0.756927 -0.244197 1.787406
v 0.563784 -0.251416 1.873897
v 0.565522 -0.244766 1.845217
v 0.643855 -0.238390 1.792631
v 0.543746 -0.251062 1.881426
v 0.549195 -0.242280 1.846787
v 0.764791 -0.226413 1.776210
v 0.700179 -0.073708 1.868793
v 0.733520 -0.292115 1.786506
v 0.541024 -0.239331 1.853944
v 0.591080 -0.241196 1.805206
v 0.704006 -0.063813 1.864062
v 0.688196 -0.088227 1.886939
v 0.767242 -0.257240 1.762084
v 0.536473 -0.242743 1.873698
v 0.768440 -0.242648 1.765194
v 0.665227 -0.095378 1.902343
v 0.154420 0.088683 1.888288
v 0.697242 -0.091891 1.886009
v 0.662617 -0.100768 1.904999
v 0.217161 0.088608 1.879008
v 0.701108 -0.096035 1.883917
v 0.270994 0.088435 1.869007
v 0.801815 -0.233698 1.682974
v 0.810049 -0.249803 1.654827
v 0.739810 -0.292242 1.773916
v 0.811733 -0.213686 1.657256
v 0.817855 -0.231417 1.636346
v 0.696714 -0.112429 1.885484
v 0.155590 -0.018022 2.004339
v 0.154568 -0.036617 2.014929
v 0.681651 -0.229957 1.787381
v 0.674505 -0.234688 1.786771
v 0.667947 -0.240607 1.824099
v 0.662663 -0.236703 1.788453
v 0.779960 -0.235403 1.739786
v 0.701540 -0.031312 1.867934
v 0.080636 -0.130006 2.035666
v 0.082125 -0.018272 2.008114
v 0.695234 -0.232746 1.837134
v 0.741416 -0.194676 1.818403
v 0.686097 -0.231504 1.807276
v 0.273953 -0.016752 1.989741
v 0.214246 -0.017392 1.998569
v 0.691209 -0.232303 1.828848
v 0.684572 -0.238438 1.830292
v 0.748389 -0.195128 1.809218
v 0.214977 0.000358 1.985553
v 0.280857 0.002266 1.974266
v 0.082826 -0.000687 1.996232
v 0.728563 -0.261341 1.816129
v 0.675692 -0.246400 1.842512
v 0.671602 -0.242321 1.835083
v 0.681563 -0.237407 1.820332
v 0.263204 0.018419 1.962077
v 0.215736 0.017841 1.969650
v 0.326235 0.019896 1.948998
v 0.156555 -0.000322 1.991791
v 0.670292 -0.087121 1.887242
v 0.157577 0.017311 1.976221
v 0.650424 -0.245427 1.843114
v 0.282249 0.037300 1.937955
v 0.216554 0.035732 1.950211
v 0.083498 0.016905 1.981332
v 0.276786 0.052471 1.919787
v 0.225814 0.060518 1.917824
v 0.155942 0.058071 1.929911
v 0.362140 0.003039 1.958010
v 0.684368 -0.084417 1.879745
v 0.084287 0.035323 1.962630
v 0.564777 -0.247165 1.861519
v 0.768546 -0.185245 1.774003
v 0.283147 0.071367 1.892121
v 0.350214 0.052821 1.903509
v 0.158687 0.035537 1.956849
v 0.693829 -0.080361 1.873899
v 0.088779 0.061954 1.931184
v 0.749013 -0.287107 1.772922
v 0.756468 -0.274109 1.772322
v 0.547164 -0.246005 1.868393
v 0.772079 -0.204153 1.762690
v 0.359359 0.069654 1.877260
v 0.358898 0.088458 1.849010
v 0.699648 -0.084743 1.881803
v 0.783155 -0.181688 1.740341
v 0.711592 -0.065688 1.870350
v 0.706968 -0.077376 1.875911
v 0.792203 -0.202253 1.712758
v 0.772458 -0.163338 1.772480
v 0.712550 -0.053390 1.866513
v 0.704958 -0.054187 1.860933
v 0.689391 -0.090372 1.889083
v 0.084990 0.088913 1.895164
v 0.747306 -0.291136 1.769294
v 0.801537 -0.177849 1.691607
v 0.788690 -0.253464 1.711562
v 0.762503 -0.166520 1.792427
v 0.705341 -0.046552 1.863280
v 0.711433 -0.076906 1.874910
v 0.762624 -0.285282 1.749212
v 0.771894 -0.271369 1.742060
v 0.806732 -0.197758 1.672359
v 0.811085 -0.156372 1.669958
v 0.717665 -0.048158 1.863178
v 0.698565 -0.041972 1.865316
v 0.702707 -0.047180 1.860452
v 0.712877 -0.083255 1.874876
v 0.720598 -0.071361 1.867197
v 0.181116 0.090058 1.881029
v 0.762834 -0.289751 1.741016
v 0.779623 -0.283565 1.712044
v 0.756957 -0.290693 1.746796
v 0.797354 -0.268805 1.679999
v 0.709573 -0.044446 1.865882
v 0.719915 -0.090590 1.869240
v 0.710262 -0.103784 1.876602
v 0.729421 -0.059294 1.856596
v 0.084958 0.090211 1.891306
v 0.747813 -0.291537 1.763095
v 0.701904 -0.038252 1.868363
v 0.084871 0.088732 1.888981
v 0.280630 0.089862 1.862789
v 0.803944 -0.281864 1.651742
v 0.802586 -0.287417 1.644103
v 0.818130 -0.196506 1.637520
v 0.818404 -0.174437 1.638838
v 0.691845 -0.033435 1.873066
v 0.697250 -0.042752 1.862567
v 0.734926 -0.045524 1.846575
v 0.675036 -0.024761 1.880087
v 0.828436 -0.137412 1.615242
v 0.657649 -0.014157 1.883387
v 0.828202 -0.125372 1.616784
v 0.414885 0.088961 1.826845
v 0.425090 0.086303 1.821627
v 0.822746 -0.116943 1.625056
v 0.833152 -0.111289 1.607148
v 0.816785 -0.201333 1.601661
v 0.826820 -0.108696 1.619128
v 0.814742 -0.232716 1.602348
v 0.824171 -0.107279 1.621142
v 0.793967 -0.193887 1.600631
v 0.829345 -0.108127 1.617997
v 0.825642 -0.098716 1.619717
v 0.827441 -0.086796 1.622710
v 0.829039 -0.093042 1.616713
v 0.829297 -0.085902 1.620620
v 0.825690 -0.084072 1.628772
v 0.831261 -0.085522 1.620023
v 0.159505 0.088633 1.881256
v 0.216963 0.088559 1.872674
v 0.813075 -0.267207 1.637571
v 0.823360 -0.171706 1.620649
v 0.824080 -0.204865 1.614335
v 0.820632 -0.212932 1.628797
v 0.690226 -0.036082 1.871960
v 0.676919 -0.032520 1.878750
v 0.688434 -0.038480 1.869584
v 0.687990 -0.039427 1.867146
v 0.749375 -0.027935 1.822829
v 0.732669 -0.023547 1.839426
v 0.159242 0.085877 1.879253
v 0.084725 0.085976 1.886912
v 0.216642 0.085823 1.870606
v 0.263174 0.085753 1.861692
v 0.822783 -0.150957 1.630624
v 0.825575 -0.169117 1.610038
v 0.823071 -0.236770 1.614864
v 0.675649 -0.035327 1.876396
v 0.670086 -0.029111 1.883092
v 0.649068 -0.030170 1.891143
v 0.674765 -0.036970 1.873700
v 0.748581 -0.052190 1.833078
v 0.288429 0.088398 1.858647
v 0.306436 0.085626 1.852450
v 0.359943 0.089852 1.844523
v 0.818615 -0.135840 1.651828
v 0.825402 -0.177440 1.603704
v 0.824932 -0.221157 1.607030
v 0.659564 -0.033483 1.883989
v 0.630062 -0.027808 1.900700
v 0.635276 -0.022948 1.897439
v 0.743828 -0.072049 1.843496
v 0.366271 0.088378 1.840420
v 0.345608 0.085575 1.843472
v 0.814444 -0.134097 1.668630
v 0.824218 -0.131419 1.631403
v 0.818244 -0.248350 1.629505
v 0.572610 -0.033766 1.924324
v 0.658494 -0.035413 1.881486
v 0.734842 -0.084003 1.854678
v 0.378470 0.085715 1.835089
v 0.414342 0.090481 1.829440
v 0.804564 -0.137420 1.698730
v 0.826712 -0.134541 1.623185
v 0.823311 -0.124682 1.631932
v 0.827822 -0.122805 1.621027
v 0.823448 -0.198030 1.602330
v 0.821438 -0.262035 1.606785
v 0.579564 -0.030811 1.922256
v 0.615654 -0.032593 1.904620
v 0.635800 -0.033376 1.894015
v 0.404848 0.086004 1.827764
v 0.788967 -0.157440 1.735042
v 0.787277 -0.137369 1.748771
v 0.808196 -0.125926 1.693758
v 0.792597 -0.122910 1.743577
v 0.818382 -0.128496 1.654691
v 0.819176 -0.126086 1.647409
v 0.826295 -0.118849 1.623713
v 0.827471 -0.155534 1.601575
v 0.824090 -0.167647 1.599694
v 0.821993 -0.236187 1.603493
v 0.582849 -0.025454 1.919542
v 0.728417 -0.101021 1.860619
v 0.811282 -0.124818 1.679855
v 0.810374 -0.124347 1.677823
v 0.816253 -0.124396 1.646925
v 0.820169 -0.123199 1.632288
v 0.830851 -0.132098 1.598441
v 0.833714 -0.115095 1.600660
v 0.825597 -0.151647 1.598118
v 0.534716 -0.029517 1.937562
v 0.611475 -0.014606 1.902861
v 0.582362 -0.036699 1.916518
v 0.779503 -0.126212 1.772043
v 0.797820 -0.119175 1.726079
v 0.807905 -0.122245 1.681705
v 0.827487 -0.137311 1.596095
v 0.533947 -0.035607 1.939581
v 0.797267 -0.118597 1.722851
v 0.793082 -0.115600 1.739371
v 0.792328 -0.114321 1.734826
v 0.804884 -0.112015 1.691124
v 0.810958 -0.110511 1.667557
v 0.819079 -0.112577 1.633682
v 0.823908 -0.118180 1.624164
v 0.517405 -0.041596 1.943940
v 0.525917 -0.043071 1.937607
v 0.789046 -0.110144 1.749343
v 0.795690 -0.108977 1.721470
v 0.795753 -0.099474 1.725628
v 0.797822 -0.173895 1.598997
v 0.787715 -0.108612 1.748670
v 0.786943 -0.098397 1.748600
v 0.788408 -0.105255 1.757413
v 0.839848 -0.075901 1.580948
v 0.805268 -0.139656 1.595762
v 0.818854 -0.266606 1.603395
v 0.483609 -0.047549 1.955756
v 0.596822 -0.036779 1.907964
v 0.786571 -0.103780 1.756444
v 0.817317 -0.098815 1.645964
v 0.804993 -0.097870 1.691563
v 0.829492 -0.114230 1.619488
v 0.823767 -0.128147 1.593750
v 0.807200 -0.128482 1.593590
v 0.829271 -0.127234 1.594120
v 0.812594 -0.266993 1.602581
v 0.486064 -0.049914 1.951746
v 0.572782 -0.038779 1.917646
v 0.618905 -0.035380 1.898867
v 0.546025 -0.041619 1.927938
v 0.785125 -0.098307 1.760199
v 0.784882 -0.092673 1.759151
v 0.786968 -0.090917 1.748035
v 0.819342 -0.092727 1.640288
v 0.814093 -0.094003 1.664214
v 0.808199 -0.119906 1.591125
v 0.816150 -0.281631 1.603837
v 0.459025 -0.054398 1.963994
v 0.461478 -0.056242 1.959704
v 0.784444 -0.092274 1.760606
v 0.826625 -0.092382 1.619337
v 0.832142 -0.104885 1.611811
v 0.830786 -0.115009 1.612555
v 0.442366 -0.064401 1.968005
v 0.444435 -0.065127 1.963490
v 0.787090 -0.098783 1.761735
v 0.822076 -0.082982 1.640263
v 0.817884 -0.281083 1.607646
v 0.814223 -0.286820 1.605718
v 0.435960 -0.075755 1.967777
v 0.487251 -0.050734 1.948628
v 0.516462 -0.045615 1.938607
v 0.786239 -0.092229 1.761780
v 0.786168 -0.091999 1.768399
v 0.787439 -0.103722 1.763809
v 0.827618 -0.082446 1.628125
v 0.837824 -0.073427 1.577421
v 0.819426 -0.266843 1.615670
v 0.812042 -0.287193 1.616140
v 0.793298 -0.287232 1.605936
v 0.434959 -0.086016 1.969409
v 0.462189 -0.056914 1.957037
v 0.785817 -0.088082 1.759078
v 0.788239 -0.087252 1.760412
v 0.812819 -0.281272 1.627279
v 0.806469 -0.287996 1.611686
v 0.801503 -0.287980 1.609574
v 0.795866 -0.287970 1.608253
v 0.790147 -0.083476 1.756224
v 0.784610 -0.101649 1.770531
v 0.832278 -0.092098 1.615192
v 0.830785 -0.098980 1.615964
v 0.842691 -0.056335 1.579604
v 0.792185 -0.280904 1.603554
v 0.439487 -0.093290 1.968247
v 0.788189 -0.084317 1.755585
v 0.793892 -0.082525 1.743070
v 0.786682 -0.086534 1.767696
v 0.781436 -0.091351 1.778609
v 0.835286 -0.070793 1.611028
v 0.839508 -0.062337 1.594239
v 0.832642 -0.084877 1.618587
v 0.790578 -0.266207 1.602408
v 0.450039 -0.097296 1.964931
v 0.800282 -0.080807 1.728512
v 0.790461 -0.077421 1.756822
v 0.789492 -0.060885 1.755658
v 0.782270 -0.055381 1.774223
v 0.842913 -0.054988 1.572145
v 0.789205 -0.247631 1.602216
v 0.434446 -0.097030 1.980855
v 0.446786 -0.101963 1.978155
v 0.467687 -0.098554 1.959941
v 0.800864 -0.081199 1.719350
v 0.794404 -0.084277 1.736017
v 0.830345 -0.081291 1.627629
v 0.428771 -0.088730 1.981224
v 0.792419 -0.096154 1.735955
v 0.798457 -0.079855 1.737188
v 0.798833 -0.069185 1.733963
v 0.846981 -0.021911 1.561283
v 0.847224 -0.022708 1.553857
v 0.804862 -0.288088 1.624163
v 0.800124 -0.288210 1.637456
v 0.432394 -0.099568 1.984793
v 0.445393 -0.104667 1.981942
v 0.425821 -0.090005 1.984735
v 0.807170 -0.083295 1.690106
v 0.796859 -0.091340 1.721402
v 0.826645 -0.079289 1.640752
v 0.837073 -0.037594 1.602575
v 0.841481 -0.042213 1.562204
v 0.788300 -0.288733 1.669112
v 0.420618 -0.098356 1.988503
v 0.823869 -0.081000 1.640626
v 0.811485 -0.079252 1.691507
v 0.844042 -0.022742 1.551303
v 0.778193 -0.289280 1.695646
v 0.426493 -0.075905 1.981353
v 0.419775 -0.075311 1.984596
v 0.399169 -0.074335 1.990698
v 0.825430 -0.080346 1.641266
v 0.804278 -0.070306 1.713768
v 0.806206 -0.055989 1.708593
v 0.817426 -0.051967 1.674450
v 0.842115 -0.018893 1.576312
v 0.767356 -0.289933 1.723103
v 0.429298 -0.054499 1.976070
v 0.435957 -0.061617 1.975169
v 0.438762 -0.063514 1.972714
v 0.430793 -0.075868 1.976823
v 0.396223 -0.054069 1.985361
v 0.382548 -0.094197 1.998011
v 0.458575 -0.050074 1.965866
v 0.470754 -0.038920 1.959477
v 0.402700 -0.034492 1.974855
v 0.366406 -0.073842 1.998333
v 0.819635 -0.022585 1.667659
v 0.812364 -0.027162 1.690611
v 0.801036 -0.030385 1.721984
v 0.839105 -0.018378 1.577187
v 0.821428 -0.015946 1.661304
v 0.845838 -0.019969 1.559451
v 0.846373 -0.020799 1.553573
v 0.414400 -0.012932 1.959186
v 0.814006 -0.002801 1.682741
v 0.809689 0.007747 1.690374
v 0.820174 -0.013866 1.661776
v 0.832045 -0.017566 1.590484
v 0.361122 -0.033904 1.984037
v 0.354205 -0.015354 1.974020
v 0.817218 -0.012922 1.674188
v 0.781840 -0.013456 1.762029
v 0.802797 0.021263 1.699812
v 0.780523 -0.036789 1.774470
v 0.820491 -0.014920 1.638064
v 0.836703 -0.018850 1.569843
v 0.828775 -0.022480 1.550392
v 0.367137 -0.053744 1.991977
v 0.812231 0.002185 1.683547
v 0.816562 -0.011458 1.672245
v 0.803030 0.020954 1.696479
v 0.775966 0.001608 1.764781
v 0.794088 0.034793 1.709085
v 0.772497 -0.029290 1.788005
v 0.814940 -0.013656 1.659858
v 0.838368 -0.019642 1.558086
v 0.835797 -0.020122 1.551812
v 0.398800 0.019749 1.933281
v 0.784650 0.047026 1.714676
v 0.793792 0.035431 1.707024
v 0.771558 -0.056070 1.797253
v 0.811610 -0.011486 1.670171
v 0.839479 -0.058007 1.570629
v 0.828232 -0.020360 1.549500
v 0.362995 0.036816 1.921473
v 0.808747 -0.002361 1.677765
v 0.797764 0.020970 1.694705
v 0.804278 0.008323 1.685567
v 0.779449 0.046327 1.712649
v 0.767679 0.013443 1.770555
v 0.783836 0.047641 1.718083
v 0.832018 -0.072723 1.576567
v 0.789293 0.034047 1.704042
v 0.770241 0.061460 1.724355
v 0.772792 0.058836 1.725799
v 0.768875 0.057036 1.719924
v 0.757049 0.021666 1.779674
v 0.758125 -0.008522 1.800305
v 0.765953 -0.018399 1.794226
v 0.814444 -0.057702 1.570216
v 0.813145 -0.072696 1.576511
v 0.761338 0.068781 1.729583
v 0.757804 0.066189 1.726131
v 0.761262 0.068322 1.732185
v 0.748587 0.033378 1.780261
v 0.749186 0.000105 1.806443
v 0.739634 0.007053 1.812502
v 0.739267 -0.011816 1.826169
v 0.759235 -0.031845 1.811223
v 0.748951 0.077205 1.734974
v 0.746294 0.074099 1.731536
v 0.743047 0.055787 1.765059
v 0.755800 -0.058514 1.824662
v 0.765428 -0.041743 1.805209
v 0.734084 0.080705 1.736206
v 0.731471 0.084505 1.739409
v 0.759563 -0.069663 1.820076
v 0.721436 0.085910 1.740140
v 0.763377 -0.078341 1.813208
v 0.752010 -0.087557 1.832424
v 0.710716 0.089502 1.743005
v 0.743814 -0.098270 1.843224
v 0.765568 -0.095643 1.807383
v 0.776265 -0.080893 1.787889
v 0.756476 -0.111937 1.820527
v 0.749705 -0.119575 1.829733
v 0.700631 0.094811 1.746943
v 0.704172 0.091523 1.744472
v 0.775197 -0.101545 1.787702
v 0.760517 -0.126867 1.809602
v 0.739737 -0.126350 1.841957
v 0.701281 0.093039 1.745473
v 0.726958 -0.137079 1.853849
v 0.742361 -0.168907 1.823835
v 0.716906 -0.159729 1.855921
v 0.789033 -0.125232 1.751383
v 0.752160 -0.172061 1.809251
v 0.791510 -0.113501 1.748398
v 0.080636 -0.149314 1.943087
v 0.153400 -0.149362 1.940057
v 0.212143 -0.149650 1.933062
v 0.257507 -0.151093 1.925205
v 0.316543 -0.159787 1.913760
v 0.333894 -0.166534 1.905081
v 0.699294 -0.290012 1.821066
v 0.689321 -0.296031 1.820131
v 0.713140 -0.293872 1.805071
v 0.704932 -0.295305 1.805183
v 0.691495 -0.296966 1.813225
v 0.674143 -0.298672 1.822058
v 0.651505 -0.300135 1.832411
v 0.623141 -0.301349 1.843294
v 0.715886 -0.294016 1.797271
v 0.590074 -0.302360 1.853321
v 0.724942 -0.293178 1.789554
v 0.557767 -0.303264 1.861962
v 0.732536 -0.292694 1.782164
v 0.503495 -0.021278 1.941523
v 0.562175 -0.017023 1.921851
v 0.574505 -0.130223 1.940146
v 0.616569 -0.114974 1.925010
v 0.616920 -0.127289 1.923599
v 0.616219 -0.104993 1.925018
v 0.652206 -0.111502 1.909720
v 0.653518 -0.127161 1.907325
v 0.677628 -0.110555 1.897364
v 0.699090 -0.200501 1.847935
v 0.693890 -0.191779 1.846613
v 0.537232 -0.190729 1.907881
v 0.510825 -0.196069 1.914245
v 0.505188 -0.203988 1.910226
v 0.492948 -0.204699 1.927053
v 0.575410 -0.187374 1.895298
v 0.577055 -0.188543 1.877725
v 0.544621 -0.191537 1.884046
v 0.521048 -0.196295 1.890489
v 0.510621 -0.213024 1.901247
v 0.519267 -0.211351 1.880993
v 0.514798 -0.203108 1.888910
v 0.615396 -0.188632 1.828093
v 0.522305 -0.201848 1.863635
v 0.524496 -0.209188 1.857904
v 0.528936 -0.217658 1.851769
v 0.580931 -0.189931 1.834349
v 0.553853 -0.192335 1.837301
v 0.536531 -0.195775 1.837539
v 0.646715 -0.187762 1.820964
v 0.527797 -0.206762 1.833498
v 0.528732 -0.200394 1.836119
v 0.532808 -0.219974 1.827742
v 0.537119 -0.231810 1.842326
v 0.665690 -0.187309 1.815630
v 0.534690 -0.234601 1.860885
v 0.538693 -0.230028 1.823489
v 0.676154 -0.187483 1.811661
v 0.543249 -0.235047 1.820746
v 0.550757 -0.239023 1.817019
v 0.565712 -0.241250 1.811854
v 0.807140 -0.288033 1.616769
v 0.639519 -0.034864 1.890060
v 0.446374 0.086582 1.814869
v 0.447183 0.089413 1.816645
v 0.450713 0.085827 1.814879
v 0.451194 0.088839 1.816845
v 0.454828 0.080223 1.823722
v 0.461459 0.074011 1.832992
v 0.478372 0.068140 1.840049
v 0.509102 0.065073 1.840059
v 0.543921 0.063989 1.835196
v 0.572869 0.063999 1.828477
v 0.598720 0.065367 1.819419
v 0.599783 0.069354 1.823392
v 0.625887 0.068610 1.806812
v 0.652498 0.074009 1.790447
v 0.675107 0.081172 1.771225
v 0.697620 0.090756 1.747606
v 0.698118 0.093049 1.749945
v 0.699352 0.092682 1.746131
v 0.790988 -0.212998 1.601811
v 0.789322 -0.230267 1.602211
v 0.820431 -0.020809 1.549431
v 0.816956 -0.022555 1.550474
v 0.816167 -0.028891 1.554190
v 0.815467 -0.042014 1.561882
v 0.681767 -0.016323 1.872731
v 0.700755 0.095796 1.747672
v 0.700102 0.094757 1.751246
v 0.704836 0.094725 1.750902
v 0.706573 0.094994 1.748078
v 0.700287 0.094669 1.746938
v 0.667787 0.080337 1.787835
v 0.677503 0.085323 1.774899
v 0.676072 0.083768 1.773229
v 0.733424 0.085483 1.741026
v 0.723117 0.088793 1.746391
v 0.681087 0.076407 1.786010
v 0.699412 0.061247 1.792592
v 0.715860 0.063687 1.779308
v 0.656515 0.071998 1.803029
v 0.654196 0.078059 1.794201
v 0.736542 0.083316 1.742273
v 0.655133 0.050192 1.827715
v 0.676407 0.047893 1.819800
v 0.729538 0.056927 1.776079
v 0.628406 0.071748 1.813800
v 0.627331 0.060189 1.828345
v 0.627377 0.072610 1.811150
v 0.626588 0.071220 1.808950
v 0.749540 0.076373 1.737326
v 0.626189 0.032020 1.858533
v 0.708138 0.026681 1.822320
v 0.692221 0.026625 1.832579
v 0.731654 0.018614 1.811086
v 0.720303 0.019147 1.820322
v 0.598400 0.063577 1.833966
v 0.582190 0.067187 1.833659
v 0.598524 0.047865 1.852383
v 0.650862 0.024203 1.855788
v 0.589809 0.025064 1.878609
v 0.670152 0.011948 1.858418
v 0.572637 0.056148 1.850901
v 0.573745 0.067960 1.833013
v 0.573336 0.066608 1.830682
v 0.564832 0.037884 1.873450
v 0.637110 0.010565 1.874354
v 0.585605 0.011471 1.892507
v 0.697433 0.005296 1.849114
v 0.721740 -0.002066 1.837034
v 0.545069 0.066963 1.842814
v 0.544505 0.067991 1.839729
v 0.547423 0.054120 1.859472
v 0.544330 0.066639 1.837334
v 0.543667 0.024474 1.892692
v 0.680061 -0.004134 1.866334
v 0.638619 -0.001869 1.883696
v 0.589497 -0.002932 1.902948
v 0.534741 0.010864 1.908085
v 0.545469 -0.004212 1.917701
v 0.716288 -0.013013 1.848819
v 0.699791 -0.007751 1.857215
v 0.508683 0.068150 1.847855
v 0.504087 0.055466 1.866055
v 0.509336 0.069157 1.844592
v 0.509423 0.067764 1.842130
v 0.511088 0.038036 1.885722
v 0.702047 -0.020955 1.863313
v 0.489117 -0.008197 1.936289
v 0.718923 -0.031368 1.855893
v 0.456718 0.067311 1.857276
v 0.476882 0.071626 1.847630
v 0.478225 0.072444 1.844384
v 0.468191 0.049086 1.880260
v 0.478634 0.070912 1.842054
v 0.477555 0.021978 1.911150
v 0.453878 0.036433 1.899537
v 0.420172 0.004542 1.943735
v 0.459005 0.078280 1.839976
v 0.461108 0.078656 1.836996
v 0.461721 0.076864 1.834930
v 0.455500 -0.028644 1.958119
v 0.441323 0.083083 1.836129
v 0.448090 0.089726 1.823386
v 0.454361 0.085210 1.827262
v 0.430242 0.051834 1.884588
v 0.430658 0.069423 1.859246
v 0.455120 0.083157 1.825461
v 0.450763 0.090235 1.818475
v 0.447393 0.090976 1.819040
v 0.697650 0.302545 -0.737470
v 0.692975 0.308023 -0.736232
v 0.804056 0.234909 -0.745056
v 0.771836 0.261222 -0.746190
v 0.835947 -0.040369 -0.630794
v 0.840758 -0.005857 -0.655797
v 0.843579 0.027824 -0.675293
v 0.842786 0.113861 -0.712707
v 0.815536 0.217152 -0.742313
v 0.732563 0.280543 -0.743102
v 0.716258 0.288410 -0.740786
v 0.844509 0.087198 -0.702458
v 0.839243 0.141118 -0.722162
v 0.704922 0.295876 -0.738990
v 0.692277 0.266758 0.393499
v 0.706248 0.257303 0.411514
v 0.721468 0.250025 0.429311
v 0.741419 0.243521 0.449658
v 0.763234 0.234894 0.469642
v 0.784327 0.220782 0.487240
v 0.802599 0.201649 0.501767
v 0.827047 0.152061 0.520975
v 0.834361 0.122168 0.525688
v 0.838614 0.089413 0.528067
v 0.839762 0.054759 0.529092
v 0.835523 -0.010009 0.528970
v 0.831860 -0.034295 0.528479
v 0.825643 -0.064035 0.527581
v 0.816840 -0.123857 0.525692
v 0.809857 -0.150876 0.524649
v 0.796128 -0.202287 0.522349
v 0.794941 -0.222926 0.521524
v 0.796283 -0.238385 0.520833
v 0.797466 -0.248222 0.519949
v 0.797477 -0.259886 0.514811
v 0.796816 -0.264021 0.510011
v 0.795998 -0.266454 0.495957
v 0.793131 -0.266440 0.432590
v 0.786917 -0.263661 0.292929
v 0.776960 -0.256004 0.017973
v 0.774906 -0.247669 -0.152318
v 0.692824 0.268066 0.372123
v 0.812176 -0.141038 -0.516434
v 0.825459 0.194477 -0.737421
v 0.803992 -0.238168 0.520467
v 0.797862 -0.254628 0.518151
v 0.804164 -0.198509 0.522230
v 0.806159 -0.254499 0.517752
v 0.805562 -0.248182 0.519514
v 0.818475 -0.150275 0.524199
v 0.804673 -0.237895 0.518948
v 0.832003 -0.066426 0.527947
v 0.829516 -0.101981 0.526418
v 0.832299 -0.068702 0.527632
v 0.811979 -0.153941 0.330964
v 0.827376 -0.101259 0.435553
v 0.821644 -0.099328 0.526480
v 0.841179 -0.021784 0.528754
v 0.805194 -0.263822 0.509833
v 0.838651 -0.038271 0.528122
v 0.830844 -0.070054 0.412309
v 0.836794 -0.033848 0.352864
v 0.805873 -0.262189 0.509242
v 0.801252 -0.266221 0.432727
v 0.806348 -0.253027 0.516740
v 0.838454 0.020664 0.529269
v 0.847283 0.088585 0.527828
v 0.835643 0.152446 0.520779
v 0.787267 -0.259507 0.133469
v 0.799391 -0.242235 0.376367
v 0.804694 -0.200896 0.521707
v 0.792727 -0.229488 0.178062
v 0.789236 -0.247168 0.136236
v 0.810095 0.204748 0.501734
v 0.834014 0.151543 0.358622
v 0.794755 -0.210660 0.144554
v 0.804213 -0.167081 0.142435
v 0.822793 -0.090495 0.129850
v 0.830169 -0.055406 0.132696
v 0.846723 0.019193 0.529021
v 0.834726 -0.022884 0.054049
v 0.841271 0.027629 0.171499
v 0.811304 0.203314 0.358980
v 0.813494 0.202341 0.071435
v 0.832541 0.149623 0.133276
v 0.771582 0.240067 0.324271
v 0.768440 0.241263 0.469520
v 0.726186 0.256956 0.429410
v 0.697531 0.268675 0.394942
v 0.731300 0.257109 0.310464
v 0.723772 0.263361 0.191856
v 0.778197 0.238605 0.048317
v 0.699309 0.271143 0.386783
v 0.696541 0.263610 0.399022
v 0.691310 0.267753 0.391942
v 0.698335 0.271151 0.391921
v 0.698177 0.270891 0.392646
v 0.691782 0.268157 0.387070
v 0.714882 0.271716 0.112133
v 0.728720 0.268197 -0.035139
v 0.780464 -0.259666 0.134554
v 0.798079 -0.190015 -0.072837
v 0.784488 -0.247565 -0.152596
v 0.821694 -0.090970 -0.088681
v 0.830084 -0.050696 -0.065281
v 0.835158 -0.018289 -0.092372
v 0.840889 0.091818 0.157018
v 0.839420 0.094280 -0.018927
v 0.839895 0.035392 -0.021015
v 0.707394 0.267580 0.112097
v 0.722715 0.276128 -0.140864
v 0.713387 0.270472 -0.069649
v 0.775521 -0.252373 -0.069195
v 0.776514 -0.239441 -0.235903
v 0.783966 -0.252164 -0.071561
v 0.786578 -0.239368 -0.235911
v 0.802585 -0.177283 -0.232329
v 0.818930 -0.112030 -0.231642
v 0.831056 -0.049649 -0.167472
v 0.841895 0.041902 -0.207212
v 0.832471 0.150134 -0.007883
v 0.840836 0.097642 -0.177178
v 0.835427 0.154190 -0.262958
v 0.785479 0.242350 -0.264784
v 0.744091 0.264810 -0.204121
v 0.723899 0.279188 -0.246934
v 0.718986 0.273026 0.007659
v 0.810410 -0.160123 -0.374544
v 0.799456 -0.203378 -0.394988
v 0.831060 -0.066837 -0.354661
v 0.839256 -0.013559 -0.355220
v 0.844070 0.102328 -0.367352
v 0.816812 0.204840 -0.188685
v 0.731421 0.280662 -0.498114
v 0.716088 0.275291 -0.245463
v 0.712857 0.284493 -0.459954
v 0.820003 -0.125069 -0.405014
v 0.833594 -0.069394 -0.460977
v 0.843699 -0.006796 -0.498758
v 0.848353 0.051956 -0.504476
v 0.846888 0.108149 -0.514706
v 0.837765 0.160807 -0.485081
v 0.819362 0.211224 -0.474341
v 0.791051 0.245709 -0.472065
v 0.746863 0.268789 -0.391705
v 0.790542 -0.203463 -0.394973
v 0.849247 -0.005894 -0.655505
v 0.853321 0.058661 -0.689906
v 0.842029 0.169011 -0.730051
v 0.750970 0.273302 -0.562636
v 0.720712 0.288340 -0.461477
v 0.711656 0.299141 -0.617355
v 0.820666 -0.140908 -0.516495
v 0.838003 -0.074512 -0.599698
v 0.829449 -0.074601 -0.599773
v 0.703788 0.295624 -0.615519
v 0.694803 0.307776 -0.683510
v 0.844717 0.059149 -0.690418
v 0.716916 0.292445 -0.626293
v 0.705305 0.303327 -0.737155
v 0.712521 0.297103 -0.649721
v 0.694288 0.319835 -0.731646
v 0.702002 0.310309 -0.687338
v 0.851456 0.113758 -0.712301
v 0.833529 0.168436 -0.730573
v 0.822417 0.221152 -0.741757
v 0.687918 0.317583 -0.722186
v 0.685659 0.320241 -0.733700
v 0.700580 0.308562 -0.735712
v 0.697545 0.313216 -0.734701
v 0.693492 0.320423 -0.733554
v 0.693146 0.320050 -0.733972
v 0.697262 0.312260 -0.735258
v 0.689921 0.312497 -0.735249
v 0.794106 0.256240 -0.745244
v 0.789798 0.249046 -0.746166
v 0.722055 0.293585 -0.739774
v 0.756538 0.278960 -0.743938
v 0.751944 0.271696 -0.745152
v 0.805008 0.228168 -0.370827
v 0.848345 0.053565 0.528837
v 0.795494 -0.252743 0.290701
v 0.749827 0.250280 0.317126
v 0.801268 -0.174155 -0.461052
v 0.708664 0.271266 0.228304
v 0.822485 -0.085903 0.009529
v 0.840427 0.065109 -0.019996
v 0.836924 0.122810 -0.038052
v 0.801998 0.225454 -0.194725
v 0.807249 0.232293 -0.525435
v 0.838716 -0.002776 0.179534
v 0.847921 0.141139 -0.721680
v 0.825326 -0.084611 -0.242967
v 0.835490 -0.041763 -0.365617
v 0.796232 -0.196999 0.015473
v 0.800955 -0.221566 0.433452
v 0.796053 -0.236366 0.292743
v 0.831131 -0.085346 0.525690
v 0.824934 0.180188 0.512932
v 0.799677 -0.200088 0.292657
v 0.847152 0.023193 -0.519720
v 0.708644 0.289944 -0.549843
v 0.829966 -0.051910 0.019828
v 0.842290 0.058619 0.181430
v 0.731617 0.276069 -0.324315
v 0.843275 0.017902 -0.377445
v 0.707080 0.304468 -0.661067
v 0.774465 0.258729 -0.513638
v 0.853175 0.086426 -0.701827
v 0.810360 -0.177062 0.522909
v 0.711187 0.268695 0.014192
v 0.839218 0.011017 -0.163782
v 0.821592 -0.107901 -0.562149
v 0.816695 0.178627 0.513044
v 0.830216 -0.064226 0.291148
v 0.711808 0.263332 0.409253
v 0.786640 -0.242224 0.013271
v 0.845840 0.076466 -0.390640
v 0.833399 0.196461 -0.736883
v 0.824904 -0.125919 0.525528
v 0.852112 0.027642 -0.674918
v 0.723228 0.283290 -0.354165
v 0.843622 0.135310 -0.519208
v 0.701314 0.267492 0.227899
v 0.841802 0.069567 -0.172705
v 0.841376 0.128525 -0.361939
v 0.756201 0.249829 0.121922
v 0.784312 -0.255896 0.017805
v 0.834779 -0.055634 0.527837
v 0.843123 -0.012359 0.528492
v 0.809578 0.240752 -0.744355
v 0.687781 0.316195 -0.734583
v 0.801917 -0.177695 0.523453
v 0.819643 -0.121701 0.309267
v 0.806571 -0.174031 0.336107
v 0.844464 -0.040333 -0.630604
v 0.837781 0.006348 -0.022894
v 0.760711 0.251389 -0.049223
v 0.715174 0.272489 -0.152704
v 0.790671 0.225635 0.487184
v 0.827048 -0.096113 -0.422030
v 0.830022 0.187639 -0.491953
v 0.716507 0.293674 -0.551141
v 0.699211 0.301560 -0.656342
v 0.695837 0.313881 -0.705444
v 0.828262 0.180998 -0.256352
v 0.719813 0.290940 -0.640040
v 0.792904 0.224254 0.340620
v 0.805902 -0.259686 0.514522
v 0.804676 -0.266182 0.495867
v 0.825653 -0.090144 0.278025
v 0.721840 0.288333 -0.530956
v 0.803349 -0.222016 0.521101
v 0.823996 -0.079572 0.527116
v 0.706897 0.304448 -0.657937
v 0.809808 -0.174060 -0.461075
v 0.797588 -0.193686 -0.140240
v 0.838987 -0.038879 -0.477872
v 0.828340 -0.050683 0.528020
v 0.781894 -0.225175 -0.318400
v 0.843075 0.121665 0.525493
v 0.824965 0.177395 0.036929
v 0.797866 0.222663 0.039351
v 0.837831 0.122113 0.168074
v 0.740244 0.286047 -0.742214
v 0.715387 0.279427 -0.352761
v 0.771273 0.255776 -0.392186
v 0.791547 -0.225090 -0.318443
v 0.824763 0.178725 0.361269
v 0.794168 -0.263435 0.290900
v 0.712083 0.262622 0.412525
v 0.830118 -0.107794 -0.562142
v 0.712034 0.298592 -0.738237
v 0.746041 0.250653 0.449622
v 0.775656 0.268923 -0.745035
v 0.131252 0.284300 -2.009554
v 0.141383 0.311622 -1.761732
v 0.129361 0.319362 -1.704434
v 0.177577 0.638847 -0.801563
v 0.056125 0.648795 -0.770105
v 0.178591 0.644447 -0.770359
v 0.177492 0.645654 -0.770931
v 0.132210 0.277980 -2.003058
v 0.414275 0.296857 -1.665423
v 0.496658 0.297449 -1.563462
v 0.463753 0.275645 -1.785608
v 0.454549 0.258299 -1.927353
v 0.377336 0.266134 -1.953250
v 0.340100 0.291797 -1.802946
v 0.342444 0.307177 -1.684510
v 0.396285 0.310160 -1.611435
v 0.454932 0.309382 -1.547499
v 0.552091 0.300012 -1.471339
v 0.513568 0.280875 -1.703426
v 0.577639 0.482070 -0.923636
v 0.581504 0.489911 -0.876311
v 0.611550 0.411540 -0.991340
v 0.622334 0.377825 -1.034361
v 0.534371 0.547309 -0.860467
v 0.536453 0.555336 -0.822677
v 0.600042 0.405192 -1.042133
v 0.569983 0.475660 -0.965089
v 0.596266 0.309895 -1.309911
v 0.622283 0.310660 -1.234396
v 0.623030 0.303480 -1.313539
v 0.603054 0.325133 -1.215120
v 0.579357 0.318426 -1.299095
v 0.625544 0.320769 -1.164440
v 0.606555 0.294461 -1.481880
v 0.642597 0.308157 -1.181639
v 0.252845 0.277445 -1.988329
v 0.333825 0.270478 -1.970749
v 0.136234 0.300820 -1.870397
v 0.259993 0.295844 -1.844474
v 0.131014 0.283133 -2.009748
v 0.261670 0.310290 -1.723585
v 0.250025 0.316815 -1.682372
v 0.333563 0.313817 -1.652386
v 0.524185 0.254970 -1.904566
v 0.610190 0.276584 -1.694682
v 0.631518 0.290985 -1.493380
v 0.496171 0.254450 -1.919813
v 0.587017 0.252381 -1.889819
v 0.590486 0.257878 -1.854226
v 0.438854 0.258328 -1.938345
v 0.358672 0.267329 -1.964134
v 0.526958 0.312835 -1.427842
v 0.328785 0.627554 -0.804507
v 0.397225 0.618815 -0.807907
v 0.328188 0.634557 -0.772387
v 0.327506 0.617917 -0.841408
v 0.176750 0.628600 -0.839668
v 0.441086 0.606497 -0.819843
v 0.493417 0.593354 -0.795117
v 0.439525 0.598292 -0.851074
v 0.396189 0.609550 -0.844595
v 0.493394 0.593184 -0.792981
v 0.536108 0.555169 -0.820258
v 0.529491 0.538904 -0.900974
v 0.487611 0.576211 -0.866759
v 0.644195 0.316389 -1.110340
v 0.631878 0.339178 -1.084716
v 0.648348 0.332640 -1.036989
v 0.613201 0.340506 -1.140073
v 0.611125 0.366039 -1.089702
v 0.350323 0.266274 -1.965574
v 0.444054 0.614936 -0.780675
v 0.443617 0.613999 -0.780252
v 0.397687 0.625641 -0.775609
v 0.414420 0.621462 -0.776508
v 0.440822 0.608334 -0.780882
v 0.581003 0.490130 -0.873210
v 0.621467 0.410174 -0.949409
v 0.531931 0.549604 -0.820094
v 0.576008 0.485907 -0.871059
v 0.645654 0.299259 -1.313291
v 0.650740 0.306751 -1.160079
v 0.633661 0.290300 -1.491020
v 0.651184 0.314203 -1.087249
v 0.650330 0.300057 -1.165087
v 0.645767 0.290305 -1.313417
v 0.612168 0.275599 -1.695696
v 0.588304 0.252067 -1.885277
v 0.587811 0.253325 -1.885360
v 0.633776 0.280925 -1.490807
v 0.612515 0.266287 -1.692119
v 0.645307 0.327504 -1.035808
v 0.587314 0.249718 -1.888583
v 0.640047 0.364508 -0.996077
v 0.328269 0.627885 -0.772212
v 0.586151 0.245006 -1.883666
v 0.545723 0.250965 -1.902729
v 0.493996 0.252407 -1.919466
v 0.451566 0.255137 -1.933215
v 0.452308 0.251092 -1.927533
v 0.396265 0.260638 -1.951188
v 0.357075 0.261380 -1.958197
v 0.333011 0.264248 -1.964607
v 0.289275 0.272411 -1.979996
v 0.639904 0.336438 -1.062036
v 0.468621 0.604973 -0.785272
v 0.419157 0.614256 -0.810316
v 0.640903 0.294165 -1.399039
v 0.635573 0.359978 -0.993105
v 0.414992 0.254673 -1.939654
v 0.089956 0.648880 -0.770724
v 0.370358 0.622814 -0.774010
v 0.609879 0.395586 -1.034906
v 0.511361 0.571136 -0.804573
v 0.064617 0.284697 -2.016195
v 0.307785 0.305715 -1.727687
v 0.597888 0.287188 -1.587207
v 0.065447 0.285897 -2.015960
v 0.550155 0.510254 -0.929388
v 0.261354 0.633258 -0.803479
v 0.072015 0.312916 -1.763838
v 0.514800 0.576326 -0.804135
v 0.420926 0.621089 -0.777616
v 0.465415 0.599609 -0.785868
v 0.377275 0.299771 -1.694141
v 0.417354 0.303878 -1.619531
v 0.424357 0.309243 -1.585057
v 0.630029 0.374783 -1.013099
v 0.608633 0.311030 -1.272803
v 0.608755 0.305790 -1.317116
v 0.639524 0.304843 -1.240709
v 0.366426 0.311688 -1.633426
v 0.599118 0.266374 -1.787481
v 0.417795 0.604928 -0.847139
v 0.463538 0.588765 -0.857282
v 0.260327 0.623410 -0.840354
v 0.064611 0.320165 -1.710230
v 0.369899 0.613500 -0.842777
v 0.648883 0.295283 -1.232153
v 0.458988 0.290547 -1.662514
v 0.483486 0.303958 -1.537395
v 0.611268 0.316183 -1.234724
v 0.602756 0.449012 -0.911288
v 0.490871 0.310657 -1.493306
v 0.260193 0.640407 -0.771309
v 0.644817 0.347151 -1.015522
v 0.621469 0.352164 -1.089108
v 0.371097 0.629438 -0.773695
v 0.195589 0.281200 -1.999395
v 0.649020 0.303214 -1.227126
v 0.640110 0.295296 -1.402840
v 0.640916 0.285815 -1.399107
v 0.098408 0.316284 -1.732239
v 0.641181 0.342563 -1.013444
v 0.627894 0.380063 -0.971990
v 0.425178 0.275659 -1.822278
v 0.579187 0.305604 -1.377022
v 0.620800 0.307938 -1.262533
v 0.625346 0.314831 -1.195240
v 0.206528 0.312124 -1.734475
v 0.537511 0.307181 -1.438591
v 0.512116 0.566648 -0.852590
v 0.515466 0.577095 -0.804684
v 0.609699 0.331580 -1.175929
v 0.651370 0.309826 -1.117366
v 0.615968 0.407120 -0.945141
v 0.301522 0.267282 -1.971827
v 0.418472 0.613930 -0.777934
v 0.065693 0.279554 -2.009589
v 0.618374 0.299084 -1.392869
v 0.300574 0.273670 -1.978367
v 0.192945 0.318176 -1.694741
v 0.295990 0.315319 -1.668422
v 0.506946 0.268651 -1.810778
v 0.613278 0.352172 -1.112009
v 0.607373 0.382212 -1.068696
v 0.600916 0.256643 -1.784652
v 0.635410 0.326357 -1.107980
v 0.089064 0.641653 -0.802999
v 0.623248 0.284618 -1.592291
v 0.417964 0.261630 -1.939641
v 0.305337 0.293213 -1.828632
v 0.597337 0.444988 -0.955295
v 0.556372 0.517657 -0.888373
v 0.593840 0.321231 -1.253402
v 0.486709 0.256308 -1.916654
v 0.370914 0.622932 -0.805903
v 0.509091 0.560247 -0.880605
v 0.587651 0.244973 -1.882905
v 0.623873 0.283191 -1.591942
v 0.603501 0.447906 -0.915173
v 0.558672 0.526303 -0.845411
v 0.068333 0.302105 -1.877802
v 0.549549 0.291596 -1.569689
v 0.557048 0.315575 -1.359641
v 0.370589 0.629644 -0.775396
v 0.088486 0.631792 -0.839385
v 0.514959 0.575203 -0.815310
v 0.466552 0.598643 -0.818064
v 0.346550 0.268169 -1.967773
v 0.644342 0.311526 -1.139371
v 0.597864 0.444912 -0.908696
v 0.587362 0.438398 -1.005422
v 0.202039 0.298498 -1.859247
v 0.600331 0.265006 -1.792346
v 0.649319 0.309015 -1.087954
v 0.468947 0.605914 -0.785678
v 0.198119 0.279886 -1.999170
v 0.473763 0.254789 -1.927181
v 0.558210 0.526263 -0.842634
v 0.390550 0.262733 -1.954171
v 0.650299 0.304155 -1.119424
v 0.261180 0.633010 -0.770793
v 0.587218 0.251491 -1.889932
v 0.286471 0.274073 -1.981732
v 0.650304 0.321637 -1.060916
v 0.632932 0.383789 -0.975793
v 0.507452 0.289952 -1.620178
v 0.594265 0.302503 -1.384644
v 0.567333 0.310254 -1.367470
v 0.553580 0.521331 -0.841547
v 0.647822 0.316447 -1.060689
v 0.623998 0.274541 -1.590671
v 0.485867 0.248759 -1.916743
v 0.198382 0.274767 -1.992554
v 0.089633 0.640886 -0.769723
v 0.177885 0.637574 -0.769939
v 0.489763 0.587326 -0.793544
v 0.396549 0.618183 -0.775958
v 0.257058 0.270849 -1.981148
v 0.131110 -0.072865 -2.108001
v 0.132657 -0.084192 -2.107222
v 0.124981 0.183535 -2.055196
v 0.134523 -0.000754 -2.147122
v 0.136817 -0.021967 -2.157083
v 0.159956 -0.239166 -2.086546
v 0.124986 0.208256 -2.058580
v 0.009677 0.098481 -2.027187
v 0.010945 0.085382 -2.048982
v 0.012410 0.084699 -2.051357
v 0.031783 0.115043 -2.056930
v 0.012419 0.100869 -2.054221
v 0.019344 0.083729 -2.051996
v 0.136358 -0.225664 -2.103996
v 0.134883 -0.201907 -2.106590
v 0.130750 -0.059536 -2.154997
v 0.159593 -0.239818 -2.084716
v 0.125000 0.209297 -2.052749
v 0.125709 0.208987 -2.057529
v 0.149724 0.041171 -2.060219
v 0.131036 0.034726 -2.076179
v 0.340825 -0.040257 -2.130225
v 0.346137 -0.011116 -2.119910
v 0.432024 -0.016037 -2.104448
v 0.384842 -0.034182 -2.121357
v 0.431733 -0.059377 -2.115350
v 0.410172 -0.070159 -2.121084
v 0.481176 -0.040027 -2.100957
v 0.499774 -0.019232 -2.088959
v 0.342198 0.005672 -2.101367
v 0.247252 -0.033913 -2.145343
v 0.261492 -0.006258 -2.132862
v 0.573854 -0.045002 -2.075732
v 0.570932 -0.022002 -2.068864
v 0.639785 -0.047373 -2.051183
v 0.639245 -0.022949 -2.041790
v 0.569597 -0.060683 -2.077176
v 0.474978 -0.058119 -2.104368
v 0.453466 0.000353 -2.080924
v 0.549359 -0.002743 -2.054881
v 0.246639 0.152973 -2.041717
v 0.235496 0.176554 -2.042481
v 0.335702 0.147623 -2.028936
v 0.371196 0.166369 -2.023046
v 0.237063 0.200896 -2.044545
v 0.230672 0.135074 -2.043278
v 0.126896 0.139486 -2.054078
v 0.188681 -0.058073 -2.155608
v 0.167825 -0.048346 -2.157326
v 0.148078 0.015022 -2.123729
v 0.273386 0.009220 -2.110525
v 0.572582 0.026569 -1.993291
v 0.457859 0.032183 -2.016899
v 0.457856 0.051098 -2.000636
v 0.565876 0.050392 -1.978046
v 0.651698 0.051271 -1.950674
v 0.658082 0.029025 -1.957267
v 0.549647 0.018525 -2.014060
v 0.477826 0.022844 -2.027664
v 0.386330 0.034266 -2.030386
v 0.455875 0.076386 -2.001045
v 0.565512 0.074348 -1.978814
v 0.304365 0.036539 -2.043416
v 0.340512 0.054150 -2.020694
v 0.316183 0.027928 -2.057727
v 0.430519 0.024154 -2.038329
v 0.345086 0.077825 -2.019168
v 0.230827 0.038656 -2.052489
v 0.250668 0.055958 -2.033835
v 0.156753 0.057692 -2.043699
v 0.110448 0.080326 -2.046099
v 0.229568 0.078846 -2.034685
v 0.218383 0.031535 -2.068876
v 0.689899 -0.048567 -2.014053
v 0.689323 -0.019717 -2.002493
v 0.727202 -0.014485 -1.943423
v 0.731671 -0.044225 -1.947862
v 0.729765 -0.092773 -1.947579
v 0.691876 -0.089873 -2.009258
v 0.676554 0.002618 -1.983718
v 0.716564 0.008566 -1.930343
v 0.751574 -0.006371 -1.866972
v 0.745016 -0.042374 -1.911485
v 0.735548 0.035757 -1.870939
v 0.707154 0.032325 -1.918075
v 0.705241 0.055798 -1.917045
v 0.737204 0.013765 -1.881517
v 0.731296 0.081912 -1.883584
v 0.743496 0.048400 -1.855919
v 0.746257 0.037510 -1.850120
v 0.704165 -0.213691 -1.928199
v 0.686020 -0.240095 -1.921409
v 0.646034 -0.212418 -1.977541
v 0.666085 -0.192372 -1.985922
v 0.714722 -0.262585 -1.856088
v 0.730132 -0.231015 -1.857450
v 0.715580 -0.169755 -1.937585
v 0.679162 -0.151961 -2.000534
v 0.595245 -0.188211 -2.025724
v 0.623247 -0.165865 -2.030438
v 0.506793 -0.210498 -2.033131
v 0.554356 -0.208814 -2.017931
v 0.608039 -0.206026 -2.000556
v 0.599236 -0.215165 -1.992223
v 0.457880 -0.194284 -2.069656
v 0.544843 -0.188186 -2.045959
v 0.419065 -0.218558 -2.052067
v 0.400616 -0.220906 -2.053911
v 0.270718 -0.232265 -2.075494
v 0.345813 -0.225890 -2.064423
v 0.354930 -0.225532 -2.061574
v 0.266240 -0.233270 -2.074383
v 0.232958 -0.212377 -2.108732
v 0.304456 -0.206797 -2.098629
v 0.563030 -0.157983 -2.059908
v 0.456584 -0.169140 -2.087398
v 0.476287 -0.141282 -2.093259
v 0.564003 -0.136099 -2.068044
v 0.376070 -0.174713 -2.104036
v 0.428002 -0.140798 -2.105909
v 0.628717 -0.134140 -2.042573
v 0.496199 -0.123003 -2.092737
v 0.567248 -0.117020 -2.072013
v 0.346307 -0.138177 -2.123480
v 0.303421 -0.178905 -2.117419
v 0.271070 -0.146534 -2.134759
v 0.236923 -0.095698 -2.148679
v 0.350392 -0.092232 -2.129771
v 0.195952 -0.184688 -2.133220
v 0.196834 -0.148631 -2.145248
v 0.751066 0.016730 -1.846766
v 0.607234 -0.002674 -2.032391
v 0.490008 -0.121092 -2.094414
v 0.565110 -0.115211 -2.072522
v 0.431583 -0.121894 -2.110790
v 0.426610 -0.118414 -2.112293
v 0.477761 -0.120583 -2.095952
v 0.631424 -0.103481 -2.051347
v 0.623769 -0.103748 -2.054025
v 0.405598 -0.082790 -2.121918
v 0.196828 -0.100741 -2.152672
v 0.685182 -0.126501 -2.006275
v 0.723905 -0.135923 -1.944008
v 0.737707 -0.139666 -1.904054
v 0.739183 -0.185591 -1.859114
v 0.696773 -0.293555 -1.795745
v 0.695710 -0.294167 -1.792746
v 0.678441 -0.281959 -1.851027
v 0.680398 -0.281624 -1.851480
v 0.731483 -0.275420 -1.798569
v 0.747118 -0.242953 -1.803681
v 0.747580 -0.242162 -1.801411
v 0.750576 -0.200713 -1.810722
v 0.750461 -0.201878 -1.808262
v 0.761637 -0.132880 -1.819878
v 0.764577 -0.105199 -1.824157
v 0.765374 -0.098816 -1.828124
v 0.765900 -0.040281 -1.837471
v 0.743179 -0.096372 -1.909247
v 0.757868 -0.001921 -1.842032
v 0.749466 0.022442 -1.845851
v 0.745770 0.041929 -1.849135
v 0.166958 -0.076611 -2.115611
v 0.168114 -0.088494 -2.114824
v 0.176569 -0.185315 -2.127273
v 0.177013 -0.165424 -2.133556
v 0.168446 -0.146401 -2.112974
v 0.168420 -0.183314 -2.110816
v 0.192633 -0.215669 -2.112201
v 0.172150 -0.214613 -2.110901
v 0.177136 -0.120604 -2.141236
v 0.411347 -0.074979 -2.120541
v 0.408682 -0.083799 -2.120806
v 0.409185 -0.090680 -2.118144
v 0.429579 -0.062469 -2.115559
v 0.410509 -0.106140 -2.118186
v 0.406627 -0.105876 -2.119502
v 0.557970 -0.062452 -2.080238
v 0.450188 -0.060056 -2.110527
v 0.634979 -0.064382 -2.053778
v 0.627816 -0.065171 -2.056051
v 0.606453 -0.064748 -2.061733
v 0.479569 -0.061049 -2.100723
v 0.741462 0.107909 -1.867494
v 0.743127 0.110756 -1.861934
v 0.644613 -0.073081 -2.048204
v 0.654930 -0.072535 -2.042911
v 0.647243 -0.087177 -2.046230
v 0.643118 -0.088578 -2.047427
v 0.643940 -0.073461 -2.046578
v 0.629573 -0.066240 -2.052865
v 0.627030 -0.230653 -1.963219
v 0.705600 0.099523 -1.922093
v 0.704799 0.101181 -1.922390
v 0.732800 0.105713 -1.884872
v 0.651739 0.064386 -1.951248
v 0.651586 0.097985 -1.956437
v 0.565300 0.099191 -1.983244
v 0.466864 0.103053 -2.003322
v 0.651147 0.099525 -1.956299
v 0.563360 0.100806 -1.983413
v 0.398714 0.107146 -2.014728
v 0.325040 0.109942 -2.027629
v 0.328974 0.131911 -2.029500
v 0.396828 0.124209 -2.016299
v 0.229117 0.111175 -2.040712
v 0.382941 0.144017 -2.020997
v 0.340518 0.188366 -2.028250
v 0.357146 0.183225 -2.024658
v 0.321927 0.192976 -2.030792
v 0.231715 0.202940 -2.044921
v 0.471569 0.104389 -2.002105
v 0.733356 0.106604 -1.881842
v 0.128486 0.113069 -2.051018
v 0.758202 -0.154027 -1.818961
v 0.009677 0.087198 -2.026243
v 0.010959 0.100021 -2.051695
v 0.629457 -0.066210 -2.025915
v 0.430038 -0.063159 -2.113562
v 0.411973 -0.075348 -2.093026
v 0.642332 -0.088491 -2.045783
v 0.479494 -0.060979 -2.074126
v 0.411998 -0.075362 -2.118477
v 0.409182 -0.097166 -2.091396
v 0.411112 -0.105730 -2.089525
v 0.411144 -0.105795 -2.116122
v 0.427010 -0.117850 -2.110329
v 0.426955 -0.117776 -2.082681
v 0.565099 -0.114522 -2.070568
v 0.623334 -0.103176 -2.052276
v 0.623256 -0.103094 -2.025369
v 0.642238 -0.088476 -2.022080
v 0.643871 -0.073425 -2.022522
v 0.168134 -0.205657 -2.108233
v 0.384053 -0.200414 -2.084683
v 0.173016 -0.069996 -2.147820
v 0.473622 -0.213890 -2.039323
v 0.694685 -0.293967 -1.794911
v 0.697144 -0.293025 -1.792215
v 0.693928 -0.288932 -1.791681
v 0.731833 -0.275382 -1.795411
v 0.746764 -0.242252 -1.800894
v 0.728475 -0.272378 -1.794521
v 0.750136 -0.195826 -1.808860
v 0.752823 -0.151276 -1.816571
v 0.765941 -0.040805 -1.834954
v 0.761774 -0.017346 -1.838647
v 0.759524 -0.100390 -1.824970
v 0.748703 0.022491 -1.845321
v 0.746216 0.014862 -1.843256
v 0.753279 -0.005771 -1.839737
v 0.744643 0.090591 -1.857358
v 0.745055 0.042533 -1.848756
v 0.739697 0.059379 -1.850944
v 0.742972 0.109418 -1.860039
v 0.739409 0.079798 -1.854205
v 0.743398 0.110720 -1.860826
v 0.726600 0.106062 -1.884136
v 0.649193 0.100354 -1.951420
v 0.416617 0.110778 -2.011339
v 0.380963 0.151721 -2.021168
v 0.395147 0.124306 -2.010912
v 0.372958 0.166319 -2.022039
v 0.354892 0.182564 -2.019774
v 0.369911 0.166172 -2.017375
v 0.654116 -0.257551 -1.915105
v 0.652755 -0.253118 -1.911562
v 0.625678 -0.226290 -1.959612
v 0.319390 0.193150 -2.025821
v 0.382080 0.145639 -2.015284
v 0.470119 0.104680 -1.996841
v 0.738160 0.110136 -1.859354
v 0.701304 -0.286497 -1.791801
v 0.159442 -0.235270 -2.081525
v 0.230483 -0.198458 -2.120188
v 0.168379 -0.123506 -2.113731
v 0.418356 -0.068318 -2.091864
v 0.518769 0.030506 -2.003168
v 0.179358 0.079798 -2.040143
v 0.168160 -0.066597 -2.140542
v 0.612380 -0.217216 -1.975515
v 0.597188 -0.161505 -2.045047
v 0.626244 -0.152455 -2.036294
v 0.310675 -0.192698 -2.108196
v 0.196587 -0.167742 -2.140151
v 0.744132 0.015632 -1.863714
v 0.436697 0.107071 -2.002469
v 0.363919 -0.220023 -2.056759
v 0.143013 -0.231900 -2.098825
v 0.182365 -0.185426 -2.132367
v 0.194705 -0.201128 -2.123596
v 0.519990 -0.165307 -2.070363
v 0.640423 -0.068837 -2.048316
v 0.644462 -0.080411 -2.045523
v 0.379770 -0.022784 -2.119216
v 0.443653 -0.038216 -2.109789
v 0.434369 -0.007201 -2.096142
v 0.179253 0.205864 -2.052825
v 0.611856 0.050597 -1.965245
v 0.497633 0.006241 -2.056170
v 0.074550 -0.073352 -2.107888
v 0.565683 0.061082 -1.977427
v 0.010588 0.099696 -2.035142
v 0.721072 0.033871 -1.897914
v 0.071452 -0.020379 -2.161650
v 0.402694 0.116341 -2.008622
v 0.262409 -0.123340 -2.141191
v 0.223104 -0.147956 -2.142277
v 0.388514 0.134466 -2.013269
v 0.604314 -0.176313 -2.032178
v 0.187340 -0.226779 -2.100589
v 0.363207 0.113063 -2.021810
v 0.632708 -0.012481 -2.034690
v 0.181101 0.147333 -2.049430
v 0.235153 0.188223 -2.043218
v 0.653372 0.040695 -1.951661
v 0.579229 0.008676 -2.023324
v 0.108792 0.069007 -2.045145
v 0.742233 -0.241968 -1.800364
v 0.705572 0.043394 -1.916320
v 0.666801 0.015774 -1.969471
v 0.076731 0.114201 -2.054576
v 0.020070 0.098355 -2.054460
v 0.382963 0.043212 -2.019981
v 0.400802 -0.049131 -2.120612
v 0.754240 -0.176389 -1.812727
v 0.183299 -0.120019 -2.149012
v 0.344211 0.013012 -2.086276
v 0.637043 -0.096549 -2.049452
v 0.066691 0.061258 -2.048993
v 0.710274 -0.017224 -1.974626
v 0.684132 -0.008874 -1.994935
v 0.714345 -0.045802 -1.981081
v 0.581128 -0.210668 -2.005270
v 0.519470 -0.139066 -2.081310
v 0.179029 0.182642 -2.049878
v 0.766631 -0.068737 -1.832967
v 0.389589 0.135606 -2.018592
v 0.157024 -0.071600 -2.110183
v 0.172557 -0.184353 -2.118735
v 0.175134 -0.201686 -2.118979
v 0.643942 -0.067353 -2.049755
v 0.179506 0.112048 -2.046327
v 0.006179 0.104999 -2.052657
v 0.524137 -0.062113 -2.058928
v 0.496863 -0.010025 -2.081882
v 0.706475 -0.131767 -1.978000
v 0.515869 0.075261 -1.989642
v 0.430797 0.009420 -2.070352
v 0.730365 -0.027188 -1.946617
v 0.722304 -0.002958 -1.937628
v 0.739005 -0.011675 -1.912160
v 0.069405 0.001184 -2.151394
v 0.598589 -0.144703 -2.052555
v 0.748160 0.027149 -1.848424
v 0.686110 -0.204084 -1.959091
v 0.760617 -0.040922 -1.834247
v 0.160031 -0.084795 -2.108227
v 0.640922 -0.068341 -2.050241
v 0.552771 -0.062999 -2.079852
v 0.457157 -0.027211 -2.103968
v 0.526499 -0.042765 -2.089266
v 0.161300 -0.062345 -2.152536
v 0.065774 0.140344 -2.057932
v 0.007038 0.079808 -2.050399
v 0.716545 0.103755 -1.900467
v 0.457451 -0.204620 -2.058235
v 0.196886 -0.125746 -2.149505
v 0.012047 -0.060219 -2.157039
v 0.073209 -0.057956 -2.159330
v 0.131955 -0.062120 -2.149966
v 0.740931 -0.118866 -1.907299
v 0.711097 0.020516 -1.923193
v 0.183131 -0.148929 -2.143881
v 0.446306 -0.121141 -2.106634
v 0.064781 0.043931 -2.065245
v 0.179910 0.129335 -2.048441
v 0.130634 -0.054049 -2.158363
v 0.737804 -0.258814 -1.797113
v 0.692199 -0.031699 -2.007436
v 0.743613 -0.223053 -1.803859
v 0.693429 -0.069296 -2.009912
v 0.742969 0.026193 -1.845324
v 0.009751 0.074669 -2.050534
v 0.568526 -0.197708 -2.026628
v 0.474630 -0.155931 -2.088335
v 0.750160 0.005616 -1.858241
v 0.610928 -0.046505 -2.063434
v 0.716172 -0.285631 -1.796952
v 0.160614 -0.192773 -2.107049
v 0.671201 -0.066476 -2.031469
v 0.728582 0.011382 -1.904266
v 0.682971 0.065220 -1.935377
v 0.355957 0.182512 -2.025599
v 0.191537 -0.024650 -2.151822
v 0.657645 -0.205051 -1.979428
v 0.278682 0.110521 -2.034361
v 0.649557 -0.235285 -1.949031
v 0.458023 -0.182270 -2.079291
v 0.688878 -0.108731 -2.008410
v 0.339388 0.064802 -2.018960
v 0.737766 0.025452 -1.870564
v 0.738470 0.106745 -1.873784
v 0.669018 -0.097045 -2.029370
v 0.195729 -0.076565 -2.154451
v 0.067262 0.018082 -2.127835
v 0.263554 0.002060 -2.123735
v 0.375979 0.156298 -2.016529
v 0.382427 -0.187820 -2.095037
v 0.372524 0.026277 -2.048431
v 0.647830 -0.074642 -2.047140
v 0.699307 0.005477 -1.957781
v 0.072224 -0.043619 -2.163665
v 0.739997 0.047893 -1.849070
v 0.672152 -0.177723 -1.991926
v 0.645495 -0.177842 -2.010272
v 0.545807 -0.176237 -2.055295
v 0.649235 0.000430 -2.005623
v 0.415768 -0.113644 -2.116179
v 0.342266 0.188337 -2.022009
v 0.611699 0.098250 -1.970759
v 0.344569 0.188429 -2.027042
v 0.010588 0.085817 -2.033393
v 0.244123 -0.015520 -2.141263
v 0.209585 -0.047662 -2.152581
v 0.720093 0.103347 -1.903548
v 0.731285 -0.067608 -1.948090
v 0.696830 -0.228077 -1.924731
v 0.136449 -0.010743 -2.153349
v 0.718706 -0.222862 -1.892448
v 0.708876 -0.197295 -1.931957
v 0.426809 -0.157797 -2.099951
v 0.259033 -0.062992 -2.145539
v 0.688870 -0.288580 -1.823625
v 0.168546 -0.167662 -2.112117
v 0.721515 0.102878 -1.903243
v 0.682397 0.099865 -1.940318
v 0.376075 -0.142224 -2.116680
v 0.608850 -0.022992 -2.055810
v 0.255782 0.065976 -2.030965
v 0.568229 -0.012403 -2.061226
v 0.566994 0.039749 -1.981746
v 0.134730 -0.034138 -2.159276
v 0.299510 0.045362 -2.033356
v 0.748317 -0.176733 -1.812177
v 0.712386 -0.091049 -1.981351
v 0.756690 -0.126849 -1.820684
v 0.714233 -0.281452 -1.792776
v 0.666934 -0.227965 -1.949178
v 0.006190 0.081047 -2.048052
v 0.702154 -0.252143 -1.889124
v 0.672304 -0.249234 -1.918229
v 0.738903 0.095000 -1.856735
v 0.600105 -0.110014 -2.061740
v 0.727512 -0.115050 -1.946344
v 0.762649 -0.125904 -1.823679
v 0.160857 -0.205005 -2.106761
v 0.766442 -0.071383 -1.829821
v 0.613705 -0.221494 -1.979096
v 0.448823 -0.060986 -2.108826
v 0.160383 -0.142191 -2.107641
v 0.572295 -0.032141 -2.073387
v 0.168432 -0.196246 -2.109194
v 0.152627 0.007296 -2.136059
v 0.278928 0.133622 -2.036942
v 0.699190 -0.160738 -1.972289
v 0.236497 -0.223609 -2.095426
v 0.352978 -0.068878 -2.129837
v 0.661033 -0.118935 -2.028836
v 0.082667 -0.201971 -2.107101
v 0.748830 -0.225985 -1.806232
v 0.744757 -0.068187 -1.910904
v 0.408728 -0.098530 -2.119462
v 0.607697 -0.061918 -2.064361
v 0.641642 -0.096302 -2.047864
v 0.611001 0.099813 -1.970671
v 0.679366 0.100685 -1.935714
v 0.611951 0.073828 -1.966539
v 0.005960 0.085199 -2.024483
v 0.416111 -0.112569 -2.086661
v 0.191701 -0.002948 -2.141538
v 0.144642 0.021567 -2.109335
v 0.517647 0.050592 -1.988910
v 0.453238 0.062501 -2.000026
v 0.064181 0.209901 -2.062095
v 0.230372 0.047001 -2.042273
v 0.065856 0.181070 -2.058479
v 0.720873 0.045723 -1.896537
v 0.014311 0.092569 -2.052753
v 0.305200 -0.218299 -2.085762
v 0.655602 -0.141646 -2.023896
v 0.279586 -0.164626 -2.127778
v 0.222070 -0.183304 -2.130175
v 0.164124 -0.221707 -2.105972
v 0.645241 -0.080263 -2.047216
v 0.516087 0.102184 -1.994065
v 0.606659 -0.064709 -2.032143
v 0.416152 -0.112637 -2.113929
v 0.642304 -0.033997 -2.046335
v 0.154661 0.048799 -2.049823
v 0.275825 0.016118 -2.095287
v 0.666440 -0.044980 -2.034522
v 0.005959 0.100930 -2.025534
v 0.726524 -0.249741 -1.851255
v 0.007046 0.106834 -2.055364
v 0.686791 0.030579 -1.938124
v 0.077373 -0.229340 -2.103898
v 0.603290 -0.111978 -2.060753
v 0.699720 -0.273084 -1.854073
v 0.723706 -0.269847 -1.827139
v 0.741931 -0.260441 -1.800835
v 0.064343 0.210991 -2.056323
v 0.065544 0.036914 -2.079707
v 0.341933 -0.002210 -2.112632
v 0.382227 -0.211552 -2.072919
v 0.178110 -0.216492 -2.112276
v 0.514617 -0.205995 -2.026078
v 0.620117 0.027945 -1.975131
v 0.278644 0.078109 -2.028545
v 0.665694 -0.021752 -2.024603
v 0.743395 -0.025212 -1.911540
v 0.742133 0.002783 -1.883137
v 0.349418 -0.161899 -2.115507
v 0.353069 -0.114286 -2.126926
v 0.603466 0.011958 -2.007118
v 0.728718 -0.178912 -1.897295
v 0.131743 -0.217383 -2.106180
v 0.733413 -0.212998 -1.858952
v 0.179220 0.206858 -2.046935
v 0.417799 -0.067760 -2.118761
v 0.282452 0.198025 -2.037099
v 0.682817 0.052430 -1.934470
v 0.064908 0.210632 -2.061113
v 0.303008 -0.018639 -2.132390
v 0.520323 -0.059137 -2.091860
v 0.461851 0.041038 -2.005720
v 0.737761 0.110400 -1.860689
v 0.010401 0.092793 -2.025077
v 0.409401 -0.098343 -2.117369
v 0.520818 -0.118423 -2.083602
v 0.751665 -0.175603 -1.825067
v 0.416826 0.108814 -2.011800
v 0.446555 -0.120494 -2.104720
v 0.214170 -0.236963 -2.080634
v 0.171296 -0.076673 -2.130330
v 0.179972 0.206591 -2.051697
v 0.686910 -0.288952 -1.822924
v 0.515949 -0.210321 -2.029353
v 0.745475 0.049861 -1.851749
v 0.636394 -0.096194 -2.047791
v 0.435566 -0.217467 -2.047315
v 0.636304 -0.096151 -2.022926
v 0.763014 -0.019077 -1.839146
v 0.365629 0.176112 -2.023157
v 0.404252 0.116350 -2.014125
v 0.640526 -0.243265 -1.941970
v 0.448786 -0.060948 -2.083831
v 0.176674 -0.084923 -2.145854
v 0.438285 0.107000 -2.007776
v 0.740717 -0.205322 -1.840892
v 0.667093 -0.271085 -1.883753
v 0.409565 -0.082944 -2.118725
v 0.418393 -0.068320 -2.116726
v 0.742053 -0.260772 -1.797936
v 0.012629 0.092563 -2.050324
v 0.717003 -0.285397 -1.793741
v 0.177846 -0.065510 -2.155088
v 0.365260 0.175218 -2.023806
v 0.085434 -0.243399 -2.088342
v 0.743645 0.108959 -1.862058
v 0.599884 -0.109351 -2.059876
v 0.070545 -0.009041 -2.157960
v 0.006031 0.093068 -2.021608
v 0.010963 0.111204 -2.056897
v 0.524425 -0.030105 -2.086982
v 0.611259 -0.033595 -2.060275
v 0.193882 -0.012853 -2.147589
v 0.180724 -0.037377 -2.155340
v 0.518123 0.040277 -1.993621
v 0.613545 0.039960 -1.967501
v 0.517325 0.061551 -1.987914
v 0.179904 0.067221 -2.039364
v 0.064749 0.052152 -2.054944
v 0.713298 -0.029525 -1.978828
v 0.668690 -0.033161 -2.029448
v 0.714048 -0.067666 -1.981535
v 0.705471 -0.006052 -1.967495
v 0.683817 0.041908 -1.934579
v 0.723971 0.022663 -1.900397
v 0.677703 -0.217266 -1.953912
v 0.712495 -0.238660 -1.890873
v 0.691872 -0.188601 -1.964234
v 0.638747 -0.190953 -2.002881
v 0.517421 -0.199881 -2.043115
v 0.520171 -0.153093 -2.075992
v 0.222732 -0.166859 -2.136915
v 0.734000 0.000062 -1.908611
v 0.066483 0.024804 -2.112375
v 0.220803 -0.070093 -2.151561
v 0.709955 -0.112088 -1.980338
v 0.071957 -0.032448 -2.163441
v 0.072523 -0.052258 -2.162398
v 0.158607 -0.076092 -2.109218
v 0.168490 -0.070499 -2.127995
v 0.182995 -0.168139 -2.139143
v 0.180862 -0.202304 -2.122670
v 0.163647 -0.057345 -2.156266
v 0.182540 -0.081374 -2.153539
v 0.603862 -0.012931 -2.048510
v 0.659475 -0.011083 -2.017256
v 0.657124 -0.055460 -2.041880
v 0.611570 0.061116 -1.965231
v 0.064589 0.195638 -2.059964
v 0.012172 0.092647 -2.034038
v 0.006066 0.104292 -2.035588
v 0.006066 0.081776 -2.032843
v 0.687496 -0.262199 -1.886560
v 0.068262 0.010236 -2.141159
v 0.634543 0.014039 -1.989620
v 0.692470 0.018052 -1.946822
v 0.161639 -0.214251 -2.106706
v 0.170794 -0.225780 -2.103833
v 0.722606 -0.205616 -1.894734
v 0.160046 -0.063769 -2.146619
v 0.363166 0.175187 -2.018373
v 0.514850 0.102914 -1.988432
v 0.708480 -0.280341 -1.825369
v 0.080697 -0.236493 -2.098204
v 0.223182 -0.124736 -2.146956
v 0.650322 -0.163836 -2.016398
v 0.570788 -0.063522 -2.043202
v 0.429999 -0.063148 -2.089035
v 0.477587 -0.120492 -2.068204
v 0.564977 -0.114384 -2.039765
v 0.644373 -0.080412 -2.022105
v 0.446467 -0.120414 -2.077310
v 0.599813 -0.109228 -2.030391
v 0.520592 -0.118309 -2.054054
v 0.640354 -0.068833 -2.023291
v 0.409542 -0.082901 -2.092925
v 0.133721 -0.063114 -2.144038
v 0.163354 -0.069528 -2.115616
v 0.164787 -0.064623 -2.133777
v 0.552912 -0.204359 -2.014442
v 0.472337 -0.209525 -2.036085
v 0.327935 -0.223464 -2.062325
v 0.251760 -0.229653 -2.072936
v 0.690610 -0.287449 -1.801991
v 0.744865 -0.201433 -1.807809
v 0.740952 0.036693 -1.847176
v 0.736371 0.109755 -1.864240
v 0.701319 0.101817 -1.918488
v 0.564010 0.101597 -1.977736
v 0.415203 0.110677 -2.006013
v 0.676864 -0.277192 -1.848708
v 0.597866 -0.210873 -1.988697
v 0.230031 0.203322 -2.039702
v 0.398803 -0.216537 -2.050849
v 0.076247 -0.062289 -2.148180
v 0.211753 -0.232318 -2.077487
v 0.085975 -0.238648 -2.084926
v 0.639193 -0.238898 -1.938356
v 0.665685 -0.266500 -1.880360
v 0.579686 -0.206265 -2.001724
v 0.732915 0.108209 -1.871921
v 0.685259 -0.283965 -1.821180
v 0.290183 -0.226711 -2.067794
v 0.761106 -0.069711 -1.829791
v 0.757558 -0.020215 -1.837446
v 0.434025 -0.213097 -2.044174
v 0.610038 0.100705 -1.965400
v 0.279385 0.198459 -2.032149
v 0.165049 -0.066863 -2.124638
v 0.159326 -0.063626 -2.139783
v 0.900456 0.350257 0.234245
v 0.938226 0.359787 0.171479
v 0.935964 0.371199 0.173471
v 0.897304 0.358386 0.236995
v 0.929282 0.381451 0.177401
v 0.890507 0.365396 0.240632
v 0.900221 0.341591 0.232235
v 0.936622 0.348119 0.171155
v 0.866884 0.374596 0.250404
v 0.902704 0.396058 0.191046
v 0.884813 0.400257 0.199754
v 0.852208 0.376808 0.255785
v 0.880049 0.370814 0.245211
v 0.917908 0.389789 0.183404
v 0.910161 0.400662 0.153069
v 0.892989 0.406046 0.161429
v 0.916620 0.377480 0.125582
v 0.908633 0.372347 0.164239
v 0.901989 0.378246 0.167662
v 0.908460 0.385181 0.129313
v 0.921497 0.368480 0.123357
v 0.912679 0.365572 0.162201
v 0.892765 0.383052 0.172388
v 0.897198 0.391368 0.134546
v 0.913489 0.389370 0.121535
v 0.922378 0.380371 0.117571
v 0.919819 0.339972 0.124122
v 0.911458 0.343468 0.163175
v 0.913836 0.350769 0.161817
v 0.922686 0.349041 0.122807
v 0.914329 0.358258 0.161443
v 0.923382 0.358772 0.122492
v 0.914993 0.332089 0.126361
v 0.907294 0.336658 0.165438
v 0.929016 0.347418 0.114662
v 0.925858 0.337119 0.116064
v 0.929776 0.358617 0.114314
v 0.927706 0.369881 0.115217
v 0.866569 0.398724 0.149375
v 0.866869 0.388615 0.185245
v 0.850584 0.389062 0.193033
v 0.838515 0.399766 0.163622
v 0.883135 0.395922 0.141246
v 0.881035 0.386572 0.178291
v 0.848210 0.406587 0.152969
v 0.868165 0.405341 0.142935
v 0.871112 0.408444 0.149615
v 0.890028 0.404972 0.140515
v 0.886034 0.401991 0.134256
v 0.850080 0.409704 0.160114
v 0.906195 0.399366 0.133012
v 0.901258 0.396622 0.127110
v 0.892711 0.406188 0.150597
v 0.873308 0.409242 0.171077
v 0.873358 0.409602 0.160109
v 0.865379 0.402381 0.208952
v 0.851936 0.410208 0.181657
v 0.851993 0.410769 0.170842
v 0.934227 0.383752 0.141320
v 0.909347 0.400593 0.142584
v 0.922739 0.392947 0.136233
v 0.919184 0.391759 0.127165
v 0.939957 0.372573 0.138396
v 0.928564 0.382288 0.123036
v 0.932364 0.383379 0.131711
v 0.924137 0.393195 0.146273
v 0.937873 0.372145 0.129113
v 0.934059 0.371212 0.120635
v 0.896858 0.332971 0.230814
v 0.931706 0.337101 0.172224
v 0.940056 0.348235 0.137837
v 0.890614 0.324884 0.229874
v 0.923902 0.327443 0.174486
v 0.907625 0.325263 0.129871
v 0.900827 0.330387 0.168807
v 0.896939 0.319206 0.135106
v 0.891387 0.324639 0.173550
v 0.912440 0.320921 0.122164
v 0.920529 0.328352 0.118437
v 0.913108 0.319082 0.178032
v 0.919013 0.318515 0.143110
v 0.916537 0.319046 0.128483
v 0.925331 0.327031 0.124463
v 0.927768 0.326918 0.133804
v 0.934148 0.336610 0.130796
v 0.931260 0.336422 0.121863
v 0.928733 0.327111 0.142663
v 0.905808 0.311275 0.148731
v 0.904075 0.312080 0.134457
v 0.900800 0.314427 0.127746
v 0.887139 0.305742 0.142920
v 0.884816 0.308468 0.135684
v 0.882152 0.313628 0.142517
v 0.864258 0.302844 0.146172
v 0.852899 0.305961 0.157461
v 0.878302 0.319397 0.179937
v 0.881693 0.317445 0.229468
v 0.870287 0.310674 0.229688
v 0.899095 0.311758 0.183025
v 0.861380 0.314732 0.188023
v 0.842355 0.311044 0.197004
v 0.881630 0.305215 0.189628
v 0.888410 0.304804 0.156824
v 0.865504 0.299840 0.154080
v 0.866526 0.298874 0.167544
v 0.824492 0.299829 0.265942
v 0.840959 0.299287 0.232358
v 0.860865 0.299340 0.197838
v 0.841253 0.294968 0.166830
v 0.841125 0.298142 0.158189
v 0.838482 0.294614 0.206979
v 0.841923 0.293987 0.179825
v 0.817980 0.295151 0.170410
v 0.819846 0.301274 0.174689
v 0.941703 0.360431 0.137323
v 0.938214 0.347869 0.128905
v 0.939640 0.360011 0.128261
v 0.934913 0.347398 0.120272
v 0.936011 0.359288 0.119788
v 0.935607 0.336896 0.139668
v 0.831766 0.337519 0.292796
v 0.838610 0.332793 0.289587
v 0.841748 0.328733 0.287023
v 0.843135 0.324180 0.284181
v 0.842669 0.319214 0.280981
v 0.833463 0.388074 0.201074
v 0.817032 0.385881 0.208697
v 0.810396 0.396684 0.178359
v 0.827564 0.405861 0.163631
v 0.807836 0.403350 0.174055
v 0.828379 0.408913 0.171272
v 0.807658 0.406292 0.182211
v 0.794408 0.393016 0.186895
v 0.790632 0.399238 0.183375
v 0.826175 0.400824 0.226674
v 0.845512 0.402482 0.218087
v 0.830212 0.409156 0.192498
v 0.809602 0.406362 0.202853
v 0.808293 0.397728 0.234247
v 0.830034 0.409880 0.182084
v 0.809856 0.374890 0.269263
v 0.822962 0.376805 0.265469
v 0.809078 0.407188 0.193009
v 0.791574 0.402102 0.211971
v 0.790720 0.402947 0.202795
v 0.789567 0.402061 0.192053
v 0.777193 0.393673 0.190911
v 0.837220 0.377513 0.260929
v 0.817029 0.341769 0.297084
v 0.840291 0.313947 0.277380
v 0.823436 0.308821 0.205861
v 0.800669 0.300750 0.184853
v 0.806836 0.308546 0.213575
v 0.797382 0.294657 0.181507
v 0.817048 0.291916 0.179736
v 0.795552 0.291474 0.191365
v 0.781340 0.297248 0.190418
v 0.785813 0.302994 0.192915
v 0.794268 0.310568 0.219361
v 0.824466 0.295112 0.234839
v 0.817273 0.290939 0.192142
v 0.816546 0.291664 0.216209
v 0.795380 0.290525 0.203165
v 0.798175 0.372006 0.272226
v 0.792794 0.393511 0.240340
v 0.777265 0.396565 0.219269
v 0.780382 0.388382 0.244623
v 0.776201 0.397335 0.210787
v 0.766491 0.389601 0.224816
v 0.802818 0.382717 0.215229
v 0.791989 0.378753 0.220162
v 0.781986 0.388087 0.193659
v 0.784283 0.373934 0.223639
v 0.772901 0.381890 0.198746
v 0.779081 0.368142 0.225967
v 0.766573 0.374379 0.202438
v 0.767295 0.386651 0.196717
v 0.760346 0.378130 0.201034
v 0.757468 0.380389 0.211077
v 0.764881 0.389198 0.206377
v 0.762421 0.365512 0.205017
v 0.755756 0.368069 0.204102
v 0.775764 0.361261 0.227453
v 0.752548 0.369840 0.214402
v 0.759974 0.355369 0.206702
v 0.753044 0.356566 0.206104
v 0.765332 0.390237 0.217004
v 0.775382 0.396383 0.200102
v 0.770869 0.382110 0.247314
v 0.758741 0.380973 0.228847
v 0.757567 0.381463 0.221635
v 0.777930 0.337421 0.299079
v 0.788185 0.368386 0.274274
v 0.780068 0.364187 0.275345
v 0.773365 0.334481 0.297850
v 0.783423 0.339843 0.299822
v 0.769635 0.331016 0.296130
v 0.773639 0.359237 0.275477
v 0.763845 0.374351 0.248765
v 0.768625 0.353288 0.274729
v 0.765378 0.325009 0.292984
v 0.764752 0.346088 0.273163
v 0.758899 0.364764 0.249330
v 0.760181 0.328239 0.267842
v 0.761851 0.337550 0.270842
v 0.750679 0.358493 0.234281
v 0.749314 0.345048 0.233625
v 0.761183 0.313956 0.285826
v 0.754935 0.327854 0.247182
v 0.760103 0.318887 0.264240
v 0.749276 0.331621 0.229656
v 0.757639 0.316085 0.244914
v 0.800141 0.343012 0.299743
v 0.789754 0.341669 0.300073
v 0.830263 0.303534 0.269342
v 0.801590 0.281330 0.284091
v 0.796947 0.280585 0.277242
v 0.814268 0.295140 0.261071
v 0.791199 0.280460 0.271166
v 0.804872 0.292297 0.257723
v 0.778848 0.294233 0.200577
v 0.766708 0.299995 0.207414
v 0.769651 0.302703 0.197136
v 0.775065 0.307799 0.198899
v 0.761556 0.310604 0.201917
v 0.767681 0.314783 0.203089
v 0.785453 0.314675 0.223365
v 0.779616 0.320518 0.225966
v 0.762921 0.323558 0.205765
v 0.766215 0.299126 0.219151
v 0.757844 0.307598 0.224175
v 0.770545 0.298563 0.237346
v 0.762673 0.306192 0.241686
v 0.778438 0.293315 0.212179
v 0.752399 0.318580 0.227854
v 0.758328 0.308363 0.212216
v 0.752902 0.318939 0.215319
v 0.756299 0.320531 0.205016
v 0.749748 0.331240 0.217015
v 0.753237 0.332000 0.206665
v 0.752179 0.344277 0.206993
v 0.748680 0.344435 0.217396
v 0.760153 0.333690 0.207176
v 0.773889 0.335971 0.228419
v 0.775979 0.327744 0.227544
v 0.759195 0.344527 0.207455
v 0.773183 0.344672 0.228678
v 0.748212 0.344766 0.227638
v 0.749264 0.358321 0.226865
v 0.749634 0.357607 0.216510
v 0.784836 0.280936 0.266768
v 0.786241 0.290216 0.255934
v 0.778349 0.281995 0.264956
v 0.778159 0.291269 0.258604
v 0.781931 0.293452 0.246173
v 0.772191 0.283600 0.266321
v 0.766683 0.285643 0.270192
v 0.771374 0.293618 0.263174
v 0.794813 0.291835 0.240986
v 0.808345 0.292487 0.238015
v 0.781835 0.293453 0.231733
v 0.795327 0.290597 0.255782
v 0.772744 0.297220 0.250841
v 0.766114 0.297063 0.268762
v 0.766137 0.302891 0.255573
v 0.762107 0.287997 0.275581
v 0.762612 0.301406 0.274491
v 0.760992 0.306425 0.279634
v 0.761980 0.310221 0.260114
v 0.753500 0.370446 0.231597
v 0.752360 0.370821 0.224871
v 0.773821 0.353289 0.228347
v 0.794210 0.303578 0.321059
v 0.783785 0.304624 0.325108
v 0.798380 0.298228 0.319180
v 0.772613 0.267128 0.343039
v 0.764198 0.270719 0.345463
v 0.762467 0.261863 0.348023
v 0.758722 0.263603 0.348154
v 0.766373 0.260059 0.346954
v 0.755325 0.265200 0.347383
v 0.747060 0.276859 0.320714
v 0.761526 0.305215 0.312597
v 0.757638 0.301205 0.304098
v 0.749110 0.276810 0.331430
v 0.744814 0.269967 0.324791
v 0.744432 0.269979 0.318863
v 0.744562 0.269548 0.307406
v 0.746375 0.276312 0.307647
v 0.747444 0.274584 0.296648
v 0.755938 0.296526 0.294161
v 0.746141 0.269547 0.333937
v 0.770778 0.307355 0.322345
v 0.767672 0.307129 0.320171
v 0.764891 0.306519 0.317414
v 0.775170 0.305905 0.325193
v 0.752516 0.275831 0.339311
v 0.804296 0.292468 0.312895
v 0.806079 0.289587 0.308576
v 0.801671 0.295406 0.316390
v 0.806847 0.286924 0.303366
v 0.784810 0.260780 0.330114
v 0.787265 0.259263 0.324266
v 0.788982 0.258051 0.317475
v 0.783783 0.251784 0.323252
v 0.806450 0.284591 0.297413
v 0.778309 0.254517 0.336532
v 0.749514 0.267999 0.342597
v 0.781772 0.262514 0.334979
v 0.778284 0.264382 0.338880
v 0.770257 0.258266 0.344913
v 0.773942 0.256559 0.341874
v 0.757300 0.274008 0.343806
v 0.757680 0.291850 0.283924
v 0.752426 0.266588 0.345738
v 0.804745 0.282692 0.290921
v 0.789249 0.257004 0.302294
v 0.787295 0.257409 0.294609
v 0.789727 0.257258 0.310034
v 0.783738 0.258541 0.287383
v 0.784692 0.250975 0.305075
v 0.782920 0.251631 0.297644
v 0.779630 0.253010 0.290782
v 0.775192 0.254945 0.285022
v 0.778968 0.260252 0.281235
v 0.836106 0.308626 0.273461
v 0.773499 0.262342 0.276834
v 0.770100 0.257211 0.280934
v 0.764848 0.259582 0.279087
v 0.767848 0.264613 0.274850
v 0.762477 0.266882 0.275709
v 0.759874 0.261858 0.279840
v 0.757635 0.269046 0.278860
v 0.755395 0.263939 0.282696
v 0.751574 0.265755 0.286950
v 0.751810 0.271734 0.285847
v 0.745829 0.268678 0.298882
v 0.748571 0.267231 0.291894
v 0.785067 0.250972 0.312671
v 0.760159 0.262633 0.348651
v 0.758999 0.260021 0.352957
v 0.751553 0.263790 0.350549
v 0.765302 0.257318 0.351118
v 0.761892 0.260985 0.347228
v 0.758476 0.262576 0.347420
v 0.768547 0.258726 0.346260
v 0.765503 0.259346 0.346135
v 0.755427 0.264050 0.346750
v 0.755195 0.264949 0.347691
v 0.741656 0.267728 0.317103
v 0.742580 0.267646 0.330685
v 0.745466 0.269803 0.330555
v 0.746516 0.268759 0.324778
v 0.784959 0.250879 0.315341
v 0.783280 0.248594 0.324932
v 0.779688 0.250392 0.335184
v 0.781682 0.252609 0.329552
v 0.778733 0.253608 0.332226
v 0.782845 0.251834 0.319617
v 0.775873 0.254826 0.337144
v 0.775975 0.255317 0.339763
v 0.781103 0.252594 0.326361
v 0.769378 0.255396 0.348783
v 0.747064 0.268499 0.330507
v 0.744808 0.266690 0.341010
v 0.747240 0.268735 0.338238
v 0.747986 0.268007 0.335461
v 0.744305 0.269855 0.312926
v 0.746255 0.268851 0.318768
v 0.746458 0.268643 0.307241
v 0.746282 0.268784 0.312875
v 0.747788 0.265406 0.346801
v 0.773209 0.253569 0.345311
v 0.769138 0.257734 0.344105
v 0.772636 0.256213 0.341107
v 0.776680 0.251886 0.340755
v 0.750751 0.267447 0.344464
v 0.749206 0.267331 0.339631
v 0.750748 0.266474 0.343029
v 0.752797 0.265377 0.345386
v 0.783890 0.251182 0.299812
v 0.779151 0.249743 0.290040
v 0.782546 0.248276 0.297429
v 0.774543 0.251805 0.283789
v 0.784356 0.247585 0.305358
v 0.779821 0.252917 0.290598
v 0.782254 0.252096 0.297294
v 0.774965 0.255409 0.284495
v 0.778979 0.253583 0.290535
v 0.769220 0.254222 0.279324
v 0.763680 0.256750 0.277295
v 0.769971 0.257729 0.280353
v 0.765139 0.259907 0.278854
v 0.760674 0.261969 0.279584
v 0.753547 0.261392 0.281230
v 0.758372 0.259175 0.278112
v 0.749408 0.263324 0.285865
v 0.756631 0.263927 0.282361
v 0.749651 0.266674 0.289361
v 0.753006 0.265448 0.286816
v 0.744978 0.265587 0.293635
v 0.745627 0.268787 0.299338
v 0.742176 0.267061 0.304298
v 0.748219 0.267709 0.296837
v 0.747059 0.268301 0.301952
v 0.750103 0.266799 0.291790
v 0.784715 0.247590 0.313435
v 0.783535 0.251524 0.304765
v 0.783738 0.251437 0.312299
v 0.771378 0.241160 0.345805
v 0.768136 0.242315 0.350200
v 0.757509 0.247127 0.361444
v 0.736707 0.256445 0.321922
v 0.764280 0.244587 0.280536
v 0.761480 0.245965 0.279604
v 0.739828 0.255120 0.297157
v 0.767367 0.243197 0.353320
v 0.739446 0.255713 0.349142
v 0.739756 0.255025 0.347806
v 0.738908 0.255673 0.296860
v 0.738062 0.255848 0.303111
v 0.746835 0.251832 0.360105
v 0.776983 0.238162 0.321258
v 0.761281 0.245449 0.359105
v 0.778530 0.237487 0.313007
v 0.764862 0.243828 0.355321
v 0.775697 0.238929 0.296773
v 0.737446 0.256095 0.335466
v 0.736918 0.256345 0.328708
v 0.736744 0.256424 0.315375
v 0.741640 0.254165 0.352901
v 0.736260 0.256857 0.308236
v 0.776781 0.238369 0.304789
v 0.738367 0.255665 0.341923
v 0.774634 0.239494 0.296712
v 0.746508 0.252431 0.285562
v 0.751124 0.250530 0.281173
v 0.744109 0.253710 0.358091
v 0.744006 0.253096 0.357052
v 0.771101 0.241295 0.289294
v 0.742650 0.253984 0.291180
v 0.746136 0.252673 0.284586
v 0.737116 0.256254 0.309143
v 0.753725 0.248795 0.362367
v 0.773550 0.239766 0.336931
v 0.771049 0.240949 0.343986
v 0.769345 0.242116 0.285547
v 0.766579 0.243533 0.283324
v 0.775583 0.238808 0.329283
v 0.776440 0.238575 0.330404
v 0.753892 0.249407 0.362983
v 0.753421 0.249565 0.279084
v 0.758839 0.247145 0.278207
v 0.756212 0.248350 0.278902
v 0.759961 0.246722 0.360924
v 0.735813 0.257159 0.322396
v 0.736772 0.256818 0.336848
v 0.748402 0.251892 0.361607
v 0.763813 0.244920 0.357840
v 0.750107 0.250385 0.361908
v 0.777475 0.237969 0.313035
v 0.699965 0.094062 1.742175
v 0.706896 0.091734 1.741149
v 0.701208 0.098521 1.744553
v 0.702445 0.100011 1.743226
v 0.703418 0.097823 1.734424
v 0.703070 0.098492 1.744919
v 0.714105 0.102385 1.734555
v 0.724001 0.121904 1.696764
v 0.731173 0.088813 1.738419
v 0.737464 0.087975 1.735489
v 0.732726 0.082062 1.734556
v 0.753786 0.076512 1.730268
v 0.757413 0.066310 1.723884
v 0.780111 0.044410 1.709113
v 0.763490 0.071500 1.724495
v 0.785634 0.046923 1.711143
v 0.787813 0.048447 1.708880
v 0.772274 0.087962 1.690954
v 0.745541 0.102725 1.706756
v 0.714028 0.111617 1.717848
v 0.714717 0.109726 1.706680
v 0.728846 0.132029 1.672743
v 0.728774 0.129677 1.660578
v 0.755214 0.122402 1.665419
v 0.741129 0.135708 1.659023
v 0.798308 0.029899 1.699419
v 0.797229 0.020442 1.692584
v 0.806690 0.000402 1.677611
v 0.805249 0.022405 1.690971
v 0.818305 0.040897 1.639858
v 0.802308 0.074037 1.650662
v 0.810599 0.005285 1.682038
v 0.813649 0.010562 1.674540
v 0.817127 -0.010616 1.665826
v 0.811937 -0.011104 1.664707
v 0.811114 0.085661 1.614553
v 0.783187 0.106740 1.647334
v 0.819001 -0.008622 1.664390
v 0.824918 -0.007901 1.642056
v 0.823222 0.021124 1.636167
v 0.748011 0.158826 1.607328
v 0.817442 -0.014117 1.644916
v 0.825290 -0.014107 1.636882
v 0.824445 -0.016336 1.612389
v 0.828051 0.050419 1.598772
v 0.831606 0.010673 1.605925
v 0.797165 0.137855 1.564613
v 0.765254 0.154481 1.591426
v 0.831446 -0.008814 1.613027
v 0.836787 0.054221 1.558216
v 0.738950 0.158095 1.613304
v 0.736654 0.150753 1.610898
v 0.727681 0.170103 1.572507
v 0.829058 -0.018038 1.588121
v 0.830225 -0.019578 1.567030
v 0.840460 -0.019570 1.558174
v 0.762119 0.185964 1.513336
v 0.732676 0.178796 1.573086
v 0.838521 0.010459 1.572136
v 0.840041 -0.010649 1.568705
v 0.844769 0.022753 1.533436
v 0.841612 -0.018325 1.549224
v 0.729820 0.177347 1.574138
v 0.705722 0.192775 1.547295
v 0.707428 0.195043 1.545033
v 0.837542 -0.020227 1.550493
v 0.840457 -0.019857 1.551481
v 0.819938 -0.020075 1.560590
v 0.817663 -0.020238 1.550414
v 0.819311 -0.012560 1.541981
v 0.823305 0.012192 1.522432
v 0.838358 -0.018645 1.547011
v 0.704225 0.186952 1.545985
v 0.674141 0.194832 1.537658
v 0.672147 0.195551 1.536765
v 0.671663 0.198082 1.528475
v 0.674773 0.202562 1.536542
v 0.676526 0.217765 1.474634
v 0.718657 0.212304 1.472363
v 0.672744 0.202101 1.535810
v 0.673040 0.200840 1.538244
v 0.829226 0.105397 1.527487
v 0.803511 0.165541 1.485237
v 0.832945 0.140452 1.449095
v 0.845160 0.049265 1.519526
v 0.847931 0.083568 1.473078
v 0.847322 0.037572 1.502177
v 0.845509 0.017268 1.520762
v 0.844099 0.035996 1.501159
v 0.849247 0.064516 1.471989
v 0.842342 0.016050 1.519372
v 0.826843 0.035909 1.501099
v 0.831554 0.072490 1.458179
v 0.721685 0.223164 1.414429
v 0.767652 0.210602 1.405498
v 0.677794 0.228314 1.417310
v 0.674012 0.217214 1.472889
v 0.672277 0.205062 1.500021
v 0.675216 0.227496 1.416432
v 0.674134 0.221753 1.416149
v 0.807095 0.190430 1.386441
v 0.852510 0.109005 1.403061
v 0.850138 0.118568 1.413950
v 0.681009 0.247579 1.254444
v 0.719674 0.243872 1.248960
v 0.852626 0.142394 1.341533
v 0.836947 0.164885 1.363555
v 0.846752 0.072472 1.458341
v 0.849731 0.107635 1.402210
v 0.833824 0.107619 1.402076
v 0.851748 0.131552 1.334256
v 0.834886 0.131511 1.334143
v 0.840452 0.177846 1.239603
v 0.809748 0.207404 1.241322
v 0.855677 0.151783 1.238436
v 0.854510 0.132855 1.334735
v 0.854336 0.139883 1.238328
v 0.857003 0.141240 1.238248
v 0.677800 0.240753 1.254292
v 0.681772 0.252465 1.055057
v 0.678379 0.246453 1.253982
v 0.684667 0.259321 1.054059
v 0.682312 0.258101 1.057548
v 0.838914 0.139821 1.238260
v 0.855482 0.118006 1.121768
v 0.842160 0.118051 1.121029
v 0.858050 0.131223 1.112651
v 0.843855 0.164354 1.057434
v 0.769681 0.230523 1.244277
v 0.811240 0.213087 1.056806
v 0.770221 0.241292 1.051095
v 0.858184 0.119315 1.120549
v 0.854002 0.062128 1.027152
v 0.856370 0.063596 1.026126
v 0.859688 0.072291 1.006490
v 0.812603 0.210736 0.806970
v 0.840650 0.157706 0.751168
v 0.721350 0.254936 1.052342
v 0.718411 0.258429 0.668481
v 0.770796 0.242907 0.904075
v 0.844902 0.063269 1.026625
v 0.846802 -0.006870 0.967797
v 0.850080 -0.003983 0.966784
v 0.855648 0.003108 0.944188
v 0.837699 -0.070038 0.930710
v 0.841779 -0.085700 0.899630
v 0.856785 0.083157 0.910066
v 0.855212 0.011634 0.843775
v 0.833538 -0.071867 0.932856
v 0.837895 -0.005140 0.969157
v 0.821646 -0.071009 0.935722
v 0.820429 -0.137975 0.909610
v 0.805818 -0.138455 0.912473
v 0.824823 -0.138277 0.906460
v 0.767564 -0.323699 0.891537
v 0.793398 -0.301861 0.892949
v 0.782247 -0.296517 0.895454
v 0.758369 -0.310840 0.895191
v 0.806239 -0.267769 0.891414
v 0.788269 -0.265073 0.894656
v 0.695540 -0.323161 0.893866
v 0.680616 -0.333208 0.890516
v 0.769885 -0.327906 0.886913
v 0.801716 -0.306827 0.887355
v 0.680615 -0.340057 0.884629
v 0.811252 -0.211273 0.896720
v 0.793117 -0.211514 0.899577
v 0.816399 -0.211465 0.893217
v 0.812773 -0.259463 0.887663
v 0.810710 -0.312150 0.851642
v 0.821891 -0.268227 0.845925
v 0.853176 0.087097 0.730678
v 0.833537 -0.135832 0.885396
v 0.825498 -0.208856 0.868075
v 0.774634 -0.335632 0.851141
v 0.680612 -0.347240 0.850529
v 0.771320 -0.334228 0.725876
v 0.680532 -0.347092 0.751819
v 0.850648 0.012421 0.657067
v 0.849920 0.088012 0.608866
v 0.804408 -0.313475 0.730373
v 0.799755 -0.313833 0.623751
v 0.811840 -0.289652 0.716019
v 0.814061 -0.277076 0.725815
v 0.811814 0.207147 0.597602
v 0.769132 0.243278 0.617444
v 0.690022 0.262589 0.711487
v 0.687769 0.261622 0.711791
v 0.685131 0.255757 0.809353
v 0.685875 0.263924 0.646757
v 0.683601 0.258524 0.647165
v 0.841068 -0.041560 0.602450
v 0.833712 -0.067226 0.611893
v 0.818237 -0.150091 0.586934
v 0.830069 -0.102362 0.598374
v 0.680019 -0.347041 0.643914
v 0.764796 -0.334632 0.595971
v 0.679122 -0.348208 0.583879
v 0.796254 -0.313435 0.558661
v 0.809417 -0.246552 0.585220
v 0.811354 -0.257494 0.602841
v 0.829090 -0.101382 0.534476
v 0.833618 -0.065966 0.535780
v 0.838785 -0.040923 0.536528
v 0.846639 0.018692 0.537664
v 0.838274 0.153886 0.611459
v 0.688182 0.264737 0.645269
v 0.676120 0.277692 0.557241
v 0.671257 0.275064 0.589228
v 0.758713 -0.336147 0.524959
v 0.811567 -0.266595 0.607444
v 0.806190 -0.286879 0.535336
v 0.807535 -0.275310 0.529357
v 0.804511 -0.199050 0.586871
v 0.802978 -0.201148 0.529994
v 0.817696 -0.150496 0.532199
v 0.667796 0.268700 0.589142
v 0.662758 0.273118 0.579060
v 0.678950 -0.350065 0.524641
v 0.666402 0.278539 0.579807
v 0.667309 0.279105 0.577075
v 0.666952 0.273186 0.564097
v 0.807025 -0.250745 0.526693
v 0.808652 -0.262712 0.539733
v 0.806665 -0.268680 0.516488
v 0.801900 -0.201257 0.527887
v 0.804122 -0.239275 0.526172
v 0.800187 -0.249445 0.525081
v 0.796205 -0.201823 0.527363
v 0.816768 -0.149994 0.529848
v 0.810994 -0.150003 0.529432
v 0.806248 -0.257650 0.522625
v 0.800507 -0.256521 0.522691
v 0.804979 -0.267402 0.515359
v 0.799072 -0.266005 0.515531
v 0.828057 -0.100789 0.531928
v 0.840548 -0.024609 0.534209
v 0.832510 -0.066141 0.533182
v 0.822506 -0.099562 0.531515
v 0.827881 -0.064361 0.532886
v 0.845376 0.020214 0.534638
v 0.833176 -0.037789 0.533522
v 0.839718 0.019563 0.534310
v 0.847079 0.089214 0.536159
v 0.845815 0.090288 0.533278
v 0.835617 0.153048 0.528979
v 0.840201 0.089139 0.533014
v 0.834428 0.152865 0.525933
v 0.829144 0.150776 0.525704
v 0.755393 -0.337008 0.486908
v 0.679324 -0.351053 0.486799
v 0.792453 -0.313560 0.487290
v 0.805614 -0.277897 0.504727
v 0.802600 -0.288800 0.488036
v 0.804093 -0.272352 0.502666
v 0.804587 -0.277667 0.488266
v 0.803594 -0.273197 0.488485
v 0.798416 -0.270902 0.502877
v 0.809267 0.204238 0.507357
v 0.810265 0.205244 0.510608
v 0.753816 -0.336098 0.484729
v 0.798283 -0.271726 0.494378
v 0.797951 -0.271890 0.487068
v 0.799117 -0.297955 0.485817
v 0.679322 -0.349943 0.485057
v 0.692555 -0.343719 0.484490
v 0.751722 -0.332382 0.484625
v 0.791074 -0.313037 0.485211
v 0.786869 -0.310436 0.484995
v 0.714123 0.260768 0.567455
v 0.766763 0.243148 0.475818
v 0.721768 0.260184 0.434244
v 0.796095 -0.286576 0.485730
v 0.803634 -0.274773 0.486620
v 0.797793 -0.275161 0.486166
v 0.802863 -0.273247 0.487078
v 0.804664 0.199640 0.507172
v 0.766203 0.241933 0.472380
v 0.763626 0.236744 0.472688
v 0.689397 0.274306 0.501175
v 0.698879 0.271513 0.405222
v 0.687274 0.274297 0.499848
v 0.682977 0.268759 0.499000
v 0.692136 0.267665 0.418721
v 0.720897 0.259252 0.429941
v 0.718642 0.254062 0.429686
v 0.698469 0.270492 0.401257
v 0.698662 0.263625 0.404997
v 0.697220 0.271415 0.403445
v 0.697484 0.270709 0.400456
v 0.694085 0.267051 0.399641
v 0.798600 -0.269051 0.509548
v 0.824040 0.179794 0.518525
v 0.743153 0.253172 0.523191
v 0.681003 -0.347410 0.484519
v 0.707162 0.103364 1.730093
v 0.847370 0.032775 1.513522
v 0.744883 0.079660 1.732851
v 0.841373 0.093749 1.493054
v 0.745582 0.074951 1.729727
v 0.775972 0.060760 1.717309
v 0.852238 -0.008584 0.955408
v 0.796827 0.027271 1.697940
v 0.822562 -0.011573 1.651859
v 0.809321 0.002452 1.680082
v 0.853510 0.122559 1.371304
v 0.777553 -0.325552 0.484938
v 0.796881 -0.297233 0.485321
v 0.842054 -0.017854 1.554797
v 0.673236 0.214896 1.472388
v 0.833032 0.090858 1.431433
v 0.838927 0.173313 1.306156
v 0.828242 0.193412 1.060320
v 0.770061 0.237233 1.154114
v 0.841756 0.162170 0.924964
v 0.852327 0.123958 0.968736
v 0.840492 -0.040109 0.948218
v 0.830285 -0.038496 0.950544
v 0.680616 -0.336650 0.888716
v 0.817960 -0.266440 0.876816
v 0.828781 -0.173501 0.876374
v 0.836228 -0.126158 0.862854
v 0.847333 -0.058315 0.879758
v 0.717206 0.179385 1.557173
v 0.683529 0.254850 0.930794
v 0.680356 -0.346796 0.693945
v 0.681142 0.270250 0.605551
v 0.795940 -0.223058 0.526917
v 0.836662 -0.012717 0.533976
v 0.818867 0.176579 0.518217
v 0.674533 0.271031 0.537650
v 0.841169 0.054457 0.534144
v 0.750875 0.080508 1.730553
v 0.818098 -0.018790 1.547107
v 0.708448 0.102586 1.723212
v 0.721907 0.119368 1.684643
v 0.802785 0.009593 1.684692
v 0.674206 0.198083 1.538492
v 0.690524 0.191486 1.540415
v 0.698162 0.215785 1.472893
v 0.693154 0.272758 0.454478
v 0.831196 0.125257 1.486022
v 0.672985 0.212470 1.467684
v 0.852571 0.107985 1.414951
v 0.848287 0.090842 1.431606
v 0.680557 0.253686 1.161329
v 0.856897 0.146436 1.175979
v 0.791635 0.229087 1.053332
v 0.812048 0.212415 0.932826
v 0.721597 0.256857 0.929271
v 0.858660 0.043101 0.937363
v 0.813477 -0.103756 0.922946
v 0.787563 -0.315783 0.892099
v 0.727664 -0.326714 0.891797
v 0.791623 -0.319325 0.887421
v 0.730489 -0.334445 0.885906
v 0.817541 -0.293132 0.850921
v 0.768947 0.115521 1.657469
v 0.805870 -0.250528 0.524718
v 0.761885 0.140806 1.624112
v 0.857657 0.144686 1.238255
v 0.817727 -0.020397 1.555656
v 0.831985 -0.070141 0.658676
v 0.720299 -0.339092 0.484547
v 0.798829 -0.326049 0.851499
v 0.802388 -0.176794 0.528390
v 0.772740 -0.332380 0.875956
v 0.809409 -0.313120 0.807823
v 0.802733 -0.222974 0.529052
v 0.729804 0.133445 1.662344
v 0.778955 -0.326282 0.487101
v 0.773976 -0.322542 0.484757
v 0.708091 0.264614 0.415033
v 0.823697 -0.239251 0.859212
v 0.686683 0.261572 0.928271
v 0.852356 0.051142 0.661203
v 0.818340 -0.281160 0.799211
v 0.850226 -0.009274 0.703490
v 0.845548 -0.017495 0.608165
v 0.822683 -0.129634 0.648206
v 0.669226 0.279004 0.578545
v 0.804261 -0.218842 0.574451
v 0.809188 -0.176227 0.531057
v 0.822967 -0.126155 0.530653
v 0.745616 0.147212 1.633601
v 0.736352 0.146996 1.638298
v 0.819474 0.153243 1.468379
v 0.847139 0.064940 1.496012
v 0.674814 0.227957 1.398115
v 0.805465 0.178667 1.440527
v 0.851316 0.132032 1.380378
v 0.855760 0.139793 1.290540
v 0.748087 0.249227 1.050341
v 0.748830 0.251050 0.898039
v 0.798427 -0.303219 0.891410
v 0.815198 -0.174941 0.902048
v 0.807948 -0.288980 0.886910
v 0.807205 -0.309707 0.876471
v 0.834013 -0.066575 0.572816
v 0.736694 0.168125 1.592134
v 0.797458 0.035514 1.700022
v 0.845420 0.054133 1.481520
v 0.842905 0.029415 0.993793
v 0.688890 0.267808 0.454655
v 0.723864 0.233526 1.337992
v 0.705517 0.259530 0.414419
v 0.803929 -0.273078 0.496662
v 0.797317 -0.279299 0.485982
v 0.841715 -0.045342 0.658283
v 0.845843 0.122018 0.610648
v 0.824512 -0.125100 0.533387
v 0.817845 -0.123588 0.530518
v 0.814066 -0.266212 0.695531
v 0.684582 0.260627 0.930812
v 0.744825 0.217912 1.411228
v 0.700584 0.226317 1.415846
v 0.843375 0.128370 1.429503
v 0.834885 0.153722 1.409929
v 0.826715 0.192947 1.240365
v 0.850085 0.163408 1.238921
v 0.675812 0.231657 1.342006
v 0.682788 0.254676 1.160781
v 0.855212 0.133420 1.179878
v 0.841471 0.176755 1.164027
v 0.851344 0.027962 0.993538
v 0.775646 -0.304817 0.895533
v 0.785850 -0.283427 0.894795
v 0.798644 -0.175768 0.904824
v 0.809511 -0.006589 1.671404
v 0.704647 0.100435 1.743498
v 0.671951 0.199792 1.535246
v 0.734258 0.140381 1.635020
v 0.831021 -0.018934 1.575757
v 0.799432 0.100369 1.623246
v 0.837849 -0.020295 1.556268
v 0.719069 0.185898 1.558633
v 0.825360 -0.019866 1.563175
v 0.819229 0.095772 1.576686
v 0.788476 0.201403 1.396875
v 0.848962 0.101924 1.445222
v 0.840551 0.133364 1.179645
v 0.790546 0.220184 1.242614
v 0.810547 0.211608 1.157455
v 0.857886 0.134832 1.179314
v 0.720906 0.250663 1.156343
v 0.844397 -0.037249 0.946759
v 0.726343 -0.316985 0.894738
v 0.768867 0.221364 1.330473
v 0.680615 -0.344145 0.874450
v 0.812707 -0.265092 0.644302
v 0.686068 0.256352 0.713495
v 0.747685 0.237938 1.246313
v 0.726898 -0.341872 0.595970
v 0.783821 -0.325470 0.551959
v 0.722476 -0.343855 0.524557
v 0.807339 -0.262636 0.521982
v 0.805755 -0.263140 0.519683
v 0.788745 0.085294 1.665981
v 0.804696 -0.274668 0.488397
v 0.793355 -0.297628 0.485361
v 0.785989 0.220338 0.491952
v 0.789864 0.225325 0.492121
v 0.842926 0.122472 0.533603
v 0.801207 -0.274083 0.486180
v 0.830260 -0.052905 0.533204
v 0.859336 0.123187 1.118536
v 0.700559 0.095348 1.740014
v 0.853979 0.030066 0.992604
v 0.759101 0.096165 1.699524
v 0.720303 -0.344907 0.486870
v 0.849974 0.069057 1.474155
v 0.811904 0.058423 1.643088
v 0.857715 0.094532 1.068850
v 0.720308 -0.343877 0.485051
v 0.691809 0.196997 1.541667
v 0.810354 0.118108 1.567779
v 0.800933 0.151703 1.526058
v 0.851245 0.092202 1.432623
v 0.834144 0.121186 1.370507
v 0.855176 0.093480 1.070444
v 0.828813 0.187544 0.808474
v 0.792691 0.229131 0.740969
v 0.790600 0.226467 0.495302
v 0.808747 -0.242312 0.893137
v 0.830536 0.029175 1.602576
v 0.676777 0.237472 1.342189
v 0.791841 0.124598 1.601152
v 0.780467 0.147755 1.579358
v 0.774496 0.059341 1.719001
v 0.739483 0.169519 1.591437
v 0.678524 0.276543 0.539413
v 0.825390 -0.124879 0.593115
v 0.842946 -0.014753 0.537042
v 0.809957 -0.175854 0.584237
v 0.678897 -0.349094 0.556556
v 0.799899 -0.261819 0.519802
v 0.829524 -0.137664 0.899810
v 0.732814 -0.342201 0.850813
v 0.774217 -0.335797 0.807507
v 0.819875 -0.175718 0.898685
v 0.809702 -0.300797 0.727934
v 0.812526 0.209107 0.702476
v 0.704751 0.266145 0.503276
v 0.741054 0.252653 0.449794
v 0.695419 0.265916 0.400587
v 0.841626 0.123192 0.530629
v 0.721351 0.259965 0.487709
v 0.702192 0.096293 1.744160
v 0.724472 0.093839 1.738895
v 0.718592 0.087813 1.738473
v 0.850760 0.121218 1.370625
v 0.769107 0.055969 1.716917
v 0.680599 -0.347788 0.807356
v 0.789104 -0.325081 0.624759
v 0.803977 -0.300747 0.580170
v 0.808471 -0.280147 0.562641
v 0.675997 0.263445 0.608243
v 0.663696 0.271747 0.581469
v 0.825039 0.180651 0.521598
v 0.801526 -0.223076 0.527005
v 0.808114 -0.176327 0.528797
v 0.820521 -0.015020 1.631376
v 0.820019 -0.012509 1.657207
v 0.678920 0.269379 0.608080
v 0.734406 0.160568 1.590229
v 0.766542 0.168900 1.555008
v 0.745924 0.182829 1.546011
v 0.691785 0.199605 1.539020
v 0.785299 0.176413 1.498948
v 0.765918 0.199058 1.462233
v 0.679301 0.238378 1.342719
v 0.853059 0.138488 1.290309
v 0.679834 0.247796 1.161191
v 0.858545 0.067123 1.021693
v 0.844112 0.093837 1.069248
v 0.851153 -0.030321 0.924489
v 0.856211 0.006796 0.911622
v 0.790125 -0.241341 0.896198
v 0.848858 0.123761 0.741385
v 0.839138 0.030563 1.561581
v 0.737927 0.198235 1.504809
v 0.833875 -0.014770 1.600966
v 0.819711 0.067794 1.610757
v 0.815620 -0.002833 1.673310
v 0.818373 -0.013322 1.655643
v 0.737698 0.144871 1.645560
v 0.848215 0.053906 0.537512
v 0.799375 -0.300594 0.487804
v 0.805308 -0.274330 0.500144
v 0.741658 0.253692 0.453440
v 0.739482 0.247277 0.450494
v 0.827132 0.182373 0.607702
v 0.663383 0.273757 0.575868
v 0.821535 -0.211043 0.885249
v 0.731108 -0.340914 0.702388
v 0.794033 -0.324951 0.729697
v 0.791912 0.227721 0.578739
v 0.671636 0.196356 1.534685
v 0.829407 0.054122 1.481400
v 0.846689 0.152456 1.351364
v 0.808564 0.200206 1.318648
v 0.854170 0.149629 1.294220
v 0.836745 0.138435 1.290224
v 0.853100 0.144683 1.098402
v 0.859245 0.105107 1.054739
v 0.858535 0.037601 0.970421
v 0.841877 -0.067777 0.924735
v 0.858876 0.078007 0.973689
v 0.826751 -0.103722 0.920011
v 0.830948 -0.103218 0.917230
v 0.682511 -0.328692 0.892274
v 0.814687 -0.006057 1.672640
v 0.834525 0.078067 1.544230
v 0.726188 0.189811 1.546324
v 0.854464 0.132265 1.354371
v 0.737812 0.116339 1.693999
v 0.789618 0.032307 1.700865
v 0.814555 -0.013215 1.656041
v 0.741345 0.159602 1.612403
v 0.708503 0.265695 0.419036
v 0.823498 0.177949 1.375344
v 0.846897 0.055288 0.534440
v 0.836220 0.121531 0.530409
v 0.694945 0.272827 0.457253
v 0.804416 -0.270478 0.509345
v 0.809745 0.011733 1.684410
v 0.776194 0.134057 1.613998
v 0.826903 0.075106 1.578157
v 0.752856 0.170717 1.571603
v 0.720324 0.188086 1.556244
v 0.817121 0.139103 1.507543
v 0.841874 0.072867 1.515755
v 0.742361 0.207266 1.466267
v 0.783492 0.162067 1.540853
v 0.787059 0.189562 1.452949
v 0.702608 0.236474 1.340143
v 0.842058 0.112343 1.463068
v 0.844941 0.141743 1.393492
v 0.821537 0.166423 1.426008
v 0.825312 0.187055 1.312495
v 0.856304 0.143060 1.291476
v 0.848520 0.160210 1.299564
v 0.851250 0.159717 1.171095
v 0.789646 0.211810 1.324852
v 0.791129 0.225955 1.155262
v 0.746564 0.228574 1.334839
v 0.858722 0.138544 1.178366
v 0.859354 0.098297 1.065606
v 0.827566 0.194940 1.160238
v 0.828641 0.190676 0.934529
v 0.748138 0.244899 1.154289
v 0.856625 0.033385 0.987269
v 0.729271 -0.330782 0.890069
v 0.813892 -0.290669 0.876107
v 0.856468 0.114742 1.029540
v 0.835448 -0.101843 0.911006
v 0.824756 -0.175332 0.891505
v 0.731885 -0.338902 0.875258
v 0.732643 -0.342553 0.807397
v 0.795973 -0.323216 0.876418
v 0.823651 -0.233914 0.825083
v 0.852818 -0.021932 0.893183
v 0.852703 -0.011326 0.805875
v 0.830421 -0.169556 0.852255
v 0.798018 -0.326186 0.807708
v 0.815599 -0.296892 0.806796
v 0.819852 -0.264838 0.798719
v 0.792255 0.229871 0.930052
v 0.836465 -0.058160 0.656619
v 0.828331 0.184929 0.705878
v 0.805814 -0.271904 0.509533
v 0.693821 0.268015 0.561669
v 0.828484 -0.103243 0.650870
v 0.826604 -0.204048 0.840371
v 0.804160 -0.212012 0.630566
v 0.809204 -0.173504 0.652018
v 0.846081 -0.027304 0.663278
v 0.846787 -0.058998 0.828066
v 0.827031 -0.188539 0.811769
v 0.824189 -0.194281 0.799050
v 0.817756 -0.194205 0.798961
v 0.828146 -0.126851 0.826023
v 0.834634 -0.127003 0.826164
v 0.816957 -0.251919 0.742399
v 0.815281 -0.241925 0.739299
v 0.808753 -0.241791 0.739234
v 0.839006 -0.061345 0.823751
v 0.841661 -0.032594 0.783589
v 0.846069 -0.061224 0.824504
v 0.848270 -0.032447 0.783567
v 0.804176 -0.247657 0.658362
v 0.811213 -0.247629 0.639855
v 0.810726 -0.247731 0.658139
v 0.839293 -0.031302 0.730515
v 0.846432 -0.031249 0.730360
v 0.847947 -0.029846 0.728889
v 0.824942 -0.100451 0.699457
v 0.830539 -0.073965 0.684557
v 0.828712 -0.073835 0.704032
v 0.822122 -0.071002 0.704952
v 0.817398 -0.104744 0.698996
v 0.812953 -0.152507 0.681235
v 0.806567 -0.151710 0.681853
v 0.796718 -0.195285 0.653844
v 0.802669 -0.201528 0.649020
v 0.805033 -0.192406 0.641383
v 0.805133 -0.224689 0.636537
v 0.798630 -0.224726 0.636701
v 0.831097 -0.050631 0.709008
v 0.839583 -0.051451 0.708231
v 0.826242 -0.060005 0.706630
v 0.812689 -0.250160 0.695718
v 0.847729 -0.028831 0.754829
v 0.805907 -0.223813 0.635026
v 0.844103 -0.039463 0.715631
v 0.822737 -0.161945 0.815780
v 0.800501 -0.175156 0.668042
v 0.812824 -0.222101 0.774330
v 0.820689 -0.078603 0.703966
v 0.825335 -0.103684 0.696920
v 0.837508 -0.051677 0.708692
v 0.821760 -0.110872 0.697461
v 0.812808 -0.127408 0.692296
v 0.808732 -0.237939 0.638678
v 0.796431 -0.211094 0.642683
v 0.834113 -0.091222 0.829315
v 0.806190 -0.250035 0.695864
v 0.838840 -0.109241 0.844024
v 0.821279 -0.120547 0.694096
v 0.801586 -0.237810 0.639449
v 0.830424 -0.071189 0.702583
v 0.804224 -0.195200 0.651881
v 0.829230 -0.162134 0.815887
v 0.819328 -0.222246 0.774430
v 0.802947 -0.211096 0.642494
v 0.841362 -0.049294 0.707546
v 0.833827 -0.063579 0.692048
v 0.832731 -0.063415 0.705410
v 0.840586 -0.091314 0.829492
v 0.834888 -0.132068 0.827068
v 0.816020 -0.145092 0.682874
v 0.821601 -0.228644 0.789896
v 0.844328 -0.061340 0.823773
v 0.848502 -0.041932 0.808495
v 0.841328 -0.042335 0.807981
v 0.849199 -0.027848 0.761597
v 0.836048 -0.039456 0.715886
v 0.841021 -0.028959 0.755101
v 0.850487 -0.020289 0.753433
v 0.806287 -0.179420 0.664684
v 0.813990 -0.256582 0.682178
v 0.816602 -0.243330 0.740408
v 0.831753 -0.152549 0.821380
v 0.820616 -0.223313 0.776221
v 0.846724 -0.042322 0.808020
v 0.849909 -0.034720 0.804418
v 0.840261 -0.098545 0.831294
v 0.813986 -0.251378 0.695653
v 0.848689 -0.027701 0.742701
v 0.828642 -0.079113 0.701427
v 0.824600 -0.091387 0.701828
v 0.804495 -0.179641 0.665092
v 0.818215 -0.127315 0.692284
v 0.806480 -0.181713 0.661701
v 0.820465 -0.127826 0.689673
v 0.803893 -0.211045 0.640839
v 0.806907 -0.237814 0.639428
v 0.808258 -0.234577 0.630719
v 0.844759 -0.040724 0.712051
v 0.833145 -0.064235 0.703543
v 0.829914 -0.064550 0.705792
v 0.823955 -0.065189 0.705760
v 0.813855 -0.247500 0.717872
v 0.847223 -0.029240 0.741551
v 0.846306 -0.034342 0.721179
v 0.820234 -0.178493 0.808228
v 0.825350 -0.144678 0.821712
v 0.803377 -0.163702 0.675224
v 0.798209 -0.185757 0.660756
v 0.815252 -0.208905 0.787797
v 0.810615 -0.233236 0.758172
v 0.818791 -0.094691 0.701201
v 0.815390 -0.115728 0.696071
v 0.809794 -0.139503 0.687567
v 0.796163 -0.203639 0.647737
v 0.797331 -0.218013 0.638902
v 0.831135 -0.108766 0.828639
v 0.836820 -0.075136 0.827768
v 0.807317 -0.247368 0.717869
v 0.805203 -0.250010 0.675349
v 0.848190 -0.048834 0.818249
v 0.816388 -0.139046 0.687570
v 0.802966 -0.243406 0.646469
v 0.800100 -0.231430 0.636548
v 0.803841 -0.217978 0.638738
v 0.843837 -0.075278 0.828536
v 0.803718 -0.203559 0.645582
v 0.847028 -0.050429 0.817298
v 0.848163 -0.036462 0.796808
v 0.840487 -0.050469 0.817105
v 0.841666 -0.036542 0.796656
v 0.849439 -0.033312 0.792108
v 0.837865 -0.034818 0.721935
v 0.833876 -0.044685 0.711915
v 0.811733 -0.248542 0.657197
v 0.841450 -0.030072 0.769395
v 0.840325 -0.029342 0.741812
v 0.818449 -0.234659 0.759815
v 0.822907 -0.209789 0.789617
v 0.842199 -0.075156 0.827811
v 0.812998 -0.251309 0.675052
v 0.815151 -0.248899 0.718255
v 0.808785 -0.163608 0.675235
v 0.823119 -0.116022 0.693434
v 0.804793 -0.218020 0.637109
v 0.805422 -0.231430 0.636527
v 0.844072 -0.034812 0.721908
v 0.838704 -0.054293 0.700879
v 0.811759 -0.250114 0.675127
v 0.809505 -0.243451 0.646270
v 0.807230 -0.231398 0.635789
v 0.848069 -0.029918 0.769149
v 0.842196 -0.044707 0.711756
v 0.837615 -0.108894 0.828798
v 0.826725 -0.178687 0.808323
v 0.831796 -0.144730 0.821812
v 0.821745 -0.209066 0.787894
v 0.817132 -0.233374 0.758263
v 0.826598 -0.186505 0.806041
v 0.810478 -0.244094 0.645076
v 0.825192 -0.194829 0.800185
v 0.817800 -0.194829 0.800185
v 0.827980 -0.127108 0.827122
v 0.835372 -0.127108 0.827121
v 0.815828 -0.243852 0.741092
v 0.808436 -0.243852 0.741092
v 0.846911 -0.059268 0.825555
v 0.839519 -0.059268 0.825556
v 0.841776 -0.031712 0.784413
v 0.849168 -0.031712 0.784413
v 0.811716 -0.248942 0.654663
v 0.804324 -0.248942 0.654664
v 0.839567 -0.030195 0.728552
v 0.847590 -0.030195 0.728551
v 0.829734 -0.070305 0.705029
v 0.821711 -0.070305 0.705030
v 0.817859 -0.104103 0.699477
v 0.825251 -0.104104 0.699476
v 0.813940 -0.151846 0.682513
v 0.806547 -0.151846 0.682514
v 0.796051 -0.196131 0.653273
v 0.803443 -0.196131 0.653272
v 0.805921 -0.224649 0.635425
v 0.798528 -0.224649 0.635426
v 0.831554 -0.050272 0.708869
v 0.841469 -0.050273 0.708868
v 0.823591 -0.064724 0.705721
v 0.826046 -0.059864 0.706468
v 0.814467 -0.249395 0.718564
v 0.813488 -0.251854 0.694856
v 0.812651 -0.251585 0.672659
v 0.848970 -0.029208 0.769537
v 0.848667 -0.027962 0.754406
v 0.848220 -0.028212 0.740312
v 0.846720 -0.033993 0.720075
v 0.845497 -0.039067 0.714472
v 0.843790 -0.044726 0.710987
v 0.820247 -0.178991 0.809329
v 0.822660 -0.162435 0.816841
v 0.825188 -0.145146 0.822760
v 0.803173 -0.164061 0.675646
v 0.800102 -0.175740 0.668114
v 0.797629 -0.186543 0.660472
v 0.815229 -0.209849 0.789289
v 0.812677 -0.223481 0.776175
v 0.810346 -0.235044 0.760293
v 0.819087 -0.093968 0.701587
v 0.815827 -0.115246 0.696638
v 0.813111 -0.127125 0.692945
v 0.809941 -0.139428 0.688277
v 0.810502 -0.244325 0.642884
v 0.809058 -0.238318 0.636649
v 0.807495 -0.231550 0.634611
v 0.795568 -0.204308 0.646999
v 0.796002 -0.211446 0.641848
v 0.797079 -0.218055 0.637948
v 0.831102 -0.108497 0.829899
v 0.834294 -0.090239 0.830801
v 0.837214 -0.073457 0.829472
v 0.807074 -0.249395 0.718564
v 0.806095 -0.251854 0.694857
v 0.805258 -0.251585 0.672660
v 0.838494 -0.108496 0.829899
v 0.841687 -0.090239 0.830800
v 0.844606 -0.073457 0.829471
v 0.823220 -0.115244 0.696637
v 0.820503 -0.127124 0.692944
v 0.817333 -0.139429 0.688277
v 0.803109 -0.244325 0.642885
v 0.801666 -0.238318 0.636650
v 0.800103 -0.231550 0.634612
v 0.802960 -0.204308 0.646998
v 0.803394 -0.211446 0.641848
v 0.804472 -0.218055 0.637947
v 0.848353 -0.048493 0.818813
v 0.849061 -0.040757 0.809478
v 0.849258 -0.035388 0.797894
v 0.840961 -0.048493 0.818815
v 0.841866 -0.035388 0.797895
v 0.838136 -0.033993 0.720076
v 0.836292 -0.039068 0.714472
v 0.834082 -0.044726 0.710988
v 0.832175 -0.064724 0.705721
v 0.835250 -0.059865 0.706467
v 0.838502 -0.055217 0.707455
v 0.841568 -0.029208 0.769538
v 0.828228 -0.077024 0.704213
v 0.827314 -0.084927 0.703116
v 0.826489 -0.093968 0.701587
v 0.810565 -0.164062 0.675645
v 0.807494 -0.175739 0.668114
v 0.805022 -0.186543 0.660472
v 0.827639 -0.178991 0.809328
v 0.830052 -0.162434 0.816840
v 0.832580 -0.145146 0.822759
v 0.822621 -0.209848 0.789289
v 0.820070 -0.223482 0.776174
v 0.817738 -0.235044 0.760292
v 0.841669 -0.040757 0.809478
v 0.841196 -0.027962 0.754407
v 0.840562 -0.028212 0.740313
v 0.820505 -0.077458 0.704203
v 0.828795 -0.055216 0.707456
vt 0.000000 0.000000
vt 0.000000 0.000000
vt 0.000000 0.000000
vt 0.000000 0.000000
vt 0.000000 0.000000
vt 0.000000 0.000000
vt 0.000000 0.000000
vt 0.000000 0.000000
vt 0.000000 0.000000
vt 0.000000 0.000000
vt 0.000000 0.000000
vt 0.000000 0.000000
vt 0.000000 0.000000
vt 0.000000 0.000000
vt 0.000000 0.000000
vt 0.000000 0.000000
vt 0.000000 0.000000
vt 0.000000 0.000000
vt 0.000000 0.000000
vt 0.000000 0.000000
vt 0.849519 0.093591
vt 0.850285 0.098178
vt 0.842227 0.097666
vt 0.837341 0.092614
vt 0.833985 0.097454
vt 0.851808 0.106866
vt 0.852842 0.113167
vt 0.838838 0.113029
vt 0.850113 0.093478
vt 0.852405 0.107084
vt 0.853351 0.112684
vt 0.851791 0.102829
vt 0.851016 0.098230
vt 0.856502 0.131520
vt 0.854577 0.120045
vt 0.854670 0.120045
vt 0.855092 0.126704
vt 0.853996 0.120044
vt 0.840086 0.120028
vt 0.841316 0.126825
vt 0.843876 0.081330
vt 0.848747 0.089130
vt 0.840755 0.087412
vt 0.835097 0.077105
vt 0.832137 0.079887
vt 0.832754 0.086307
vt 0.848156 0.081926
vt 0.849484 0.089208
vt 0.847684 0.079128
vt 0.846210 0.073712
vt 0.846641 0.076172
vt 0.834220 0.073931
vt 0.847131 0.078939
vt 0.831308 0.069123
vt 0.838423 0.069040
vt 0.838654 0.070399
vt 0.838913 0.072222
vt 0.845951 0.071793
vt 0.846216 0.070057
vt 0.846779 0.073904
vt 0.847182 0.076290
vt 0.847643 0.081781
vt 0.847788 0.079229
vt 0.846937 0.073967
vt 0.846490 0.071931
vt 0.846349 0.070501
vt 0.846458 0.071097
vt 0.846134 0.069393
vt 0.838066 0.066904
vt 0.830790 0.065550
vt 0.854769 0.169501
vt 0.848561 0.170067
vt 0.850489 0.165663
vt 0.852937 0.161448
vt 0.855390 0.165530
vt 0.842441 0.166119
vt 0.843448 0.162481
vt 0.844731 0.159326
vt 0.848381 0.157020
vt 0.836661 0.157490
vt 0.839608 0.152648
vt 0.835615 0.161787
vt 0.835053 0.166388
vt 0.837998 0.171079
vt 0.837562 0.143114
vt 0.850753 0.146372
vt 0.847587 0.142516
vt 0.857579 0.142149
vt 0.856435 0.135412
vt 0.857036 0.138743
vt 0.841810 0.139302
vt 0.858276 0.146136
vt 0.858277 0.142121
vt 0.856257 0.158397
vt 0.861087 0.159126
vt 0.858376 0.142116
vt 0.859007 0.145889
vt 0.858995 0.146413
vt 0.860817 0.159223
vt 0.858944 0.160234
vt 0.860859 0.159648
vt 0.860149 0.159926
vt 0.861071 0.159482
vt 0.857160 0.162635
vt 0.857125 0.162630
vt 0.858761 0.160825
vt 0.858792 0.160876
vt 0.856726 0.162407
vt 0.855710 0.131681
vt 0.826340 0.136404
vt 0.842611 0.135937
vt 0.855687 0.126700
vt 0.857736 0.138899
vt 0.856616 0.131659
vt 0.842554 0.180400
vt 0.843742 0.184290
vt 0.830367 0.186079
vt 0.845083 0.187327
vt 0.830012 0.189352
vt 0.848881 0.174779
vt 0.837412 0.176238
vt 0.830628 0.181916
vt 0.855138 0.173947
vt 0.856141 0.178344
vt 0.855130 0.169462
vt 0.855449 0.173832
vt 0.856465 0.178150
vt 0.855333 0.173383
vt 0.855083 0.169210
vt 0.855775 0.165591
vt 0.855783 0.165495
vt 0.824067 0.237822
vt 0.824638 0.241932
vt 0.812685 0.239463
vt 0.825717 0.246294
vt 0.809413 0.243467
vt 0.824476 0.237931
vt 0.825044 0.242006
vt 0.826074 0.246347
vt 0.827176 0.251125
vt 0.810151 0.248521
vt 0.828373 0.256373
vt 0.814211 0.255031
vt 0.857508 0.182161
vt 0.859062 0.185194
vt 0.812517 0.235142
vt 0.799783 0.237116
vt 0.829615 0.256631
vt 0.828679 0.256408
vt 0.827447 0.250862
vt 0.826060 0.241857
vt 0.825507 0.237913
vt 0.829414 0.257002
vt 0.859385 0.184895
vt 0.857827 0.181904
vt 0.857660 0.181036
vt 0.856300 0.177487
vt 0.828703 0.256606
vt 0.828493 0.256615
vt 0.818921 0.256897
vt 0.811817 0.254779
vt 0.806613 0.253904
vt 0.823914 0.090427
vt 0.819324 0.082205
vt 0.814462 0.086184
vt 0.819401 0.078417
vt 0.822927 0.069583
vt 0.831497 0.070876
vt 0.814263 0.068474
vt 0.818562 0.071648
vt 0.819460 0.074989
vt 0.811671 0.064611
vt 0.822654 0.066045
vt 0.819738 0.067482
vt 0.822495 0.064223
vt 0.813342 0.062972
vt 0.837898 0.107199
vt 0.820639 0.113070
vt 0.824874 0.107012
vt 0.825549 0.127048
vt 0.819762 0.120197
vt 0.813417 0.127195
vt 0.824327 0.097093
vt 0.814529 0.096169
vt 0.813082 0.139510
vt 0.825957 0.140785
vt 0.825769 0.132465
vt 0.813222 0.132726
vt 0.826105 0.152208
vt 0.812929 0.151468
vt 0.821353 0.161959
vt 0.819887 0.167090
vt 0.822520 0.157127
vt 0.800043 0.232757
vt 0.785632 0.234652
vt 0.796574 0.241270
vt 0.785485 0.239437
vt 0.812634 0.188069
vt 0.812770 0.191321
vt 0.818751 0.172531
vt 0.817528 0.178161
vt 0.812555 0.183805
vt 0.801142 0.127221
vt 0.789599 0.129375
vt 0.792715 0.120125
vt 0.802442 0.120258
vt 0.799325 0.113052
vt 0.794006 0.096246
vt 0.805770 0.096336
vt 0.802345 0.106795
vt 0.814405 0.106013
vt 0.796748 0.246368
vt 0.785362 0.244604
vt 0.796972 0.252496
vt 0.785231 0.250676
vt 0.789499 0.251659
vt 0.806775 0.255216
vt 0.803109 0.085447
vt 0.802196 0.076528
vt 0.802387 0.080673
vt 0.795266 0.084945
vt 0.795606 0.080083
vt 0.792195 0.084667
vt 0.794953 0.090196
vt 0.791512 0.089944
vt 0.789053 0.089654
vt 0.787226 0.089413
vt 0.788079 0.084120
vt 0.789843 0.084361
vt 0.790380 0.079544
vt 0.792637 0.079798
vt 0.788680 0.079395
vt 0.789284 0.072753
vt 0.790940 0.072317
vt 0.790729 0.075604
vt 0.789065 0.075709
vt 0.792920 0.075682
vt 0.793097 0.072185
vt 0.787729 0.077099
vt 0.786545 0.079556
vt 0.786865 0.084031
vt 0.785090 0.089214
vt 0.785989 0.089313
vt 0.802011 0.072897
vt 0.795820 0.075897
vt 0.795956 0.072302
vt 0.796042 0.069183
vt 0.802278 0.069743
vt 0.796071 0.066677
vt 0.793203 0.069137
vt 0.793227 0.066682
vt 0.803598 0.067330
vt 0.796004 0.063343
vt 0.803415 0.065585
vt 0.788074 0.072139
vt 0.786983 0.074482
vt 0.788063 0.069730
vt 0.789359 0.068161
vt 0.789379 0.070165
vt 0.787025 0.072034
vt 0.791048 0.069423
vt 0.791049 0.067119
vt 0.789175 0.066956
vt 0.788359 0.066197
vt 0.790747 0.064303
vt 0.790931 0.065581
vt 0.793165 0.064937
vt 0.793065 0.063449
vt 0.787288 0.070517
vt 0.787827 0.068521
vt 0.789278 0.062894
vt 0.790756 0.061726
vt 0.792960 0.061023
vt 0.796033 0.064889
vt 0.800067 0.061423
vt 0.799441 0.139074
vt 0.787075 0.139509
vt 0.800177 0.132846
vt 0.811839 0.090927
vt 0.790491 0.095270
vt 0.788745 0.101467
vt 0.786395 0.100395
vt 0.784576 0.100138
vt 0.786081 0.094745
vt 0.787937 0.094985
vt 0.784843 0.094646
vt 0.783939 0.094635
vt 0.783408 0.100030
vt 0.782583 0.100018
vt 0.786397 0.146614
vt 0.798706 0.151476
vt 0.798027 0.162661
vt 0.781248 0.163193
vt 0.783639 0.155822
vt 0.798298 0.157650
vt 0.780576 0.174864
vt 0.797779 0.173891
vt 0.797702 0.179731
vt 0.780662 0.186308
vt 0.780615 0.180863
vt 0.797659 0.185080
vt 0.780620 0.168877
vt 0.797869 0.168114
vt 0.783646 0.124324
vt 0.788957 0.111937
vt 0.775538 0.129168
vt 0.781746 0.118105
vt 0.780093 0.111822
vt 0.783561 0.107821
vt 0.776058 0.122879
vt 0.776901 0.118367
vt 0.776233 0.118104
vt 0.779285 0.111644
vt 0.775958 0.117978
vt 0.772662 0.124383
vt 0.772483 0.124211
vt 0.773237 0.124722
vt 0.782625 0.105760
vt 0.781624 0.105632
vt 0.780985 0.105612
vt 0.778857 0.111589
vt 0.772630 0.242770
vt 0.772927 0.237498
vt 0.758752 0.240937
vt 0.772283 0.248851
vt 0.758337 0.247132
vt 0.785862 0.230227
vt 0.773213 0.232638
vt 0.773528 0.228180
vt 0.759405 0.230601
vt 0.759098 0.235549
vt 0.772266 0.249307
vt 0.758311 0.247583
vt 0.758246 0.248757
vt 0.772202 0.250657
vt 0.780733 0.190680
vt 0.780789 0.193940
vt 0.797675 0.189424
vt 0.797712 0.192702
vt 0.772408 0.143661
vt 0.778167 0.143720
vt 0.773782 0.148223
vt 0.779285 0.133508
vt 0.769589 0.137954
vt 0.769259 0.130286
vt 0.768755 0.129920
vt 0.768638 0.129777
vt 0.764306 0.135090
vt 0.764219 0.134988
vt 0.764744 0.135460
vt 0.768372 0.133622
vt 0.762544 0.163771
vt 0.741793 0.164138
vt 0.755011 0.157674
vt 0.767510 0.158186
vt 0.772855 0.153104
vt 0.763974 0.152375
vt 0.736015 0.160622
vt 0.748670 0.155802
vt 0.758340 0.150593
vt 0.746170 0.153685
vt 0.758714 0.145960
vt 0.734555 0.158285
vt 0.742236 0.182765
vt 0.741448 0.176739
vt 0.761236 0.175830
vt 0.742856 0.188210
vt 0.761670 0.181919
vt 0.762020 0.187405
vt 0.761001 0.169719
vt 0.740804 0.170733
vt 0.752765 0.146110
vt 0.744465 0.151289
vt 0.744186 0.150869
vt 0.752451 0.145702
vt 0.744021 0.150689
vt 0.733354 0.155504
vt 0.733179 0.155315
vt 0.733585 0.155917
vt 0.759367 0.140755
vt 0.758996 0.140369
vt 0.758908 0.140253
vt 0.752331 0.145547
vt 0.753519 0.147002
vt 0.745017 0.152174
vt 0.733941 0.156774
vt 0.760351 0.141662
vt 0.765491 0.145766
vt 0.728974 0.226829
vt 0.729211 0.222320
vt 0.744684 0.224129
vt 0.728666 0.231895
vt 0.744445 0.228646
vt 0.744163 0.233661
vt 0.759697 0.226103
vt 0.727914 0.243989
vt 0.728315 0.237507
vt 0.743843 0.239157
vt 0.743465 0.245495
vt 0.762258 0.191743
vt 0.743216 0.192458
vt 0.762383 0.194943
vt 0.743363 0.195573
vt 0.727831 0.245576
vt 0.727889 0.244487
vt 0.743441 0.245947
vt 0.743378 0.247041
vt 0.706645 0.188549
vt 0.706089 0.183343
vt 0.723646 0.183267
vt 0.724275 0.188582
vt 0.722843 0.177482
vt 0.705360 0.177737
vt 0.721424 0.167348
vt 0.722078 0.172034
vt 0.704618 0.172596
vt 0.719593 0.159495
vt 0.719458 0.159114
vt 0.719343 0.158927
vt 0.703757 0.160844
vt 0.703782 0.161174
vt 0.719769 0.160273
vt 0.703787 0.161853
vt 0.720029 0.161683
vt 0.720516 0.163961
vt 0.703822 0.165221
vt 0.704058 0.168346
vt 0.724591 0.192707
vt 0.700802 0.192480
vt 0.724657 0.195744
vt 0.699000 0.195499
vt 0.688679 0.221869
vt 0.693402 0.218147
vt 0.714056 0.220667
vt 0.707872 0.229585
vt 0.713718 0.225138
vt 0.712183 0.242587
vt 0.694713 0.239616
vt 0.697369 0.234205
vt 0.712635 0.235989
vt 0.698056 0.242008
vt 0.698442 0.242435
vt 0.712251 0.243290
vt 0.698393 0.243490
vt 0.712204 0.244388
vt 0.687864 0.160230
vt 0.703721 0.160682
vt 0.687918 0.159889
vt 0.673353 0.157034
vt 0.687396 0.162022
vt 0.672447 0.158665
vt 0.673044 0.157598
vt 0.703786 0.163121
vt 0.687696 0.160862
vt 0.686620 0.167154
vt 0.666095 0.163440
vt 0.671135 0.160477
vt 0.686928 0.163998
vt 0.666288 0.169963
vt 0.666481 0.176066
vt 0.687505 0.171812
vt 0.688613 0.177270
vt 0.685752 0.188027
vt 0.666644 0.181995
vt 0.689477 0.182975
vt 0.668720 0.194727
vt 0.668635 0.191502
vt 0.673927 0.219167
vt 0.685155 0.226200
vt 0.673457 0.156807
vt 0.661366 0.152097
vt 0.661490 0.151931
vt 0.651746 0.145774
vt 0.651594 0.145928
vt 0.660972 0.152589
vt 0.651142 0.146346
vt 0.660132 0.153545
vt 0.653326 0.156190
vt 0.658234 0.155025
vt 0.644248 0.145376
vt 0.650059 0.147169
vt 0.642668 0.149194
vt 0.680229 0.235459
vt 0.668021 0.231178
vt 0.672749 0.223446
vt 0.687654 0.241597
vt 0.667317 0.234673
vt 0.680487 0.241570
vt 0.688211 0.241992
vt 0.681054 0.241919
vt 0.688134 0.242931
vt 0.672208 0.244151
vt 0.671833 0.243257
vt 0.675925 0.242355
vt 0.681008 0.242861
vt 0.675350 0.242047
vt 0.636428 0.167836
vt 0.638787 0.174331
vt 0.652507 0.186512
vt 0.638333 0.180330
vt 0.626026 0.154895
vt 0.631639 0.161254
vt 0.660918 0.220455
vt 0.662049 0.216446
vt 0.669255 0.213866
vt 0.648657 0.212877
vt 0.649400 0.217298
vt 0.640854 0.193353
vt 0.639191 0.189946
vt 0.657131 0.227683
vt 0.659171 0.224313
vt 0.648063 0.221052
vt 0.646672 0.224370
vt 0.637442 0.131556
vt 0.637181 0.131716
vt 0.632364 0.124512
vt 0.637479 0.131534
vt 0.632682 0.124384
vt 0.632727 0.124366
vt 0.628964 0.116706
vt 0.628612 0.116788
vt 0.636433 0.132101
vt 0.631472 0.124812
vt 0.627636 0.116978
vt 0.631789 0.128336
vt 0.641600 0.140034
vt 0.630268 0.133204
vt 0.632447 0.141461
vt 0.642980 0.139364
vt 0.643567 0.138955
vt 0.620396 0.148349
vt 0.651768 0.145752
vt 0.643765 0.138795
vt 0.643794 0.138772
vt 0.668355 0.242472
vt 0.659343 0.239472
vt 0.652383 0.234187
vt 0.654348 0.232735
vt 0.655959 0.247964
vt 0.663530 0.246390
vt 0.667868 0.244555
vt 0.668308 0.245417
vt 0.671369 0.243028
vt 0.667396 0.244365
vt 0.660224 0.247680
vt 0.625622 0.117179
vt 0.625072 0.125469
vt 0.610955 0.117329
vt 0.608550 0.125814
vt 0.613608 0.133622
vt 0.612448 0.166153
vt 0.610346 0.160063
vt 0.614304 0.172420
vt 0.655160 0.230336
vt 0.645413 0.227058
vt 0.644277 0.229197
vt 0.642916 0.231419
vt 0.649787 0.236027
vt 0.648941 0.252226
vt 0.635849 0.248985
vt 0.641137 0.244275
vt 0.628521 0.247392
vt 0.633932 0.241534
vt 0.651198 0.252806
vt 0.651598 0.252994
vt 0.658353 0.249032
vt 0.658740 0.249972
vt 0.663946 0.247295
vt 0.617200 0.184152
vt 0.617675 0.188519
vt 0.617848 0.191873
vt 0.615910 0.178611
vt 0.642657 0.258450
vt 0.642991 0.258606
vt 0.634176 0.265014
vt 0.643457 0.259549
vt 0.651998 0.253952
vt 0.604632 0.148003
vt 0.607374 0.154166
vt 0.607367 0.154144
vt 0.609697 0.160028
vt 0.609692 0.159989
vt 0.611732 0.166105
vt 0.611724 0.166035
vt 0.613537 0.172342
vt 0.605146 0.148011
vt 0.607943 0.154186
vt 0.613508 0.172151
vt 0.615110 0.178473
vt 0.616279 0.183932
vt 0.616168 0.183132
vt 0.601982 0.141058
vt 0.601287 0.141055
vt 0.597004 0.133506
vt 0.597654 0.133507
vt 0.601278 0.141054
vt 0.604624 0.147996
vt 0.627922 0.206433
vt 0.628929 0.202744
vt 0.629565 0.202944
vt 0.628557 0.206660
vt 0.627140 0.210433
vt 0.647383 0.208374
vt 0.638499 0.214097
vt 0.616897 0.188250
vt 0.617085 0.191570
vt 0.628339 0.202550
vt 0.626739 0.205961
vt 0.626525 0.210212
vt 0.625365 0.209732
vt 0.616778 0.187149
vt 0.616983 0.190250
vt 0.584532 0.117972
vt 0.591460 0.125704
vt 0.591433 0.125710
vt 0.596989 0.133507
vt 0.585066 0.117934
vt 0.592037 0.125697
vt 0.594711 0.117604
vt 0.603225 0.117403
vt 0.629765 0.255575
vt 0.621870 0.254050
vt 0.619062 0.262183
vt 0.633783 0.264886
vt 0.637200 0.217882
vt 0.625553 0.214281
vt 0.635980 0.221168
vt 0.634203 0.225513
vt 0.635013 0.223634
vt 0.623044 0.219712
vt 0.624003 0.217537
vt 0.622480 0.221222
vt 0.633234 0.227949
vt 0.621162 0.224205
vt 0.622022 0.222604
vt 0.623244 0.229446
vt 0.623518 0.234284
vt 0.620753 0.226501
vt 0.621418 0.226000
vt 0.622489 0.229483
vt 0.621460 0.229863
vt 0.622749 0.234236
vt 0.621562 0.239413
vt 0.620837 0.239343
vt 0.617395 0.245277
vt 0.621343 0.234413
vt 0.619327 0.239365
vt 0.616695 0.245194
vt 0.626526 0.271107
vt 0.612423 0.269225
vt 0.609682 0.275654
vt 0.626880 0.271202
vt 0.621357 0.276776
vt 0.622214 0.277393
vt 0.634766 0.265894
vt 0.623549 0.216798
vt 0.622300 0.219483
vt 0.623771 0.213622
vt 0.621342 0.219139
vt 0.620943 0.223961
vt 0.620835 0.220734
vt 0.621683 0.221251
vt 0.620866 0.224209
vt 0.620236 0.224619
vt 0.611719 0.295174
vt 0.612934 0.290560
vt 0.613890 0.290994
vt 0.614740 0.286079
vt 0.615681 0.286566
vt 0.617434 0.281623
vt 0.618342 0.282156
vt 0.611348 0.295109
vt 0.612530 0.290478
vt 0.614305 0.285994
vt 0.621007 0.276689
vt 0.617007 0.281532
vt 0.603366 0.280533
vt 0.611313 0.252280
vt 0.607087 0.260341
vt 0.610736 0.252196
vt 0.603890 0.259813
vt 0.615248 0.245138
vt 0.609221 0.252084
vt 0.603430 0.259724
vt 0.601731 0.275027
vt 0.588182 0.274534
vt 0.598838 0.267631
vt 0.599638 0.294490
vt 0.599166 0.289618
vt 0.600266 0.285002
vt 0.589478 0.279995
vt 0.601420 0.304873
vt 0.593070 0.304643
vt 0.592956 0.299268
vt 0.601811 0.299595
vt 0.610520 0.299923
vt 0.609926 0.305050
vt 0.609507 0.310633
vt 0.598748 0.310540
vt 0.609231 0.316772
vt 0.609550 0.319317
vt 0.610153 0.307269
vt 0.611308 0.305061
vt 0.610877 0.299955
vt 0.612696 0.295509
vt 0.610592 0.316699
vt 0.586443 0.272746
vt 0.595419 0.267020
vt 0.594872 0.266835
vt 0.586000 0.272355
vt 0.601687 0.259402
vt 0.593138 0.266014
vt 0.598461 0.316764
vt 0.608612 0.323577
vt 0.598318 0.324636
vt 0.608170 0.331245
vt 0.610258 0.331187
vt 0.609354 0.333959
vt 0.587268 0.294041
vt 0.587486 0.289210
vt 0.588159 0.284576
vt 0.580166 0.298886
vt 0.584243 0.304368
vt 0.598589 0.359651
vt 0.590612 0.358568
vt 0.590660 0.325034
vt 0.584102 0.356889
vt 0.584093 0.333981
vt 0.608978 0.339951
vt 0.598101 0.340132
vt 0.609001 0.357428
vt 0.608719 0.356972
vt 0.590705 0.316727
vt 0.586895 0.310322
vt 0.584100 0.316655
vt 0.582065 0.323550
vt 0.577776 0.277305
vt 0.565926 0.278989
vt 0.575043 0.280832
vt 0.577678 0.275902
vt 0.577446 0.275438
vt 0.569188 0.277444
vt 0.584431 0.270828
vt 0.576343 0.273457
vt 0.569057 0.276965
vt 0.572226 0.293873
vt 0.572690 0.289290
vt 0.573396 0.284955
vt 0.573068 0.304075
vt 0.568967 0.298689
vt 0.573763 0.316486
vt 0.573430 0.310011
vt 0.560469 0.293907
vt 0.560440 0.289589
vt 0.560430 0.285640
vt 0.550056 0.289733
vt 0.549991 0.285992
vt 0.550134 0.293857
vt 0.560440 0.282123
vt 0.549938 0.282659
vt 0.543103 0.280474
vt 0.568393 0.274864
vt 0.560352 0.277945
vt 0.559987 0.275811
vt 0.549842 0.278678
vt 0.560424 0.278432
vt 0.549872 0.279160
vt 0.550307 0.303571
vt 0.550217 0.298406
vt 0.560507 0.298591
vt 0.560549 0.303822
vt 0.550500 0.316083
vt 0.550402 0.309508
vt 0.560597 0.309755
vt 0.560655 0.316282
vt 0.560877 0.343402
vt 0.560725 0.323331
vt 0.569036 0.323925
vt 0.550598 0.323123
vt 0.550829 0.347467
vt 0.574677 0.364255
vt 0.576826 0.333647
vt 0.569144 0.343428
vt 0.537233 0.298059
vt 0.537110 0.293656
vt 0.523649 0.297519
vt 0.537365 0.303162
vt 0.523773 0.302603
vt 0.536994 0.289751
vt 0.536883 0.286230
vt 0.523410 0.289507
vt 0.523528 0.293217
vt 0.549684 0.276538
vt 0.536654 0.279214
vt 0.523082 0.279492
vt 0.523099 0.277369
vt 0.536667 0.279686
vt 0.523084 0.279943
vt 0.536779 0.283054
vt 0.523190 0.283168
vt 0.523295 0.286191
vt 0.537643 0.315755
vt 0.537505 0.309109
vt 0.523900 0.308584
vt 0.524023 0.315321
vt 0.524271 0.334438
vt 0.524134 0.322692
vt 0.537768 0.322984
vt 0.538002 0.342511
vt 0.383430 0.234948
vt 0.384915 0.235013
vt 0.384058 0.235265
vt 0.383497 0.235271
vt 0.385262 0.234100
vt 0.386253 0.234437
vt 0.387265 0.233297
vt 0.385752 0.236680
vt 0.383172 0.235194
vt 0.383156 0.235071
vt 0.382860 0.235139
vt 0.382782 0.235009
vt 0.385338 0.238906
vt 0.381866 0.236745
vt 0.383212 0.236302
vt 0.381413 0.235559
vt 0.381454 0.234943
vt 0.381483 0.234596
vt 0.382039 0.233377
vt 0.385375 0.232047
vt 0.382318 0.234633
vt 0.385717 0.232720
vt 0.400701 0.234329
vt 0.394433 0.231720
vt 0.396469 0.230078
vt 0.393622 0.231441
vt 0.395206 0.229270
vt 0.394029 0.232151
vt 0.393095 0.231661
vt 0.393013 0.232413
vt 0.393053 0.230980
vt 0.393091 0.230063
vt 0.391977 0.231899
vt 0.408971 0.243855
vt 0.388334 0.233698
vt 0.390849 0.232912
vt 0.411133 0.243061
vt 0.419842 0.252066
vt 0.407894 0.244966
vt 0.392760 0.228194
vt 0.394023 0.228574
vt 0.392572 0.229251
vt 0.391707 0.228474
vt 0.390844 0.229947
vt 0.391256 0.230733
vt 0.511543 0.279311
vt 0.511665 0.277192
vt 0.502000 0.278625
vt 0.502278 0.276521
vt 0.511524 0.279763
vt 0.501085 0.300789
vt 0.501194 0.295496
vt 0.511683 0.296697
vt 0.511717 0.301848
vt 0.511636 0.292396
vt 0.501297 0.291116
vt 0.511583 0.288797
vt 0.511540 0.285650
vt 0.501406 0.287566
vt 0.511520 0.282799
vt 0.496994 0.281119
vt 0.501543 0.284561
vt 0.405080 0.248386
vt 0.393432 0.242729
vt 0.393440 0.240288
vt 0.415728 0.251466
vt 0.418594 0.252214
vt 0.388728 0.231250
vt 0.389805 0.232473
vt 0.390358 0.229105
vt 0.388138 0.229930
vt 0.416766 0.243280
vt 0.408136 0.236444
vt 0.417479 0.242984
vt 0.493943 0.277477
vt 0.494382 0.275415
vt 0.487277 0.276087
vt 0.487813 0.274130
vt 0.501946 0.279059
vt 0.493846 0.277899
vt 0.487160 0.276444
vt 0.492725 0.283003
vt 0.484308 0.281202
vt 0.486165 0.278867
vt 0.484992 0.284475
vt 0.484678 0.287943
vt 0.492396 0.285928
vt 0.492069 0.289456
vt 0.484198 0.292520
vt 0.483723 0.298158
vt 0.478651 0.297330
vt 0.479363 0.291635
vt 0.479886 0.287061
vt 0.475824 0.291171
vt 0.475886 0.296901
vt 0.434524 0.259090
vt 0.423033 0.252002
vt 0.437768 0.257488
vt 0.427589 0.249974
vt 0.437859 0.262454
vt 0.433616 0.259618
vt 0.429859 0.259767
vt 0.418172 0.255256
vt 0.449514 0.258309
vt 0.429062 0.249250
vt 0.430730 0.248227
vt 0.418956 0.242213
vt 0.441101 0.255801
vt 0.428326 0.249638
vt 0.511782 0.323919
vt 0.511756 0.314770
vt 0.500724 0.324213
vt 0.500843 0.314017
vt 0.500962 0.306996
vt 0.511739 0.307914
vt 0.476949 0.272931
vt 0.471626 0.270708
vt 0.473026 0.269384
vt 0.464369 0.267117
vt 0.466099 0.265997
vt 0.481845 0.274615
vt 0.482442 0.272848
vt 0.477795 0.271387
vt 0.479099 0.274102
vt 0.471312 0.270963
vt 0.480643 0.275421
vt 0.474638 0.276120
vt 0.463868 0.267403
vt 0.469165 0.273244
vt 0.461442 0.269256
vt 0.466421 0.275293
vt 0.471661 0.278079
vt 0.479360 0.278355
vt 0.470955 0.278449
vt 0.470606 0.278999
vt 0.464276 0.275466
vt 0.462870 0.274123
vt 0.474798 0.282042
vt 0.474280 0.282371
vt 0.473137 0.280867
vt 0.473539 0.280429
vt 0.474965 0.280650
vt 0.457137 0.274906
vt 0.454255 0.271825
vt 0.477385 0.280278
vt 0.479943 0.283874
vt 0.477023 0.283783
vt 0.476226 0.286721
vt 0.469866 0.281278
vt 0.471865 0.282755
vt 0.475197 0.284080
vt 0.473349 0.284759
vt 0.475557 0.286827
vt 0.474744 0.296766
vt 0.474104 0.296715
vt 0.475093 0.291184
vt 0.475758 0.283877
vt 0.473532 0.286948
vt 0.472714 0.290981
vt 0.453256 0.262139
vt 0.447182 0.265584
vt 0.458235 0.271272
vt 0.446497 0.265995
vt 0.431843 0.262505
vt 0.455540 0.260666
vt 0.482692 0.315643
vt 0.483277 0.304666
vt 0.491222 0.305812
vt 0.490986 0.313033
vt 0.491481 0.299427
vt 0.472443 0.310333
vt 0.474856 0.303326
vt 0.477904 0.303836
vt 0.477163 0.311207
vt 0.491759 0.293949
vt 0.471749 0.310144
vt 0.472948 0.302975
vt 0.473585 0.303097
vt 0.471322 0.296339
vt 0.470008 0.302502
vt 0.511818 0.343925
vt 0.500546 0.345469
vt 0.511823 0.363111
vt 0.500460 0.364246
vt 0.481992 0.334479
vt 0.490715 0.324603
vt 0.470268 0.328139
vt 0.471289 0.318702
vt 0.476457 0.319559
vt 0.475566 0.333956
vt 0.469590 0.327974
vt 0.470616 0.318512
vt 0.467598 0.318056
vt 0.466536 0.327598
vt 0.490375 0.345825
vt 0.468817 0.349192
vt 0.469440 0.338406
vt 0.474933 0.349523
vt 0.468748 0.338272
vt 0.465679 0.337972
vt 0.468113 0.349095
vt 0.465048 0.348876
vt 0.474701 0.360367
vt 0.481641 0.349708
vt 0.468415 0.360208
vt 0.467708 0.360157
vt 0.490249 0.360468
vt 0.481513 0.360444
vt 0.464653 0.360039
vt 0.853521 0.113172
vt 0.852585 0.107568
vt 0.855783 0.126700
vt 0.850240 0.093653
vt 0.848808 0.085251
vt 0.848261 0.082048
vt 0.847334 0.076434
vt 0.846647 0.072199
vt 0.843189 0.067951
vt 0.845968 0.068806
vt 0.845436 0.068458
vt 0.860375 0.154157
vt 0.861140 0.159445
vt 0.857243 0.135381
vt 0.857804 0.138712
vt 0.828465 0.250871
vt 0.827102 0.246120
vt 0.859239 0.183850
vt 0.813547 0.256129
vt 0.785172 0.252487
vt 0.786857 0.076495
vt 0.787022 0.073008
vt 0.787058 0.071462
vt 0.788671 0.064334
vt 0.795824 0.060981
vt 0.676085 0.243330
vt 0.629014 0.116695
vt 0.622205 0.117290
vt 0.617311 0.117323
vt 0.615038 0.178008
vt 0.616928 0.192766
vt 0.584493 0.117983
vt 0.627622 0.271953
vt 0.622297 0.216947
vt 0.620440 0.222395
vt 0.611879 0.300122
vt 0.610888 0.310567
vt 0.610403 0.323509
vt 0.609956 0.349647
vt 0.610103 0.339908
vt 0.536603 0.277091
vt 0.385559 0.230933
vt 0.381526 0.234299
vt 0.400149 0.232078
vt 0.497248 0.279241
vt 0.443061 0.254387
vt 0.465229 0.278811
vt 0.472678 0.283686
vt 0.445439 0.269294
vt 0.468794 0.309643
vt 0.782305 0.151823
vt 0.785268 0.149232
vt 0.784546 0.152157
vt 0.814611 0.163271
vt 0.814011 0.159390
vt 0.816128 0.160140
vt 0.803577 0.171243
vt 0.805997 0.168094
vt 0.806890 0.170081
vt 0.808567 0.139049
vt 0.802148 0.136800
vt 0.805441 0.137559
vt 0.800169 0.171774
vt 0.803110 0.169131
vt 0.814739 0.156503
vt 0.814874 0.153448
vt 0.816966 0.156825
vt 0.792056 0.138365
vt 0.790473 0.142013
vt 0.788253 0.144090
vt 0.809892 0.168319
vt 0.810877 0.164552
vt 0.812520 0.166059
vt 0.817108 0.153348
vt 0.814400 0.150509
vt 0.816574 0.149945
vt 0.811296 0.141145
vt 0.807394 0.141053
vt 0.808601 0.166600
vt 0.784603 0.145332
vt 0.786610 0.142577
vt 0.809790 0.142839
vt 0.798841 0.138921
vt 0.795330 0.137212
vt 0.798749 0.136644
vt 0.784378 0.155187
vt 0.784787 0.158167
vt 0.782602 0.158740
vt 0.797152 0.169467
vt 0.796726 0.171643
vt 0.813343 0.147666
vt 0.815356 0.146676
vt 0.801790 0.139057
vt 0.782125 0.155319
vt 0.813570 0.143717
vt 0.789212 0.165796
vt 0.785395 0.164936
vt 0.787239 0.163579
vt 0.786518 0.146482
vt 0.783148 0.148497
vt 0.790335 0.169429
vt 0.787649 0.167477
vt 0.811819 0.145098
vt 0.812705 0.162173
vt 0.789130 0.140202
vt 0.804670 0.139779
vt 0.795880 0.139377
vt 0.794273 0.168778
vt 0.785757 0.161024
vt 0.800141 0.169580
vt 0.793024 0.140467
vt 0.791571 0.167561
vt 0.783708 0.162018
vt 0.793424 0.170853
vt 0.000000 0.000000
vt 0.000000 0.000000
vt 0.000000 0.000000
vt 0.000000 0.000000
vt 0.000000 0.000000
vt 0.000000 0.000000
vt 0.000000 0.000000
vt 0.000000 0.000000
vt 0.000000 0.000000
vt 0.000000 0.000000
vt 0.000000 0.000000
vt 0.000000 0.000000
vt 0.000000 0.000000
vt 0.000000 0.000000
vt 0.000000 0.000000
vt 0.000000 0.000000
vt 0.000000 0.000000
vt 0.000000 0.000000
vt 0.000000 0.000000
vt 0.000000 0.000000
vt 0.000000 0.000000
vt 0.000000 0.000000
vt 0.000000 0.000000
vt 0.000000 0.000000
vt 0.000000 0.000000
vt 0.000000 0.000000
vt 0.000000 0.000000
vt 0.000000 0.000000
vt 0.000000 0.000000
vt 0.000000 0.000000
vt 0.000000 0.000000
vt 0.000000 0.000000
vt 0.000000 0.000000
vt 0.000000 0.000000
vt 0.000000 0.000000
vt 0.000000 0.000000
vt 0.000000 0.000000
vt 0.000000 0.000000
vt 0.000000 0.000000
vt 0.000000 0.000000
vt 0.000000 0.000000
vt 0.000000 0.000000
vt 0.000000 0.000000
vt 0.000000 0.000000
vt 0.000000 0.000000
vt 0.000000 0.000000
vt 0.000000 0.000000
vt 0.000000 0.000000
vt 0.000000 0.000000
vt 0.000000 0.000000
vt 0.000000 0.000000
vt 0.000000 0.000000
vt 0.000000 0.000000
vt 0.000000 0.000000
vt 0.000000 0.000000
vt 0.000000 0.000000
vt 0.000000 0.000000
vt 0.000000 0.000000
vt 0.000000 0.000000
vt 0.000000 0.000000
vt 0.000000 0.000000
vt 0.000000 0.000000
vt 0.000000 0.000000
vt 0.000000 0.000000
vt 0.000000 0.000000
vt 0.000000 0.000000
vt 0.000000 0.000000
vt 0.000000 0.000000
vt 0.000000 0.000000
vt 0.000000 0.000000
vt 0.000000 0.000000
vt 0.000000 0.000000
vt 0.000000 0.000000
vt 0.000000 0.000000
vt 0.000000 0.000000
vt 0.000000 0.000000
vt 0.000000 0.000000
vt 0.000000 0.000000
vt 0.000000 0.000000
vt 0.000000 0.000000
vt 0.000000 0.000000
vt 0.000000 0.000000
vt 0.000000 0.000000
vt 0.000000 0.000000
vt 0.000000 0.000000
vt 0.000000 0.000000
vt 0.000000 0.000000
vt 0.000000 0.000000
vt 0.000000 0.000000
vt 0.000000 0.000000
vt 0.000000 0.000000
vt 0.000000 0.000000
vt 0.000000 0.000000
vt 0.000000 0.000000
vt 0.000000 0.000000
vt 0.000000 0.000000
vt 0.000000 0.000000
vt 0.000000 0.000000
vt 0.000000 0.000000
vt 0.000000 0.000000
vt 0.000000 0.000000
vt 0.000000 0.000000
vt 0.000000 0.000000
vt 0.000000 0.000000
vt 0.000000 0.000000
vt 0.000000 0.000000
vt 0.000000 0.000000
vt 0.000000 0.000000
vt 0.000000 0.000000
vt 0.000000 0.000000
vt 0.000000 0.000000
vt 0.000000 0.000000
vt 0.000000 0.000000
vt 0.000000 0.000000
vt 0.000000 0.000000
vt 0.000000 0.000000
vt 0.000000 0.000000
vt 0.000000 0.000000
vt 0.000000 0.000000
vt 0.000000 0.000000
vt 0.000000 0.000000
vt 0.000000 0.000000
vt 0.000000 0.000000
vt 0.000000 0.000000
vt 0.000000 0.000000
vt 0.000000 0.000000
vt 0.000000 0.000000
vt 0.000000 0.000000
vt 0.000000 0.000000
vt 0.000000 0.000000
vt 0.000000 0.000000
vt 0.000000 0.000000
vt 0.000000 0.000000
vt 0.000000 0.000000
vt 0.000000 0.000000
vt 0.000000 0.000000
vt 0.000000 0.000000
vt 0.000000 0.000000
vt 0.000000 0.000000
vt 0.000000 0.000000
vt 0.000000 0.000000
vt 0.000000 0.000000
vt 0.000000 0.000000
vt 0.000000 0.000000
vt 0.000000 0.000000
vt 0.000000 0.000000
vt 0.000000 0.000000
vt 0.000000 0.000000
vt 0.000000 0.000000
vt 0.000000 0.000000
vt 0.000000 0.000000
vt 0.000000 0.000000
vt 0.000000 0.000000
vt 0.000000 0.000000
vt 0.000000 0.000000
vt 0.000000 0.000000
vt 0.000000 0.000000
vt 0.000000 0.000000
vt 0.000000 0.000000
vt 0.000000 0.000000
vt 0.000000 0.000000
vt 0.000000 0.000000
vt 0.000000 0.000000
vt 0.000000 0.000000
vt 0.000000 0.000000
vt 0.000000 0.000000
vt 0.000000 0.000000
vt 0.000000 0.000000
vt 0.000000 0.000000
vt 0.000000 0.000000
vt 0.000000 0.000000
vt 0.000000 0.000000
vt 0.000000 0.000000
vt 0.000000 0.000000
vt 0.000000 0.000000
vt 0.000000 0.000000
vt 0.000000 0.000000
vt 0.000000 0.000000
vt 0.000000 0.000000
vt 0.000000 0.000000
vt 0.000000 0.000000
vt 0.000000 0.000000
vt 0.000000 0.000000
vt 0.000000 0.000000
vt 0.000000 0.000000
vt 0.000000 0.000000
vt 0.000000 0.000000
vt 0.000000 0.000000
vt 0.000000 0.000000
vt 0.000000 0.000000
vt 0.000000 0.000000
vt 0.000000 0.000000
vt 0.000000 0.000000
vt 0.000000 0.000000
vt 0.000000 0.000000
vt 0.000000 0.000000
vt 0.000000 0.000000
vt 0.000000 0.000000
vt 0.000000 0.000000
vt 0.000000 0.000000
vt 0.000000 0.000000
vt 0.000000 0.000000
vt 0.000000 0.000000
vt 0.000000 0.000000
vt 0.000000 0.000000
vt 0.000000 0.000000
vt 0.000000 0.000000
vt 0.000000 0.000000
vt 0.000000 0.000000
vt 0.000000 0.000000
vt 0.000000 0.000000
vt 0.000000 0.000000
vt 0.000000 0.000000
vt 0.000000 0.000000
vt 0.000000 0.000000
vt 0.000000 0.000000
vt 0.000000 0.000000
vt 0.000000 0.000000
vt 0.000000 0.000000
vt 0.000000 0.000000
vt 0.000000 0.000000
vt 0.000000 0.000000
vt 0.000000 0.000000
vt 0.000000 0.000000
vt 0.000000 0.000000
vt 0.000000 0.000000
vt 0.000000 0.000000
vt 0.000000 0.000000
vt 0.000000 0.000000
vt 0.000000 0.000000
vt 0.000000 0.000000
vt 0.000000 0.000000
vt 0.000000 0.000000
vt 0.000000 0.000000
vt 0.000000 0.000000
vt 0.000000 0.000000
vt 0.000000 0.000000
vt 0.000000 0.000000
vt 0.000000 0.000000
vt 0.000000 0.000000
vt 0.000000 0.000000
vt 0.000000 0.000000
vt 0.000000 0.000000
vt 0.000000 0.000000
vt 0.000000 0.000000
vt 0.000000 0.000000
vt 0.000000 0.000000
vt 0.000000 0.000000
vt 0.000000 0.000000
vt 0.000000 0.000000
vt 0.000000 0.000000
vt 0.000000 0.000000
vt 0.000000 0.000000
vt 0.000000 0.000000
vt 0.000000 0.000000
vt 0.000000 0.000000
vt 0.000000 0.000000
vt 0.000000 0.000000
vt 0.000000 0.000000
vt 0.000000 0.000000
vt 0.000000 0.000000
vt 0.000000 0.000000
vt 0.000000 0.000000
vt 0.000000 0.000000
vt 0.000000 0.000000
vt 0.000000 0.000000
vt 0.000000 0.000000
vt 0.000000 0.000000
vt 0.000000 0.000000
vt 0.000000 0.000000
vt 0.000000 0.000000
vt 0.000000 0.000000
vt 0.000000 0.000000
vt 0.000000 0.000000
vt 0.000000 0.000000
vt 0.000000 0.000000
vt 0.000000 0.000000
vt 0.000000 0.000000
vt 0.000000 0.000000
vt 0.000000 0.000000
vt 0.000000 0.000000
vt 0.000000 0.000000
vt 0.000000 0.000000
vt 0.000000 0.000000
vt 0.000000 0.000000
vt 0.000000 0.000000
vt 0.000000 0.000000
vt 0.000000 0.000000
vt 0.000000 0.000000
vt 0.000000 0.000000
vt 0.000000 0.000000
vt 0.000000 0.000000
vt 0.000000 0.000000
vt 0.000000 0.000000
vt 0.000000 0.000000
vt 0.000000 0.000000
vt 0.000000 0.000000
vt 0.000000 0.000000
vt 0.000000 0.000000
vt 0.000000 0.000000
vt 0.000000 0.000000
vt 0.000000 0.000000
vt 0.000000 0.000000
vt 0.000000 0.000000
vt 0.000000 0.000000
vt 0.000000 0.000000
vt 0.000000 0.000000
vt 0.000000 0.000000
vt 0.000000 0.000000
vt 0.000000 0.000000
vt 0.000000 0.000000
vt 0.000000 0.000000
vt 0.000000 0.000000
vt 0.000000 0.000000
vt 0.000000 0.000000
vt 0.000000 0.000000
vt 0.000000 0.000000
vt 0.000000 0.000000
vt 0.000000 0.000000
vt 0.000000 0.000000
vt 0.000000 0.000000
vt 0.000000 0.000000
vt 0.000000 0.000000
vt 0.000000 0.000000
vt 0.000000 0.000000
vt 0.000000 0.000000
vt 0.000000 0.000000
vt 0.000000 0.000000
vt 0.000000 0.000000
vt 0.000000 0.000000
vt 0.000000 0.000000
vt 0.000000 0.000000
vt 0.000000 0.000000
vt 0.000000 0.000000
vt 0.000000 0.000000
vt 0.000000 0.000000
vt 0.000000 0.000000
vt 0.000000 0.000000
vt 0.000000 0.000000
vt 0.000000 0.000000
vt 0.000000 0.000000
vt 0.000000 0.000000
vt 0.000000 0.000000
vt 0.000000 0.000000
vt 0.000000 0.000000
vt 0.000000 0.000000
vt 0.000000 0.000000
vt 0.000000 0.000000
vt 0.000000 0.000000
vt 0.000000 0.000000
vt 0.000000 0.000000
vt 0.000000 0.000000
vt 0.000000 0.000000
vt 0.000000 0.000000
vt 0.000000 0.000000
vt 0.000000 0.000000
vt 0.000000 0.000000
vt 0.000000 0.000000
vt 0.000000 0.000000
vt 0.000000 0.000000
vt 0.000000 0.000000
vt 0.000000 0.000000
vt 0.000000 0.000000
vt 0.000000 0.000000
vt 0.000000 0.000000
vt 0.000000 0.000000
vt 0.000000 0.000000
vt 0.000000 0.000000
vt 0.000000 0.000000
vt 0.000000 0.000000
vt 0.000000 0.000000
vt 0.000000 0.000000
vt 0.000000 0.000000
vt 0.000000 0.000000
vt 0.000000 0.000000
vt 0.000000 0.000000
vt 0.000000 0.000000
vt 0.000000 0.000000
vt 0.000000 0.000000
vt 0.000000 0.000000
vt 0.000000 0.000000
vt 0.000000 0.000000
vt 0.000000 0.000000
vt 0.000000 0.000000
vt 0.000000 0.000000
vt 0.000000 0.000000
vt 0.000000 0.000000
vt 0.000000 0.000000
vt 0.000000 0.000000
vt 0.000000 0.000000
vt 0.000000 0.000000
vt 0.000000 0.000000
vt 0.000000 0.000000
vt 0.000000 0.000000
vt 0.000000 0.000000
vt 0.000000 0.000000
vt 0.000000 0.000000
vt 0.000000 0.000000
vt 0.000000 0.000000
vt 0.000000 0.000000
vt 0.000000 0.000000
vt 0.000000 0.000000
vt 0.000000 0.000000
vt 0.000000 0.000000
vt 0.000000 0.000000
vt 0.000000 0.000000
vt 0.000000 0.000000
vt 0.000000 0.000000
vt 0.000000 0.000000
vt 0.000000 0.000000
vt 0.000000 0.000000
vt 0.000000 0.000000
vt 0.000000 0.000000
vt 0.000000 0.000000
vt 0.000000 0.000000
vt 0.000000 0.000000
vt 0.000000 0.000000
vt 0.000000 0.000000
vt 0.000000 0.000000
vt 0.000000 0.000000
vt 0.000000 0.000000
vt 0.000000 0.000000
vt 0.000000 0.000000
vt 0.000000 0.000000
vt 0.000000 0.000000
vt 0.000000 0.000000
vt 0.000000 0.000000
vt 0.000000 0.000000
vt 0.000000 0.000000
vt 0.000000 0.000000
vt 0.000000 0.000000
vt 0.000000 0.000000
vt 0.000000 0.000000
vt 0.000000 0.000000
vt 0.000000 0.000000
vt 0.000000 0.000000
vt 0.000000 0.000000
vt 0.000000 0.000000
vt 0.000000 0.000000
vt 0.000000 0.000000
vt 0.000000 0.000000
vt 0.000000 0.000000
vt 0.000000 0.000000
vt 0.000000 0.000000
vt 0.000000 0.000000
vt 0.000000 0.000000
vt 0.000000 0.000000
vt 0.000000 0.000000
vt 0.000000 0.000000
vt 0.000000 0.000000
vt 0.000000 0.000000
vt 0.000000 0.000000
vt 0.000000 0.000000
vt 0.000000 0.000000
vt 0.000000 0.000000
vt 0.000000 0.000000
vt 0.000000 0.000000
vt 0.000000 0.000000
vt 0.000000 0.000000
vt 0.000000 0.000000
vt 0.000000 0.000000
vt 0.000000 0.000000
vt 0.000000 0.000000
vt 0.000000 0.000000
vt 0.000000 0.000000
vt 0.000000 0.000000
vt 0.000000 0.000000
vt 0.000000 0.000000
vt 0.000000 0.000000
vt 0.000000 0.000000
vt 0.000000 0.000000
vt 0.000000 0.000000
vt 0.000000 0.000000
vt 0.000000 0.000000
vt 0.000000 0.000000
vt 0.000000 0.000000
vt 0.000000 0.000000
vt 0.000000 0.000000
vt 0.000000 0.000000
vt 0.000000 0.000000
vt 0.000000 0.000000
vt 0.000000 0.000000
vt 0.000000 0.000000
vt 0.000000 0.000000
vt 0.000000 0.000000
vt 0.000000 0.000000
vt 0.000000 0.000000
vt 0.000000 0.000000
vt 0.000000 0.000000
vt 0.000000 0.000000
vt 0.000000 0.000000
vt 0.000000 0.000000
vt 0.000000 0.000000
vt 0.000000 0.000000
vt 0.000000 0.000000
vt 0.000000 0.000000
vt 0.000000 0.000000
vt 0.000000 0.000000
vt 0.000000 0.000000
vt 0.000000 0.000000
vt 0.000000 0.000000
vt 0.000000 0.000000
vt 0.000000 0.000000
vt 0.000000 0.000000
vt 0.000000 0.000000
vt 0.000000 0.000000
vt 0.000000 0.000000
vt 0.000000 0.000000
vt 0.000000 0.000000
vt 0.000000 0.000000
vt 0.000000 0.000000
vt 0.000000 0.000000
vt 0.000000 0.000000
vt 0.000000 0.000000
vt 0.000000 0.000000
vt 0.000000 0.000000
vt 0.000000 0.000000
vt 0.000000 0.000000
vt 0.000000 0.000000
vt 0.000000 0.000000
vt 0.000000 0.000000
vt 0.000000 0.000000
vt 0.000000 0.000000
vt 0.000000 0.000000
vt 0.000000 0.000000
vt 0.000000 0.000000
vt 0.000000 0.000000
vt 0.000000 0.000000
vt 0.000000 0.000000
vt 0.000000 0.000000
vt 0.000000 0.000000
vt 0.000000 0.000000
vt 0.000000 0.000000
vt 0.000000 0.000000
vt 0.000000 0.000000
vt 0.000000 0.000000
vt 0.000000 0.000000
vt 0.000000 0.000000
vt 0.000000 0.000000
vt 0.000000 0.000000
vt 0.000000 0.000000
vt 0.000000 0.000000
vt 0.000000 0.000000
vt 0.000000 0.000000
vt 0.000000 0.000000
vt 0.000000 0.000000
vt 0.000000 0.000000
vt 0.000000 0.000000
vt 0.000000 0.000000
vt 0.000000 0.000000
vt 0.000000 0.000000
vt 0.000000 0.000000
vt 0.000000 0.000000
vt 0.000000 0.000000
vt 0.000000 0.000000
vt 0.000000 0.000000
vt 0.000000 0.000000
vt 0.000000 0.000000
vt 0.000000 0.000000
vt 0.000000 0.000000
vt 0.000000 0.000000
vt 0.000000 0.000000
vt 0.000000 0.000000
vt 0.000000 0.000000
vt 0.000000 0.000000
vt 0.000000 0.000000
vt 0.000000 0.000000
vt 0.000000 0.000000
vt 0.000000 0.000000
vt 0.000000 0.000000
vt 0.000000 0.000000
vt 0.000000 0.000000
vt 0.000000 0.000000
vt 0.000000 0.000000
vt 0.000000 0.000000
vt 0.000000 0.000000
vt 0.000000 0.000000
vt 0.000000 0.000000
vt 0.000000 0.000000
vt 0.000000 0.000000
vt 0.000000 0.000000
vt 0.000000 0.000000
vt 0.000000 0.000000
vt 0.000000 0.000000
vt 0.000000 0.000000
vt 0.000000 0.000000
vt 0.000000 0.000000
vt 0.000000 0.000000
vt 0.000000 0.000000
vt 0.000000 0.000000
vt 0.000000 0.000000
vt 0.000000 0.000000
vt 0.000000 0.000000
vt 0.000000 0.000000
vt 0.000000 0.000000
vt 0.000000 0.000000
vt 0.000000 0.000000
vt 0.000000 0.000000
vt 0.000000 0.000000
vt 0.000000 0.000000
vt 0.000000 0.000000
vt 0.000000 0.000000
vt 0.000000 0.000000
vt 0.000000 0.000000
vt 0.000000 0.000000
vt 0.000000 0.000000
vt 0.000000 0.000000
vt 0.000000 0.000000
vt 0.000000 0.000000
vt 0.000000 0.000000
vt 0.000000 0.000000
vt 0.000000 0.000000
vt 0.000000 0.000000
vt 0.000000 0.000000
vt 0.000000 0.000000
vt 0.000000 0.000000
vt 0.000000 0.000000
vt 0.000000 0.000000
vt 0.000000 0.000000
vt 0.000000 0.000000
vt 0.000000 0.000000
vt 0.000000 0.000000
vt 0.000000 0.000000
vt 0.000000 0.000000
vt 0.000000 0.000000
vt 0.000000 0.000000
vt 0.000000 0.000000
vt 0.000000 0.000000
vt 0.000000 0.000000
vt 0.000000 0.000000
vt 0.000000 0.000000
vt 0.000000 0.000000
vt 0.000000 0.000000
vt 0.000000 0.000000
vt 0.000000 0.000000
vt 0.000000 0.000000
vt 0.000000 0.000000
vt 0.000000 0.000000
vt 0.000000 0.000000
vt 0.000000 0.000000
vt 0.000000 0.000000
vt 0.000000 0.000000
vt 0.000000 0.000000
vt 0.000000 0.000000
vt 0.000000 0.000000
vt 0.000000 0.000000
vt 0.000000 0.000000
vt 0.000000 0.000000
vt 0.000000 0.000000
vt 0.000000 0.000000
vt 0.000000 0.000000
vt 0.000000 0.000000
vt 0.000000 0.000000
vt 0.000000 0.000000
vt 0.000000 0.000000
vt 0.000000 0.000000
vt 0.000000 0.000000
vt 0.000000 0.000000
vt 0.000000 0.000000
vt 0.000000 0.000000
vt 0.000000 0.000000
vt 0.000000 0.000000
vt 0.000000 0.000000
vt 0.000000 0.000000
vt 0.000000 0.000000
vt 0.000000 0.000000
vt 0.000000 0.000000
vt 0.000000 0.000000
vt 0.000000 0.000000
vt 0.000000 0.000000
vt 0.000000 0.000000
vt 0.000000 0.000000
vt 0.000000 0.000000
vt 0.000000 0.000000
vt 0.000000 0.000000
vt 0.000000 0.000000
vt 0.000000 0.000000
vt 0.000000 0.000000
vt 0.000000 0.000000
vt 0.000000 0.000000
vt 0.000000 0.000000
vt 0.000000 0.000000
vt 0.000000 0.000000
vt 0.000000 0.000000
vt 0.000000 0.000000
vt 0.000000 0.000000
vt 0.000000 0.000000
vt 0.000000 0.000000
vt 0.000000 0.000000
vt 0.000000 0.000000
vt 0.000000 0.000000
vt 0.000000 0.000000
vt 0.000000 0.000000
vt 0.000000 0.000000
vt 0.000000 0.000000
vt 0.000000 0.000000
vt 0.000000 0.000000
vt 0.000000 0.000000
vt 0.000000 0.000000
vt 0.000000 0.000000
vt 0.000000 0.000000
vt 0.000000 0.000000
vt 0.000000 0.000000
vt 0.000000 0.000000
vt 0.000000 0.000000
vt 0.000000 0.000000
vt 0.000000 0.000000
vt 0.000000 0.000000
vt 0.000000 0.000000
vt 0.000000 0.000000
vt 0.000000 0.000000
vt 0.000000 0.000000
vt 0.000000 0.000000
vt 0.000000 0.000000
vt 0.000000 0.000000
vt 0.000000 0.000000
vt 0.000000 0.000000
vt 0.000000 0.000000
vt 0.000000 0.000000
vt 0.000000 0.000000
vt 0.000000 0.000000
vt 0.000000 0.000000
vt 0.000000 0.000000
vt 0.000000 0.000000
vt 0.000000 0.000000
vt 0.000000 0.000000
vt 0.000000 0.000000
vt 0.000000 0.000000
vt 0.000000 0.000000
vt 0.000000 0.000000
vt 0.000000 0.000000
vt 0.000000 0.000000
vt 0.000000 0.000000
vt 0.000000 0.000000
vt 0.000000 0.000000
vt 0.000000 0.000000
vt 0.000000 0.000000
vt 0.000000 0.000000
vt 0.000000 0.000000
vt 0.000000 0.000000
vt 0.000000 0.000000
vt 0.000000 0.000000
vt 0.000000 0.000000
vt 0.000000 0.000000
vt 0.000000 0.000000
vt 0.000000 0.000000
vt 0.000000 0.000000
vt 0.000000 0.000000
vt 0.000000 0.000000
vt 0.000000 0.000000
vt 0.000000 0.000000
vt 0.000000 0.000000
vt 0.000000 0.000000
vt 0.000000 0.000000
vt 0.000000 0.000000
vt 0.000000 0.000000
vt 0.000000 0.000000
vt 0.000000 0.000000
vt 0.000000 0.000000
vt 0.000000 0.000000
vt 0.000000 0.000000
vt 0.000000 0.000000
vt 0.000000 0.000000
vt 0.000000 0.000000
vt 0.000000 0.000000
vt 0.000000 0.000000
vt 0.000000 0.000000
vt 0.000000 0.000000
vt 0.000000 0.000000
vt 0.000000 0.000000
vt 0.000000 0.000000
vt 0.000000 0.000000
vt 0.000000 0.000000
vt 0.000000 0.000000
vt 0.000000 0.000000
vt 0.000000 0.000000
vt 0.000000 0.000000
vt 0.000000 0.000000
vt 0.000000 0.000000
vt 0.000000 0.000000
vt 0.000000 0.000000
vt 0.000000 0.000000
vt 0.000000 0.000000
vt 0.000000 0.000000
vt 0.000000 0.000000
vt 0.000000 0.000000
vt 0.000000 0.000000
vt 0.000000 0.000000
vt 0.000000 0.000000
vt 0.000000 0.000000
vt 0.000000 0.000000
vt 0.000000 0.000000
vt 0.000000 0.000000
vt 0.000000 0.000000
vt 0.000000 0.000000
vt 0.000000 0.000000
vt 0.000000 0.000000
vt 0.000000 0.000000
vt 0.000000 0.000000
vt 0.000000 0.000000
vt 0.000000 0.000000
vt 0.000000 0.000000
vt 0.000000 0.000000
vt 0.000000 0.000000
vt 0.000000 0.000000
vt 0.000000 0.000000
vt 0.000000 0.000000
vt 0.000000 0.000000
vt 0.000000 0.000000
vt 0.000000 0.000000
vt 0.000000 0.000000
vt 0.000000 0.000000
vt 0.000000 0.000000
vt 0.000000 0.000000
vt 0.000000 0.000000
vt 0.000000 0.000000
vt 0.000000 0.000000
vt 0.000000 0.000000
vt 0.000000 0.000000
vt 0.000000 0.000000
vt 0.000000 0.000000
vt 0.000000 0.000000
vt 0.000000 0.000000
vt 0.000000 0.000000
vt 0.000000 0.000000
vt 0.000000 0.000000
vt 0.000000 0.000000
vt 0.000000 0.000000
vt 0.000000 0.000000
vt 0.000000 0.000000
vt 0.000000 0.000000
vt 0.000000 0.000000
vt 0.000000 0.000000
vt 0.000000 0.000000
vt 0.000000 0.000000
vt 0.000000 0.000000
vt 0.000000 0.000000
vt 0.000000 0.000000
vt 0.000000 0.000000
vt 0.000000 0.000000
vt 0.000000 0.000000
vt 0.000000 0.000000
vt 0.000000 0.000000
vt 0.000000 0.000000
vt 0.000000 0.000000
vt 0.000000 0.000000
vt 0.000000 0.000000
vt 0.000000 0.000000
vt 0.000000 0.000000
vt 0.000000 0.000000
vt 0.000000 0.000000
vt 0.000000 0.000000
vt 0.000000 0.000000
vt 0.000000 0.000000
vt 0.000000 0.000000
vt 0.000000 0.000000
vt 0.000000 0.000000
vt 0.000000 0.000000
vt 0.000000 0.000000
vt 0.000000 0.000000
vt 0.000000 0.000000
vt 0.000000 0.000000
vt 0.000000 0.000000
vt 0.000000 0.000000
vt 0.000000 0.000000
vt 0.000000 0.000000
vt 0.000000 0.000000
vt 0.000000 0.000000
vt 0.000000 0.000000
vt 0.000000 0.000000
vt 0.000000 0.000000
vt 0.000000 0.000000
vt 0.000000 0.000000
vt 0.000000 0.000000
vt 0.000000 0.000000
vt 0.000000 0.000000
vt 0.000000 0.000000
vt 0.000000 0.000000
vt 0.000000 0.000000
vt 0.000000 0.000000
vt 0.000000 0.000000
vt 0.000000 0.000000
vt 0.000000 0.000000
vt 0.000000 0.000000
vt 0.000000 0.000000
vt 0.000000 0.000000
vt 0.000000 0.000000
vt 0.000000 0.000000
vt 0.000000 0.000000
vt 0.000000 0.000000
vt 0.000000 0.000000
vt 0.000000 0.000000
vt 0.000000 0.000000
vt 0.000000 0.000000
vt 0.000000 0.000000
vt 0.000000 0.000000
vt 0.000000 0.000000
vt 0.000000 0.000000
vt 0.000000 0.000000
vt 0.000000 0.000000
vt 0.000000 0.000000
vt 0.000000 0.000000
vt 0.000000 0.000000
vt 0.000000 0.000000
vt 0.000000 0.000000
vt 0.000000 0.000000
vt 0.000000 0.000000
vt 0.000000 0.000000
vt 0.000000 0.000000
vt 0.000000 0.000000
vt 0.000000 0.000000
vt 0.000000 0.000000
vt 0.000000 0.000000
vt 0.000000 0.000000
vt 0.000000 0.000000
vt 0.000000 0.000000
vt 0.000000 0.000000
vt 0.000000 0.000000
vt 0.000000 0.000000
vt 0.000000 0.000000
vt 0.000000 0.000000
vt 0.000000 0.000000
vt 0.000000 0.000000
vt 0.000000 0.000000
vt 0.000000 0.000000
vt 0.000000 0.000000
vt 0.000000 0.000000
vt 0.000000 0.000000
vt 0.000000 0.000000
vt 0.000000 0.000000
vt 0.000000 0.000000
vt 0.000000 0.000000
vt 0.000000 0.000000
vt 0.000000 0.000000
vt 0.000000 0.000000
vt 0.000000 0.000000
vt 0.000000 0.000000
vt 0.000000 0.000000
vt 0.000000 0.000000
vt 0.000000 0.000000
vt 0.000000 0.000000
vt 0.000000 0.000000
vt 0.000000 0.000000
vt 0.000000 0.000000
vt 0.000000 0.000000
vt 0.000000 0.000000
vt 0.000000 0.000000
vt 0.000000 0.000000
vt 0.000000 0.000000
vt 0.000000 0.000000
vt 0.000000 0.000000
vt 0.000000 0.000000
vt 0.000000 0.000000
vt 0.000000 0.000000
vt 0.000000 0.000000
vt 0.000000 0.000000
vt 0.000000 0.000000
vt 0.000000 0.000000
vt 0.000000 0.000000
vt 0.000000 0.000000
vt 0.000000 0.000000
vt 0.000000 0.000000
vt 0.000000 0.000000
vt 0.000000 0.000000
vt 0.000000 0.000000
vt 0.000000 0.000000
vt 0.000000 0.000000
vt 0.000000 0.000000
vt 0.000000 0.000000
vt 0.000000 0.000000
vt 0.000000 0.000000
vt 0.000000 0.000000
vt 0.000000 0.000000
vt 0.000000 0.000000
vt 0.000000 0.000000
vt 0.000000 0.000000
vt 0.000000 0.000000
vt 0.000000 0.000000
vt 0.000000 0.000000
vt 0.000000 0.000000
vt 0.000000 0.000000
vt 0.000000 0.000000
vt 0.000000 0.000000
vt 0.000000 0.000000
vt 0.000000 0.000000
vt 0.000000 0.000000
vt 0.000000 0.000000
vt 0.000000 0.000000
vt 0.000000 0.000000
vt 0.000000 0.000000
vt 0.000000 0.000000
vt 0.000000 0.000000
vt 0.000000 0.000000
vt 0.000000 0.000000
vt 0.000000 0.000000
vt 0.000000 0.000000
vt 0.000000 0.000000
vt 0.000000 0.000000
vt 0.000000 0.000000
vt 0.000000 0.000000
vt 0.000000 0.000000
vt 0.000000 0.000000
vt 0.000000 0.000000
vt 0.000000 0.000000
vt 0.000000 0.000000
vt 0.000000 0.000000
vt 0.000000 0.000000
vt 0.000000 0.000000
vt 0.000000 0.000000
vt 0.000000 0.000000
vt 0.000000 0.000000
vt 0.000000 0.000000
vt 0.000000 0.000000
vt 0.000000 0.000000
vt 0.000000 0.000000
vt 0.000000 0.000000
vt 0.000000 0.000000
vt 0.000000 0.000000
vt 0.000000 0.000000
vt 0.000000 0.000000
vt 0.000000 0.000000
vt 0.000000 0.000000
vt 0.000000 0.000000
vt 0.000000 0.000000
vt 0.000000 0.000000
vt 0.000000 0.000000
vt 0.000000 0.000000
vt 0.000000 0.000000
vt 0.000000 0.000000
vt 0.000000 0.000000
vt 0.000000 0.000000
vt 0.000000 0.000000
vt 0.000000 0.000000
vt 0.000000 0.000000
vt 0.000000 0.000000
vt 0.000000 0.000000
vt 0.000000 0.000000
vt 0.000000 0.000000
vt 0.000000 0.000000
vt 0.000000 0.000000
vt 0.000000 0.000000
vt 0.000000 0.000000
vt 0.000000 0.000000
vt 0.000000 0.000000
vt 0.000000 0.000000
vt 0.000000 0.000000
vt 0.000000 0.000000
vt 0.000000 0.000000
vt 0.000000 0.000000
vt 0.000000 0.000000
vt 0.000000 0.000000
vt 0.000000 0.000000
vt 0.000000 0.000000
vt 0.000000 0.000000
vt 0.000000 0.000000
vt 0.000000 0.000000
vt 0.000000 0.000000
vt 0.000000 0.000000
vt 0.000000 0.000000
vt 0.000000 0.000000
vt 0.000000 0.000000
vt 0.000000 0.000000
vt 0.000000 0.000000
vt 0.000000 0.000000
vt 0.000000 0.000000
vt 0.000000 0.000000
vt 0.000000 0.000000
vt 0.000000 0.000000
vt 0.000000 0.000000
vt 0.000000 0.000000
vt 0.000000 0.000000
vt 0.000000 0.000000
vt 0.000000 0.000000
vt 0.000000 0.000000
vt 0.000000 0.000000
vt 0.000000 0.000000
vt 0.000000 0.000000
vt 0.000000 0.000000
vt 0.000000 0.000000
vt 0.000000 0.000000
vt 0.000000 0.000000
vt 0.000000 0.000000
vt 0.000000 0.000000
vt 0.000000 0.000000
vt 0.000000 0.000000
vt 0.000000 0.000000
vt 0.000000 0.000000
vt 0.000000 0.000000
vt 0.000000 0.000000
vt 0.000000 0.000000
vt 0.000000 0.000000
vt 0.000000 0.000000
vt 0.000000 0.000000
vt 0.000000 0.000000
vt 0.000000 0.000000
vt 0.000000 0.000000
vt 0.000000 0.000000
vt 0.000000 0.000000
vt 0.000000 0.000000
vt 0.000000 0.000000
vt 0.000000 0.000000
vt 0.000000 0.000000
vt 0.000000 0.000000
vt 0.000000 0.000000
vt 0.000000 0.000000
vt 0.000000 0.000000
vt 0.000000 0.000000
vt 0.000000 0.000000
vt 0.000000 0.000000
vt 0.000000 0.000000
vt 0.000000 0.000000
vt 0.000000 0.000000
vt 0.000000 0.000000
vt 0.000000 0.000000
vt 0.000000 0.000000
vt 0.000000 0.000000
vt 0.000000 0.000000
vt 0.000000 0.000000
vt 0.000000 0.000000
vt 0.000000 0.000000
vt 0.000000 0.000000
vt 0.000000 0.000000
vt 0.000000 0.000000
vt 0.000000 0.000000
vt 0.000000 0.000000
vt 0.000000 0.000000
vt 0.000000 0.000000
vt 0.000000 0.000000
vt 0.000000 0.000000
vt 0.000000 0.000000
vt 0.000000 0.000000
vt 0.000000 0.000000
vt 0.000000 0.000000
vt 0.000000 0.000000
vt 0.000000 0.000000
vt 0.000000 0.000000
vt 0.000000 0.000000
vt 0.000000 0.000000
vt 0.000000 0.000000
vt 0.000000 0.000000
vt 0.000000 0.000000
vt 0.000000 0.000000
vt 0.000000 0.000000
vt 0.000000 0.000000
vt 0.000000 0.000000
vt 0.000000 0.000000
vt 0.000000 0.000000
vt 0.000000 0.000000
vt 0.000000 0.000000
vt 0.000000 0.000000
vt 0.000000 0.000000
vt 0.000000 0.000000
vt 0.000000 0.000000
vt 0.000000 0.000000
vt 0.000000 0.000000
vt 0.000000 0.000000
vt 0.000000 0.000000
vt 0.000000 0.000000
vt 0.000000 0.000000
vt 0.000000 0.000000
vt 0.000000 0.000000
vt 0.000000 0.000000
vt 0.000000 0.000000
vt 0.000000 0.000000
vt 0.000000 0.000000
vt 0.000000 0.000000
vt 0.000000 0.000000
vt 0.000000 0.000000
vt 0.000000 0.000000
vt 0.000000 0.000000
vt 0.000000 0.000000
vt 0.000000 0.000000
vt 0.000000 0.000000
vt 0.000000 0.000000
vt 0.000000 0.000000
vt 0.000000 0.000000
vt 0.000000 0.000000
vt 0.000000 0.000000
vt 0.000000 0.000000
vt 0.000000 0.000000
vt 0.000000 0.000000
vt 0.000000 0.000000
vt 0.000000 0.000000
vt 0.000000 0.000000
vt 0.000000 0.000000
vt 0.000000 0.000000
vt 0.000000 0.000000
vt 0.000000 0.000000
vt 0.000000 0.000000
vt 0.000000 0.000000
vt 0.000000 0.000000
vt 0.000000 0.000000
vt 0.000000 0.000000
vt 0.000000 0.000000
vt 0.000000 0.000000
vt 0.000000 0.000000
vt 0.000000 0.000000
vt 0.000000 0.000000
vt 0.000000 0.000000
vt 0.000000 0.000000
vt 0.000000 0.000000
vt 0.000000 0.000000
vt 0.000000 0.000000
vt 0.000000 0.000000
vt 0.000000 0.000000
vt 0.000000 0.000000
vt 0.000000 0.000000
vt 0.000000 0.000000
vt 0.000000 0.000000
vt 0.000000 0.000000
vt 0.000000 0.000000
vt 0.000000 0.000000
vt 0.000000 0.000000
vt 0.000000 0.000000
vt 0.000000 0.000000
vt 0.000000 0.000000
vt 0.000000 0.000000
vt 0.000000 0.000000
vt 0.000000 0.000000
vt 0.000000 0.000000
vt 0.000000 0.000000
vt 0.000000 0.000000
vt 0.000000 0.000000
vt 0.000000 0.000000
vt 0.000000 0.000000
vt 0.000000 0.000000
vt 0.000000 0.000000
vt 0.000000 0.000000
vt 0.000000 0.000000
vt 0.000000 0.000000
vt 0.000000 0.000000
vt 0.000000 0.000000
vt 0.000000 0.000000
vt 0.000000 0.000000
vt 0.000000 0.000000
vt 0.000000 0.000000
vt 0.000000 0.000000
vt 0.000000 0.000000
vt 0.000000 0.000000
vt 0.000000 0.000000
vt 0.000000 0.000000
vt 0.000000 0.000000
vt 0.000000 0.000000
vt 0.000000 0.000000
vt 0.000000 0.000000
vt 0.000000 0.000000
vt 0.000000 0.000000
vt 0.000000 0.000000
vt 0.000000 0.000000
vt 0.000000 0.000000
vt 0.000000 0.000000
vt 0.000000 0.000000
vt 0.000000 0.000000
vt 0.000000 0.000000
vt 0.000000 0.000000
vt 0.000000 0.000000
vt 0.000000 0.000000
vt 0.000000 0.000000
vt 0.000000 0.000000
vt 0.000000 0.000000
vt 0.000000 0.000000
vt 0.000000 0.000000
vt 0.000000 0.000000
vt 0.000000 0.000000
vt 0.000000 0.000000
vt 0.000000 0.000000
vt 0.000000 0.000000
vt 0.000000 0.000000
vt 0.000000 0.000000
vt 0.000000 0.000000
vt 0.000000 0.000000
vt 0.000000 0.000000
vt 0.000000 0.000000
vt 0.000000 0.000000
vt 0.000000 0.000000
vt 0.000000 0.000000
vt 0.000000 0.000000
vt 0.000000 0.000000
vt 0.000000 0.000000
vt 0.000000 0.000000
vt 0.000000 0.000000
vt 0.000000 0.000000
vt 0.000000 0.000000
vt 0.000000 0.000000
vt 0.000000 0.000000
vt 0.000000 0.000000
vt 0.000000 0.000000
vt 0.000000 0.000000
vt 0.000000 0.000000
vt 0.000000 0.000000
vt 0.000000 0.000000
vt 0.000000 0.000000
vt 0.000000 0.000000
vt 0.000000 0.000000
vt 0.000000 0.000000
vt 0.000000 0.000000
vt 0.000000 0.000000
vt 0.000000 0.000000
vt 0.000000 0.000000
vt 0.000000 0.000000
vt 0.000000 0.000000
vt 0.000000 0.000000
vt 0.000000 0.000000
vt 0.000000 0.000000
vt 0.000000 0.000000
vt 0.000000 0.000000
vt 0.000000 0.000000
vt 0.000000 0.000000
vt 0.000000 0.000000
vt 0.000000 0.000000
vt 0.000000 0.000000
vt 0.000000 0.000000
vt 0.000000 0.000000
vt 0.000000 0.000000
vt 0.000000 0.000000
vt 0.000000 0.000000
vt 0.000000 0.000000
vt 0.000000 0.000000
vt 0.000000 0.000000
vt 0.000000 0.000000
vt 0.000000 0.000000
vt 0.000000 0.000000
vt 0.000000 0.000000
vt 0.000000 0.000000
vt 0.000000 0.000000
vt 0.000000 0.000000
vt 0.000000 0.000000
vt 0.000000 0.000000
vt 0.000000 0.000000
vt 0.000000 0.000000
vt 0.000000 0.000000
vt 0.000000 0.000000
vt 0.000000 0.000000
vt 0.000000 0.000000
vt 0.000000 0.000000
vt 0.000000 0.000000
vt 0.000000 0.000000
vt 0.000000 0.000000
vt 0.000000 0.000000
vt 0.000000 0.000000
vt 0.000000 0.000000
vt 0.000000 0.000000
vt 0.000000 0.000000
vt 0.000000 0.000000
vt 0.000000 0.000000
vt 0.000000 0.000000
vt 0.000000 0.000000
vt 0.000000 0.000000
vt 0.000000 0.000000
vt 0.000000 0.000000
vt 0.000000 0.000000
vt 0.000000 0.000000
vt 0.000000 0.000000
vt 0.000000 0.000000
vt 0.000000 0.000000
vt 0.000000 0.000000
vt 0.000000 0.000000
vt 0.000000 0.000000
vt 0.000000 0.000000
vt 0.000000 0.000000
vt 0.000000 0.000000
vt 0.000000 0.000000
vt 0.000000 0.000000
vt 0.000000 0.000000
vt 0.000000 0.000000
vt 0.000000 0.000000
vt 0.000000 0.000000
vt 0.000000 0.000000
vt 0.000000 0.000000
vt 0.000000 0.000000
vt 0.000000 0.000000
vt 0.000000 0.000000
vt 0.000000 0.000000
vt 0.000000 0.000000
vt 0.000000 0.000000
vt 0.000000 0.000000
vt 0.000000 0.000000
vt 0.000000 0.000000
vt 0.000000 0.000000
vt 0.000000 0.000000
vt 0.000000 0.000000
vt 0.000000 0.000000
vt 0.000000 0.000000
vt 0.000000 0.000000
vt 0.000000 0.000000
vt 0.000000 0.000000
vt 0.000000 0.000000
vt 0.000000 0.000000
vt 0.000000 0.000000
vt 0.000000 0.000000
vt 0.000000 0.000000
vt 0.000000 0.000000
vt 0.000000 0.000000
vt 0.000000 0.000000
vt 0.000000 0.000000
vt 0.000000 0.000000
vt 0.000000 0.000000
vt 0.000000 0.000000
vt 0.000000 0.000000
vt 0.000000 0.000000
vt 0.000000 0.000000
vt 0.000000 0.000000
vt 0.000000 0.000000
vt 0.000000 0.000000
vt 0.000000 0.000000
vt 0.000000 0.000000
vt 0.000000 0.000000
vt 0.000000 0.000000
vt 0.000000 0.000000
vt 0.000000 0.000000
vt 0.000000 0.000000
vt 0.000000 0.000000
vt 0.000000 0.000000
vt 0.000000 0.000000
vt 0.000000 0.000000
vt 0.000000 0.000000
vt 0.000000 0.000000
vt 0.000000 0.000000
vt 0.000000 0.000000
vt 0.000000 0.000000
vt 0.000000 0.000000
vt 0.000000 0.000000
vt 0.000000 0.000000
vt 0.000000 0.000000
vt 0.000000 0.000000
vt 0.000000 0.000000
vt 0.000000 0.000000
vt 0.000000 0.000000
vt 0.000000 0.000000
vt 0.000000 0.000000
vt 0.000000 0.000000
vt 0.000000 0.000000
vt 0.000000 0.000000
vt 0.000000 0.000000
vt 0.000000 0.000000
vt 0.000000 0.000000
vt 0.000000 0.000000
vt 0.000000 0.000000
vt 0.000000 0.000000
vt 0.000000 0.000000
vt 0.000000 0.000000
vt 0.000000 0.000000
vt 0.000000 0.000000
vt 0.000000 0.000000
vt 0.000000 0.000000
vt 0.000000 0.000000
vt 0.000000 0.000000
vt 0.000000 0.000000
vt 0.000000 0.000000
vt 0.000000 0.000000
vt 0.000000 0.000000
vt 0.000000 0.000000
vt 0.000000 0.000000
vt 0.000000 0.000000
vt 0.000000 0.000000
vt 0.000000 0.000000
vt 0.000000 0.000000
vt 0.000000 0.000000
vt 0.000000 0.000000
vt 0.000000 0.000000
vt 0.000000 0.000000
vt 0.000000 0.000000
vt 0.000000 0.000000
vt 0.000000 0.000000
vt 0.000000 0.000000
vt 0.000000 0.000000
vt 0.000000 0.000000
vt 0.000000 0.000000
vt 0.000000 0.000000
vt 0.000000 0.000000
vt 0.000000 0.000000
vt 0.000000 0.000000
vt 0.000000 0.000000
vt 0.000000 0.000000
vt 0.000000 0.000000
vt 0.000000 0.000000
vt 0.000000 0.000000
vt 0.000000 0.000000
vt 0.000000 0.000000
vt 0.000000 0.000000
vt 0.000000 0.000000
vt 0.000000 0.000000
vt 0.000000 0.000000
vt 0.000000 0.000000
vt 0.000000 0.000000
vt 0.000000 0.000000
vt 0.000000 0.000000
vt 0.000000 0.000000
vt 0.000000 0.000000
vt 0.000000 0.000000
vt 0.000000 0.000000
vt 0.000000 0.000000
vt 0.000000 0.000000
vt 0.000000 0.000000
vt 0.000000 0.000000
vt 0.000000 0.000000
vt 0.000000 0.000000
vt 0.000000 0.000000
vt 0.000000 0.000000
vt 0.000000 0.000000
vt 0.000000 0.000000
vt 0.000000 0.000000
vt 0.000000 0.000000
vt 0.000000 0.000000
vt 0.000000 0.000000
vt 0.000000 0.000000
vt 0.000000 0.000000
vt 0.000000 0.000000
vt 0.000000 0.000000
vt 0.000000 0.000000
vt 0.000000 0.000000
vt 0.000000 0.000000
vt 0.000000 0.000000
vt 0.000000 0.000000
vt 0.000000 0.000000
vt 0.000000 0.000000
vt 0.000000 0.000000
vt 0.000000 0.000000
vt 0.000000 0.000000
vt 0.000000 0.000000
vt 0.000000 0.000000
vt 0.000000 0.000000
vt 0.000000 0.000000
vt 0.000000 0.000000
vt 0.000000 0.000000
vt 0.000000 0.000000
vt 0.000000 0.000000
vt 0.000000 0.000000
vt 0.000000 0.000000
vt 0.000000 0.000000
vt 0.000000 0.000000
vt 0.000000 0.000000
vt 0.000000 0.000000
vt 0.000000 0.000000
vt 0.000000 0.000000
vt 0.000000 0.000000
vt 0.000000 0.000000
vt 0.000000 0.000000
vt 0.000000 0.000000
vt 0.000000 0.000000
vt 0.000000 0.000000
vt 0.000000 0.000000
vt 0.000000 0.000000
vt 0.000000 0.000000
vt 0.000000 0.000000
vt 0.000000 0.000000
vt 0.000000 0.000000
vt 0.000000 0.000000
vt 0.000000 0.000000
vt 0.000000 0.000000
vt 0.000000 0.000000
vt 0.000000 0.000000
vt 0.000000 0.000000
vt 0.000000 0.000000
vt 0.000000 0.000000
vt 0.000000 0.000000
vt 0.000000 0.000000
vt 0.000000 0.000000
vt 0.000000 0.000000
vt 0.000000 0.000000
vt 0.000000 0.000000
vt 0.000000 0.000000
vt 0.000000 0.000000
vt 0.000000 0.000000
vt 0.000000 0.000000
vt 0.000000 0.000000
vt 0.000000 0.000000
vt 0.000000 0.000000
vt 0.000000 0.000000
vt 0.000000 0.000000
vt 0.000000 0.000000
vt 0.000000 0.000000
vt 0.000000 0.000000
vt 0.000000 0.000000
vt 0.000000 0.000000
vt 0.000000 0.000000
vt 0.000000 0.000000
vt 0.000000 0.000000
vt 0.000000 0.000000
vt 0.000000 0.000000
vt 0.000000 0.000000
vt 0.000000 0.000000
vt 0.000000 0.000000
vt 0.000000 0.000000
vt 0.000000 0.000000
vt 0.000000 0.000000
vt 0.000000 0.000000
vt 0.000000 0.000000
vt 0.000000 0.000000
vt 0.000000 0.000000
vt 0.000000 0.000000
vt 0.000000 0.000000
vt 0.000000 0.000000
vt 0.000000 0.000000
vt 0.000000 0.000000
vt 0.000000 0.000000
vt 0.000000 0.000000
vt 0.000000 0.000000
vt 0.000000 0.000000
vt 0.000000 0.000000
vt 0.000000 0.000000
vt 0.000000 0.000000
vt 0.000000 0.000000
vt 0.000000 0.000000
vt 0.000000 0.000000
vt 0.000000 0.000000
vt 0.000000 0.000000
vt 0.000000 0.000000
vt 0.000000 0.000000
vt 0.000000 0.000000
vt 0.000000 0.000000
vt 0.000000 0.000000
vt 0.000000 0.000000
vt 0.000000 0.000000
vt 0.000000 0.000000
vt 0.000000 0.000000
vt 0.000000 0.000000
vt 0.000000 0.000000
vt 0.000000 0.000000
vt 0.000000 0.000000
vt 0.000000 0.000000
vt 0.000000 0.000000
vt 0.000000 0.000000
vt 0.000000 0.000000
vt 0.000000 0.000000
vt 0.000000 0.000000
vt 0.000000 0.000000
vt 0.000000 0.000000
vt 0.000000 0.000000
vt 0.000000 0.000000
vt 0.000000 0.000000
vt 0.000000 0.000000
vt 0.000000 0.000000
vt 0.000000 0.000000
vt 0.000000 0.000000
vt 0.000000 0.000000
vt 0.000000 0.000000
vt 0.000000 0.000000
vt 0.000000 0.000000
vt 0.000000 0.000000
vt 0.000000 0.000000
vt 0.000000 0.000000
vt 0.000000 0.000000
vt 0.000000 0.000000
vt 0.000000 0.000000
vt 0.000000 0.000000
vt 0.000000 0.000000
vt 0.000000 0.000000
vt 0.000000 0.000000
vt 0.000000 0.000000
vt 0.000000 0.000000
vt 0.000000 0.000000
vt 0.000000 0.000000
vt 0.000000 0.000000
vt 0.000000 0.000000
vt 0.000000 0.000000
vt 0.000000 0.000000
vt 0.000000 0.000000
vt 0.000000 0.000000
vt 0.000000 0.000000
vt 0.000000 0.000000
vt 0.000000 0.000000
vt 0.000000 0.000000
vt 0.000000 0.000000
vt 0.000000 0.000000
vt 0.000000 0.000000
vt 0.000000 0.000000
vt 0.000000 0.000000
vt 0.000000 0.000000
vt 0.000000 0.000000
vt 0.000000 0.000000
vt 0.000000 0.000000
vt 0.000000 0.000000
vt 0.000000 0.000000
vt 0.000000 0.000000
vt 0.000000 0.000000
vt 0.000000 0.000000
vt 0.000000 0.000000
vt 0.000000 0.000000
vt 0.000000 0.000000
vt 0.000000 0.000000
vt 0.000000 0.000000
vt 0.000000 0.000000
vt 0.000000 0.000000
vt 0.000000 0.000000
vt 0.000000 0.000000
vt 0.000000 0.000000
vt 0.000000 0.000000
vt 0.000000 0.000000
vt 0.000000 0.000000
vt 0.000000 0.000000
vt 0.000000 0.000000
vt 0.000000 0.000000
vt 0.000000 0.000000
vt 0.000000 0.000000
vt 0.000000 0.000000
vt 0.000000 0.000000
vt 0.000000 0.000000
vt 0.000000 0.000000
vt 0.000000 0.000000
vt 0.000000 0.000000
vt 0.000000 0.000000
vt 0.000000 0.000000
vt 0.000000 0.000000
vt 0.000000 0.000000
vt 0.000000 0.000000
vt 0.000000 0.000000
vt 0.000000 0.000000
vt 0.000000 0.000000
vt 0.000000 0.000000
vt 0.000000 0.000000
vt 0.000000 0.000000
vt 0.000000 0.000000
vt 0.000000 0.000000
vt 0.000000 0.000000
vt 0.000000 0.000000
vt 0.000000 0.000000
vt 0.000000 0.000000
vt 0.000000 0.000000
vt 0.000000 0.000000
vt 0.000000 0.000000
vt 0.000000 0.000000
vt 0.000000 0.000000
vt 0.000000 0.000000
vt 0.000000 0.000000
vt 0.000000 0.000000
vt 0.000000 0.000000
vt 0.000000 0.000000
vt 0.000000 0.000000
vt 0.000000 0.000000
vt 0.000000 0.000000
vt 0.000000 0.000000
vt 0.000000 0.000000
vt 0.000000 0.000000
vt 0.000000 0.000000
vt 0.000000 0.000000
vt 0.000000 0.000000
vt 0.000000 0.000000
vt 0.000000 0.000000
vt 0.000000 0.000000
vt 0.000000 0.000000
vt 0.000000 0.000000
vt 0.000000 0.000000
vt 0.000000 0.000000
vt 0.000000 0.000000
vt 0.000000 0.000000
vt 0.000000 0.000000
vt 0.000000 0.000000
vt 0.000000 0.000000
vt 0.000000 0.000000
vt 0.000000 0.000000
vt 0.000000 0.000000
vt 0.000000 0.000000
vt 0.000000 0.000000
vt 0.000000 0.000000
vt 0.000000 0.000000
vt 0.000000 0.000000
vt 0.000000 0.000000
vt 0.000000 0.000000
vt 0.000000 0.000000
vt 0.000000 0.000000
vt 0.000000 0.000000
vt 0.000000 0.000000
vt 0.000000 0.000000
vt 0.000000 0.000000
vt 0.000000 0.000000
vt 0.000000 0.000000
vt 0.000000 0.000000
vt 0.000000 0.000000
vt 0.000000 0.000000
vt 0.000000 0.000000
vt 0.000000 0.000000
vt 0.000000 0.000000
vt 0.000000 0.000000
vt 0.000000 0.000000
vt 0.000000 0.000000
vt 0.000000 0.000000
vt 0.000000 0.000000
vt 0.000000 0.000000
vt 0.000000 0.000000
vt 0.000000 0.000000
vt 0.000000 0.000000
vt 0.000000 0.000000
vt 0.000000 0.000000
vt 0.000000 0.000000
vt 0.000000 0.000000
vt 0.000000 0.000000
vt 0.000000 0.000000
vt 0.000000 0.000000
vt 0.000000 0.000000
vt 0.000000 0.000000
vt 0.000000 0.000000
vt 0.000000 0.000000
vt 0.000000 0.000000
vt 0.000000 0.000000
vt 0.000000 0.000000
vt 0.000000 0.000000
vt 0.000000 0.000000
vt 0.000000 0.000000
vt 0.000000 0.000000
vt 0.000000 0.000000
vt 0.000000 0.000000
vt 0.000000 0.000000
vt 0.000000 0.000000
vt 0.000000 0.000000
vt 0.000000 0.000000
vt 0.000000 0.000000
vt 0.000000 0.000000
vt 0.000000 0.000000
vt 0.000000 0.000000
vt 0.000000 0.000000
vt 0.000000 0.000000
vt 0.000000 0.000000
vt 0.000000 0.000000
vt 0.000000 0.000000
vt 0.000000 0.000000
vt 0.000000 0.000000
vt 0.000000 0.000000
vt 0.000000 0.000000
vt 0.000000 0.000000
vt 0.000000 0.000000
vt 0.000000 0.000000
vt 0.000000 0.000000
vt 0.000000 0.000000
vt 0.000000 0.000000
vt 0.000000 0.000000
vt 0.000000 0.000000
vt 0.000000 0.000000
vt 0.000000 0.000000
vt 0.000000 0.000000
vt 0.000000 0.000000
vt 0.000000 0.000000
vt 0.000000 0.000000
vt 0.000000 0.000000
vt 0.000000 0.000000
vt 0.000000 0.000000
vt 0.000000 0.000000
vt 0.000000 0.000000
vt 0.000000 0.000000
vt 0.000000 0.000000
vt 0.000000 0.000000
vt 0.000000 0.000000
vt 0.000000 0.000000
vt 0.000000 0.000000
vt 0.000000 0.000000
vt 0.000000 0.000000
vt 0.000000 0.000000
vt 0.000000 0.000000
vt 0.000000 0.000000
vt 0.000000 0.000000
vt 0.000000 0.000000
vt 0.000000 0.000000
vt 0.000000 0.000000
vt 0.000000 0.000000
vt 0.000000 0.000000
vt 0.000000 0.000000
vt 0.000000 0.000000
vt 0.000000 0.000000
vt 0.000000 0.000000
vt 0.000000 0.000000
vt 0.000000 0.000000
vt 0.000000 0.000000
vt 0.000000 0.000000
vt 0.000000 0.000000
vt 0.000000 0.000000
vt 0.000000 0.000000
vt 0.000000 0.000000
vt 0.000000 0.000000
vt 0.000000 0.000000
vt 0.000000 0.000000
vt 0.000000 0.000000
vt 0.000000 0.000000
vt 0.000000 0.000000
vt 0.000000 0.000000
vt 0.000000 0.000000
vt 0.000000 0.000000
vt 0.000000 0.000000
vt 0.000000 0.000000
vt 0.000000 0.000000
vt 0.000000 0.000000
vt 0.000000 0.000000
vt 0.000000 0.000000
vt 0.000000 0.000000
vt 0.000000 0.000000
vt 0.000000 0.000000
vt 0.000000 0.000000
vt 0.000000 0.000000
vt 0.000000 0.000000
vt 0.000000 0.000000
vt 0.000000 0.000000
vt 0.000000 0.000000
vt 0.000000 0.000000
vt 0.000000 0.000000
vt 0.000000 0.000000
vt 0.000000 0.000000
vt 0.000000 0.000000
vt 0.000000 0.000000
vt 0.000000 0.000000
vt 0.000000 0.000000
vt 0.000000 0.000000
vt 0.000000 0.000000
vt 0.000000 0.000000
vt 0.000000 0.000000
vt 0.000000 0.000000
vt 0.000000 0.000000
vt 0.000000 0.000000
vt 0.000000 0.000000
vt 0.000000 0.000000
vt 0.000000 0.000000
vt 0.000000 0.000000
vt 0.000000 0.000000
vt 0.000000 0.000000
vt 0.000000 0.000000
vt 0.000000 0.000000
vt 0.000000 0.000000
vt 0.000000 0.000000
vt 0.000000 0.000000
vt 0.000000 0.000000
vt 0.000000 0.000000
vt 0.000000 0.000000
vt 0.000000 0.000000
vt 0.000000 0.000000
vt 0.000000 0.000000
vt 0.000000 0.000000
vt 0.000000 0.000000
vt 0.000000 0.000000
vt 0.000000 0.000000
vt 0.000000 0.000000
vt 0.000000 0.000000
vt 0.000000 0.000000
vt 0.000000 0.000000
vt 0.000000 0.000000
vt 0.000000 0.000000
vt 0.000000 0.000000
vt 0.000000 0.000000
vt 0.000000 0.000000
vt 0.000000 0.000000
vt 0.000000 0.000000
vt 0.000000 0.000000
vt 0.000000 0.000000
vt 0.000000 0.000000
vt 0.000000 0.000000
vt 0.000000 0.000000
vt 0.000000 0.000000
vt 0.000000 0.000000
vt 0.000000 0.000000
vt 0.000000 0.000000
vt 0.000000 0.000000
vt 0.000000 0.000000
vt 0.000000 0.000000
vt 0.000000 0.000000
vt 0.000000 0.000000
vt 0.000000 0.000000
vt 0.000000 0.000000
vt 0.000000 0.000000
vt 0.000000 0.000000
vt 0.000000 0.000000
vt 0.000000 0.000000
vt 0.000000 0.000000
vt 0.000000 0.000000
vt 0.000000 0.000000
vt 0.000000 0.000000
vt 0.000000 0.000000
vt 0.000000 0.000000
vt 0.000000 0.000000
vt 0.000000 0.000000
vt 0.000000 0.000000
vt 0.000000 0.000000
vt 0.000000 0.000000
vt 0.000000 0.000000
vt 0.000000 0.000000
vt 0.000000 0.000000
vt 0.000000 0.000000
vt 0.000000 0.000000
vt 0.000000 0.000000
vt 0.000000 0.000000
vt 0.000000 0.000000
vt 0.000000 0.000000
vt 0.000000 0.000000
vt 0.000000 0.000000
vt 0.000000 0.000000
vt 0.000000 0.000000
vt 0.000000 0.000000
vt 0.000000 0.000000
vt 0.000000 0.000000
vt 0.000000 0.000000
vt 0.000000 0.000000
vt 0.000000 0.000000
vt 0.000000 0.000000
vt 0.000000 0.000000
vt 0.000000 0.000000
vt 0.000000 0.000000
vt 0.000000 0.000000
vt 0.000000 0.000000
vt 0.000000 0.000000
vt 0.000000 0.000000
vt 0.000000 0.000000
vt 0.000000 0.000000
vt 0.000000 0.000000
vt 0.000000 0.000000
vt 0.000000 0.000000
vt 0.000000 0.000000
vt 0.000000 0.000000
vt 0.000000 0.000000
vt 0.000000 0.000000
vt 0.000000 0.000000
vt 0.000000 0.000000
vt 0.000000 0.000000
vt 0.000000 0.000000
vt 0.000000 0.000000
vt 0.000000 0.000000
vt 0.000000 0.000000
vt 0.000000 0.000000
vt 0.000000 0.000000
vt 0.000000 0.000000
vt 0.000000 0.000000
vt 0.000000 0.000000
vt 0.000000 0.000000
vt 0.000000 0.000000
vt 0.000000 0.000000
vt 0.000000 0.000000
vt 0.000000 0.000000
vt 0.000000 0.000000
vt 0.000000 0.000000
vt 0.000000 0.000000
vt 0.000000 0.000000
vt 0.000000 0.000000
vt 0.000000 0.000000
vt 0.000000 0.000000
vt 0.000000 0.000000
vt 0.000000 0.000000
vt 0.000000 0.000000
vt 0.000000 0.000000
vt 0.000000 0.000000
vt 0.000000 0.000000
vt 0.000000 0.000000
vt 0.000000 0.000000
vt 0.000000 0.000000
vt 0.000000 0.000000
vt 0.000000 0.000000
vt 0.000000 0.000000
vt 0.000000 0.000000
vt 0.000000 0.000000
vt 0.000000 0.000000
vt 0.000000 0.000000
vt 0.000000 0.000000
vt 0.000000 0.000000
vt 0.000000 0.000000
vt 0.000000 0.000000
vt 0.000000 0.000000
vt 0.000000 0.000000
vt 0.000000 0.000000
vt 0.000000 0.000000
vt 0.000000 0.000000
vt 0.000000 0.000000
vt 0.000000 0.000000
vt 0.000000 0.000000
vt 0.000000 0.000000
vt 0.000000 0.000000
vt 0.000000 0.000000
vt 0.000000 0.000000
vt 0.000000 0.000000
vt 0.000000 0.000000
vt 0.000000 0.000000
vt 0.000000 0.000000
vt 0.000000 0.000000
vt 0.000000 0.000000
vt 0.000000 0.000000
vt 0.000000 0.000000
vt 0.000000 0.000000
vt 0.000000 0.000000
vt 0.000000 0.000000
vt 0.000000 0.000000
vt 0.000000 0.000000
vt 0.000000 0.000000
vt 0.000000 0.000000
vt 0.000000 0.000000
vt 0.000000 0.000000
vt 0.000000 0.000000
vt 0.000000 0.000000
vt 0.000000 0.000000
vt 0.000000 0.000000
vt 0.000000 0.000000
vt 0.000000 0.000000
vt 0.000000 0.000000
vt 0.000000 0.000000
vt 0.000000 0.000000
vt 0.000000 0.000000
vt 0.000000 0.000000
vt 0.000000 0.000000
vt 0.000000 0.000000
vt 0.000000 0.000000
vt 0.000000 0.000000
vt 0.000000 0.000000
vt 0.000000 0.000000
vt 0.000000 0.000000
vt 0.000000 0.000000
vt 0.000000 0.000000
vt 0.000000 0.000000
vt 0.000000 0.000000
vt 0.000000 0.000000
vt 0.000000 0.000000
vt 0.000000 0.000000
vt 0.000000 0.000000
vt 0.000000 0.000000
vt 0.000000 0.000000
vt 0.000000 0.000000
vt 0.000000 0.000000
vt 0.000000 0.000000
vt 0.000000 0.000000
vt 0.000000 0.000000
vt 0.000000 0.000000
vt 0.000000 0.000000
vt 0.000000 0.000000
vt 0.000000 0.000000
vt 0.000000 0.000000
vt 0.000000 0.000000
vt 0.000000 0.000000
vt 0.000000 0.000000
vt 0.000000 0.000000
vt 0.000000 0.000000
vt 0.000000 0.000000
vt 0.000000 0.000000
vt 0.000000 0.000000
vt 0.000000 0.000000
vt 0.000000 0.000000
vt 0.000000 0.000000
vt 0.000000 0.000000
vt 0.000000 0.000000
vt 0.000000 0.000000
vt 0.000000 0.000000
vt 0.000000 0.000000
vt 0.000000 0.000000
vt 0.000000 0.000000
vt 0.000000 0.000000
vt 0.000000 0.000000
vt 0.000000 0.000000
vt 0.000000 0.000000
vt 0.000000 0.000000
vt 0.000000 0.000000
vt 0.000000 0.000000
vt 0.000000 0.000000
vt 0.000000 0.000000
vt 0.000000 0.000000
vt 0.000000 0.000000
vt 0.000000 0.000000
vt 0.000000 0.000000
vt 0.000000 0.000000
vt 0.000000 0.000000
vt 0.000000 0.000000
vt 0.000000 0.000000
vt 0.000000 0.000000
vt 0.000000 0.000000
vt 0.000000 0.000000
vt 0.000000 0.000000
vt 0.000000 0.000000
vt 0.000000 0.000000
vt 0.000000 0.000000
vt 0.000000 0.000000
vt 0.000000 0.000000
vt 0.000000 0.000000
vt 0.000000 0.000000
vt 0.000000 0.000000
vt 0.000000 0.000000
vt 0.000000 0.000000
vt 0.000000 0.000000
vt 0.000000 0.000000
vt 0.000000 0.000000
vt 0.000000 0.000000
vt 0.000000 0.000000
vt 0.000000 0.000000
vt 0.000000 0.000000
vt 0.000000 0.000000
vt 0.000000 0.000000
vt 0.000000 0.000000
vt 0.000000 0.000000
vt 0.000000 0.000000
vt 0.000000 0.000000
vt 0.000000 0.000000
vt 0.000000 0.000000
vt 0.000000 0.000000
vt 0.000000 0.000000
vt 0.000000 0.000000
vt 0.000000 0.000000
vt 0.000000 0.000000
vt 0.000000 0.000000
vt 0.000000 0.000000
vt 0.000000 0.000000
vt 0.000000 0.000000
vt 0.000000 0.000000
vt 0.000000 0.000000
vt 0.000000 0.000000
vt 0.000000 0.000000
vt 0.000000 0.000000
vt 0.000000 0.000000
vt 0.000000 0.000000
vt 0.000000 0.000000
vt 0.000000 0.000000
vt 0.000000 0.000000
vt 0.000000 0.000000
vt 0.000000 0.000000
vt 0.000000 0.000000
vt 0.000000 0.000000
vt 0.000000 0.000000
vt 0.000000 0.000000
vt 0.000000 0.000000
vt 0.000000 0.000000
vt 0.000000 0.000000
vt 0.000000 0.000000
vt 0.000000 0.000000
vt 0.000000 0.000000
vt 0.000000 0.000000
vt 0.000000 0.000000
vt 0.000000 0.000000
vt 0.000000 0.000000
vt 0.000000 0.000000
vt 0.000000 0.000000
vt 0.000000 0.000000
vt 0.000000 0.000000
vt 0.000000 0.000000
vt 0.000000 0.000000
vt 0.000000 0.000000
vt 0.000000 0.000000
vt 0.000000 0.000000
vt 0.000000 0.000000
vt 0.000000 0.000000
vt 0.000000 0.000000
vt 0.000000 0.000000
vt 0.000000 0.000000
vt 0.000000 0.000000
vt 0.000000 0.000000
vt 0.000000 0.000000
vt 0.000000 0.000000
vt 0.000000 0.000000
vt 0.000000 0.000000
vt 0.000000 0.000000
vt 0.000000 0.000000
vt 0.000000 0.000000
vt 0.000000 0.000000
vt 0.000000 0.000000
vt 0.000000 0.000000
vt 0.000000 0.000000
vt 0.000000 0.000000
vt 0.000000 0.000000
vt 0.000000 0.000000
vt 0.000000 0.000000
vt 0.000000 0.000000
vt 0.000000 0.000000
vt 0.000000 0.000000
vt 0.000000 0.000000
vt 0.000000 0.000000
vt 0.000000 0.000000
vt 0.000000 0.000000
vt 0.000000 0.000000
vt 0.000000 0.000000
vt 0.000000 0.000000
vt 0.000000 0.000000
vt 0.000000 0.000000
vt 0.000000 0.000000
vt 0.000000 0.000000
vt 0.000000 0.000000
vt 0.000000 0.000000
vt 0.000000 0.000000
vt 0.000000 0.000000
vt 0.000000 0.000000
vt 0.000000 0.000000
vt 0.000000 0.000000
vt 0.000000 0.000000
vt 0.000000 0.000000
vt 0.000000 0.000000
vt 0.000000 0.000000
vt 0.000000 0.000000
vt 0.000000 0.000000
vt 0.000000 0.000000
vt 0.000000 0.000000
vt 0.000000 0.000000
vt 0.000000 0.000000
vt 0.000000 0.000000
vt 0.000000 0.000000
vt 0.000000 0.000000
vt 0.000000 0.000000
vt 0.000000 0.000000
vt 0.000000 0.000000
vt 0.000000 0.000000
vt 0.000000 0.000000
vt 0.000000 0.000000
vt 0.000000 0.000000
vt 0.000000 0.000000
vt 0.000000 0.000000
vt 0.000000 0.000000
vt 0.000000 0.000000
vt 0.000000 0.000000
vt 0.000000 0.000000
vt 0.000000 0.000000
vt 0.000000 0.000000
vt 0.000000 0.000000
vt 0.000000 0.000000
vt 0.000000 0.000000
vt 0.000000 0.000000
vt 0.000000 0.000000
vt 0.000000 0.000000
vt 0.000000 0.000000
vt 0.000000 0.000000
vt 0.000000 0.000000
vt 0.000000 0.000000
vt 0.000000 0.000000
vt 0.000000 0.000000
vt 0.000000 0.000000
vt 0.000000 0.000000
vt 0.000000 0.000000
vt 0.000000 0.000000
vt 0.000000 0.000000
vt 0.000000 0.000000
vt 0.000000 0.000000
vt 0.000000 0.000000
vt 0.000000 0.000000
vt 0.000000 0.000000
vt 0.000000 0.000000
vt 0.000000 0.000000
vt 0.000000 0.000000
vt 0.000000 0.000000
vt 0.000000 0.000000
vt 0.000000 0.000000
vt 0.000000 0.000000
vt 0.000000 0.000000
vt 0.000000 0.000000
vt 0.000000 0.000000
vt 0.000000 0.000000
vt 0.000000 0.000000
vt 0.000000 0.000000
vt 0.000000 0.000000
vt 0.000000 0.000000
vt 0.000000 0.000000
vt 0.000000 0.000000
vt 0.000000 0.000000
vt 0.000000 0.000000
vt 0.000000 0.000000
vt 0.000000 0.000000
vt 0.000000 0.000000
vt 0.000000 0.000000
vt 0.000000 0.000000
vt 0.000000 0.000000
vt 0.000000 0.000000
vt 0.000000 0.000000
vt 0.000000 0.000000
vt 0.000000 0.000000
vt 0.000000 0.000000
vt 0.000000 0.000000
vt 0.000000 0.000000
vt 0.000000 0.000000
vt 0.000000 0.000000
vt 0.000000 0.000000
vt 0.000000 0.000000
vt 0.000000 0.000000
vt 0.000000 0.000000
vt 0.000000 0.000000
vt 0.000000 0.000000
vt 0.000000 0.000000
vt 0.000000 0.000000
vt 0.000000 0.000000
vt 0.000000 0.000000
vt 0.000000 0.000000
vt 0.000000 0.000000
vt 0.000000 0.000000
vt 0.000000 0.000000
vt 0.000000 0.000000
vt 0.000000 0.000000
vt 0.000000 0.000000
vt 0.000000 0.000000
vt 0.000000 0.000000
vt 0.000000 0.000000
vt 0.000000 0.000000
vt 0.000000 0.000000
vt 0.000000 0.000000
vt 0.000000 0.000000
vt 0.000000 0.000000
vt 0.000000 0.000000
vt 0.000000 0.000000
vt 0.000000 0.000000
vt 0.000000 0.000000
vt 0.000000 0.000000
vt 0.000000 0.000000
vt 0.000000 0.000000
vt 0.000000 0.000000
vt 0.000000 0.000000
vt 0.000000 0.000000
vt 0.000000 0.000000
vt 0.000000 0.000000
vt 0.000000 0.000000
vt 0.000000 0.000000
vt 0.000000 0.000000
vt 0.000000 0.000000
vt 0.000000 0.000000
vt 0.000000 0.000000
vt 0.000000 0.000000
vt 0.000000 0.000000
vt 0.000000 0.000000
vt 0.000000 0.000000
vt 0.000000 0.000000
vt 0.000000 0.000000
vt 0.000000 0.000000
vt 0.000000 0.000000
vt 0.000000 0.000000
vt 0.000000 0.000000
vt 0.000000 0.000000
vt 0.000000 0.000000
vt 0.000000 0.000000
vt 0.000000 0.000000
vt 0.000000 0.000000
vt 0.000000 0.000000
vt 0.000000 0.000000
vt 0.000000 0.000000
vt 0.000000 0.000000
vt 0.000000 0.000000
vt 0.000000 0.000000
vt 0.000000 0.000000
vt 0.000000 0.000000
vt 0.000000 0.000000
vt 0.000000 0.000000
vt 0.000000 0.000000
vt 0.000000 0.000000
vt 0.000000 0.000000
vt 0.000000 0.000000
vt 0.000000 0.000000
vt 0.000000 0.000000
vt 0.000000 0.000000
vt 0.000000 0.000000
vt 0.000000 0.000000
vt 0.000000 0.000000
vt 0.000000 0.000000
vt 0.000000 0.000000
vt 0.000000 0.000000
vt 0.000000 0.000000
vt 0.000000 0.000000
vt 0.000000 0.000000
vt 0.000000 0.000000
vt 0.000000 0.000000
vt 0.000000 0.000000
vt 0.000000 0.000000
vt 0.000000 0.000000
vt 0.000000 0.000000
vt 0.000000 0.000000
vt 0.000000 0.000000
vt 0.000000 0.000000
vt 0.000000 0.000000
vt 0.000000 0.000000
vt 0.000000 0.000000
vt 0.000000 0.000000
vt 0.000000 0.000000
vt 0.000000 0.000000
vt 0.000000 0.000000
vt 0.000000 0.000000
vt 0.000000 0.000000
vt 0.000000 0.000000
vt 0.000000 0.000000
vt 0.000000 0.000000
vt 0.000000 0.000000
vt 0.000000 0.000000
vt 0.000000 0.000000
vt 0.000000 0.000000
vt 0.000000 0.000000
vt 0.000000 0.000000
vt 0.000000 0.000000
vt 0.000000 0.000000
vt 0.000000 0.000000
vt 0.000000 0.000000
vt 0.000000 0.000000
vt 0.000000 0.000000
vt 0.000000 0.000000
vt 0.000000 0.000000
vt 0.000000 0.000000
vt 0.000000 0.000000
vt 0.000000 0.000000
vt 0.000000 0.000000
vt 0.000000 0.000000
vt 0.000000 0.000000
vt 0.000000 0.000000
vt 0.000000 0.000000
vt 0.000000 0.000000
vt 0.000000 0.000000
vt 0.000000 0.000000
vt 0.000000 0.000000
vt 0.000000 0.000000
vt 0.000000 0.000000
vt 0.000000 0.000000
vt 0.000000 0.000000
vt 0.000000 0.000000
vt 0.000000 0.000000
vt 0.000000 0.000000
vt 0.000000 0.000000
vt 0.000000 0.000000
vt 0.000000 0.000000
vt 0.000000 0.000000
vt 0.000000 0.000000
vt 0.000000 0.000000
vt 0.000000 0.000000
vt 0.000000 0.000000
vt 0.000000 0.000000
vt 0.000000 0.000000
vt 0.000000 0.000000
vt 0.000000 0.000000
vt 0.000000 0.000000
vt 0.000000 0.000000
vt 0.000000 0.000000
vt 0.000000 0.000000
vt 0.000000 0.000000
vt 0.000000 0.000000
vt 0.000000 0.000000
vt 0.000000 0.000000
vt 0.000000 0.000000
vt 0.000000 0.000000
vt 0.000000 0.000000
vt 0.000000 0.000000
vt 0.000000 0.000000
vt 0.000000 0.000000
vt 0.000000 0.000000
vt 0.000000 0.000000
vt 0.000000 0.000000
vt 0.000000 0.000000
vt 0.000000 0.000000
vt 0.000000 0.000000
vt 0.000000 0.000000
vt 0.000000 0.000000
vt 0.000000 0.000000
vt 0.000000 0.000000
vt 0.000000 0.000000
vt 0.000000 0.000000
vt 0.000000 0.000000
vt 0.000000 0.000000
vt 0.000000 0.000000
vt 0.000000 0.000000
vt 0.000000 0.000000
vt 0.000000 0.000000
vt 0.000000 0.000000
vt 0.000000 0.000000
vt 0.000000 0.000000
vt 0.000000 0.000000
vt 0.000000 0.000000
vt 0.000000 0.000000
vt 0.000000 0.000000
vt 0.000000 0.000000
vt 0.000000 0.000000
vt 0.000000 0.000000
vt 0.000000 0.000000
vt 0.000000 0.000000
vt 0.000000 0.000000
vt 0.000000 0.000000
vt 0.000000 0.000000
vt 0.000000 0.000000
vt 0.000000 0.000000
vt 0.000000 0.000000
vt 0.000000 0.000000
vt 0.000000 0.000000
vt 0.000000 0.000000
vt 0.000000 0.000000
vt 0.000000 0.000000
vt 0.000000 0.000000
vt 0.000000 0.000000
vt 0.000000 0.000000
vt 0.000000 0.000000
vt 0.000000 0.000000
vt 0.000000 0.000000
vt 0.000000 0.000000
vt 0.000000 0.000000
vt 0.000000 0.000000
vt 0.000000 0.000000
vt 0.000000 0.000000
vt 0.000000 0.000000
vt 0.000000 0.000000
vt 0.000000 0.000000
vt 0.000000 0.000000
vt 0.000000 0.000000
vt 0.000000 0.000000
vt 0.000000 0.000000
vt 0.000000 0.000000
vt 0.000000 0.000000
vt 0.000000 0.000000
vt 0.000000 0.000000
vt 0.000000 0.000000
vt 0.000000 0.000000
vt 0.000000 0.000000
vt 0.000000 0.000000
vt 0.000000 0.000000
vt 0.000000 0.000000
vt 0.000000 0.000000
vt 0.000000 0.000000
vt 0.000000 0.000000
vt 0.000000 0.000000
vt 0.000000 0.000000
vt 0.000000 0.000000
vt 0.000000 0.000000
vt 0.000000 0.000000
vt 0.000000 0.000000
vt 0.000000 0.000000
vt 0.000000 0.000000
vt 0.000000 0.000000
vt 0.000000 0.000000
vt 0.000000 0.000000
vt 0.000000 0.000000
vt 0.000000 0.000000
vt 0.000000 0.000000
vt 0.000000 0.000000
vt 0.000000 0.000000
vt 0.000000 0.000000
vt 0.000000 0.000000
vt 0.000000 0.000000
vt 0.000000 0.000000
vt 0.000000 0.000000
vt 0.000000 0.000000
vt 0.000000 0.000000
vt 0.000000 0.000000
vt 0.000000 0.000000
vt 0.000000 0.000000
vt 0.000000 0.000000
vt 0.000000 0.000000
vt 0.000000 0.000000
vt 0.000000 0.000000
vt 0.000000 0.000000
vt 0.000000 0.000000
vt 0.000000 0.000000
vt 0.000000 0.000000
vt 0.000000 0.000000
vt 0.000000 0.000000
vt 0.000000 0.000000
vt 0.000000 0.000000
vt 0.000000 0.000000
vt 0.000000 0.000000
vt 0.000000 0.000000
vt 0.000000 0.000000
vt 0.000000 0.000000
vt 0.000000 0.000000
vt 0.000000 0.000000
vt 0.000000 0.000000
vt 0.000000 0.000000
vt 0.000000 0.000000
vt 0.000000 0.000000
vt 0.000000 0.000000
vt 0.000000 0.000000
vt 0.000000 0.000000
vt 0.000000 0.000000
vt 0.000000 0.000000
vt 0.000000 0.000000
vt 0.000000 0.000000
vt 0.000000 0.000000
vt 0.000000 0.000000
vt 0.000000 0.000000
vt 0.000000 0.000000
vt 0.000000 0.000000
vt 0.000000 0.000000
vt 0.000000 0.000000
vt 0.000000 0.000000
vt 0.000000 0.000000
vt 0.000000 0.000000
vt 0.000000 0.000000
vt 0.000000 0.000000
vt 0.000000 0.000000
vt 0.000000 0.000000
vt 0.000000 0.000000
vt 0.000000 0.000000
vt 0.000000 0.000000
vt 0.000000 0.000000
vt 0.000000 0.000000
vt 0.000000 0.000000
vt 0.000000 0.000000
vt 0.000000 0.000000
vt 0.000000 0.000000
vt 0.000000 0.000000
vt 0.000000 0.000000
vt 0.000000 0.000000
vt 0.000000 0.000000
vt 0.000000 0.000000
vt 0.000000 0.000000
vt 0.000000 0.000000
vt 0.000000 0.000000
vt 0.000000 0.000000
vt 0.000000 0.000000
vt 0.000000 0.000000
vt 0.000000 0.000000
vt 0.000000 0.000000
vt 0.000000 0.000000
vt 0.000000 0.000000
vt 0.000000 0.000000
vt 0.000000 0.000000
vt 0.000000 0.000000
vt 0.000000 0.000000
vt 0.000000 0.000000
vt 0.000000 0.000000
vt 0.000000 0.000000
vt 0.000000 0.000000
vt 0.000000 0.000000
vt 0.000000 0.000000
vt 0.000000 0.000000
vt 0.000000 0.000000
vt 0.000000 0.000000
vt 0.000000 0.000000
vt 0.000000 0.000000
vt 0.000000 0.000000
vt 0.000000 0.000000
vt 0.000000 0.000000
vt 0.000000 0.000000
vt 0.000000 0.000000
vt 0.000000 0.000000
vt 0.000000 0.000000
vt 0.000000 0.000000
vt 0.000000 0.000000
vt 0.000000 0.000000
vt 0.000000 0.000000
vt 0.000000 0.000000
vt 0.000000 0.000000
vt 0.000000 0.000000
vt 0.000000 0.000000
vt 0.000000 0.000000
vt 0.000000 0.000000
vt 0.000000 0.000000
vt 0.000000 0.000000
vt 0.000000 0.000000
vt 0.000000 0.000000
vt 0.000000 0.000000
vt 0.000000 0.000000
vt 0.000000 0.000000
vt 0.000000 0.000000
vt 0.000000 0.000000
vt 0.000000 0.000000
vt 0.000000 0.000000
vt 0.000000 0.000000
vt 0.000000 0.000000
vt 0.000000 0.000000
vt 0.000000 0.000000
vt 0.000000 0.000000
vt 0.000000 0.000000
vt 0.000000 0.000000
vt 0.000000 0.000000
vt 0.000000 0.000000
vt 0.000000 0.000000
vt 0.000000 0.000000
vt 0.000000 0.000000
vt 0.000000 0.000000
vt 0.000000 0.000000
vt 0.000000 0.000000
vt 0.000000 0.000000
vt 0.000000 0.000000
vt 0.000000 0.000000
vt 0.000000 0.000000
vt 0.000000 0.000000
vt 0.000000 0.000000
vt 0.000000 0.000000
vt 0.000000 0.000000
vt 0.000000 0.000000
vt 0.000000 0.000000
vt 0.000000 0.000000
vt 0.000000 0.000000
vt 0.000000 0.000000
vt 0.000000 0.000000
vt 0.000000 0.000000
vt 0.000000 0.000000
vt 0.000000 0.000000
vt 0.000000 0.000000
vt 0.000000 0.000000
vt 0.000000 0.000000
vt 0.000000 0.000000
vt 0.000000 0.000000
vt 0.000000 0.000000
vt 0.000000 0.000000
vt 0.000000 0.000000
vt 0.000000 0.000000
vt 0.000000 0.000000
vt 0.000000 0.000000
vt 0.000000 0.000000
vt 0.000000 0.000000
vt 0.000000 0.000000
vt 0.000000 0.000000
vt 0.000000 0.000000
vt 0.000000 0.000000
vt 0.000000 0.000000
vt 0.000000 0.000000
vt 0.000000 0.000000
vt 0.000000 0.000000
vt 0.000000 0.000000
vt 0.000000 0.000000
vt 0.000000 0.000000
vt 0.000000 0.000000
vt 0.000000 0.000000
vt 0.000000 0.000000
vt 0.000000 0.000000
vt 0.000000 0.000000
vt 0.000000 0.000000
vt 0.000000 0.000000
vt 0.000000 0.000000
vt 0.000000 0.000000
vt 0.000000 0.000000
vt 0.000000 0.000000
vt 0.000000 0.000000
vt 0.000000 0.000000
vt 0.000000 0.000000
vt 0.000000 0.000000
vt 0.000000 0.000000
vt 0.000000 0.000000
vt 0.000000 0.000000
vt 0.000000 0.000000
vt 0.000000 0.000000
vt 0.000000 0.000000
vt 0.000000 0.000000
vt 0.000000 0.000000
vt 0.000000 0.000000
vt 0.000000 0.000000
vt 0.000000 0.000000
vt 0.000000 0.000000
vt 0.000000 0.000000
vt 0.000000 0.000000
vt 0.000000 0.000000
vt 0.000000 0.000000
vt 0.000000 0.000000
vt 0.000000 0.000000
vt 0.000000 0.000000
vt 0.000000 0.000000
vt 0.000000 0.000000
vt 0.000000 0.000000
vt 0.000000 0.000000
vt 0.000000 0.000000
vt 0.000000 0.000000
vt 0.000000 0.000000
vt 0.000000 0.000000
vt 0.000000 0.000000
vt 0.000000 0.000000
vt 0.000000 0.000000
vt 0.000000 0.000000
vt 0.000000 0.000000
vt 0.000000 0.000000
vt 0.000000 0.000000
vt 0.000000 0.000000
vt 0.000000 0.000000
vt 0.000000 0.000000
vt 0.000000 0.000000
vt 0.000000 0.000000
vt 0.000000 0.000000
vt 0.000000 0.000000
vt 0.000000 0.000000
vt 0.000000 0.000000
vt 0.000000 0.000000
vt 0.000000 0.000000
vt 0.000000 0.000000
vt 0.000000 0.000000
vt 0.000000 0.000000
vt 0.000000 0.000000
vt 0.000000 0.000000
vt 0.000000 0.000000
vt 0.000000 0.000000
vt 0.000000 0.000000
vt 0.000000 0.000000
vt 0.000000 0.000000
vt 0.000000 0.000000
vt 0.000000 0.000000
vt 0.000000 0.000000
vt 0.000000 0.000000
vt 0.000000 0.000000
vt 0.000000 0.000000
vt 0.000000 0.000000
vt 0.000000 0.000000
vt 0.000000 0.000000
vt 0.000000 0.000000
vt 0.000000 0.000000
vt 0.000000 0.000000
vt 0.000000 0.000000
vt 0.000000 0.000000
vt 0.000000 0.000000
vt 0.000000 0.000000
vt 0.000000 0.000000
vt 0.000000 0.000000
vt 0.000000 0.000000
vt 0.000000 0.000000
vt 0.000000 0.000000
vt 0.000000 0.000000
vt 0.000000 0.000000
vt 0.000000 0.000000
vt 0.000000 0.000000
vt 0.000000 0.000000
vt 0.000000 0.000000
vt 0.000000 0.000000
vt 0.000000 0.000000
vt 0.000000 0.000000
vt 0.000000 0.000000
vt 0.000000 0.000000
vt 0.000000 0.000000
vt 0.000000 0.000000
vt 0.000000 0.000000
vt 0.000000 0.000000
vt 0.000000 0.000000
vt 0.000000 0.000000
vt 0.000000 0.000000
vt 0.000000 0.000000
vt 0.000000 0.000000
vt 0.000000 0.000000
vt 0.000000 0.000000
vt 0.000000 0.000000
vt 0.000000 0.000000
vt 0.000000 0.000000
vt 0.000000 0.000000
vt 0.000000 0.000000
vt 0.000000 0.000000
vt 0.000000 0.000000
vt 0.000000 0.000000
vt 0.000000 0.000000
vt 0.000000 0.000000
vt 0.000000 0.000000
vt 0.000000 0.000000
vt 0.000000 0.000000
vt 0.000000 0.000000
vt 0.000000 0.000000
vt 0.000000 0.000000
vt 0.000000 0.000000
vt 0.000000 0.000000
vt 0.000000 0.000000
vt 0.000000 0.000000
vt 0.000000 0.000000
vt 0.000000 0.000000
vt 0.000000 0.000000
vt 0.000000 0.000000
vt 0.000000 0.000000
vt 0.000000 0.000000
vt 0.000000 0.000000
vt 0.000000 0.000000
vt 0.000000 0.000000
vt 0.000000 0.000000
vt 0.000000 0.000000
vt 0.000000 0.000000
vt 0.000000 0.000000
vt 0.000000 0.000000
vt 0.000000 0.000000
vt 0.000000 0.000000
vt 0.000000 0.000000
vt 0.000000 0.000000
vt 0.000000 0.000000
vt 0.000000 0.000000
vt 0.000000 0.000000
vt 0.000000 0.000000
vt 0.000000 0.000000
vt 0.000000 0.000000
vt 0.000000 0.000000
vt 0.000000 0.000000
vt 0.000000 0.000000
vt 0.000000 0.000000
vt 0.000000 0.000000
vt 0.000000 0.000000
vt 0.000000 0.000000
vt 0.000000 0.000000
vt 0.000000 0.000000
vt 0.000000 0.000000
vt 0.000000 0.000000
vt 0.000000 0.000000
vt 0.000000 0.000000
vt 0.000000 0.000000
vt 0.000000 0.000000
vt 0.000000 0.000000
vt 0.000000 0.000000
vt 0.000000 0.000000
vt 0.000000 0.000000
vt 0.000000 0.000000
vt 0.000000 0.000000
vt 0.000000 0.000000
vt 0.000000 0.000000
vt 0.000000 0.000000
vt 0.000000 0.000000
vt 0.000000 0.000000
vt 0.000000 0.000000
vt 0.000000 0.000000
vt 0.000000 0.000000
vt 0.000000 0.000000
vt 0.000000 0.000000
vt 0.000000 0.000000
vt 0.000000 0.000000
vt 0.000000 0.000000
vt 0.000000 0.000000
vt 0.000000 0.000000
vt 0.000000 0.000000
vt 0.000000 0.000000
vt 0.000000 0.000000
vt 0.000000 0.000000
vt 0.000000 0.000000
vt 0.000000 0.000000
vt 0.000000 0.000000
vt 0.000000 0.000000
vt 0.000000 0.000000
vt 0.000000 0.000000
vt 0.000000 0.000000
vt 0.000000 0.000000
vt 0.000000 0.000000
vt 0.000000 0.000000
vt 0.000000 0.000000
vt 0.000000 0.000000
vt 0.000000 0.000000
vt 0.000000 0.000000
vt 0.000000 0.000000
vt 0.000000 0.000000
vt 0.000000 0.000000
vt 0.000000 0.000000
vt 0.000000 0.000000
vt 0.000000 0.000000
vt 0.000000 0.000000
vt 0.000000 0.000000
vt 0.000000 0.000000
vt 0.000000 0.000000
vt 0.000000 0.000000
vt 0.000000 0.000000
vt 0.000000 0.000000
vt 0.000000 0.000000
vt 0.000000 0.000000
vt 0.000000 0.000000
vt 0.000000 0.000000
vt 0.000000 0.000000
vt 0.000000 0.000000
vt 0.000000 0.000000
vt 0.000000 0.000000
vt 0.000000 0.000000
vt 0.000000 0.000000
vt 0.000000 0.000000
vt 0.000000 0.000000
vt 0.000000 0.000000
vt 0.000000 0.000000
vt 0.000000 0.000000
vt 0.000000 0.000000
vt 0.000000 0.000000
vt 0.000000 0.000000
vt 0.000000 0.000000
vt 0.000000 0.000000
vt 0.000000 0.000000
vt 0.000000 0.000000
vt 0.000000 0.000000
vt 0.000000 0.000000
vt 0.000000 0.000000
vt 0.000000 0.000000
vt 0.000000 0.000000
vt 0.000000 0.000000
vt 0.000000 0.000000
vt 0.000000 0.000000
vt 0.000000 0.000000
vt 0.000000 0.000000
vt 0.000000 0.000000
vt 0.000000 0.000000
vt 0.000000 0.000000
vt 0.000000 0.000000
vt 0.000000 0.000000
vt 0.000000 0.000000
vt 0.000000 0.000000
vt 0.000000 0.000000
vt 0.000000 0.000000
vt 0.000000 0.000000
vt 0.000000 0.000000
vt 0.000000 0.000000
vt 0.000000 0.000000
vt 0.000000 0.000000
vt 0.000000 0.000000
vt 0.000000 0.000000
vt 0.000000 0.000000
vt 0.000000 0.000000
vt 0.000000 0.000000
vt 0.000000 0.000000
vt 0.000000 0.000000
vt 0.000000 0.000000
vt 0.000000 0.000000
vt 0.000000 0.000000
vt 0.000000 0.000000
vt 0.000000 0.000000
vt 0.000000 0.000000
vt 0.000000 0.000000
vt 0.000000 0.000000
vt 0.000000 0.000000
vt 0.000000 0.000000
vt 0.000000 0.000000
vt 0.000000 0.000000
vt 0.000000 0.000000
vt 0.000000 0.000000
vt 0.000000 0.000000
vt 0.000000 0.000000
vt 0.000000 0.000000
vt 0.000000 0.000000
vt 0.000000 0.000000
vt 0.000000 0.000000
vt 0.000000 0.000000
vt 0.000000 0.000000
vt 0.000000 0.000000
vt 0.000000 0.000000
vt 0.000000 0.000000
vt 0.000000 0.000000
vt 0.000000 0.000000
vt 0.000000 0.000000
vt 0.000000 0.000000
vt 0.000000 0.000000
vt 0.000000 0.000000
vt 0.000000 0.000000
vt 0.000000 0.000000
vt 0.000000 0.000000
vt 0.000000 0.000000
vt 0.000000 0.000000
vt 0.000000 0.000000
vt 0.000000 0.000000
vt 0.000000 0.000000
vt 0.000000 0.000000
vt 0.000000 0.000000
vt 0.000000 0.000000
vt 0.000000 0.000000
vt 0.000000 0.000000
vt 0.000000 0.000000
vt 0.000000 0.000000
vt 0.000000 0.000000
vt 0.000000 0.000000
vt 0.000000 0.000000
vt 0.000000 0.000000
vt 0.000000 0.000000
vt 0.000000 0.000000
vt 0.000000 0.000000
vt 0.000000 0.000000
vt 0.000000 0.000000
vt 0.000000 0.000000
vt 0.000000 0.000000
vt 0.000000 0.000000
vt 0.000000 0.000000
vt 0.000000 0.000000
vt 0.000000 0.000000
vt 0.000000 0.000000
vt 0.000000 0.000000
vt 0.000000 0.000000
vt 0.000000 0.000000
vt 0.000000 0.000000
vt 0.000000 0.000000
vt 0.000000 0.000000
vt 0.000000 0.000000
vt 0.000000 0.000000
vt 0.000000 0.000000
vt 0.000000 0.000000
vt 0.000000 0.000000
vt 0.000000 0.000000
vt 0.000000 0.000000
vt 0.000000 0.000000
vt 0.000000 0.000000
vt 0.000000 0.000000
vt 0.000000 0.000000
vt 0.000000 0.000000
vt 0.000000 0.000000
vt 0.000000 0.000000
vt 0.000000 0.000000
vt 0.000000 0.000000
vt 0.000000 0.000000
vt 0.000000 0.000000
vt 0.000000 0.000000
vt 0.000000 0.000000
vt 0.000000 0.000000
vt 0.000000 0.000000
vt 0.000000 0.000000
vt 0.000000 0.000000
vt 0.000000 0.000000
vt 0.000000 0.000000
vt 0.000000 0.000000
vt 0.000000 0.000000
vt 0.000000 0.000000
vt 0.000000 0.000000
vt 0.000000 0.000000
vt 0.000000 0.000000
vt 0.000000 0.000000
vt 0.000000 0.000000
vt 0.000000 0.000000
vt 0.000000 0.000000
vt 0.000000 0.000000
vt 0.000000 0.000000
vt 0.000000 0.000000
vt 0.000000 0.000000
vt 0.000000 0.000000
vt 0.000000 0.000000
vt 0.000000 0.000000
vt 0.000000 0.000000
vt 0.000000 0.000000
vt 0.000000 0.000000
vt 0.000000 0.000000
vt 0.000000 0.000000
vt 0.000000 0.000000
vt 0.000000 0.000000
vt 0.000000 0.000000
vt 0.000000 0.000000
vt 0.000000 0.000000
vt 0.000000 0.000000
vt 0.000000 0.000000
vt 0.000000 0.000000
vt 0.000000 0.000000
vt 0.000000 0.000000
vt 0.000000 0.000000
vt 0.000000 0.000000
vt 0.000000 0.000000
vt 0.000000 0.000000
vt 0.000000 0.000000
vt 0.000000 0.000000
vt 0.000000 0.000000
vt 0.000000 0.000000
vt 0.000000 0.000000
vt 0.000000 0.000000
vt 0.000000 0.000000
vt 0.000000 0.000000
vt 0.000000 0.000000
vt 0.000000 0.000000
vt 0.000000 0.000000
vt 0.000000 0.000000
vt 0.000000 0.000000
vt 0.000000 0.000000
vt 0.000000 0.000000
vt 0.000000 0.000000
vt 0.000000 0.000000
vt 0.000000 0.000000
vt 0.000000 0.000000
vt 0.000000 0.000000
vt 0.000000 0.000000
vt 0.000000 0.000000
vt 0.000000 0.000000
vt 0.000000 0.000000
vt 0.000000 0.000000
vt 0.000000 0.000000
vt 0.000000 0.000000
vt 0.000000 0.000000
vt 0.000000 0.000000
vt 0.000000 0.000000
vt 0.000000 0.000000
vt 0.000000 0.000000
vt 0.000000 0.000000
vt 0.000000 0.000000
vt 0.000000 0.000000
vt 0.000000 0.000000
vt 0.000000 0.000000
vt 0.000000 0.000000
vt 0.000000 0.000000
vt 0.000000 0.000000
vt 0.000000 0.000000
vt 0.000000 0.000000
vt 0.000000 0.000000
vt 0.000000 0.000000
vt 0.000000 0.000000
vt 0.000000 0.000000
vt 0.000000 0.000000
vt 0.000000 0.000000
vt 0.000000 0.000000
vt 0.000000 0.000000
vt 0.000000 0.000000
vt 0.000000 0.000000
vt 0.000000 0.000000
vt 0.000000 0.000000
vt 0.000000 0.000000
vt 0.000000 0.000000
vt 0.000000 0.000000
vt 0.000000 0.000000
vt 0.000000 0.000000
vt 0.000000 0.000000
vt 0.000000 0.000000
vt 0.000000 0.000000
vt 0.000000 0.000000
vt 0.000000 0.000000
vt 0.000000 0.000000
vt 0.000000 0.000000
vt 0.000000 0.000000
vt 0.000000 0.000000
vt 0.000000 0.000000
vt 0.000000 0.000000
vt 0.000000 0.000000
vt 0.000000 0.000000
vt 0.000000 0.000000
vt 0.000000 0.000000
vt 0.000000 0.000000
vt 0.000000 0.000000
vt 0.000000 0.000000
vt 0.000000 0.000000
vt 0.000000 0.000000
vt 0.000000 0.000000
vt 0.000000 0.000000
vt 0.000000 0.000000
vt 0.000000 0.000000
vt 0.000000 0.000000
vt 0.000000 0.000000
vt 0.000000 0.000000
vt 0.000000 0.000000
vt 0.000000 0.000000
vt 0.000000 0.000000
vt 0.000000 0.000000
vt 0.000000 0.000000
vt 0.000000 0.000000
vt 0.000000 0.000000
vt 0.000000 0.000000
vt 0.000000 0.000000
vt 0.000000 0.000000
vt 0.000000 0.000000
vt 0.000000 0.000000
vt 0.000000 0.000000
vt 0.000000 0.000000
vt 0.000000 0.000000
vt 0.000000 0.000000
vt 0.000000 0.000000
vt 0.000000 0.000000
vt 0.000000 0.000000
vt 0.000000 0.000000
vt 0.000000 0.000000
vt 0.000000 0.000000
vt 0.000000 0.000000
vt 0.000000 0.000000
vt 0.000000 0.000000
vt 0.000000 0.000000
vt 0.000000 0.000000
vt 0.000000 0.000000
vt 0.000000 0.000000
vt 0.000000 0.000000
vt 0.000000 0.000000
vt 0.000000 0.000000
vt 0.000000 0.000000
vt 0.000000 0.000000
vt 0.000000 0.000000
vt 0.000000 0.000000
vt 0.000000 0.000000
vt 0.000000 0.000000
vt 0.000000 0.000000
vt 0.000000 0.000000
vt 0.000000 0.000000
vt 0.000000 0.000000
vt 0.000000 0.000000
vt 0.000000 0.000000
vt 0.000000 0.000000
vt 0.000000 0.000000
vt 0.000000 0.000000
vt 0.000000 0.000000
vt 0.000000 0.000000
vt 0.000000 0.000000
vt 0.000000 0.000000
vt 0.000000 0.000000
vt 0.000000 0.000000
vt 0.000000 0.000000
vt 0.000000 0.000000
vt 0.000000 0.000000
vt 0.000000 0.000000
vt 0.000000 0.000000
vt 0.000000 0.000000
vt 0.000000 0.000000
vt 0.000000 0.000000
vt 0.000000 0.000000
vt 0.000000 0.000000
vt 0.000000 0.000000
vt 0.000000 0.000000
vt 0.000000 0.000000
vt 0.000000 0.000000
vt 0.000000 0.000000
vt 0.000000 0.000000
vt 0.000000 0.000000
vt 0.000000 0.000000
vt 0.000000 0.000000
vt 0.000000 0.000000
vt 0.000000 0.000000
vt 0.000000 0.000000
vt 0.000000 0.000000
vt 0.000000 0.000000
vt 0.000000 0.000000
vt 0.000000 0.000000
vt 0.000000 0.000000
vt 0.000000 0.000000
vt 0.000000 0.000000
vt 0.000000 0.000000
vt 0.000000 0.000000
vt 0.000000 0.000000
vt 0.000000 0.000000
vt 0.000000 0.000000
vt 0.000000 0.000000
vt 0.000000 0.000000
vt 0.000000 0.000000
vt 0.000000 0.000000
vt 0.000000 0.000000
vt 0.000000 0.000000
vt 0.000000 0.000000
vt 0.000000 0.000000
vt 0.000000 0.000000
vt 0.000000 0.000000
vt 0.000000 0.000000
vt 0.000000 0.000000
vt 0.000000 0.000000
vt 0.000000 0.000000
vt 0.000000 0.000000
vt 0.000000 0.000000
vt 0.000000 0.000000
vt 0.000000 0.000000
vt 0.000000 0.000000
vt 0.000000 0.000000
vt 0.000000 0.000000
vt 0.000000 0.000000
vt 0.000000 0.000000
vt 0.000000 0.000000
vt 0.000000 0.000000
vt 0.000000 0.000000
vt 0.000000 0.000000
vt 0.000000 0.000000
vt 0.000000 0.000000
vt 0.000000 0.000000
vt 0.000000 0.000000
vt 0.000000 0.000000
vt 0.000000 0.000000
vt 0.000000 0.000000
vt 0.000000 0.000000
vt 0.000000 0.000000
vt 0.000000 0.000000
vt 0.000000 0.000000
vt 0.000000 0.000000
vt 0.000000 0.000000
vt 0.000000 0.000000
vt 0.000000 0.000000
vt 0.000000 0.000000
vt 0.000000 0.000000
vt 0.000000 0.000000
vt 0.000000 0.000000
vt 0.000000 0.000000
vt 0.000000 0.000000
vt 0.000000 0.000000
vt 0.000000 0.000000
vt 0.000000 0.000000
vt 0.000000 0.000000
vt 0.000000 0.000000
vt 0.000000 0.000000
vt 0.000000 0.000000
vt 0.000000 0.000000
vt 0.000000 0.000000
vt 0.000000 0.000000
vt 0.000000 0.000000
vt 0.000000 0.000000
vt 0.000000 0.000000
vt 0.000000 0.000000
vt 0.000000 0.000000
vt 0.000000 0.000000
vt 0.000000 0.000000
vt 0.000000 0.000000
vt 0.000000 0.000000
vt 0.000000 0.000000
vt 0.000000 0.000000
vt 0.000000 0.000000
vt 0.000000 0.000000
vt 0.000000 0.000000
vt 0.000000 0.000000
vt 0.000000 0.000000
vt 0.000000 0.000000
vt 0.000000 0.000000
vt 0.000000 0.000000
vt 0.000000 0.000000
vt 0.000000 0.000000
vt 0.000000 0.000000
vt 0.000000 0.000000
vt 0.000000 0.000000
vt 0.000000 0.000000
vt 0.000000 0.000000
vt 0.000000 0.000000
vt 0.000000 0.000000
vt 0.000000 0.000000
vt 0.000000 0.000000
vt 0.000000 0.000000
vt 0.000000 0.000000
vt 0.000000 0.000000
vt 0.000000 0.000000
vt 0.000000 0.000000
vt 0.000000 0.000000
vt 0.000000 0.000000
vt 0.000000 0.000000
vt 0.000000 0.000000
vt 0.000000 0.000000
vt 0.000000 0.000000
vt 0.000000 0.000000
vt 0.000000 0.000000
vt 0.000000 0.000000
vt 0.000000 0.000000
vt 0.000000 0.000000
vt 0.000000 0.000000
vt 0.000000 0.000000
vt 0.000000 0.000000
vt 0.000000 0.000000
vt 0.000000 0.000000
vt 0.000000 0.000000
vt 0.000000 0.000000
vt 0.000000 0.000000
vt 0.000000 0.000000
vt 0.000000 0.000000
vt 0.000000 0.000000
vt 0.000000 0.000000
vt 0.000000 0.000000
vt 0.000000 0.000000
vt 0.000000 0.000000
vt 0.000000 0.000000
vt 0.000000 0.000000
vt 0.000000 0.000000
vt 0.000000 0.000000
vt 0.000000 0.000000
vt 0.000000 0.000000
vt 0.000000 0.000000
vt 0.000000 0.000000
vt 0.000000 0.000000
vt 0.000000 0.000000
vt 0.000000 0.000000
vt 0.000000 0.000000
vt 0.000000 0.000000
vt 0.000000 0.000000
vt 0.000000 0.000000
vt 0.000000 0.000000
vt 0.000000 0.000000
vt 0.000000 0.000000
vt 0.000000 0.000000
vt 0.000000 0.000000
vt 0.000000 0.000000
vt 0.000000 0.000000
vt 0.000000 0.000000
vt 0.000000 0.000000
vt 0.000000 0.000000
vt 0.000000 0.000000
vt 0.000000 0.000000
vt 0.000000 0.000000
vt 0.000000 0.000000
vt 0.000000 0.000000
vt 0.000000 0.000000
vt 0.000000 0.000000
vt 0.000000 0.000000
vt 0.000000 0.000000
vt 0.000000 0.000000
vt 0.000000 0.000000
vt 0.000000 0.000000
vt 0.000000 0.000000
vt 0.000000 0.000000
vt 0.000000 0.000000
vt 0.000000 0.000000
vt 0.000000 0.000000
vt 0.000000 0.000000
vt 0.000000 0.000000
vt 0.000000 0.000000
vt 0.000000 0.000000
vt 0.000000 0.000000
vt 0.000000 0.000000
vt 0.000000 0.000000
vt 0.000000 0.000000
vt 0.000000 0.000000
vt 0.000000 0.000000
vt 0.000000 0.000000
vt 0.000000 0.000000
vt 0.000000 0.000000
vt 0.000000 0.000000
vt 0.000000 0.000000
vt 0.000000 0.000000
vt 0.000000 0.000000
vt 0.000000 0.000000
vt 0.000000 0.000000
vt 0.000000 0.000000
vt 0.000000 0.000000
vt 0.000000 0.000000
vt 0.000000 0.000000
vt 0.000000 0.000000
vt 0.000000 0.000000
vt 0.000000 0.000000
vt 0.000000 0.000000
vt 0.000000 0.000000
vt 0.000000 0.000000
vt 0.000000 0.000000
vt 0.000000 0.000000
vt 0.000000 0.000000
vt 0.000000 0.000000
vt 0.000000 0.000000
vt 0.000000 0.000000
vt 0.000000 0.000000
vt 0.000000 0.000000
vt 0.000000 0.000000
vt 0.000000 0.000000
vt 0.000000 0.000000
vt 0.000000 0.000000
vt 0.000000 0.000000
vt 0.000000 0.000000
vt 0.000000 0.000000
vt 0.000000 0.000000
vt 0.000000 0.000000
vt 0.000000 0.000000
vt 0.000000 0.000000
vt 0.000000 0.000000
vt 0.000000 0.000000
vt 0.000000 0.000000
vt 0.000000 0.000000
vt 0.000000 0.000000
vt 0.000000 0.000000
vt 0.000000 0.000000
vt 0.000000 0.000000
vt 0.000000 0.000000
vt 0.000000 0.000000
vt 0.000000 0.000000
vt 0.000000 0.000000
vt 0.000000 0.000000
vt 0.000000 0.000000
vt 0.000000 0.000000
vt 0.000000 0.000000
vt 0.000000 0.000000
vt 0.000000 0.000000
vt 0.000000 0.000000
vt 0.000000 0.000000
vt 0.000000 0.000000
vt 0.000000 0.000000
vt 0.000000 0.000000
vt 0.000000 0.000000
vt 0.000000 0.000000
vt 0.000000 0.000000
vt 0.000000 0.000000
vt 0.000000 0.000000
vt 0.000000 0.000000
vt 0.000000 0.000000
vt 0.000000 0.000000
vt 0.000000 0.000000
vt 0.000000 0.000000
vt 0.000000 0.000000
vt 0.000000 0.000000
vt 0.000000 0.000000
vt 0.000000 0.000000
vt 0.000000 0.000000
vt 0.000000 0.000000
vt 0.000000 0.000000
vt 0.000000 0.000000
vt 0.000000 0.000000
vt 0.000000 0.000000
vt 0.000000 0.000000
vt 0.000000 0.000000
vt 0.000000 0.000000
vt 0.000000 0.000000
vt 0.000000 0.000000
vt 0.000000 0.000000
vt 0.000000 0.000000
vt 0.000000 0.000000
vt 0.000000 0.000000
vt 0.000000 0.000000
vt 0.000000 0.000000
vt 0.000000 0.000000
vt 0.000000 0.000000
vt 0.000000 0.000000
vt 0.000000 0.000000
vt 0.000000 0.000000
vt 0.000000 0.000000
vt 0.000000 0.000000
vt 0.000000 0.000000
vt 0.000000 0.000000
vt 0.000000 0.000000
vt 0.000000 0.000000
vt 0.000000 0.000000
vt 0.000000 0.000000
vt 0.000000 0.000000
vt 0.000000 0.000000
vt 0.000000 0.000000
vt 0.000000 0.000000
vt 0.000000 0.000000
vt 0.000000 0.000000
vt 0.000000 0.000000
vt 0.000000 0.000000
vt 0.000000 0.000000
vt 0.000000 0.000000
vt 0.000000 0.000000
vt 0.000000 0.000000
vt 0.000000 0.000000
vt 0.000000 0.000000
vt 0.000000 0.000000
vt 0.000000 0.000000
vt 0.000000 0.000000
vt 0.000000 0.000000
vt 0.000000 0.000000
vt 0.000000 0.000000
vt 0.000000 0.000000
vt 0.000000 0.000000
vt 0.000000 0.000000
vt 0.000000 0.000000
vt 0.000000 0.000000
vt 0.000000 0.000000
vt 0.000000 0.000000
vt 0.000000 0.000000
vt 0.000000 0.000000
vt 0.000000 0.000000
vt 0.000000 0.000000
vt 0.000000 0.000000
vt 0.000000 0.000000
vt 0.000000 0.000000
vt 0.000000 0.000000
vt 0.000000 0.000000
vt 0.000000 0.000000
vt 0.000000 0.000000
vt 0.000000 0.000000
vt 0.000000 0.000000
vt 0.000000 0.000000
vt 0.000000 0.000000
vt 0.000000 0.000000
vt 0.000000 0.000000
vt 0.000000 0.000000
vt 0.000000 0.000000
vt 0.000000 0.000000
vt 0.000000 0.000000
vt 0.000000 0.000000
vt 0.000000 0.000000
vt 0.000000 0.000000
vt 0.000000 0.000000
vt 0.000000 0.000000
vt 0.000000 0.000000
vt 0.000000 0.000000
vt 0.000000 0.000000
vt 0.000000 0.000000
vt 0.000000 0.000000
vt 0.000000 0.000000
vt 0.000000 0.000000
vt 0.000000 0.000000
vt 0.000000 0.000000
vt 0.000000 0.000000
vt 0.000000 0.000000
vt 0.000000 0.000000
vt 0.000000 0.000000
vt 0.000000 0.000000
vt 0.000000 0.000000
vt 0.000000 0.000000
vt 0.000000 0.000000
vt 0.000000 0.000000
vt 0.000000 0.000000
vt 0.000000 0.000000
vt 0.000000 0.000000
vt 0.000000 0.000000
vt 0.000000 0.000000
vt 0.000000 0.000000
vt 0.000000 0.000000
vt 0.000000 0.000000
vt 0.000000 0.000000
vt 0.000000 0.000000
vt 0.000000 0.000000
vt 0.000000 0.000000
vt 0.000000 0.000000
vt 0.000000 0.000000
vt 0.000000 0.000000
vt 0.000000 0.000000
vt 0.000000 0.000000
vt 0.000000 0.000000
vt 0.000000 0.000000
vt 0.000000 0.000000
vt 0.000000 0.000000
vt 0.000000 0.000000
vt 0.000000 0.000000
vt 0.000000 0.000000
vt 0.000000 0.000000
vt 0.000000 0.000000
vt 0.000000 0.000000
vt 0.000000 0.000000
vt 0.000000 0.000000
vt 0.000000 0.000000
vt 0.000000 0.000000
vt 0.000000 0.000000
vt 0.000000 0.000000
vt 0.000000 0.000000
vt 0.000000 0.000000
vt 0.000000 0.000000
vt 0.000000 0.000000
vt 0.000000 0.000000
vt 0.000000 0.000000
vt 0.000000 0.000000
vt 0.000000 0.000000
vt 0.000000 0.000000
vt 0.000000 0.000000
vt 0.000000 0.000000
vt 0.000000 0.000000
vt 0.000000 0.000000
vt 0.000000 0.000000
vt 0.000000 0.000000
vt 0.000000 0.000000
vt 0.000000 0.000000
vt 0.000000 0.000000
vt 0.000000 0.000000
vt 0.000000 0.000000
vt 0.000000 0.000000
vt 0.000000 0.000000
vt 0.000000 0.000000
vt 0.000000 0.000000
vt 0.000000 0.000000
vt 0.000000 0.000000
vt 0.000000 0.000000
vt 0.000000 0.000000
vt 0.000000 0.000000
vt 0.000000 0.000000
vt 0.000000 0.000000
vt 0.000000 0.000000
vt 0.000000 0.000000
vt 0.000000 0.000000
vt 0.000000 0.000000
vt 0.000000 0.000000
vt 0.000000 0.000000
vt 0.000000 0.000000
vt 0.000000 0.000000
vt 0.000000 0.000000
vt 0.000000 0.000000
vt 0.000000 0.000000
vt 0.000000 0.000000
vt 0.000000 0.000000
vt 0.000000 0.000000
vt 0.000000 0.000000
vt 0.000000 0.000000
vt 0.000000 0.000000
vt 0.000000 0.000000
vt 0.000000 0.000000
vt 0.000000 0.000000
vt 0.000000 0.000000
vt 0.000000 0.000000
vt 0.000000 0.000000
vt 0.000000 0.000000
vt 0.000000 0.000000
vt 0.000000 0.000000
vt 0.000000 0.000000
vt 0.000000 0.000000
vt 0.000000 0.000000
vt 0.000000 0.000000
vt 0.000000 0.000000
vt 0.000000 0.000000
vt 0.000000 0.000000
vt 0.000000 0.000000
vt 0.000000 0.000000
vt 0.000000 0.000000
vt 0.000000 0.000000
vt 0.000000 0.000000
vt 0.000000 0.000000
vt 0.000000 0.000000
vt 0.000000 0.000000
vt 0.000000 0.000000
vt 0.000000 0.000000
vt 0.000000 0.000000
vt 0.000000 0.000000
vt 0.000000 0.000000
vt 0.000000 0.000000
vt 0.000000 0.000000
vt 0.000000 0.000000
vt 0.000000 0.000000
vt 0.000000 0.000000
vt 0.000000 0.000000
vt 0.000000 0.000000
vt 0.000000 0.000000
vt 0.000000 0.000000
vt 0.000000 0.000000
vt 0.000000 0.000000
vt 0.000000 0.000000
vt 0.000000 0.000000
vt 0.000000 0.000000
vt 0.000000 0.000000
vt 0.000000 0.000000
vt 0.000000 0.000000
vt 0.000000 0.000000
vt 0.000000 0.000000
vt 0.000000 0.000000
vt 0.000000 0.000000
vt 0.000000 0.000000
vt 0.000000 0.000000
vt 0.000000 0.000000
vt 0.000000 0.000000
vt 0.000000 0.000000
vt 0.000000 0.000000
vt 0.000000 0.000000
vt 0.000000 0.000000
vt 0.000000 0.000000
vt 0.000000 0.000000
vt 0.000000 0.000000
vt 0.000000 0.000000
vt 0.000000 0.000000
vt 0.000000 0.000000
vt 0.000000 0.000000
vt 0.000000 0.000000
vt 0.000000 0.000000
vt 0.000000 0.000000
vt 0.000000 0.000000
vt 0.000000 0.000000
vt 0.000000 0.000000
vt 0.000000 0.000000
vt 0.000000 0.000000
vt 0.000000 0.000000
vt 0.000000 0.000000
vt 0.000000 0.000000
vt 0.000000 0.000000
vt 0.000000 0.000000
vt 0.000000 0.000000
vt 0.000000 0.000000
vt 0.000000 0.000000
vt 0.000000 0.000000
vt 0.000000 0.000000
vt 0.000000 0.000000
vt 0.000000 0.000000
vt 0.000000 0.000000
vt 0.000000 0.000000
vt 0.000000 0.000000
vt 0.000000 0.000000
vt 0.000000 0.000000
vt 0.000000 0.000000
vt 0.000000 0.000000
vt 0.000000 0.000000
vt 0.000000 0.000000
vt 0.000000 0.000000
vt 0.000000 0.000000
vt 0.000000 0.000000
vt 0.000000 0.000000
vt 0.000000 0.000000
vt 0.000000 0.000000
vt 0.000000 0.000000
vt 0.000000 0.000000
vt 0.000000 0.000000
vt 0.000000 0.000000
vt 0.000000 0.000000
vt 0.000000 0.000000
vt 0.000000 0.000000
vt 0.000000 0.000000
vt 0.000000 0.000000
vt 0.000000 0.000000
vt 0.000000 0.000000
vt 0.000000 0.000000
vt 0.000000 0.000000
vt 0.000000 0.000000
vt 0.000000 0.000000
vt 0.000000 0.000000
vt 0.000000 0.000000
vt 0.000000 0.000000
vt 0.000000 0.000000
vt 0.000000 0.000000
vt 0.000000 0.000000
vt 0.000000 0.000000
vt 0.000000 0.000000
vt 0.000000 0.000000
vt 0.000000 0.000000
vt 0.000000 0.000000
vt 0.000000 0.000000
vt 0.000000 0.000000
vt 0.000000 0.000000
vt 0.000000 0.000000
vt 0.000000 0.000000
vt 0.000000 0.000000
vt 0.000000 0.000000
vt 0.000000 0.000000
vt 0.000000 0.000000
vt 0.000000 0.000000
vt 0.000000 0.000000
vt 0.000000 0.000000
vt 0.000000 0.000000
vt 0.000000 0.000000
vt 0.000000 0.000000
vt 0.000000 0.000000
vt 0.000000 0.000000
vt 0.000000 0.000000
vt 0.000000 0.000000
vt 0.000000 0.000000
vt 0.000000 0.000000
vt 0.000000 0.000000
vt 0.000000 0.000000
vt 0.000000 0.000000
vt 0.000000 0.000000
vt 0.000000 0.000000
vt 0.000000 0.000000
vt 0.000000 0.000000
vt 0.000000 0.000000
vt 0.000000 0.000000
vt 0.000000 0.000000
vt 0.000000 0.000000
vt 0.000000 0.000000
vt 0.000000 0.000000
vt 0.000000 0.000000
vt 0.000000 0.000000
vt 0.000000 0.000000
vt 0.000000 0.000000
vt 0.000000 0.000000
vt 0.000000 0.000000
vt 0.000000 0.000000
vt 0.000000 0.000000
vt 0.000000 0.000000
vt 0.000000 0.000000
vt 0.000000 0.000000
vt 0.000000 0.000000
vt 0.000000 0.000000
vt 0.000000 0.000000
vt 0.000000 0.000000
vt 0.000000 0.000000
vt 0.000000 0.000000
vt 0.000000 0.000000
vt 0.000000 0.000000
vt 0.000000 0.000000
vt 0.000000 0.000000
vt 0.000000 0.000000
vt 0.000000 0.000000
vt 0.000000 0.000000
vt 0.000000 0.000000
vt 0.000000 0.000000
vt 0.000000 0.000000
vt 0.000000 0.000000
vt 0.000000 0.000000
vt 0.000000 0.000000
vt 0.000000 0.000000
vt 0.000000 0.000000
vt 0.000000 0.000000
vt 0.000000 0.000000
vt 0.000000 0.000000
vt 0.000000 0.000000
vt 0.000000 0.000000
vt 0.000000 0.000000
vt 0.000000 0.000000
vt 0.000000 0.000000
vt 0.000000 0.000000
vt 0.000000 0.000000
vt 0.000000 0.000000
vt 0.000000 0.000000
vt 0.000000 0.000000
vt 0.000000 0.000000
vt 0.000000 0.000000
vt 0.000000 0.000000
vt 0.000000 0.000000
vt 0.000000 0.000000
vt 0.000000 0.000000
vt 0.000000 0.000000
vt 0.000000 0.000000
vt 0.000000 0.000000
vt 0.000000 0.000000
vt 0.000000 0.000000
vt 0.000000 0.000000
vt 0.000000 0.000000
vt 0.000000 0.000000
vt 0.000000 0.000000
vt 0.000000 0.000000
vt 0.000000 0.000000
vt 0.000000 0.000000
vt 0.000000 0.000000
vt 0.000000 0.000000
vt 0.000000 0.000000
vt 0.000000 0.000000
vt 0.000000 0.000000
vt 0.000000 0.000000
vt 0.000000 0.000000
vt 0.000000 0.000000
vt 0.000000 0.000000
vt 0.000000 0.000000
vt 0.000000 0.000000
vt 0.000000 0.000000
vt 0.000000 0.000000
vt 0.000000 0.000000
vt 0.000000 0.000000
vt 0.000000 0.000000
vt 0.000000 0.000000
vt 0.000000 0.000000
vt 0.000000 0.000000
vt 0.000000 0.000000
vt 0.000000 0.000000
vt 0.000000 0.000000
vt 0.000000 0.000000
vt 0.000000 0.000000
vt 0.000000 0.000000
vt 0.000000 0.000000
vt 0.000000 0.000000
vt 0.000000 0.000000
vt 0.000000 0.000000
vt 0.000000 0.000000
vt 0.000000 0.000000
vt 0.000000 0.000000
vt 0.000000 0.000000
vt 0.000000 0.000000
vt 0.000000 0.000000
vt 0.000000 0.000000
vt 0.000000 0.000000
vt 0.000000 0.000000
vt 0.000000 0.000000
vt 0.000000 0.000000
vt 0.000000 0.000000
vt 0.000000 0.000000
vt 0.000000 0.000000
vt 0.000000 0.000000
vt 0.000000 0.000000
vt 0.000000 0.000000
vt 0.000000 0.000000
vt 0.000000 0.000000
vt 0.000000 0.000000
vt 0.000000 0.000000
vt 0.000000 0.000000
vt 0.000000 0.000000
vt 0.000000 0.000000
vt 0.000000 0.000000
vt 0.000000 0.000000
vt 0.000000 0.000000
vt 0.000000 0.000000
vt 0.000000 0.000000
vt 0.000000 0.000000
vt 0.000000 0.000000
vt 0.000000 0.000000
vt 0.000000 0.000000
vt 0.000000 0.000000
vt 0.000000 0.000000
vt 0.000000 0.000000
vt 0.000000 0.000000
vt 0.000000 0.000000
vt 0.000000 0.000000
vt 0.000000 0.000000
vt 0.000000 0.000000
vt 0.000000 0.000000
vt 0.000000 0.000000
vt 0.000000 0.000000
vt 0.000000 0.000000
vt 0.000000 0.000000
vt 0.000000 0.000000
vt 0.000000 0.000000
vt 0.000000 0.000000
vt 0.000000 0.000000
vt 0.000000 0.000000
vt 0.000000 0.000000
vt 0.000000 0.000000
vt 0.000000 0.000000
vt 0.000000 0.000000
vt 0.000000 0.000000
vt 0.000000 0.000000
vt 0.000000 0.000000
vt 0.000000 0.000000
vt 0.000000 0.000000
vt 0.000000 0.000000
vt 0.000000 0.000000
vt 0.000000 0.000000
vt 0.000000 0.000000
vt 0.000000 0.000000
vt 0.000000 0.000000
vt 0.000000 0.000000
vt 0.000000 0.000000
vt 0.000000 0.000000
vt 0.000000 0.000000
vt 0.000000 0.000000
vt 0.000000 0.000000
vt 0.000000 0.000000
vt 0.000000 0.000000
vt 0.000000 0.000000
vt 0.000000 0.000000
vt 0.000000 0.000000
vt 0.000000 0.000000
vt 0.000000 0.000000
vt 0.000000 0.000000
vt 0.000000 0.000000
vt 0.000000 0.000000
vt 0.000000 0.000000
vt 0.000000 0.000000
vt 0.000000 0.000000
vt 0.000000 0.000000
vt 0.000000 0.000000
vt 0.000000 0.000000
vt 0.000000 0.000000
vt 0.000000 0.000000
vt 0.000000 0.000000
vt 0.000000 0.000000
vt 0.000000 0.000000
vt 0.000000 0.000000
vt 0.000000 0.000000
vt 0.000000 0.000000
vt 0.000000 0.000000
vt 0.000000 0.000000
vt 0.000000 0.000000
vt 0.000000 0.000000
vt 0.000000 0.000000
vt 0.000000 0.000000
vt 0.000000 0.000000
vt 0.000000 0.000000
vt 0.000000 0.000000
vt 0.000000 0.000000
vt 0.000000 0.000000
vt 0.000000 0.000000
vt 0.000000 0.000000
vt 0.000000 0.000000
vt 0.000000 0.000000
vt 0.000000 0.000000
vt 0.000000 0.000000
vt 0.000000 0.000000
vt 0.000000 0.000000
vt 0.000000 0.000000
vt 0.000000 0.000000
vt 0.000000 0.000000
vt 0.000000 0.000000
vt 0.000000 0.000000
vt 0.000000 0.000000
vt 0.000000 0.000000
vt 0.000000 0.000000
vt 0.000000 0.000000
vt 0.000000 0.000000
vt 0.000000 0.000000
vt 0.000000 0.000000
vt 0.000000 0.000000
vt 0.000000 0.000000
vt 0.000000 0.000000
vt 0.000000 0.000000
vt 0.000000 0.000000
vt 0.000000 0.000000
vt 0.000000 0.000000
vt 0.000000 0.000000
vt 0.000000 0.000000
vt 0.000000 0.000000
vt 0.000000 0.000000
vt 0.000000 0.000000
vt 0.000000 0.000000
vt 0.000000 0.000000
vt 0.000000 0.000000
vt 0.000000 0.000000
vt 0.000000 0.000000
vt 0.000000 0.000000
vt 0.000000 0.000000
vt 0.000000 0.000000
vt 0.000000 0.000000
vt 0.000000 0.000000
vt 0.000000 0.000000
vt 0.000000 0.000000
vt 0.000000 0.000000
vt 0.000000 0.000000
vt 0.000000 0.000000
vt 0.000000 0.000000
vt 0.000000 0.000000
vt 0.000000 0.000000
vt 0.000000 0.000000
vt 0.000000 0.000000
vt 0.000000 0.000000
vt 0.000000 0.000000
vt 0.000000 0.000000
vt 0.000000 0.000000
vt 0.000000 0.000000
vt 0.000000 0.000000
vt 0.000000 0.000000
vt 0.000000 0.000000
vt 0.000000 0.000000
vt 0.000000 0.000000
vt 0.000000 0.000000
vt 0.000000 0.000000
vt 0.000000 0.000000
vt 0.000000 0.000000
vt 0.000000 0.000000
vt 0.000000 0.000000
vt 0.000000 0.000000
vt 0.000000 0.000000
vt 0.000000 0.000000
vt 0.000000 0.000000
vt 0.000000 0.000000
vt 0.000000 0.000000
vt 0.000000 0.000000
vt 0.000000 0.000000
vt 0.000000 0.000000
vt 0.000000 0.000000
vt 0.000000 0.000000
vt 0.000000 0.000000
vt 0.000000 0.000000
vt 0.000000 0.000000
vt 0.000000 0.000000
vt 0.000000 0.000000
vt 0.000000 0.000000
vt 0.000000 0.000000
vt 0.000000 0.000000
vt 0.000000 0.000000
vt 0.000000 0.000000
vt 0.000000 0.000000
vt 0.000000 0.000000
vt 0.000000 0.000000
vt 0.000000 0.000000
vt 0.000000 0.000000
vt 0.000000 0.000000
vt 0.000000 0.000000
vt 0.000000 0.000000
vt 0.000000 0.000000
vt 0.000000 0.000000
vt 0.000000 0.000000
vt 0.000000 0.000000
vt 0.000000 0.000000
vt 0.000000 0.000000
vt 0.000000 0.000000
vt 0.000000 0.000000
vt 0.000000 0.000000
vt 0.000000 0.000000
vt 0.000000 0.000000
vt 0.000000 0.000000
vt 0.000000 0.000000
vt 0.000000 0.000000
vt 0.000000 0.000000
vt 0.000000 0.000000
vt 0.000000 0.000000
vt 0.000000 0.000000
vt 0.000000 0.000000
vt 0.000000 0.000000
vt 0.000000 0.000000
vt 0.000000 0.000000
vt 0.000000 0.000000
vt 0.000000 0.000000
vt 0.000000 0.000000
vt 0.000000 0.000000
vt 0.000000 0.000000
vt 0.000000 0.000000
vt 0.000000 0.000000
vt 0.000000 0.000000
vt 0.000000 0.000000
vt 0.000000 0.000000
vt 0.000000 0.000000
vt 0.000000 0.000000
vt 0.000000 0.000000
vt 0.000000 0.000000
vt 0.000000 0.000000
vt 0.000000 0.000000
vt 0.000000 0.000000
vt 0.000000 0.000000
vt 0.000000 0.000000
vt 0.000000 0.000000
vt 0.000000 0.000000
vt 0.000000 0.000000
vt 0.000000 0.000000
vt 0.000000 0.000000
vt 0.000000 0.000000
vt 0.000000 0.000000
vt 0.000000 0.000000
vt 0.000000 0.000000
vt 0.000000 0.000000
vt 0.000000 0.000000
vt 0.000000 0.000000
vt 0.000000 0.000000
vt 0.000000 0.000000
vt 0.000000 0.000000
vt 0.000000 0.000000
vt 0.000000 0.000000
vt 0.000000 0.000000
vt 0.000000 0.000000
vt 0.000000 0.000000
vt 0.000000 0.000000
vt 0.000000 0.000000
vt 0.000000 0.000000
vt 0.000000 0.000000
vt 0.000000 0.000000
vt 0.000000 0.000000
vt 0.000000 0.000000
vt 0.000000 0.000000
vt 0.000000 0.000000
vt 0.000000 0.000000
vt 0.000000 0.000000
vt 0.000000 0.000000
vt 0.000000 0.000000
vt 0.000000 0.000000
vt 0.000000 0.000000
vt 0.000000 0.000000
vt 0.000000 0.000000
vt 0.000000 0.000000
vt 0.000000 0.000000
vt 0.000000 0.000000
vt 0.000000 0.000000
vt 0.000000 0.000000
vt 0.000000 0.000000
vt 0.000000 0.000000
vt 0.000000 0.000000
vt 0.000000 0.000000
vt 0.000000 0.000000
vt 0.000000 0.000000
vt 0.000000 0.000000
vt 0.000000 0.000000
vt 0.000000 0.000000
vt 0.000000 0.000000
vt 0.000000 0.000000
vt 0.000000 0.000000
vt 0.000000 0.000000
vt 0.000000 0.000000
vt 0.000000 0.000000
vt 0.000000 0.000000
vt 0.000000 0.000000
vt 0.000000 0.000000
vt 0.000000 0.000000
vt 0.000000 0.000000
vt 0.000000 0.000000
vt 0.000000 0.000000
vt 0.000000 0.000000
vt 0.000000 0.000000
vt 0.000000 0.000000
vt 0.000000 0.000000
vt 0.000000 0.000000
vt 0.000000 0.000000
vt 0.000000 0.000000
vt 0.000000 0.000000
vt 0.000000 0.000000
vt 0.000000 0.000000
vt 0.000000 0.000000
vt 0.000000 0.000000
vt 0.000000 0.000000
vt 0.000000 0.000000
vt 0.000000 0.000000
vt 0.000000 0.000000
vt 0.000000 0.000000
vt 0.000000 0.000000
vt 0.000000 0.000000
vt 0.000000 0.000000
vt 0.000000 0.000000
vt 0.000000 0.000000
vt 0.000000 0.000000
vt 0.000000 0.000000
vt 0.000000 0.000000
vt 0.000000 0.000000
vt 0.000000 0.000000
vt 0.000000 0.000000
vt 0.000000 0.000000
vt 0.000000 0.000000
vt 0.000000 0.000000
vt 0.000000 0.000000
vt 0.000000 0.000000
vt 0.000000 0.000000
vt 0.000000 0.000000
vt 0.000000 0.000000
vt 0.000000 0.000000
vt 0.000000 0.000000
vt 0.000000 0.000000
vt 0.000000 0.000000
vt 0.000000 0.000000
vt 0.000000 0.000000
vt 0.000000 0.000000
vt 0.000000 0.000000
vt 0.000000 0.000000
vt 0.000000 0.000000
vt 0.000000 0.000000
vt 0.000000 0.000000
vt 0.000000 0.000000
vt 0.000000 0.000000
vt 0.000000 0.000000
vt 0.000000 0.000000
vt 0.000000 0.000000
vt 0.000000 0.000000
vt 0.000000 0.000000
vt 0.000000 0.000000
vt 0.000000 0.000000
vt 0.000000 0.000000
vt 0.000000 0.000000
vt 0.000000 0.000000
vt 0.000000 0.000000
vt 0.000000 0.000000
vt 0.000000 0.000000
vt 0.000000 0.000000
vt 0.000000 0.000000
vt 0.000000 0.000000
vt 0.000000 0.000000
vt 0.000000 0.000000
vt 0.000000 0.000000
vt 0.000000 0.000000
vt 0.000000 0.000000
vt 0.000000 0.000000
vt 0.000000 0.000000
vt 0.000000 0.000000
vt 0.000000 0.000000
vt 0.000000 0.000000
vt 0.000000 0.000000
vt 0.000000 0.000000
vt 0.000000 0.000000
vt 0.000000 0.000000
vt 0.000000 0.000000
vt 0.000000 0.000000
vt 0.000000 0.000000
vt 0.000000 0.000000
vt 0.000000 0.000000
vt 0.000000 0.000000
vt 0.000000 0.000000
vt 0.000000 0.000000
vt 0.000000 0.000000
vt 0.000000 0.000000
vt 0.000000 0.000000
vt 0.000000 0.000000
vt 0.000000 0.000000
vt 0.000000 0.000000
vt 0.000000 0.000000
vt 0.000000 0.000000
vt 0.000000 0.000000
vt 0.000000 0.000000
vt 0.000000 0.000000
vt 0.000000 0.000000
vt 0.000000 0.000000
vt 0.000000 0.000000
vt 0.000000 0.000000
vt 0.000000 0.000000
vt 0.000000 0.000000
vt 0.000000 0.000000
vt 0.000000 0.000000
vt 0.000000 0.000000
vt 0.000000 0.000000
vt 0.000000 0.000000
vt 0.000000 0.000000
vt 0.000000 0.000000
vt 0.000000 0.000000
vt 0.000000 0.000000
vt 0.000000 0.000000
vt 0.000000 0.000000
vt 0.000000 0.000000
vt 0.000000 0.000000
vt 0.000000 0.000000
vt 0.000000 0.000000
vt 0.000000 0.000000
vt 0.000000 0.000000
vt 0.000000 0.000000
vt 0.000000 0.000000
vt 0.000000 0.000000
vt 0.000000 0.000000
vt 0.000000 0.000000
vt 0.000000 0.000000
vt 0.000000 0.000000
vt 0.000000 0.000000
vt 0.000000 0.000000
vt 0.000000 0.000000
vt 0.000000 0.000000
vt 0.000000 0.000000
vt 0.000000 0.000000
vt 0.000000 0.000000
vt 0.000000 0.000000
vt 0.000000 0.000000
vt 0.000000 0.000000
vt 0.000000 0.000000
vt 0.000000 0.000000
vt 0.000000 0.000000
vt 0.000000 0.000000
vt 0.000000 0.000000
vt 0.000000 0.000000
vt 0.000000 0.000000
vt 0.000000 0.000000
vt 0.000000 0.000000
vt 0.000000 0.000000
vt 0.000000 0.000000
vt 0.000000 0.000000
vt 0.000000 0.000000
vt 0.000000 0.000000
vt 0.000000 0.000000
vt 0.000000 0.000000
vt 0.000000 0.000000
vt 0.000000 0.000000
vt 0.000000 0.000000
vt 0.000000 0.000000
vt 0.000000 0.000000
vt 0.000000 0.000000
vt 0.000000 0.000000
vt 0.000000 0.000000
vt 0.000000 0.000000
vt 0.000000 0.000000
vt 0.000000 0.000000
vt 0.000000 0.000000
vt 0.000000 0.000000
vt 0.000000 0.000000
vt 0.000000 0.000000
vt 0.000000 0.000000
vt 0.000000 0.000000
vt 0.000000 0.000000
vt 0.000000 0.000000
vt 0.000000 0.000000
vt 0.000000 0.000000
vt 0.000000 0.000000
vt 0.000000 0.000000
vt 0.000000 0.000000
vt 0.000000 0.000000
vt 0.000000 0.000000
vt 0.000000 0.000000
vt 0.000000 0.000000
vt 0.000000 0.000000
vt 0.000000 0.000000
vt 0.000000 0.000000
vt 0.000000 0.000000
vt 0.000000 0.000000
vt 0.000000 0.000000
vt 0.000000 0.000000
vt 0.000000 0.000000
vt 0.000000 0.000000
vt 0.000000 0.000000
vt 0.000000 0.000000
vt 0.000000 0.000000
vt 0.000000 0.000000
vt 0.000000 0.000000
vt 0.000000 0.000000
vt 0.000000 0.000000
vt 0.000000 0.000000
vt 0.000000 0.000000
vt 0.000000 0.000000
vt 0.000000 0.000000
vt 0.000000 0.000000
vt 0.000000 0.000000
vt 0.000000 0.000000
vt 0.000000 0.000000
vt 0.000000 0.000000
vt 0.000000 0.000000
vt 0.000000 0.000000
vt 0.000000 0.000000
vt 0.000000 0.000000
vt 0.000000 0.000000
vt 0.000000 0.000000
vt 0.000000 0.000000
vt 0.000000 0.000000
vt 0.000000 0.000000
vt 0.000000 0.000000
vt 0.000000 0.000000
vt 0.000000 0.000000
vt 0.000000 0.000000
vt 0.000000 0.000000
vt 0.000000 0.000000
vt 0.000000 0.000000
vt 0.000000 0.000000
vt 0.000000 0.000000
vt 0.000000 0.000000
vt 0.000000 0.000000
vt 0.000000 0.000000
vt 0.000000 0.000000
vt 0.000000 0.000000
vt 0.000000 0.000000
vt 0.000000 0.000000
vt 0.000000 0.000000
vt 0.000000 0.000000
vt 0.000000 0.000000
vt 0.000000 0.000000
vt 0.000000 0.000000
vt 0.000000 0.000000
vt 0.000000 0.000000
vt 0.000000 0.000000
vt 0.000000 0.000000
vt 0.000000 0.000000
vt 0.000000 0.000000
vt 0.000000 0.000000
vt 0.000000 0.000000
vt 0.000000 0.000000
vt 0.000000 0.000000
vt 0.000000 0.000000
vt 0.000000 0.000000
vt 0.000000 0.000000
vt 0.000000 0.000000
vt 0.000000 0.000000
vt 0.000000 0.000000
vt 0.000000 0.000000
vt 0.000000 0.000000
vt 0.000000 0.000000
vt 0.000000 0.000000
vt 0.000000 0.000000
vt 0.000000 0.000000
vt 0.000000 0.000000
vt 0.000000 0.000000
vt 0.000000 0.000000
vt 0.000000 0.000000
vt 0.000000 0.000000
vt 0.000000 0.000000
vt 0.000000 0.000000
vt 0.000000 0.000000
vt 0.000000 0.000000
vt 0.000000 0.000000
vt 0.000000 0.000000
vt 0.000000 0.000000
vt 0.000000 0.000000
vt 0.000000 0.000000
vt 0.000000 0.000000
vt 0.000000 0.000000
vt 0.000000 0.000000
vt 0.000000 0.000000
vt 0.000000 0.000000
vt 0.000000 0.000000
vt 0.000000 0.000000
vt 0.000000 0.000000
vt 0.000000 0.000000
vt 0.000000 0.000000
vt 0.000000 0.000000
vt 0.000000 0.000000
vt 0.000000 0.000000
vt 0.000000 0.000000
vt 0.000000 0.000000
vt 0.000000 0.000000
vt 0.000000 0.000000
vt 0.000000 0.000000
vt 0.000000 0.000000
vt 0.000000 0.000000
vt 0.000000 0.000000
vt 0.000000 0.000000
vt 0.000000 0.000000
vt 0.000000 0.000000
vt 0.000000 0.000000
vt 0.000000 0.000000
vt 0.000000 0.000000
vt 0.000000 0.000000
vt 0.000000 0.000000
vt 0.000000 0.000000
vt 0.000000 0.000000
vt 0.000000 0.000000
vt 0.000000 0.000000
vt 0.000000 0.000000
vt 0.000000 0.000000
vt 0.000000 0.000000
vt 0.000000 0.000000
vt 0.000000 0.000000
vt 0.000000 0.000000
vt 0.000000 0.000000
vt 0.000000 0.000000
vt 0.000000 0.000000
vt 0.000000 0.000000
vt 0.000000 0.000000
vt 0.000000 0.000000
vt 0.000000 0.000000
vt 0.000000 0.000000
vt 0.000000 0.000000
vt 0.000000 0.000000
vt 0.000000 0.000000
vt 0.000000 0.000000
vt 0.000000 0.000000
vt 0.000000 0.000000
vt 0.000000 0.000000
vt 0.000000 0.000000
vt 0.000000 0.000000
vt 0.000000 0.000000
vt 0.000000 0.000000
vt 0.000000 0.000000
vt 0.000000 0.000000
vt 0.000000 0.000000
vt 0.000000 0.000000
vt 0.000000 0.000000
vt 0.000000 0.000000
vt 0.000000 0.000000
vt 0.000000 0.000000
vt 0.000000 0.000000
vt 0.000000 0.000000
vt 0.000000 0.000000
vt 0.000000 0.000000
vt 0.000000 0.000000
vt 0.000000 0.000000
vt 0.000000 0.000000
vt 0.000000 0.000000
vt 0.000000 0.000000
vt 0.000000 0.000000
vt 0.000000 0.000000
vt 0.000000 0.000000
vt 0.000000 0.000000
vt 0.000000 0.000000
vt 0.000000 0.000000
vt 0.000000 0.000000
vt 0.000000 0.000000
vt 0.000000 0.000000
vt 0.000000 0.000000
vt 0.000000 0.000000
vt 0.000000 0.000000
vt 0.000000 0.000000
vt 0.000000 0.000000
vt 0.000000 0.000000
vt 0.000000 0.000000
vt 0.000000 0.000000
vt 0.000000 0.000000
vt 0.000000 0.000000
vt 0.000000 0.000000
vt 0.000000 0.000000
vt 0.000000 0.000000
vt 0.000000 0.000000
vt 0.000000 0.000000
vt 0.000000 0.000000
vt 0.000000 0.000000
vt 0.000000 0.000000
vt 0.000000 0.000000
vt 0.000000 0.000000
vt 0.000000 0.000000
vt 0.000000 0.000000
vt 0.000000 0.000000
vt 0.000000 0.000000
vt 0.000000 0.000000
vt 0.000000 0.000000
vt 0.000000 0.000000
vt 0.000000 0.000000
vt 0.000000 0.000000
vt 0.000000 0.000000
vt 0.000000 0.000000
vt 0.000000 0.000000
vt 0.000000 0.000000
vt 0.000000 0.000000
vt 0.000000 0.000000
vt 0.000000 0.000000
vt 0.000000 0.000000
vt 0.000000 0.000000
vt 0.000000 0.000000
vt 0.000000 0.000000
vt 0.000000 0.000000
vt 0.000000 0.000000
vt 0.000000 0.000000
vt 0.000000 0.000000
vt 0.000000 0.000000
vt 0.000000 0.000000
vt 0.000000 0.000000
vt 0.000000 0.000000
vt 0.000000 0.000000
vt 0.000000 0.000000
vt 0.000000 0.000000
vt 0.000000 0.000000
vt 0.000000 0.000000
vt 0.000000 0.000000
vt 0.000000 0.000000
vt 0.000000 0.000000
vt 0.000000 0.000000
vt 0.000000 0.000000
vt 0.000000 0.000000
vt 0.000000 0.000000
vt 0.000000 0.000000
vt 0.000000 0.000000
vt 0.000000 0.000000
vt 0.000000 0.000000
vt 0.000000 0.000000
vt 0.000000 0.000000
vt 0.000000 0.000000
vt 0.000000 0.000000
vt 0.000000 0.000000
vt 0.000000 0.000000
vt 0.000000 0.000000
vt 0.000000 0.000000
vt 0.000000 0.000000
vt 0.000000 0.000000
vt 0.000000 0.000000
vt 0.000000 0.000000
vt 0.000000 0.000000
vt 0.000000 0.000000
vt 0.000000 0.000000
vt 0.000000 0.000000
vt 0.000000 0.000000
vt 0.000000 0.000000
vt 0.000000 0.000000
vt 0.000000 0.000000
vt 0.000000 0.000000
vt 0.000000 0.000000
vt 0.000000 0.000000
vt 0.000000 0.000000
vt 0.000000 0.000000
vt 0.000000 0.000000
vt 0.000000 0.000000
vt 0.000000 0.000000
vt 0.000000 0.000000
vt 0.000000 0.000000
vt 0.000000 0.000000
vt 0.000000 0.000000
vt 0.000000 0.000000
vt 0.000000 0.000000
vt 0.000000 0.000000
vt 0.000000 0.000000
vt 0.000000 0.000000
vt 0.000000 0.000000
vt 0.000000 0.000000
vt 0.000000 0.000000
vt 0.000000 0.000000
vt 0.000000 0.000000
vt 0.000000 0.000000
vt 0.000000 0.000000
vt 0.000000 0.000000
vt 0.000000 0.000000
vt 0.000000 0.000000
vt 0.000000 0.000000
vt 0.000000 0.000000
vt 0.000000 0.000000
vt 0.000000 0.000000
vt 0.000000 0.000000
vt 0.000000 0.000000
vt 0.000000 0.000000
vt 0.000000 0.000000
vt 0.000000 0.000000
vt 0.000000 0.000000
vt 0.000000 0.000000
vt 0.000000 0.000000
vt 0.000000 0.000000
vt 0.000000 0.000000
vt 0.000000 0.000000
vt 0.000000 0.000000
vt 0.000000 0.000000
vt 0.000000 0.000000
vt 0.000000 0.000000
vt 0.000000 0.000000
vt 0.000000 0.000000
vt 0.000000 0.000000
vt 0.000000 0.000000
vt 0.000000 0.000000
vt 0.000000 0.000000
vt 0.000000 0.000000
vt 0.000000 0.000000
vt 0.000000 0.000000
vt 0.000000 0.000000
vt 0.000000 0.000000
vt 0.000000 0.000000
vt 0.000000 0.000000
vt 0.000000 0.000000
vt 0.000000 0.000000
vt 0.000000 0.000000
vt 0.000000 0.000000
vt 0.000000 0.000000
vt 0.000000 0.000000
vt 0.000000 0.000000
vt 0.000000 0.000000
vt 0.000000 0.000000
vt 0.000000 0.000000
vt 0.000000 0.000000
vt 0.000000 0.000000
vt 0.000000 0.000000
vt 0.000000 0.000000
vt 0.000000 0.000000
vt 0.000000 0.000000
vt 0.000000 0.000000
vt 0.000000 0.000000
vt 0.000000 0.000000
vt 0.000000 0.000000
vt 0.000000 0.000000
vt 0.000000 0.000000
vt 0.000000 0.000000
vt 0.000000 0.000000
vt 0.000000 0.000000
vt 0.000000 0.000000
vt 0.000000 0.000000
vt 0.000000 0.000000
vt 0.000000 0.000000
vt 0.000000 0.000000
vt 0.000000 0.000000
vt 0.000000 0.000000
vt 0.000000 0.000000
vt 0.000000 0.000000
vt 0.000000 0.000000
vt 0.000000 0.000000
vt 0.000000 0.000000
vt 0.000000 0.000000
vt 0.000000 0.000000
vt 0.000000 0.000000
vt 0.000000 0.000000
vt 0.000000 0.000000
vt 0.000000 0.000000
vt 0.000000 0.000000
vt 0.000000 0.000000
vt 0.000000 0.000000
vt 0.000000 0.000000
vt 0.000000 0.000000
vt 0.000000 0.000000
vt 0.000000 0.000000
vt 0.000000 0.000000
vt 0.000000 0.000000
vt 0.000000 0.000000
vt 0.000000 0.000000
vt 0.000000 0.000000
vt 0.000000 0.000000
vt 0.000000 0.000000
vt 0.000000 0.000000
vt 0.000000 0.000000
vt 0.000000 0.000000
vt 0.000000 0.000000
vt 0.000000 0.000000
vt 0.000000 0.000000
vt 0.000000 0.000000
vt 0.000000 0.000000
vt 0.000000 0.000000
vt 0.000000 0.000000
vt 0.000000 0.000000
vt 0.000000 0.000000
vt 0.000000 0.000000
vn 0.0371 0.9891 0.1424
vn 0.0372 0.9889 0.1440
vn 0.0024 -0.2959 -0.9552
vn 0.0006 -0.9996 0.0298
vn -0.0306 0.1978 -0.9798
vn 0.0020 0.2222 -0.9750
vn -0.0034 0.1610 -0.9869
vn -0.0320 -0.9995 -0.0015
vn -0.0318 -0.9995 0.0049
vn 0.8659 -0.1938 -0.4611
vn 0.8866 -0.2383 -0.3963
vn 0.9495 -0.2058 -0.2368
vn 0.9628 -0.1303 -0.2367
vn 0.9574 -0.1978 -0.2105
vn 0.8912 -0.2116 -0.4012
vn 0.9079 -0.1352 -0.3968
vn 0.9696 -0.1172 -0.2148
vn 0.7415 -0.2126 -0.6363
vn 0.8050 -0.2160 -0.5526
vn 0.0390 -0.1689 -0.9849
vn 0.1081 -0.1862 -0.9765
vn 0.1377 -0.1760 -0.9747
vn 0.0021 -0.1618 -0.9868
vn 0.0814 -0.1813 -0.9801
vn 0.0514 -0.1551 -0.9866
vn 0.0667 -0.1619 -0.9845
vn 0.0655 -0.1622 -0.9846
vn 0.8322 -0.1729 -0.5269
vn 0.9243 0.0289 -0.3807
vn 0.9194 -0.0695 -0.3870
vn 0.8443 -0.0930 -0.5277
vn 0.9750 -0.0431 -0.2178
vn 0.9723 0.0492 -0.2286
vn 0.9450 -0.1526 -0.2893
vn 0.9065 -0.1286 -0.4022
vn 0.9612 -0.0770 -0.2649
vn 0.9039 -0.3199 -0.2840
vn 0.9591 -0.1315 -0.2508
vn 0.9684 -0.0608 -0.2418
vn 0.7273 -0.1949 -0.6581
vn 0.0110 -0.1714 -0.9851
vn 0.0324 -0.1807 -0.9830
vn 0.1152 -0.1754 -0.9777
vn 0.5085 -0.7262 -0.4627
vn 0.6752 -0.5388 -0.5038
vn 0.7686 -0.5724 -0.2856
vn 0.7911 -0.3344 -0.5121
vn 0.3194 -0.9242 -0.2095
vn 0.2650 -0.9407 -0.2118
vn 0.3497 -0.9043 -0.2450
vn 0.5441 -0.7871 -0.2907
vn 0.3724 -0.8519 -0.3683
vn 0.2785 -0.9340 -0.2238
vn 0.4108 -0.6756 -0.6123
vn 0.5236 -0.5089 -0.6833
vn 0.6333 -0.3257 -0.7021
vn 0.8474 -0.1836 -0.4981
vn 0.0272 -0.1827 -0.9828
vn 0.0506 -0.2096 -0.9765
vn 0.0512 -0.2294 -0.9720
vn 0.0661 -0.2529 -0.9652
vn 0.0662 -0.2713 -0.9602
vn 0.0661 -0.2709 -0.9603
vn 0.3377 -0.8152 -0.4705
vn 0.3167 -0.8684 -0.3815
vn 0.2383 -0.9485 -0.2087
vn 0.2442 -0.9487 -0.2007
vn 0.2476 -0.9513 -0.1837
vn 0.8275 0.2149 -0.5187
vn 0.9260 0.2529 -0.2803
vn 0.9407 0.1524 -0.3029
vn 0.9413 0.0480 -0.3342
vn 0.8417 0.1749 -0.5109
vn 0.9444 0.1902 -0.2681
vn 0.9530 0.1085 -0.2828
vn 0.9528 0.0263 -0.3024
vn 0.9434 -0.0196 -0.3309
vn 0.9662 0.0227 -0.2568
vn 0.9578 -0.0311 -0.2858
vn 0.9644 0.1084 -0.2412
vn 0.9525 0.1975 -0.2318
vn 0.9292 0.2794 -0.2418
vn 0.9613 -0.0026 -0.2754
vn 0.9434 -0.0190 -0.3312
vn 0.9511 0.0467 -0.3054
vn 0.8769 0.0656 -0.4761
vn 0.8777 0.2092 -0.4312
vn 0.8808 0.1721 -0.4410
vn 0.9534 0.1094 -0.2812
vn 0.8697 -0.0210 -0.4932
vn 0.7963 0.0327 -0.6041
vn 0.9324 -0.0173 -0.3611
vn 0.0247 -0.0592 -0.9979
vn 0.0913 -0.1497 -0.9845
vn -0.0124 -0.1576 -0.9874
vn 0.1121 -0.1587 -0.9809
vn 0.0979 -0.1477 -0.9842
vn 0.7649 0.1507 -0.6263
vn 0.8644 0.1491 -0.4802
vn 0.7821 -0.0583 -0.6204
vn 0.6228 0.0135 -0.7823
vn 0.0293 0.8607 -0.5083
vn 0.0568 0.8514 -0.5215
vn 0.0249 0.8894 -0.4565
vn 0.6352 0.3080 -0.7083
vn 0.7063 0.4351 -0.5585
vn 0.0120 0.5689 -0.8223
vn 0.0038 0.5470 -0.8372
vn 0.0301 0.7445 -0.6669
vn 0.0430 0.7751 -0.6304
vn 0.8671 0.1405 -0.4780
vn 0.7419 0.2777 -0.6104
vn 0.9098 0.1396 -0.3908
vn 0.9712 0.0694 -0.2280
vn 0.9537 0.1556 -0.2572
vn 0.8458 0.1426 -0.5141
vn 0.8557 0.0088 -0.5175
vn 0.1330 -0.1171 -0.9842
vn 0.0448 -0.1558 -0.9868
vn 0.8123 0.1273 -0.5692
vn 0.8071 0.5372 -0.2449
vn 0.6824 0.6934 -0.2316
vn 0.6715 0.7124 -0.2038
vn 0.5389 0.8152 -0.2122
vn 0.5201 0.8332 -0.1879
vn 0.8906 0.3679 -0.2675
vn 0.8888 0.3944 -0.2335
vn 0.8053 0.5535 -0.2123
vn 0.8935 0.3549 -0.2751
vn 0.8092 0.5279 -0.2579
vn 0.6313 0.1843 -0.7533
vn 0.6360 0.1623 -0.7544
vn 0.6357 0.1625 -0.7546
vn 0.6190 0.2285 -0.7514
vn 0.6236 0.2174 -0.7509
vn 0.0112 -0.2789 -0.9603
vn -0.0462 -0.1644 -0.9853
vn -0.0505 -0.1641 -0.9852
vn -0.0623 0.0409 -0.9972
vn -0.0604 0.0348 -0.9976
vn -0.0417 0.3023 -0.9523
vn -0.0321 0.3039 -0.9521
vn 0.6705 0.2291 -0.7057
vn 0.5421 0.8124 -0.2146
vn 0.3841 0.9032 -0.1914
vn 0.3872 0.9017 -0.1922
vn 0.2542 0.9518 -0.1718
vn 0.2507 0.9542 -0.1634
vn 0.5219 0.4299 -0.7368
vn 0.4479 0.5244 -0.7241
vn 0.4738 0.4991 -0.7255
vn 0.3831 0.6122 -0.6917
vn 0.3878 0.6079 -0.6928
vn 0.1813 0.9706 -0.1583
vn 0.1692 0.9746 -0.1468
vn 0.1650 0.9742 -0.1537
vn -0.1435 0.9831 -0.1138
vn 0.6876 0.6863 -0.2369
vn 0.3664 0.9155 -0.1665
vn 0.2379 0.0154 -0.9712
vn 0.2639 0.0081 -0.9645
vn 0.3359 -0.0988 -0.9367
vn 0.2694 -0.2456 -0.9312
vn 0.2716 -0.2425 -0.9314
vn 0.1959 -0.2918 -0.9362
vn 0.2008 -0.2831 -0.9378
vn 0.3378 0.6696 -0.6615
vn 0.3217 0.6523 -0.6863
vn 0.0902 0.8152 -0.5722
vn 0.1511 0.7663 -0.6244
vn 0.1408 0.0187 -0.9899
vn 0.1023 -0.3121 -0.9445
vn 0.1056 -0.3047 -0.9466
vn 0.0109 -0.2742 -0.9616
vn 0.5774 0.3291 -0.7472
vn 0.5412 0.4041 -0.7374
vn 0.5893 0.3079 -0.7469
vn 0.0260 0.8945 -0.4462
vn -0.0691 0.8399 -0.5383
vn -0.9944 0.0356 0.0992
vn -0.9955 0.0399 0.0859
vn -0.9976 0.0684 -0.0121
vn -0.9914 0.0364 0.1259
vn -0.9917 0.0350 0.1239
vn -0.1792 0.9801 -0.0851
vn -0.3546 0.9318 -0.0775
vn -0.3537 0.9321 -0.0776
vn -0.3406 0.9376 -0.0707
vn 0.9742 -0.0808 -0.2106
vn 0.9778 -0.0287 -0.2074
vn 0.9820 -0.0203 -0.1876
vn 0.9672 -0.1232 -0.2222
vn 0.5240 -0.8201 -0.2298
vn 0.5319 -0.8091 -0.2501
vn 0.5234 -0.8307 -0.1898
vn 0.7749 -0.5876 -0.2329
vn 0.9169 -0.3202 -0.2382
vn 0.2244 -0.9639 -0.1434
vn 0.2393 -0.9565 -0.1665
vn 0.3003 -0.9370 -0.1783
vn 0.2473 -0.9563 -0.1559
vn 0.2313 -0.9630 -0.1381
vn 0.9586 -0.1869 -0.2150
vn 0.9783 -0.1136 -0.1733
vn 0.9668 -0.1717 -0.1894
vn 0.9808 0.0088 -0.1950
vn 0.9824 -0.0572 -0.1778
vn 0.9829 -0.0193 -0.1832
vn 0.9646 -0.1725 -0.1994
vn 0.9715 -0.1552 -0.1791
vn 0.9765 0.0071 -0.2154
vn 0.9698 0.0198 -0.2433
vn 0.9765 0.0602 -0.2068
vn 0.9793 0.0121 -0.2022
vn 0.9708 -0.0050 -0.2400
vn 0.9762 0.0106 -0.2167
vn 0.9693 0.1234 -0.2128
vn 0.9560 0.2059 -0.2090
vn 0.9741 0.0512 -0.2204
vn 0.3490 0.9263 -0.1421
vn 0.2309 0.9631 -0.1383
vn 0.2163 0.9686 -0.1223
vn 0.6725 0.7193 -0.1745
vn 0.5127 0.8433 -0.1614
vn 0.9314 0.3009 -0.2047
vn 0.8859 0.4209 -0.1950
vn 0.8052 0.5655 -0.1784
vn 0.9828 -0.0540 -0.1764
vn 0.9845 -0.0652 -0.1627
vn 0.9834 -0.1093 -0.1449
vn 0.9828 -0.0874 -0.1630
vn 0.9811 -0.1288 -0.1442
vn 0.9850 -0.1352 -0.1073
vn 0.9776 -0.1431 -0.1543
vn 0.9776 -0.1550 -0.1424
vn 0.9725 -0.1657 -0.1638
vn 0.1468 0.9812 -0.1255
vn 0.1347 0.9850 -0.1080
vn 0.1235 0.9848 -0.1225
vn 0.1085 0.9885 -0.1056
vn -0.5244 0.8512 -0.0221
vn -0.9928 0.0057 0.1193
vn -0.9928 0.0497 0.1094
vn 0.9859 0.0086 -0.1672
vn 0.9749 -0.1172 -0.1892
vn 0.9846 -0.0037 -0.1749
vn 0.9943 0.0117 -0.1056
vn 0.9942 0.0031 -0.1075
vn 0.9979 -0.0062 0.0640
vn 0.9923 -0.0554 -0.1109
vn 0.9959 -0.0775 0.0466
vn 0.9332 -0.1287 0.3354
vn 0.7212 -0.1812 0.6686
vn 0.7137 -0.1111 0.6916
vn 0.9285 -0.0538 0.3674
vn 0.9129 -0.0632 0.4033
vn 0.9968 -0.0144 0.0791
vn 0.6913 -0.1082 0.7144
vn 0.6010 -0.2760 0.7501
vn 0.8185 -0.3415 0.4620
vn 0.8811 -0.1698 0.4415
vn 0.6552 -0.1879 0.7317
vn 0.9858 -0.1353 0.0989
vn 0.9271 -0.3580 0.1109
vn 0.4559 -0.1596 0.8756
vn 0.3851 -0.1343 0.9130
vn 0.4805 -0.1384 0.8660
vn 0.3698 -0.2006 0.9072
vn 0.4641 -0.2028 0.8622
vn 0.9191 -0.3387 -0.2015
vn 0.9867 -0.1128 -0.1174
vn 0.9285 -0.3488 -0.1271
vn 0.7632 -0.6345 -0.1220
vn 0.7604 -0.6192 -0.1961
vn 0.5127 -0.8527 -0.1001
vn 0.7646 -0.6364 0.1017
vn 0.5169 -0.8505 0.0970
vn 0.5099 -0.8424 -0.1743
vn 0.2191 -0.9735 -0.0663
vn 0.2957 -0.9438 -0.1475
vn 0.3929 -0.2742 0.8777
vn 0.3612 -0.1963 0.9116
vn 0.2462 -0.4077 0.8793
vn 0.3678 -0.5897 0.7190
vn 0.5154 -0.4406 0.7350
vn 0.2596 -0.3121 0.9139
vn 0.6850 -0.5774 0.4442
vn 0.4707 -0.7754 0.4209
vn 0.2129 -0.6379 0.7401
vn 0.2060 -0.7102 0.6732
vn 0.2133 -0.8578 0.4677
vn 0.2675 -0.8536 0.4470
vn 0.3046 -0.9441 0.1259
vn 0.2204 -0.9628 0.1565
vn 0.1302 -0.3789 0.9162
vn 0.1654 -0.4516 0.8767
vn 0.1882 -0.8697 0.4563
vn 0.1917 -0.9263 0.3244
vn 0.1965 -0.9720 0.1286
vn 0.3081 -0.9482 -0.0777
vn 0.2040 -0.9713 -0.1221
vn 0.9796 -0.0131 -0.2004
vn 0.9836 -0.0365 -0.1764
vn 0.9821 -0.0206 -0.1874
vn 0.9809 -0.0753 -0.1794
vn 0.9874 -0.1558 0.0286
vn 0.9791 -0.2030 0.0157
vn 0.9210 -0.2756 0.2754
vn 0.7081 -0.3410 0.6184
vn 0.7196 -0.2739 0.6381
vn 0.9276 -0.2203 0.3017
vn 0.4647 -0.2794 0.8403
vn 0.3699 -0.2719 0.8884
vn 0.4446 -0.3388 0.8292
vn 0.3499 -0.3229 0.8794
vn 0.9837 0.0072 -0.1795
vn 0.9793 0.0232 -0.2011
vn 0.9719 0.1436 -0.1864
vn 0.9765 0.1602 -0.1443
vn 0.9833 0.0825 -0.1622
vn 0.9779 0.0775 -0.1940
vn 0.9287 0.3452 -0.1356
vn 0.9285 0.3283 -0.1735
vn 0.8786 0.4476 -0.1662
vn 0.7975 0.5889 -0.1314
vn 0.8769 0.4616 -0.1341
vn 0.7996 0.5791 -0.1587
vn 0.9603 0.2424 -0.1382
vn 0.9573 0.2259 -0.1802
vn 0.9862 -0.1201 -0.1136
vn 0.9824 -0.1575 -0.1004
vn 0.9877 -0.1522 -0.0354
vn 0.9808 -0.1946 -0.0145
vn 0.8110 -0.3899 0.4363
vn 0.9160 -0.3059 0.2596
vn 0.9351 -0.3007 0.1875
vn 0.4564 -0.4512 0.7669
vn 0.4323 -0.4983 0.7516
vn 0.3053 -0.4952 0.8134
vn 0.3417 -0.4419 0.8294
vn 0.1717 -0.4781 0.8613
vn 0.2832 -0.5546 0.7824
vn 0.1396 -0.5422 0.8286
vn 0.4165 -0.5509 0.7232
vn 0.6871 -0.3833 0.6173
vn 0.3987 -0.3889 0.8305
vn 0.2966 -0.3680 0.8813
vn 0.2239 -0.4213 0.8789
vn 0.1281 0.9877 -0.0899
vn 0.2057 0.9734 -0.1009
vn 0.1244 0.9897 -0.0711
vn 0.1020 0.9909 -0.0878
vn 0.0998 0.9926 -0.0694
vn 0.3381 0.9337 -0.1181
vn 0.5085 0.8502 -0.1367
vn 0.3289 0.9396 -0.0946
vn 0.1982 0.9769 -0.0801
vn -0.5285 0.8488 -0.0155
vn -0.5287 0.8487 -0.0142
vn -0.4629 0.8863 -0.0136
vn -0.5453 0.8381 -0.0153
vn -0.9962 0.0316 0.0815
vn -0.9960 0.0326 0.0833
vn -0.9950 0.0289 0.0954
vn -0.9952 0.0275 0.0935
vn 0.6720 0.7301 -0.1242
vn 0.5033 0.8569 -0.1113
vn 0.6731 0.7242 -0.1499
vn 0.9935 -0.0450 -0.1047
vn 0.9884 -0.0275 -0.1494
vn 0.9917 0.0142 -0.1280
vn 0.9890 -0.0762 -0.1265
vn 0.9923 -0.1147 -0.0461
vn 0.3866 -0.6103 0.6914
vn 0.2509 -0.6209 0.7427
vn 0.1035 -0.6153 0.7815
vn 0.2137 -0.6816 0.6998
vn 0.0727 -0.6823 0.7275
vn 0.3429 -0.6676 0.6609
vn 0.9440 -0.2888 0.1595
vn 0.8499 -0.4046 0.3377
vn 0.8449 -0.4042 0.3502
vn 0.8283 -0.4527 0.3300
vn 0.9796 0.1732 -0.1022
vn 0.9832 0.1660 -0.0763
vn 0.9912 0.1011 -0.0852
vn 0.9864 0.1197 -0.1128
vn 0.9890 0.0746 -0.1280
vn 0.9943 0.0484 -0.0945
vn 0.9931 0.1016 -0.0589
vn 0.9965 0.0517 -0.0662
vn 0.9981 0.0011 -0.0618
vn 0.9976 -0.0651 -0.0218
vn 0.9940 -0.1092 -0.0113
vn 0.9994 -0.0226 -0.0272
vn 0.8821 0.4649 -0.0763
vn 0.9327 0.3525 -0.0763
vn 0.9314 0.3493 -0.1023
vn 0.7983 0.5977 -0.0741
vn 0.8801 0.4634 -0.1036
vn 0.7987 0.5930 -0.1027
vn 0.9633 0.2492 -0.1002
vn 0.9644 0.2535 -0.0751
vn 0.2731 -0.7969 0.5389
vn 0.2630 -0.8643 0.4287
vn 0.1836 -0.8773 0.4435
vn 0.1825 -0.8086 0.5593
vn 0.0982 -0.8846 0.4558
vn 0.1770 -0.9343 0.3093
vn 0.0994 -0.9430 0.3175
vn 0.2508 -0.9203 0.3001
vn 0.2997 -0.7285 0.6161
vn 0.1899 -0.7413 0.6437
vn 0.0694 -0.7450 0.6635
vn 0.0843 -0.8139 0.5749
vn 0.7580 -0.5650 0.3257
vn 0.9079 -0.3779 0.1816
vn 0.7432 -0.6147 0.2641
vn 0.7426 -0.6157 0.2636
vn 0.7357 -0.6513 0.1860
vn 0.9888 -0.1484 0.0124
vn 0.9207 -0.3425 0.1873
vn 0.7967 -0.4980 0.3424
vn 0.9965 -0.0359 -0.0760
vn 0.3228 0.9454 -0.0446
vn 0.4921 0.8688 -0.0557
vn 0.4973 0.8635 -0.0843
vn 0.1954 0.9800 -0.0373
vn 0.3232 0.9437 -0.0703
vn 0.1938 0.9792 -0.0592
vn -0.1493 0.9885 -0.0235
vn 0.1231 0.9918 -0.0355
vn 0.1214 0.9912 -0.0526
vn -0.1638 0.9860 -0.0327
vn 0.6692 0.7368 -0.0964
vn 0.6637 0.7450 -0.0669
vn -0.9982 0.0391 0.0464
vn -0.9980 0.0404 0.0494
vn -0.9969 0.0370 0.0690
vn -0.9972 0.0358 0.0663
vn -0.3919 0.9200 -0.0091
vn -0.4170 0.9089 -0.0100
vn -0.4625 0.8865 -0.0154
vn 0.7932 0.6085 -0.0226
vn 0.8773 0.4795 -0.0225
vn 0.8793 0.4736 -0.0505
vn 0.7939 0.6063 -0.0462
vn 0.9301 0.3635 -0.0526
vn 0.9280 0.3719 -0.0237
vn 0.9805 0.1904 -0.0497
vn 0.9620 0.2679 -0.0522
vn 0.9608 0.2763 -0.0243
vn 0.4884 -0.8607 0.1436
vn 0.1592 -0.9718 0.1741
vn 0.0901 -0.9799 0.1783
vn 0.1375 -0.9901 0.0268
vn 0.4251 -0.9049 0.0219
vn 0.7349 -0.6525 0.1849
vn 0.7034 -0.7024 0.1088
vn 0.6150 -0.7883 0.0176
vn 0.9794 -0.2017 -0.0102
vn 0.9943 -0.1070 -0.0018
vn 0.9997 -0.0146 -0.0195
vn 0.9939 -0.1104 -0.0029
vn 0.9923 0.1167 -0.0414
vn 0.9937 0.1093 -0.0238
vn 0.9800 0.1973 -0.0248
vn 0.6580 0.7520 -0.0388
vn 0.6722 0.7403 -0.0098
vn 0.4916 0.8703 -0.0303
vn 0.5150 0.8571 -0.0096
vn 0.3636 0.9315 -0.0080
vn 0.2145 0.9766 -0.0149
vn 0.3309 0.9434 -0.0244
vn -0.1060 0.9941 -0.0249
vn 0.2091 0.9767 -0.0486
vn 0.1608 0.9868 -0.0162
vn 0.1378 0.9903 -0.0199
vn -0.0653 0.9968 -0.0458
vn -0.3387 0.9387 -0.0636
vn -0.3733 0.9276 -0.0115
vn -0.9916 0.1286 0.0126
vn -0.9915 0.1301 0.0061
vn -0.9981 0.0545 0.0275
vn -0.9983 0.0523 0.0268
vn 0.3040 -0.9437 -0.1304
vn 0.0786 -0.9964 0.0303
vn 0.0880 -0.9876 -0.1297
vn 0.2562 -0.9231 -0.2868
vn 0.9804 -0.1921 -0.0437
vn 0.9570 -0.2758 -0.0903
vn 0.8534 -0.4987 -0.1515
vn 0.9972 -0.0722 -0.0168
vn 0.9179 -0.3916 -0.0637
vn 0.4903 -0.8636 -0.1176
vn 0.4273 -0.8630 -0.2694
vn 0.9800 0.1988 0.0032
vn 0.9885 0.1478 0.0326
vn 0.9992 0.0393 0.0009
vn 0.9962 0.0862 -0.0089
vn 0.9696 0.2431 0.0275
vn 0.9406 0.3388 0.0242
vn 0.9614 0.2752 0.0041
vn 0.9302 0.3670 0.0041
vn 0.8050 0.5932 0.0064
vn 0.8932 0.4493 0.0193
vn 0.8822 0.4708 0.0022
vn 0.5664 0.8241 0.0129
vn 0.7147 0.6993 0.0170
vn 0.4044 0.9146 0.0053
vn 0.2393 0.9709 -0.0053
vn 0.0655 -0.9538 -0.2934
vn 0.2489 -0.8607 -0.4441
vn 0.0500 -0.8873 -0.4585
vn 0.0796 -0.8004 -0.5941
vn 0.3289 -0.7639 -0.5552
vn 0.4309 -0.8032 -0.4113
vn 0.7349 -0.5590 -0.3840
vn 0.8567 -0.4681 -0.2167
vn 0.9490 -0.2873 -0.1297
vn 0.9981 0.0515 0.0331
vn 0.9994 -0.0339 -0.0075
vn 0.9965 -0.0808 -0.0204
vn 0.9547 -0.2571 -0.1499
vn 0.9997 -0.0073 0.0245
vn 0.2688 0.9626 -0.0332
vn 0.3089 0.9508 -0.0248
vn 0.2664 0.9639 0.0023
vn 0.3611 0.9304 -0.0638
vn 0.5043 0.8601 -0.0772
vn 0.6536 0.7470 -0.1221
vn -0.2689 0.9534 -0.1368
vn -0.2789 0.9534 -0.1154
vn -0.1281 0.9705 -0.2042
vn -0.8842 0.4391 -0.1594
vn -0.9552 0.2914 -0.0513
vn -0.9524 0.3012 -0.0462
vn -0.8033 0.4311 -0.4109
vn -0.8000 0.4307 -0.4177
vn -0.8371 0.4605 -0.2953
vn -0.8791 0.4491 -0.1596
vn 0.1701 0.9004 -0.4005
vn 0.0442 0.9429 -0.3301
vn 0.2366 0.8634 -0.4456
vn -0.0515 0.9612 -0.2708
vn 0.9791 0.1999 0.0361
vn 0.9547 0.2957 0.0336
vn 0.8351 0.5496 0.0246
vn 0.9119 0.4093 0.0297
vn 0.9980 0.0536 0.0348
vn 0.9920 0.1212 0.0362
vn 0.2990 0.9541 0.0155
vn 0.4292 0.9030 0.0207
vn 0.4651 0.8848 0.0301
vn 0.3422 0.9394 0.0225
vn 0.6058 0.7949 0.0328
vn 0.7452 0.6661 0.0318
vn 0.3701 0.9286 -0.0291
vn 0.2529 0.9675 0.0010
vn 0.3078 0.9514 0.0093
vn 0.4245 0.9052 -0.0177
vn 0.1085 -0.6098 -0.7851
vn 0.4283 -0.5753 -0.6968
vn 0.4701 -0.4864 -0.7365
vn 0.0231 -0.6051 -0.7958
vn 0.1162 -0.5045 -0.8555
vn 0.0239 -0.4929 -0.8698
vn 0.1019 -0.4479 -0.8883
vn 0.1953 -0.4542 -0.8692
vn 0.8210 -0.3956 -0.4116
vn 0.7012 -0.3972 -0.5920
vn 0.8588 -0.3367 -0.3862
vn 0.9657 -0.2206 -0.1369
vn 0.9788 -0.1791 -0.0998
vn 0.9676 -0.2088 -0.1418
vn 0.9958 -0.0914 0.0064
vn 0.9987 -0.0430 0.0274
vn 0.7837 -0.4672 -0.4093
vn 0.3775 -0.6697 -0.6395
vn 0.9994 0.0011 0.0342
vn 0.0175 -0.8000 -0.5997
vn 0.0933 -0.7075 -0.7006
vn 0.0201 -0.7059 -0.7081
vn 0.8497 0.5033 -0.1571
vn 0.8648 0.4814 -0.1429
vn 0.7849 0.6043 -0.1366
vn 0.8209 0.5590 -0.1167
vn 0.7187 0.6879 -0.1014
vn 0.8537 0.4950 -0.1617
vn -0.7408 0.3697 -0.5608
vn -0.7663 0.3987 -0.5038
vn -0.7685 0.4011 -0.4986
vn 0.7936 0.5826 -0.1755
vn 0.8499 0.4942 -0.1831
vn 0.8577 0.4860 -0.1680
vn 0.4352 0.7488 -0.4999
vn 0.4021 0.7751 -0.4874
vn 0.3810 0.7470 -0.5448
vn 0.3249 0.8146 -0.4805
vn 0.9809 -0.1859 -0.0577
vn 0.9910 -0.1331 0.0161
vn 0.9892 -0.1379 0.0489
vn 0.9916 -0.1218 0.0435
vn 0.9958 -0.0820 0.0407
vn 0.9470 0.2331 0.2211
vn 0.9544 0.1772 0.2401
vn 0.9275 0.3113 0.2071
vn 0.5731 0.8169 -0.0655
vn 0.6134 0.7883 -0.0469
vn 0.7589 0.6473 -0.0714
vn 0.8539 0.5120 -0.0927
vn 0.8710 0.4749 -0.1256
vn 0.8361 0.5247 -0.1598
vn 0.8519 0.5074 -0.1297
vn 0.8704 0.4747 -0.1305
vn 0.8633 0.4950 -0.0983
vn 0.8815 0.4613 -0.1006
vn 0.8281 0.5310 -0.1795
vn 0.3125 0.7327 -0.6046
vn 0.3108 0.7332 -0.6048
vn 0.4629 0.7229 -0.5130
vn -0.6530 0.3610 -0.6658
vn -0.7001 0.3620 -0.6155
vn -0.6996 0.3668 -0.6132
vn -0.7411 0.3741 -0.5575
vn 0.8307 0.5196 0.1998
vn 0.7373 0.6438 0.2046
vn 0.6079 0.7648 0.2134
vn 0.8914 0.4051 0.2032
vn 0.8231 0.5476 -0.1505
vn 0.2610 0.7264 -0.6358
vn 0.2617 0.7250 -0.6371
vn 0.2437 0.7170 -0.6531
vn -0.5537 0.3384 -0.7609
vn -0.6072 0.3558 -0.7104
vn -0.6069 0.3593 -0.7089
vn -0.6523 0.3646 -0.6645
vn -0.0030 0.4217 0.9067
vn -0.0058 0.3879 0.9217
vn -0.0063 0.3872 0.9220
vn -0.0110 0.3426 0.9394
vn -0.0121 0.3420 0.9396
vn -0.0149 0.2966 0.9549
vn -0.0163 0.2946 0.9555
vn -0.0225 0.2595 0.9655
vn 0.8193 0.2278 0.5261
vn 0.9550 0.1377 0.2628
vn 0.8429 0.2289 0.4869
vn 0.8590 0.2463 0.4488
vn 0.9994 -0.0147 0.0314
vn -0.0246 0.2570 0.9661
vn -0.0354 0.2215 0.9745
vn -0.0319 0.1637 0.9860
vn -0.0294 0.1657 0.9857
vn 0.8353 0.4070 0.3697
vn 0.8613 0.3357 0.3814
vn 0.7965 0.4885 0.3562
vn 0.8678 0.2783 0.4116
vn 0.9980 -0.0520 0.0360
vn 0.7899 0.2442 0.5625
vn 0.7699 0.2872 0.5698
vn 0.7824 0.2595 0.5662
vn 0.8200 0.2220 0.5276
vn 0.7963 0.2329 0.5583
vn 0.0018 0.5360 0.8442
vn -0.0010 0.4643 0.8857
vn -0.0011 0.4648 0.8854
vn -0.0031 0.4204 0.9073
vn 0.4749 0.7869 0.3940
vn 0.5839 0.7128 0.3885
vn 0.4912 0.8432 0.2186
vn 0.4248 0.8802 0.2115
vn 0.3770 0.9257 0.0314
vn 0.7027 0.6033 0.3772
vn 0.0238 0.0493 0.9985
vn 0.0536 0.0121 0.9985
vn 0.0537 0.0152 0.9984
vn 0.0903 -0.0157 0.9958
vn 0.0883 -0.0160 0.9960
vn -0.0075 0.0987 0.9951
vn -0.0079 0.1044 0.9945
vn 0.0230 0.0543 0.9983
vn 0.0190 0.6662 0.7455
vn 0.0084 0.6215 0.7834
vn 0.0093 0.6261 0.7797
vn 0.0021 0.5390 0.8423
vn 0.7870 0.3130 0.5316
vn 0.8408 0.2686 0.4699
vn 0.8396 0.2699 0.4713
vn 0.7967 0.2843 0.5333
vn 0.9901 -0.1346 0.0401
vn 0.9885 -0.1461 0.0398
vn 0.9884 -0.1464 0.0406
vn 0.9948 -0.0936 0.0390
vn 0.9888 -0.1431 0.0432
vn 0.8275 0.5454 -0.1334
vn 0.8431 0.5289 -0.0973
vn 0.8016 0.5853 -0.1217
vn 0.7990 0.5830 -0.1473
vn 0.3637 0.9314 0.0144
vn 0.4255 0.8907 0.1601
vn 0.4622 0.8868 -0.0051
vn 0.7812 0.6228 -0.0441
vn 0.6350 0.7722 -0.0237
vn 0.6556 0.7444 0.1269
vn 0.5067 0.8479 0.1559
vn 0.8045 0.5858 0.0978
vn 0.8685 0.4906 -0.0703
vn 0.8353 0.5077 0.2109
vn 0.8810 0.4688 0.0634
vn 0.8732 0.4836 0.0597
vn 0.8898 0.4533 0.0523
vn 0.2495 0.6445 0.7227
vn 0.3975 0.6689 0.6282
vn 0.6613 0.5860 0.4683
vn 0.4511 0.5651 0.6907
vn 0.6021 0.3845 0.6997
vn 0.8637 0.4482 0.2306
vn 0.8995 0.4302 0.0765
vn 0.8966 0.3570 0.2621
vn 0.9025 0.4188 0.1008
vn 0.6253 0.3384 0.7032
vn 0.6787 0.1551 0.7178
vn 0.6868 0.0906 0.7212
vn 0.6858 -0.0078 0.7277
vn 0.7570 0.6360 -0.1497
vn 0.7583 0.6396 -0.1263
vn 0.6815 0.7162 -0.1503
vn 0.2407 0.7082 -0.6638
vn 0.2409 0.7083 -0.6636
vn 0.2325 0.7067 -0.6682
vn 0.2453 0.7152 -0.6544
vn -0.3941 0.3071 -0.8663
vn -0.3889 0.3062 -0.8689
vn -0.4716 0.3170 -0.8229
vn -0.5522 0.3410 -0.7608
vn 0.4303 0.8219 0.3732
vn 0.4809 0.8152 0.3228
vn 0.6676 0.6986 0.2573
vn 0.1598 0.0067 0.9871
vn 0.0936 -0.0541 0.9941
vn 0.1559 -0.0503 0.9865
vn 0.1654 -0.0463 0.9851
vn 0.0109 -0.0688 0.9976
vn 0.0756 -0.1050 0.9916
vn 0.2153 -0.0473 0.9754
vn 0.8392 0.4271 0.3366
vn 0.7127 0.5829 0.3903
vn 0.0974 0.6585 0.7462
vn -0.0129 -0.0760 0.9970
vn 0.0186 0.0357 0.9992
vn -0.1287 0.0938 -0.9872
vn -0.1864 0.1408 -0.9723
vn -0.1840 0.1367 -0.9734
vn -0.2540 0.2021 -0.9459
vn -0.2518 0.1997 -0.9470
vn -0.3233 0.2643 -0.9087
vn -0.3239 0.2647 -0.9083
vn 0.0958 0.7073 -0.7004
vn 0.0979 0.7051 -0.7023
vn 0.1221 0.7139 -0.6895
vn 0.1243 0.7140 -0.6891
vn 0.1551 0.7159 -0.6808
vn 0.6918 0.7038 -0.1617
vn 0.5965 0.7840 -0.1721
vn 0.5810 0.7999 -0.1506
vn 0.4668 0.8665 -0.1769
vn 0.2300 0.7079 -0.6678
vn 0.2078 0.7086 -0.6743
vn 0.1959 0.7118 -0.6745
vn 0.1687 0.7138 -0.6798
vn 0.8959 0.4301 0.1115
vn 0.8206 0.5663 -0.0770
vn 0.9039 0.3188 0.2852
vn 0.9013 0.3097 0.3028
vn 0.8866 0.4383 0.1479
vn 0.6861 -0.0348 0.7267
vn 0.6866 -0.0696 0.7237
vn 0.6843 -0.0904 0.7236
vn 0.6507 -0.1517 0.7440
vn 0.6994 0.7051 -0.1173
vn 0.7061 0.7025 -0.0889
vn 0.7791 0.6215 -0.0820
vn 0.2514 0.9512 -0.1787
vn 0.2547 0.9520 -0.1699
vn 0.3422 0.9228 -0.1771
vn 0.3344 0.9283 -0.1624
vn 0.4505 0.8790 -0.1565
vn 0.5942 0.7965 -0.1121
vn 0.1569 0.9697 -0.1872
vn 0.1591 0.9740 -0.1615
vn 0.2045 0.9660 -0.1585
vn 0.1973 0.9635 -0.1807
vn 0.1919 0.9641 -0.1832
vn 0.1489 0.9701 -0.1918
vn 0.1168 0.9727 -0.2004
vn 0.1210 0.9757 -0.1826
vn 0.0896 0.9748 -0.2045
vn 0.0448 0.6593 -0.7506
vn 0.0477 0.6356 -0.7706
vn 0.0486 0.6391 -0.7676
vn 0.0633 0.6858 -0.7250
vn 0.0631 0.6476 -0.7594
vn -0.0618 0.0359 -0.9974
vn -0.0409 0.0571 -0.9975
vn -0.0871 0.0588 -0.9945
vn -0.1273 0.0905 -0.9877
vn -0.0248 0.0197 -0.9995
vn -0.0117 0.0409 -0.9991
vn 0.0794 0.6902 -0.7192
vn 0.0765 0.6935 -0.7164
vn 0.7354 0.6739 -0.0713
vn 0.7801 0.6222 -0.0649
vn 0.8895 0.1702 0.4240
vn 0.8960 0.1501 0.4180
vn 0.8938 0.2719 0.3566
vn 0.9205 0.0110 0.3905
vn 0.9319 -0.0278 0.3616
vn 0.6397 -0.2021 0.7416
vn 0.5657 -0.3465 0.7483
vn 0.5574 -0.4223 0.7148
vn 0.5229 -0.6033 0.6022
vn 0.0865 0.9795 -0.1818
vn 0.0662 0.9778 -0.1987
vn 0.0539 0.9836 -0.1722
vn 0.0500 0.9810 -0.1872
vn -0.0048 0.0307 -0.9995
vn -0.0014 0.0387 -0.9993
vn 0.0316 0.6729 -0.7391
vn 0.0367 0.6615 -0.7491
vn 0.0365 0.6116 -0.7904
vn 0.2600 0.9554 -0.1399
vn 0.3425 0.9299 -0.1343
vn 0.4619 0.8783 -0.1236
vn 0.2072 0.9708 -0.1205
vn 0.1605 0.9785 -0.1296
vn 0.0259 0.9904 -0.1359
vn 0.0200 0.9943 -0.1043
vn 0.0391 0.9907 -0.1305
vn 0.0145 0.9974 -0.0705
vn 0.0165 0.9953 -0.0957
vn 0.0382 0.9847 -0.1702
vn 0.0326 0.9881 -0.1502
vn 0.0267 0.7164 -0.6972
vn 0.0267 0.7173 -0.6963
vn 0.0257 0.6181 -0.7857
vn 0.0767 0.9862 -0.1469
vn 0.1170 0.9840 -0.1347
vn 0.0699 0.9907 -0.1171
vn 0.0301 0.9943 -0.1024
vn 0.6727 0.7376 -0.0585
vn 0.7008 0.7127 -0.0304
vn 0.5926 0.8025 -0.0695
vn 0.9195 -0.2770 0.2788
vn 0.9212 -0.2939 0.2548
vn 0.8977 -0.4143 0.1501
vn 0.7397 0.6726 -0.0219
vn 0.5222 -0.6599 0.5402
vn 0.5121 -0.7877 0.3423
vn 0.5099 -0.8042 0.3055
vn 0.4967 -0.8512 0.1698
vn 0.2604 0.9606 -0.0973
vn 0.3521 0.9310 -0.0967
vn 0.4789 0.8737 -0.0856
vn 0.1560 0.9830 -0.0963
vn 0.2020 0.9759 -0.0831
vn 0.0587 0.9942 -0.0900
vn 0.1083 0.9895 -0.0959
vn 0.2608 0.9636 -0.0582
vn 0.3546 0.9332 -0.0582
vn 0.4924 0.8688 -0.0528
vn 0.3562 0.9341 -0.0253
vn 0.4975 0.8672 -0.0239
vn 0.2607 0.9651 -0.0239
vn 0.6223 0.7818 -0.0378
vn 0.6321 0.7745 -0.0231
vn 0.7176 0.6964 -0.0106
vn 0.4950 -0.8536 0.1622
vn 0.4869 -0.8681 0.0963
vn 0.4860 -0.8689 0.0944
vn 0.4827 -0.8748 0.0414
vn 0.8969 -0.4190 0.1415
vn 0.8784 -0.4703 0.0844
vn 0.8778 -0.4725 0.0788
vn 0.8670 -0.4971 0.0346
vn 0.7609 0.6487 -0.0161
vn 0.1592 0.9871 -0.0187
vn 0.2027 0.9790 -0.0214
vn 0.2027 0.9776 -0.0562
vn 0.1566 0.9860 -0.0568
vn 0.0536 0.9985 -0.0148
vn 0.1124 0.9935 -0.0164
vn 0.1100 0.9922 -0.0579
vn 0.0532 0.9970 -0.0571
vn -0.0028 0.9990 -0.0442
vn 0.0094 0.9986 -0.0529
vn 0.0159 0.9972 -0.0731
vn 0.0072 0.9999 -0.0137
vn -0.0092 0.9999 -0.0129
vn 0.0103 0.9981 -0.0605
vn 0.0080 0.9971 -0.0759
vn 0.0050 0.9984 -0.0561
vn 0.2004 0.9797 0.0079
vn 0.2633 0.9647 0.0049
vn 0.2024 0.9785 0.0391
vn 0.1548 0.9879 0.0120
vn 0.1521 0.9875 0.0419
vn 0.3631 0.9318 0.0027
vn 0.5018 0.8650 0.0005
vn 0.3774 0.9255 0.0320
vn 0.2730 0.9613 0.0363
vn 0.4823 -0.8750 0.0421
vn 0.4804 -0.8771 -0.0029
vn 0.4807 -0.8752 -0.0539
vn 0.4804 -0.8753 -0.0548
vn 0.8665 -0.4982 0.0299
vn 0.8623 -0.5063 -0.0076
vn 0.8679 -0.4952 -0.0385
vn 0.8623 -0.5064 -0.0075
vn 0.7618 0.6478 -0.0069
vn 0.6771 0.7358 0.0125
vn 0.6287 0.7777 0.0006
vn 0.6266 0.7792 0.0156
vn 0.5087 0.8606 0.0247
vn 0.0549 0.9983 0.0197
vn 0.1095 0.9938 0.0166
vn 0.1073 0.9932 0.0449
vn 0.0590 0.9972 0.0463
vn 0.0053 0.9993 0.0376
vn 0.0192 0.9989 0.0434
vn 0.0105 0.9998 0.0184
vn -0.0070 0.9999 0.0113
vn 0.4475 0.7287 0.5185
vn 0.6378 0.6662 0.3865
vn 0.3726 0.7997 0.4708
vn 0.3230 0.7844 0.5295
vn 0.7768 0.5222 0.3521
vn 0.7434 0.5930 0.3093
vn 0.8612 0.4298 0.2712
vn -0.5626 0.6374 0.5265
vn -0.5680 0.6355 0.5230
vn -0.7427 0.4298 0.5136
vn -0.6650 0.3886 0.6377
vn -0.8226 0.1905 0.5358
vn 0.8420 -0.4137 0.3463
vn 0.7894 -0.2467 0.5622
vn 0.9038 -0.2456 0.3504
vn -0.8958 0.2094 0.3921
vn -0.9126 0.1755 0.3693
vn -0.9077 0.2208 0.3567
vn -0.9085 0.1024 0.4051
vn -0.8492 0.0558 0.5250
vn -0.7913 0.0267 0.6108
vn -0.8087 0.0926 0.5809
vn 0.9492 -0.0157 0.3143
vn 0.9563 -0.1228 0.2654
vn 0.9435 -0.0793 0.3216
vn 0.8986 -0.3589 0.2522
vn 0.8598 -0.0389 0.5091
vn 0.8335 -0.5160 0.1974
vn 0.8190 -0.5027 0.2766
vn 0.7677 -0.3857 -0.5117
vn 0.7564 -0.4520 -0.4728
vn 0.6558 -0.5231 -0.5444
vn 0.7195 -0.6188 -0.3153
vn 0.7068 -0.5617 -0.4301
vn 0.8274 -0.4021 -0.3921
vn 0.9973 0.0278 0.0678
vn 0.9266 0.3670 0.0814
vn 0.9444 0.3077 0.1158
vn 0.6437 -0.7563 -0.1170
vn 0.6319 -0.7711 -0.0784
vn 0.7687 -0.6017 -0.2169
vn 0.6909 -0.7219 0.0401
vn 0.7638 0.6112 0.2077
vn 0.8287 0.5078 0.2354
vn 0.8896 0.4222 0.1743
vn 0.8224 0.5503 0.1446
vn 0.5901 0.7377 0.3279
vn 0.6733 0.6823 0.2848
vn 0.8561 -0.3037 -0.4181
vn 0.8414 -0.3884 -0.3757
vn 0.9041 -0.3129 -0.2909
vn 0.9435 -0.1692 -0.2851
vn 0.9824 -0.1772 -0.0586
vn 0.8523 -0.5230 0.0077
vn 0.4779 -0.8688 -0.1298
vn 0.4775 -0.8689 -0.1303
vn 0.4704 -0.8526 -0.2278
vn 0.4699 -0.8529 -0.2274
vn 0.8727 -0.4756 -0.1105
vn 0.8794 -0.4718 -0.0637
vn 0.8546 -0.4782 -0.2027
vn 0.8728 -0.4724 -0.1225
vn 0.1765 0.9751 0.1343
vn 0.2366 0.9628 0.1308
vn 0.2160 0.9730 0.0814
vn 0.1604 0.9836 0.0828
vn 0.2932 0.9530 0.0771
vn 0.3195 0.9398 0.1210
vn 0.4001 0.9140 0.0677
vn 0.5230 0.8507 0.0532
vn 0.4297 0.8971 0.1028
vn 0.6290 0.7765 0.0382
vn 0.6743 0.7378 0.0313
vn 0.6469 0.7594 0.0695
vn 0.5511 0.8308 0.0773
vn -0.7639 0.4250 0.4856
vn -0.8165 0.3498 0.4593
vn -0.6061 0.5754 0.5491
vn -0.1670 0.8025 0.5728
vn -0.4818 0.6637 0.5722
vn 0.4869 0.7783 0.3964
vn 0.9349 -0.3226 0.1482
vn 0.8049 -0.5820 0.1156
vn 0.9284 0.3147 0.1974
vn 0.9741 0.1780 0.1396
vn 0.9958 -0.0593 -0.0691
vn 0.9867 -0.0640 0.1496
vn 0.7030 -0.4616 -0.5410
vn 0.5892 -0.5603 -0.5822
vn 0.8407 0.5279 0.1205
vn 0.8449 -0.2931 -0.4475
vn 0.6719 -0.6686 -0.3187
vn 0.4595 -0.8269 -0.3242
vn 0.6689 -0.6291 -0.3961
vn 0.4600 -0.7927 -0.4001
vn 0.8536 -0.4773 -0.2086
vn 0.8347 -0.4648 -0.2955
vn 0.8567 -0.4002 -0.3254
vn 0.5831 0.8059 0.1022
vn 0.6105 0.7820 0.1255
vn 0.6968 0.7129 0.0790
vn 0.7314 0.6793 0.0601
vn 0.4918 0.8554 0.1627
vn 0.3681 0.9076 0.2018
vn 0.4642 0.8760 0.1312
vn 0.3469 0.9242 0.1600
vn 0.2752 0.9341 0.2274
vn 0.2114 0.9481 0.2376
vn 0.2305 0.9264 0.2978
vn 0.2926 0.9089 0.2972
vn 0.3750 0.8880 0.2660
vn 0.3080 0.8869 0.3444
vn 0.2556 0.8878 0.3828
vn 0.6234 0.7306 0.2785
vn 0.7441 0.6348 0.2085
vn 0.7749 0.6128 0.1548
vn 0.8270 0.5488 0.1221
vn -0.5301 0.6310 0.5664
vn -0.2768 0.7662 0.5799
vn 0.4804 0.7928 0.3750
vn -0.7700 0.4097 0.4890
vn -0.8050 0.3682 0.4652
vn 0.7253 -0.4544 -0.5171
vn 0.6895 -0.4885 -0.5347
vn 0.5336 -0.6202 -0.5750
vn 0.5502 -0.5990 -0.5819
vn 0.7896 0.5988 0.1344
vn 0.8609 0.5023 0.0811
vn 0.7995 -0.3605 -0.4805
vn 0.8151 -0.3379 -0.4706
vn 0.0289 0.9972 0.0682
vn 0.0687 0.9944 0.0807
vn 0.0470 0.9927 0.1114
vn 0.0863 0.9879 0.1292
vn 0.1288 0.9826 0.1340
vn 0.1140 0.9900 0.0829
vn 0.6739 -0.5554 -0.4872
vn 0.7360 -0.4659 -0.4911
vn 0.5655 -0.6365 -0.5245
vn 0.7360 -0.4494 -0.5064
vn 0.5905 -0.5978 -0.5422
vn 0.6553 -0.6186 -0.4336
vn 0.4825 -0.7469 -0.4576
vn 0.5223 -0.6911 -0.4996
vn 0.8873 -0.2703 -0.3736
vn 0.8599 -0.2854 -0.4231
vn 0.7625 0.6389 0.1020
vn 0.8073 0.5882 0.0479
vn 0.7756 0.6280 0.0634
vn 0.7171 0.6860 0.1229
vn 0.7637 0.6343 0.1198
vn 0.7346 0.6661 0.1291
vn 0.7440 0.6532 0.1408
vn 0.6281 0.7475 0.2163
vn 0.6159 0.7629 0.1966
vn 0.6897 0.7141 0.1200
vn -0.2768 0.7496 0.6013
vn -0.4246 0.6615 0.6182
vn -0.4088 0.7091 0.5745
vn 0.5407 0.8042 0.2469
vn 0.5806 0.7718 0.2593
vn -0.0694 0.5735 0.8162
vn -0.2545 0.4134 0.8743
vn -0.3574 0.5714 0.7388
vn 0.4611 0.8431 0.2766
vn 0.4988 0.8288 0.2536
vn 0.5185 0.8233 0.2310
vn -0.1972 0.6776 0.7084
vn -0.6667 0.5106 0.5430
vn -0.6660 0.5109 0.5436
vn 0.5934 0.7855 0.1759
vn 0.4845 0.8483 0.2138
vn 0.4447 0.8523 0.2755
vn 0.3668 0.8779 0.3077
vn -0.5652 0.5415 0.6224
vn -0.5365 0.3971 0.7446
vn -0.0364 0.2616 0.9645
vn -0.1937 0.0022 0.9811
vn 0.1776 0.0778 0.9810
vn 0.3115 0.0186 0.9501
vn 0.2694 -0.1837 0.9453
vn 0.2657 -0.0905 0.9598
vn 0.2650 0.8624 0.4313
vn 0.3019 0.1356 0.9436
vn 0.2266 0.3164 0.9212
vn 0.4301 0.8401 0.3305
vn 0.0781 -0.1794 0.9807
vn 0.1949 -0.3162 0.9284
vn 0.7586 0.6354 0.1446
vn 0.6418 0.7272 0.2432
vn 0.8473 -0.2841 -0.4488
vn 0.6230 0.7437 0.2422
vn -0.4003 0.7167 0.5710
vn 0.5052 0.7974 0.3301
vn -0.7972 0.3639 0.4816
vn 0.5738 -0.6014 -0.5560
vn 0.1111 0.9671 0.2290
vn 0.1619 0.9575 0.2386
vn 0.1463 0.9713 0.1874
vn 0.1067 0.9776 0.1812
vn 0.1942 0.9632 0.1856
vn 0.1543 0.9310 0.3308
vn 0.2052 0.9083 0.3644
vn 0.1802 0.9385 0.2947
vn 0.1437 0.9454 0.2925
vn 0.2574 0.9498 0.1778
vn 0.2070 -0.1545 0.9661
vn 0.2484 -0.1863 0.9506
vn 0.2823 0.0507 0.9580
vn 0.2229 0.8864 0.4058
vn 0.2099 -0.3972 0.8934
vn 0.1995 -0.4201 0.8853
vn 0.0112 0.9982 0.0590
vn 0.0169 0.9963 0.0847
vn 0.0083 0.9983 0.0571
vn 0.0127 0.9973 0.0724
vn 0.0640 0.9768 0.2043
vn 0.0687 0.9839 0.1650
vn 0.0966 0.9450 0.3125
vn 0.1212 0.9392 0.3212
vn 0.1097 0.9519 0.2861
vn 0.0780 0.9580 0.2761
vn 0.1362 0.1578 0.9780
vn 0.1771 0.1459 0.9733
vn 0.1765 0.1470 0.9733
vn 0.2227 0.1194 0.9675
vn 0.1225 -0.4188 0.8998
vn 0.1243 -0.4188 0.8995
vn 0.0917 -0.4184 0.9036
vn 0.0931 -0.4187 0.9033
vn 0.0311 0.9907 0.1327
vn 0.0498 0.9532 0.2981
vn 0.0694 0.9490 0.3075
vn 0.0451 0.9640 0.2622
vn 0.0691 -0.4141 0.9076
vn 0.0699 -0.4153 0.9070
vn 0.0508 -0.4035 0.9136
vn 0.0510 -0.4056 0.9126
vn 0.1049 0.1756 0.9789
vn 0.1357 0.1584 0.9780
vn 0.0753 0.2027 0.9763
vn 0.1001 0.1759 0.9793
vn 0.0312 0.9662 0.2557
vn 0.0354 0.9812 0.1896
vn 0.0354 0.9556 0.2926
vn 0.0556 0.2334 0.9708
vn 0.0684 0.2018 0.9770
vn 0.0210 0.9932 0.1144
vn 0.0263 0.9830 0.1819
vn 0.0400 -0.3891 0.9203
vn 0.0406 -0.3917 0.9192
vn 0.0350 -0.1676 -0.9852
vn 0.0521 -0.1755 -0.9831
vn 0.0854 -0.1585 -0.9837
vn 0.1175 -0.1595 -0.9802
vn -0.0621 -0.1609 -0.9850
vn 0.0336 -0.1707 -0.9847
vn 0.0278 -0.1715 -0.9848
vn 0.0707 -0.2197 -0.9730
vn 0.0695 -0.2039 -0.9765
vn 0.0670 -0.2616 -0.9629
vn 0.2206 -0.9512 -0.2159
vn 0.2207 -0.9531 -0.2071
vn 0.2180 -0.9514 -0.2177
vn 0.0533 -0.1603 -0.9856
vn 0.0066 -0.1048 -0.9945
vn 0.0582 0.0871 -0.9945
vn 0.0058 0.8545 -0.5194
vn 0.7298 0.3323 -0.5975
vn -0.1895 -0.2266 -0.9554
vn -0.0907 -0.1983 -0.9759
vn 0.3380 -0.1001 -0.9358
vn 0.3326 -0.1148 -0.9361
vn 0.3330 -0.0432 -0.9420
vn 0.2118 -0.0109 -0.9773
vn -0.9914 0.0352 0.1260
vn -0.5904 0.8070 -0.0143
vn -0.9947 0.0132 0.1016
vn 0.3730 -0.1734 0.9115
vn 0.3204 -0.2494 0.9139
vn 0.1529 -0.3661 0.9179
vn 0.2003 -0.8172 0.5404
vn 0.1969 -0.9789 -0.0539
vn 0.8390 -0.3850 0.3846
vn -0.8362 0.4628 -0.2941
vn 0.0223 -0.4392 -0.8981
vn 0.7022 -0.3971 -0.5910
vn 0.9875 -0.1568 0.0169
vn 0.9892 -0.1393 0.0454
vn 0.4306 0.7254 -0.5370
vn -0.0352 0.2200 0.9749
vn 0.0198 0.6662 0.7455
vn -0.4774 0.3216 -0.8177
vn 0.8282 0.5154 0.2200
vn 0.0421 -0.1916 0.9806
vn 0.0526 -0.1063 0.9929
vn 0.0598 0.6611 0.7479
vn -0.0863 0.0588 -0.9945
vn -0.0283 0.0079 -0.9996
vn -0.0055 0.0164 -0.9998
vn 0.0308 0.9868 -0.1587
vn -0.0001 0.0321 -0.9995
vn -0.0001 0.0325 -0.9995
vn 0.7132 0.6995 -0.0455
vn 0.7512 0.6599 -0.0164
vn 0.4801 -0.8772 -0.0027
vn 0.3547 0.7523 0.5552
vn -0.8706 0.2830 0.4025
vn 0.9724 -0.0207 0.2322
vn 0.9037 -0.0203 0.4278
vn 0.6348 -0.5184 -0.5730
vn 0.7246 0.6875 0.0471
vn 0.7532 0.6573 0.0273
vn 0.7559 0.6534 0.0407
vn -0.4016 0.7076 0.5814
vn 0.5496 -0.6142 -0.5662
vn -0.2756 0.7794 0.5627
vn -0.5860 0.5730 0.5729
vn -0.4404 0.2127 0.8722
vn 0.0944 0.4633 0.8811
vn 0.8412 -0.2914 -0.4555
vn -0.7363 0.4342 0.5190
vn 0.1643 -0.4207 0.8922
vn 0.0556 0.2350 0.9704
vn 0.9856 0.0503 -0.1614
vn 0.9855 0.0199 -0.1687
vn 0.9858 0.0495 -0.1603
vn 0.9671 0.1367 -0.2144
vn 0.9720 0.0949 -0.2149
vn 0.9728 0.0974 -0.2101
vn 0.9448 0.2644 -0.1933
vn 0.9470 0.2564 -0.1933
vn 0.9482 0.2541 -0.1905
vn 0.9772 -0.0029 -0.2124
vn 0.9776 -0.0047 -0.2102
vn 0.9797 0.0383 -0.1969
vn 0.9441 0.2719 -0.1865
vn 0.9434 0.2671 -0.1966
vn 0.9756 0.0547 -0.2124
vn 0.9754 0.0208 -0.2194
vn 0.9750 0.0557 -0.2150
vn 0.9812 -0.0255 -0.1911
vn 0.9798 -0.0244 -0.1983
vn 0.9794 -0.0235 -0.2004
vn 0.9602 0.1926 -0.2021
vn 0.9635 0.1743 -0.2034
vn 0.9647 0.1731 -0.1982
vn 0.9751 0.0200 -0.2209
vn 0.9753 0.0030 -0.2209
vn 0.9749 0.0005 -0.2227
vn 0.9765 -0.0056 -0.2153
vn 0.9770 -0.0048 -0.2131
vn 0.9586 0.1963 -0.2062
vn 0.9823 -0.0189 -0.1866
vn 0.9845 -0.0046 -0.1750
vn 0.9823 -0.0194 -0.1866
vn 0.9770 -0.0053 -0.2131
vn 0.9808 -0.0166 -0.1942
vn 0.9819 -0.0146 -0.1888
vn 0.9804 -0.0174 -0.1960
vn 0.9849 0.0756 -0.1554
vn 0.9798 0.1081 -0.1680
vn 0.9803 0.1093 -0.1647
vn 0.9462 0.2734 -0.1731
vn 0.9458 0.2751 -0.1723
vn 0.9742 -0.0087 -0.2255
vn 0.9738 -0.0107 -0.2274
vn 0.9776 -0.0069 -0.2103
vn 0.9780 -0.0072 -0.2084
vn 0.9850 0.0756 -0.1548
vn 0.9761 -0.0030 -0.2175
vn 0.9653 0.2044 -0.1624
vn 0.9714 0.1743 -0.1612
vn 0.9730 0.1700 -0.1563
vn 0.9845 -0.0040 -0.1755
vn 0.9856 0.0193 -0.1682
vn 0.9592 0.2333 -0.1595
vn 0.9642 0.2061 -0.1665
vn 0.9767 -0.0067 -0.2147
vn 0.9656 0.1362 -0.2214
vn 0.9801 -0.0256 -0.1967
vn 0.9799 -0.0254 -0.1977
vn 0.9769 -0.0077 -0.2135
vn 0.9818 -0.0169 -0.1893
vn 0.9591 0.2034 -0.1969
vn 0.9517 0.2597 -0.1640
vn 0.9749 0.1470 -0.1672
vn 0.9439 0.2719 -0.1877
vn 0.9812 -0.0296 -0.1909
vn 0.9619 0.2264 -0.1532
vn 0.9482 0.2536 -0.1915
vn 0.9739 0.1492 -0.1711
vn 0.9434 0.2921 -0.1568
vn 0.9792 -0.0177 -0.2020
vn 0.8827 -0.4657 0.0626
vn 0.8868 -0.4600 -0.0439
vn 0.9681 -0.2455 -0.0492
vn 0.9646 -0.2546 0.0690
vn 0.9975 -0.0501 -0.0506
vn 0.5292 -0.2318 -0.8162
vn 0.3267 -0.1536 -0.9326
vn 0.3791 -0.0316 -0.9248
vn 0.8776 -0.4602 -0.1339
vn 0.9606 -0.2410 -0.1386
vn 0.9869 -0.0467 -0.1542
vn 0.5936 -0.0811 -0.8007
vn 0.5734 0.0084 -0.8192
vn 0.9985 0.0143 -0.0528
vn 0.9978 0.0071 0.0657
vn 0.9973 0.0333 0.0658
vn 0.9948 -0.0640 0.0791
vn 0.9880 -0.1432 -0.0575
vn 0.9971 -0.0577 0.0489
vn 0.9965 -0.0530 -0.0645
vn 0.9857 -0.0602 -0.1573
vn 0.3962 -0.2311 -0.8886
vn 0.6310 -0.2285 -0.7414
vn 0.6007 -0.0985 -0.7934
vn 0.5807 0.0035 -0.8141
vn 0.5826 0.0017 -0.8127
vn 0.9882 0.0139 -0.1524
vn 0.0315 0.0392 -0.9987
vn 0.0966 0.0536 -0.9939
vn -0.0393 0.0812 -0.9959
vn 0.0591 0.0243 -0.9980
vn 0.1042 -0.0132 -0.9945
vn 0.0469 -0.0188 -0.9987
vn -0.0253 0.0161 -0.9996
vn 0.0753 -0.2054 -0.9758
vn 0.3708 -0.1016 -0.9231
vn 0.0130 -0.1910 -0.9815
vn 0.0618 -0.0936 -0.9937
vn 0.0038 -0.0900 -0.9959
vn 0.6719 -0.7379 0.0636
vn 0.3030 -0.9526 0.0271
vn 0.2961 -0.9551 -0.0145
vn 0.6635 -0.7476 0.0293
vn 0.6547 -0.7516 -0.0805
vn 0.2834 -0.9473 -0.1491
vn 0.1798 -0.5898 -0.7873
vn 0.0976 -0.4473 -0.8891
vn 0.2021 -0.3076 -0.9298
vn 0.2681 -0.9312 -0.2468
vn 0.6275 -0.7588 -0.1743
vn 0.3635 -0.3843 -0.8487
vn 0.0560 -0.9984 0.0074
vn 0.0628 -0.9972 -0.0395
vn 0.0556 -0.9780 -0.2012
vn 0.0454 -0.9983 -0.0378
vn 0.0518 -0.9751 -0.2154
vn -0.0024 -1.0000 0.0070
vn 0.0328 -0.3746 -0.9266
vn 0.0577 -0.5067 -0.8602
vn 0.0191 -0.5609 -0.8277
vn 0.0275 -0.7820 -0.6226
vn 0.0513 -0.9459 -0.3205
vn 0.0906 -0.7495 -0.6558
vn 0.0754 -0.6934 -0.7166
vn 0.0656 -0.8482 -0.5256
vn 0.0836 -0.8834 -0.4611
vn 0.0831 -0.9760 -0.2013
vn 0.0348 -0.0806 -0.9961
vn 0.0300 -0.0962 -0.9949
vn 0.0164 0.0495 -0.9986
vn 0.9777 -0.1977 -0.0714
vn 0.9730 -0.2162 -0.0805
vn 0.9829 -0.1838 0.0074
vn 0.9850 -0.1706 0.0260
vn 0.9847 -0.1692 0.0409
vn 0.1199 -0.3590 -0.9256
vn 0.1979 -0.3674 -0.9088
vn 0.4428 -0.3397 -0.8298
vn 0.0221 -0.3447 -0.9384
vn 0.0930 -0.3123 -0.9454
vn 0.0184 -0.2932 -0.9559
vn 0.7093 -0.3625 -0.6045
vn 0.7054 -0.3625 -0.6091
vn 0.6746 -0.3236 -0.6634
vn 0.9755 -0.1599 -0.1510
vn 0.9653 -0.2207 -0.1394
vn 0.9633 -0.2335 -0.1325
vn 0.8687 -0.4852 0.0998
vn 0.6691 -0.7380 0.0878
vn 0.9916 -0.0746 0.1057
vn 0.9583 -0.2651 0.1072
vn 0.9875 -0.0978 0.1235
vn 0.0493 -0.9987 0.0135
vn 0.0902 -0.9959 0.0081
vn -0.0008 -0.9999 0.0153
vn 0.3117 -0.9490 0.0476
vn 0.0547 -0.9983 0.0207
vn 0.9947 -0.0228 0.1005
vn 0.9835 -0.1743 0.0488
vn 0.9851 -0.1588 0.0658
vn 0.9892 -0.1368 0.0521
vn 0.9844 -0.1695 0.0471
vn 0.9784 -0.2009 0.0486
vn 0.9806 -0.1911 0.0430
vn 0.9838 -0.1747 0.0408
vn 0.9836 -0.1756 0.0407
vn 0.9932 -0.0860 0.0788
vn 0.9837 -0.1203 0.1335
vn 0.9915 -0.0491 0.1203
vn 0.9535 -0.2675 0.1386
vn 0.9517 -0.2796 0.1268
vn 0.8623 -0.4919 0.1207
vn 0.8811 -0.4538 0.1332
vn 0.9904 -0.0973 0.0984
vn 0.9753 -0.2143 0.0529
vn 0.9858 -0.1325 0.1036
vn 0.0517 -0.9985 0.0153
vn 0.3489 -0.9353 0.0590
vn 0.0785 -0.9968 0.0170
vn 0.6847 -0.7214 0.1041
vn 0.0216 0.8323 0.5539
vn 0.0197 0.7770 0.6292
vn 0.0198 0.7818 0.6232
vn 0.0204 0.7476 0.6638
vn 0.0203 0.7476 0.6638
vn 0.8799 0.3059 0.3635
vn 0.8682 0.2851 0.4060
vn 0.8655 0.3040 0.3980
vn 0.8243 0.3301 0.4599
vn 0.8253 0.3289 0.4590
vn 0.9666 -0.2182 0.1344
vn 0.9017 -0.4148 0.1217
vn 0.9665 -0.2322 0.1096
vn 0.0254 0.9368 0.3490
vn 0.0240 0.8845 0.4659
vn 0.0241 0.8884 0.4584
vn 0.0218 0.8357 0.5487
vn 0.8034 0.5155 0.2979
vn 0.8552 0.3896 0.3419
vn 0.8516 0.4108 0.3256
vn 0.8784 0.3209 0.3542
vn 0.9723 -0.2307 0.0367
vn 0.9583 -0.2824 0.0445
vn 0.8931 -0.4498 0.0040
vn 0.8915 -0.4513 0.0389
vn 0.9621 -0.2627 0.0735
vn 0.9014 -0.4248 0.0843
vn 0.0792 -0.9968 0.0043
vn 0.1004 -0.9949 0.0001
vn 0.0693 -0.9975 -0.0115
vn 0.7319 -0.6780 0.0681
vn 0.4446 -0.8948 0.0417
vn 0.3855 -0.9205 0.0631
vn 0.7169 -0.6900 0.0998
vn 0.2149 -0.9765 0.0157
vn 0.1105 -0.9935 0.0258
vn 0.0332 0.9892 0.1425
vn 0.0263 0.9722 0.2327
vn 0.0264 0.9729 0.2296
vn 0.0254 0.9397 0.3411
vn 0.8236 0.5541 0.1208
vn 0.7882 0.5774 0.2129
vn 0.7868 0.5847 0.1976
vn 0.7990 0.5343 0.2758
vn 0.9613 -0.2745 0.0252
vn 0.9608 -0.2773 0.0052
vn 0.9479 -0.3186 -0.0030
vn 0.9679 -0.2496 0.0286
vn 0.1570 -0.9876 0.0036
vn 0.2726 -0.9621 0.0030
vn 0.4769 -0.8789 0.0125
vn 0.1300 -0.9915 -0.0053
vn 0.1314 -0.9913 -0.0061
vn 0.7237 -0.6901 -0.0061
vn 0.7369 -0.6753 0.0318
vn 0.0759 -0.0663 0.9949
vn 0.1242 0.0158 0.9921
vn 0.1144 -0.0547 0.9919
vn 0.1254 -0.0607 0.9903
vn 0.0280 -0.1109 0.9934
vn 0.0506 -0.0815 0.9954
vn 0.0447 -0.0792 0.9959
vn 0.0656 -0.0669 0.9956
vn 0.8162 -0.5465 0.1874
vn 0.8283 -0.5548 0.0783
vn 0.9410 -0.3347 0.0495
vn 0.9314 -0.3399 0.1305
vn 0.9965 -0.0803 0.0252
vn 0.1261 0.0254 0.9917
vn 0.1400 0.0983 0.9853
vn 0.9969 0.0337 0.0712
vn 0.9874 -0.1306 0.0888
vn 0.5829 -0.7796 0.2291
vn 0.3282 -0.9147 0.2359
vn 0.3525 -0.9302 0.1022
vn 0.1876 -0.9552 0.2289
vn 0.2045 -0.9733 0.1046
vn 0.1286 -0.9683 0.2143
vn 0.1431 -0.9823 0.1205
vn 0.1576 -0.9874 -0.0104
vn 0.1290 -0.9868 0.0983
vn 0.0095 -0.0658 0.9978
vn 0.0186 -0.1176 0.9929
vn 0.0223 -0.1421 0.9896
vn 0.0223 -0.1365 0.9904
vn 0.0461 -0.1199 0.9917
vn 0.8656 -0.5004 -0.0164
vn 0.6902 -0.7234 -0.0161
vn 0.8541 -0.5191 -0.0307
vn 0.9396 -0.3419 -0.0158
vn 0.9328 -0.3591 -0.0309
vn 0.9591 -0.2828 -0.0145
vn 0.9654 -0.2592 -0.0293
vn 0.9105 0.4132 0.0127
vn 0.9115 0.4111 0.0151
vn 0.8782 0.4754 0.0523
vn 0.8772 0.4775 0.0497
vn 0.9823 -0.1867 -0.0134
vn 0.0683 0.9965 0.0482
vn 0.0516 0.9956 0.0786
vn 0.0503 0.9950 0.0858
vn 0.0333 0.9889 0.1450
vn 0.2173 0.9732 0.0759
vn 0.2675 0.9558 0.1221
vn 0.3042 0.9450 0.1199
vn 0.4668 -0.8843 -0.0058
vn 0.9776 -0.2070 -0.0384
vn 0.8335 -0.5513 -0.0359
vn 0.9992 0.0231 -0.0323
vn 0.9673 0.2529 -0.0187
vn 0.9942 0.1075 -0.0039
vn 0.5329 0.8456 0.0307
vn 0.4242 0.9055 0.0105
vn 0.2626 0.9648 0.0167
vn 0.3616 0.9298 0.0682
vn 0.0891 0.9957 0.0237
vn 0.2042 -0.9789 -0.0058
vn 0.1573 -0.9875 -0.0092
vn -0.7572 -0.6532 -0.0063
vn 0.4060 -0.9136 -0.0224
vn 0.2816 -0.9595 -0.0096
vn 0.2476 -0.9687 -0.0165
vn 0.6093 -0.7923 -0.0337
vn 0.6037 -0.7912 0.0972
vn 0.9956 0.0913 -0.0215
vn 0.9377 0.3473 -0.0052
vn 0.6447 -0.7642 -0.0200
vn 0.4408 -0.8976 -0.0080
vn 0.1081 0.9936 0.0339
vn 0.1049 0.9940 0.0322
vn 0.1371 -0.9905 -0.0046
vn 0.0968 -0.9953 -0.0082
vn 0.5696 0.0073 -0.8219
vn -0.0028 0.1063 -0.9943
vn -0.0080 -0.0251 -0.9997
vn 0.0837 -0.9958 -0.0369
vn 0.0934 -0.9955 0.0183
vn 0.9844 -0.1686 0.0495
vn 0.9789 -0.2004 0.0404
vn 0.0769 -0.9970 0.0008
vn 0.8232 0.5556 0.1164
vn 0.9634 -0.2674 0.0175
vn 0.0943 -0.0566 0.9939
vn 0.0207 -0.0645 0.9977
vn 0.1299 0.0861 0.9878
vn 0.1384 -0.9904 -0.0052
vn 0.0127 -0.0696 0.9975
vn 0.0095 -0.0725 0.9973
vn 0.0098 -0.0680 0.9976
vn 0.0677 0.9965 0.0492
vn 0.0871 -0.3245 -0.9419
vn 0.0423 -0.4633 -0.8852
vn 0.0759 -0.1441 -0.9866
vn 0.0331 -0.4003 -0.9158
vn 0.0518 -0.1511 -0.9872
vn 0.2176 -0.1918 -0.9570
vn 0.1396 -0.5152 -0.8456
vn 0.1786 -0.1534 -0.9719
vn 0.0111 -0.5338 -0.8456
vn 0.0287 -0.2256 -0.9738
vn 0.0455 -0.1241 -0.9912
vn 0.0638 -0.6700 -0.7396
vn 0.1216 -0.3359 -0.9340
vn 0.0382 -0.6443 -0.7638
vn 0.1124 -0.8042 -0.5837
vn 0.1223 -0.7497 -0.6504
vn 0.1491 -0.5809 -0.8002
vn 0.1191 -0.6809 -0.7226
vn 0.0908 -0.7316 -0.6756
vn 0.0208 -0.6069 -0.7945
vn 0.0285 -0.5199 -0.8537
vn 0.0745 -0.6753 -0.7338
vn 0.0453 -0.6907 -0.7217
vn 0.0131 -0.6385 -0.7695
vn 0.0392 -0.6172 -0.7858
vn 0.1913 -0.4388 -0.8780
vn 0.1021 -0.4626 -0.8807
vn 0.0970 -0.4349 -0.8953
vn 0.0449 0.9976 0.0519
vn 0.0463 0.9983 0.0366
vn 0.0555 0.9981 0.0249
vn 0.0574 0.9980 0.0264
vn 0.0701 0.9966 0.0442
vn -0.2916 0.9565 0.0102
vn -0.2103 0.9773 0.0265
vn -0.3078 0.9511 0.0268
vn -0.1979 0.9801 0.0148
vn -0.1354 0.9905 0.0248
vn -0.1673 0.9843 0.0571
vn -0.2440 0.9683 0.0528
vn -0.3413 0.9380 0.0612
vn 0.0219 0.9996 0.0159
vn 0.2569 0.8521 0.4561
vn 0.1476 0.8775 0.4563
vn 0.1606 0.8653 0.4748
vn 0.9671 0.2515 0.0378
vn 0.9459 0.3207 0.0484
vn 0.9391 0.3356 0.0742
vn 0.9535 0.3013 0.0090
vn 0.9180 0.3911 0.0651
vn 0.2867 0.8618 0.4185
vn 0.1225 0.9140 0.3869
vn 0.0238 0.9965 0.0802
vn 0.0482 0.9970 0.0610
vn 0.0681 0.9964 0.0513
vn -0.4067 0.9133 0.0237
vn -0.3973 0.9166 0.0452
vn -0.4693 0.8802 0.0705
vn -0.5236 0.8516 0.0264
vn -0.0247 0.9995 0.0201
vn 0.0147 0.9992 0.0368
vn -0.0174 0.9989 0.0425
vn -0.0485 0.9986 0.0193
vn -0.0633 0.9965 0.0540
vn 0.0300 0.9960 0.0845
vn -0.6273 0.7762 0.0636
vn -0.6816 0.7309 0.0347
vn -0.7770 0.6241 0.0822
vn -0.8394 0.5417 0.0447
vn -0.1244 0.9921 0.0134
vn -0.1035 0.9932 0.0526
vn -0.0847 0.9963 0.0122
vn 0.8757 -0.1946 -0.4420
vn 0.8215 -0.3065 -0.4808
vn 0.8071 -0.2349 -0.5417
vn 0.1721 -0.2588 -0.9505
vn 0.0648 -0.2399 -0.9686
vn 0.8970 -0.0813 -0.4346
vn 0.8058 -0.1121 -0.5815
vn 0.2632 -0.4315 -0.8629
vn 0.1042 -0.4079 -0.9071
vn 0.8658 -0.3038 -0.3977
vn 0.5225 -0.4341 -0.7339
vn -0.1839 0.9789 -0.0887
vn -0.3180 0.9480 -0.0125
vn -0.3257 0.9401 -0.1010
vn -0.1039 0.9946 -0.0058
vn -0.1880 0.9821 -0.0092
vn 0.9952 0.0959 -0.0198
vn 0.9970 -0.0596 -0.0495
vn 0.9962 0.0575 -0.0652
vn 0.9825 0.1807 0.0440
vn 0.9999 0.0036 -0.0119
vn 0.9912 0.1209 0.0536
vn 0.9910 -0.1337 -0.0024
vn 0.9841 0.1566 -0.0832
vn 0.9857 0.1511 -0.0750
vn 0.9832 0.1734 -0.0578
vn 0.9703 0.2127 -0.1156
vn 0.9860 0.1429 -0.0864
vn 0.8925 0.4511 0.0060
vn 0.9849 0.1701 -0.0314
vn 0.9878 0.1367 -0.0741
vn 0.0914 0.9249 0.3692
vn 0.0296 0.9427 0.3323
vn 0.2338 0.8835 0.4059
vn 0.7694 0.4544 0.4489
vn 0.7542 0.4557 0.4729
vn 0.7233 0.5474 0.4208
vn 0.9752 -0.1627 0.1503
vn 0.9353 -0.2569 0.2433
vn 0.9674 -0.2365 0.0911
vn 0.3272 0.8367 0.4392
vn 0.1402 0.8801 0.4537
vn 0.9598 0.2648 0.0933
vn 0.1741 0.8923 0.4165
vn 0.9741 -0.1865 0.1276
vn 0.9805 -0.1864 0.0624
vn 0.9953 0.0195 0.0945
vn 0.2997 0.9458 -0.1249
vn 0.4901 0.8456 -0.2116
vn 0.1927 0.9595 -0.2054
vn 0.3241 0.8485 0.4183
vn 0.1757 0.8861 0.4289
vn 0.2325 0.9079 0.3487
vn 0.0125 0.9673 0.2533
vn 0.8787 0.4715 0.0747
vn 0.5907 0.8034 0.0742
vn -0.8839 0.4568 0.1002
vn -0.9331 0.3554 0.0550
vn -0.9681 0.2422 0.0648
vn 0.5861 0.5243 -0.6177
vn 0.6379 0.5281 -0.5605
vn 0.6647 0.5289 -0.5277
vn 0.9113 0.0586 -0.4075
vn 0.7728 -0.0232 -0.6342
vn -0.9887 0.1349 0.0654
vn -0.9858 0.1436 0.0865
vn -0.9938 0.0826 0.0746
vn -0.9750 0.2082 0.0782
vn -0.9244 0.3609 0.1233
vn -0.9455 0.2913 0.1454
vn -0.9924 0.0776 0.0954
vn -0.9958 0.0397 0.0829
vn -0.9633 0.2126 0.1637
vn -0.9770 0.1811 0.1124
vn -0.9388 0.2914 0.1837
vn -0.9334 0.3371 0.1233
vn -0.9577 0.2681 0.1043
vn 0.1734 -0.4563 -0.8728
vn 0.1653 -0.5589 -0.8126
vn -0.0044 -0.3368 -0.9416
vn 0.1412 -0.6542 -0.7430
vn 0.3387 -0.7515 -0.5661
vn 0.2459 -0.8133 -0.5274
vn 0.0502 -0.0626 -0.9968
vn 0.0973 -0.6578 -0.7469
vn 0.1539 -0.2323 -0.9604
vn 0.0416 -0.2295 -0.9724
vn 0.1022 -0.6876 -0.7188
vn 0.0972 -0.8289 -0.5510
vn 0.5555 -0.5439 -0.6289
vn 0.4112 -0.6817 -0.6051
vn 0.0335 -0.3117 -0.9496
vn 0.1520 -0.8328 -0.5323
vn 0.1759 -0.3276 -0.9283
vn 0.1781 -0.3249 -0.9288
vn 0.0952 -0.8061 -0.5841
vn 0.0774 0.9956 -0.0534
vn 0.0712 0.9881 -0.1362
vn 0.1001 0.9859 -0.1341
vn 0.1157 0.7336 -0.6697
vn 0.2158 0.5490 -0.8075
vn 0.1566 0.6519 -0.7420
vn 0.2142 0.7223 -0.6576
vn -0.0973 0.9854 -0.1397
vn -0.0897 0.9928 -0.0797
vn -0.1973 0.9677 -0.1572
vn -0.1845 0.4181 -0.8894
vn -0.1397 0.4759 -0.8684
vn -0.0926 0.5560 -0.8260
vn -0.0598 0.5790 -0.8131
vn -0.0198 0.6412 -0.7672
vn -0.8154 0.5657 -0.1229
vn -0.7152 0.6599 -0.2303
vn -0.6800 0.7236 -0.1183
vn -0.9180 0.3748 -0.1298
vn -0.8399 0.4828 -0.2478
vn -0.3555 -0.2688 -0.8952
vn -0.1889 -0.2909 -0.9379
vn -0.3856 -0.0460 -0.9215
vn -0.1984 -0.1027 -0.9747
vn -0.4008 0.0202 -0.9159
vn -0.0360 0.9977 -0.0578
vn 0.0134 0.9903 -0.1382
vn 0.0212 0.9986 -0.0476
vn -0.0322 0.9921 -0.1209
vn 0.0071 0.6507 -0.7593
vn 0.0470 0.7069 -0.7058
vn 0.0793 0.6946 -0.7151
vn -0.5098 0.8529 -0.1126
vn -0.3533 0.9174 -0.1835
vn -0.5486 0.8090 -0.2113
vn -0.2976 0.2652 -0.9171
vn -0.2414 0.3175 -0.9170
vn -0.5610 0.5577 -0.6118
vn -0.6258 0.5657 -0.5369
vn -0.4924 0.5445 -0.6790
vn -0.8002 -0.0727 -0.5953
vn -0.8294 -0.1583 -0.5357
vn -0.9478 -0.1202 -0.2955
vn -0.7700 0.5812 0.2632
vn -0.8280 0.5314 0.1790
vn -0.2038 0.9686 0.1423
vn -0.3677 0.9213 0.1264
vn -0.8714 0.4622 0.1643
vn -0.3121 0.8742 0.3720
vn -0.1157 0.8873 0.4464
vn -0.2836 0.8703 0.4027
vn -0.2764 0.8465 0.4551
vn -0.8880 0.4189 0.1895
vn -0.4896 0.8708 -0.0454
vn -0.2030 0.9672 -0.1526
vn -0.3837 0.9181 -0.0994
vn -0.8145 0.5667 0.1241
vn -0.5074 0.8374 0.2033
vn -0.1549 0.9093 0.3862
vn -0.9154 0.3395 0.2163
vn -0.1197 0.8655 0.4863
vn -0.2505 0.8359 0.4884
vn -0.3985 0.9005 0.1740
vn -0.3255 0.9317 0.1613
vn -0.0993 0.9568 0.2734
vn -0.1539 0.9355 0.3181
vn -0.9893 -0.0391 -0.1402
vn -0.9603 0.0424 -0.2756
vn -0.9783 0.1577 -0.1345
vn -0.2499 -0.4416 -0.8617
vn -0.1592 -0.4039 -0.9008
vn -0.3057 -0.3493 -0.8857
vn -0.9241 0.2753 -0.2650
vn -0.8865 -0.2339 -0.3992
vn -0.9672 -0.1513 -0.2042
vn -0.0329 -0.2339 -0.9717
vn -0.0868 -0.4401 -0.8938
vn -0.1668 -0.4553 -0.8746
vn -0.9307 0.2865 0.2276
vn -0.1232 0.8689 0.4793
vn -0.2386 0.8514 0.4672
vn -0.0989 0.9093 0.4043
vn -0.1866 0.9032 0.3865
vn -0.1245 -0.4580 -0.8802
vn -0.9434 -0.1591 -0.2908
vn 0.1353 0.9789 -0.1531
vn 0.1148 0.9930 -0.0275
vn 0.1020 0.9940 -0.0402
vn 0.2458 0.3995 -0.8832
vn 0.1885 0.2041 -0.9606
vn 0.2006 0.4195 -0.8853
vn 0.1596 0.2736 -0.9485
vn 0.1364 0.2832 -0.9493
vn 0.0848 0.9953 -0.0460
vn 0.0640 0.9979 -0.0035
vn 0.0993 0.9946 -0.0286
vn 0.0800 0.3874 -0.9184
vn 0.0599 0.2328 -0.9707
vn 0.0774 0.4812 -0.8732
vn 0.2274 0.2027 -0.9525
vn 0.1180 0.9904 -0.0725
vn 0.0941 0.2465 -0.9646
vn 0.0508 0.9985 -0.0210
vn 0.0411 0.9932 0.1087
vn 0.1492 0.2959 -0.9435
vn 0.1852 0.1888 -0.9644
vn 0.2153 0.2646 -0.9400
vn -0.0045 -0.0122 -0.9999
vn 0.0300 0.0806 -0.9963
vn -0.0428 -0.0940 -0.9947
vn 0.0840 0.2138 -0.9733
vn 0.1069 0.2287 -0.9676
vn -0.0075 0.7307 -0.6826
vn -0.0054 0.7335 -0.6797
vn -0.0090 0.7287 -0.6847
vn 0.0108 -0.0739 -0.9972
vn -0.0143 -0.0756 -0.9970
vn -0.0015 0.9692 0.2462
vn -0.0022 0.9930 0.1183
vn -0.2624 0.9631 -0.0607
vn 0.1119 0.2849 -0.9520
vn 0.3299 0.9439 -0.0126
vn -0.2516 0.9667 0.0472
vn -0.4389 0.8942 0.0879
vn -0.9954 0.0910 0.0299
vn -0.9807 0.1818 0.0716
vn -0.9985 -0.0068 0.0536
vn -0.9967 0.0385 0.0709
vn -0.9886 0.1385 0.0586
vn -0.8872 0.4611 0.0171
vn -0.9643 0.2637 0.0256
vn 0.5861 0.8100 -0.0199
vn 0.9881 0.0867 -0.1272
vn 0.9785 -0.0296 -0.2041
vn 0.9832 0.0347 -0.1791
vn 0.9917 0.0111 -0.1283
vn 0.9862 0.1273 -0.1062
vn 0.9858 0.0834 -0.1458
vn 0.9750 -0.1089 -0.1938
vn 0.9908 -0.0763 -0.1116
vn 0.0766 0.9925 0.0951
vn 0.0712 0.9960 0.0532
vn 0.0888 0.9920 0.0902
vn 0.0304 0.9896 0.1405
vn 0.0447 0.9871 0.1538
vn -0.7683 0.6400 0.0139
vn -0.5903 0.8069 0.0197
vn 0.0596 0.9891 0.1346
vn 0.0228 0.9931 0.1148
vn 0.0359 0.9916 0.1244
vn 0.0610 0.9919 0.1115
vn 0.0727 0.9907 0.1154
vn -0.0215 0.9997 0.0145
vn -0.0583 0.9982 0.0134
vn 0.0065 0.9997 0.0241
vn 0.0314 0.9985 0.0444
vn -0.4510 0.8925 0.0091
vn 0.0922 0.9900 0.1067
vn 0.0770 0.9925 0.0945
vn 0.0668 0.9954 0.0683
vn 0.0424 0.9982 0.0424
vn 0.1260 0.9085 0.3984
vn 0.8178 0.2560 0.5155
vn 0.8907 -0.2426 0.3844
vn 0.1413 0.9233 0.3571
vn 0.1214 0.9293 0.3488
vn 0.2453 0.8661 0.4354
vn 0.8795 -0.1187 0.4608
vn 0.8383 -0.4366 0.3265
vn -0.3915 0.9122 0.1209
vn -0.2849 0.9452 0.1596
vn -0.3006 0.9320 0.2025
vn -0.0808 0.9522 0.2947
vn -0.1267 0.9591 0.2531
vn -0.8634 0.1277 0.4881
vn -0.8942 0.0078 0.4477
vn -0.8909 0.1173 0.4388
vn -0.8258 0.1360 0.5474
vn -0.8657 0.0089 0.5004
vn -0.3115 0.1706 0.9348
vn -0.2212 0.0118 0.9752
vn -0.3268 0.0119 0.9450
vn -0.2064 0.1699 0.9636
vn -0.1509 0.0118 0.9885
vn -0.1487 0.1431 0.9785
vn -0.1118 0.0115 0.9937
vn -0.1047 0.1157 0.9877
vn -0.0883 0.0111 0.9960
vn -0.0892 0.1505 0.9846
vn -0.0684 0.0108 0.9976
vn -0.8965 0.1355 0.4218
vn -0.8231 0.0068 0.5678
vn -0.8139 0.1062 0.5712
vn -0.8992 0.0066 0.4374
vn -0.1003 0.1193 0.9878
vn -0.2191 0.0066 0.9757
vn -0.0927 0.0069 0.9957
vn -0.7395 0.1116 0.6638
vn -0.7429 0.0061 0.6694
vn -0.0658 0.1193 0.9907
vn -0.0550 0.0128 0.9984
vn 0.9816 -0.1166 0.1510
vn 0.9827 -0.0077 0.1852
vn 0.9925 -0.0108 0.1217
vn 0.5639 0.2770 0.7780
vn 0.6043 0.0108 0.7967
vn 0.6005 0.0122 0.7995
vn -0.5335 0.1667 0.8292
vn -0.4391 0.0117 0.8984
vn -0.5451 0.0114 0.8383
vn -0.4260 0.1699 0.8886
vn 0.0116 0.0065 0.9999
vn -0.7237 0.1502 0.6735
vn -0.6478 0.0109 0.7617
vn -0.7312 0.0090 0.6821
vn -0.6386 0.1599 0.7528
vn 0.0122 0.1192 0.9928
vn 0.0110 0.0059 0.9999
vn -0.7824 0.1399 0.6069
vn -0.8294 0.0093 0.5586
vn -0.7874 0.0054 0.6164
vn -0.2914 0.9342 0.2057
vn -0.3521 0.9170 0.1875
vn -0.2286 0.9481 0.2212
vn -0.3897 0.8517 0.3504
vn -0.4534 0.8324 0.3186
vn -0.5128 0.8100 0.2844
vn 0.2402 0.7454 0.6218
vn -0.0275 0.8331 0.5524
vn 0.0125 0.7021 0.7120
vn -0.1628 0.9598 0.2285
vn -0.1082 0.9657 0.2359
vn -0.2317 0.8853 0.4033
vn -0.3105 0.8718 0.3789
vn -0.0683 0.9657 0.2503
vn -0.0208 0.9643 0.2641
vn -0.0991 0.8894 0.4463
vn -0.1662 0.8893 0.4261
vn 0.8735 -0.3363 0.3519
vn 0.8176 -0.5073 0.2724
vn 0.3893 0.7206 0.5737
vn 0.9293 -0.2587 0.2636
vn 0.9062 -0.3633 0.2165
vn -0.2892 0.8314 0.4744
vn -0.5714 0.7627 0.3029
vn -0.7631 0.4214 0.4900
vn -0.4913 0.5608 0.6664
vn -0.0460 0.7176 0.6949
vn -0.5098 0.8427 0.1730
vn -0.7969 0.4893 0.3544
vn -0.0107 0.9238 0.3828
vn 0.0015 0.9589 0.2836
vn -0.0245 0.8576 0.5137
vn 0.0124 0.9641 0.2652
vn -0.0206 0.8891 0.4573
vn -0.0593 0.8716 0.4867
vn -0.4281 0.8872 0.1720
vn -0.5799 0.7737 0.2552
vn 0.9946 -0.0336 -0.0984
vn 0.9723 -0.1156 -0.2034
vn 0.9789 -0.1815 -0.0938
vn 0.9725 -0.0029 -0.2329
vn 0.9359 -0.1175 -0.3321
vn 0.2671 -0.2591 -0.9282
vn 0.2464 -0.0710 -0.9666
vn 0.1911 -0.4192 -0.8875
vn 0.3065 -0.0437 -0.9509
vn 0.2733 0.0892 -0.9578
vn 0.1169 -0.1762 -0.9774
vn 0.0971 -0.0378 -0.9946
vn 0.0866 -0.1494 -0.9850
vn 0.0477 -0.0294 -0.9984
vn 0.0465 -0.1316 -0.9902
vn 0.1399 -0.4252 -0.8942
vn 0.1573 -0.0845 -0.9839
vn 0.1143 -0.3614 -0.9254
vn 0.1944 -0.0582 -0.9792
vn 0.2289 0.1279 -0.9650
vn 0.1814 0.0888 -0.9794
vn 0.0244 -0.0473 -0.9986
vn 0.0193 -0.1528 -0.9881
vn 0.1364 -0.0489 -0.9894
vn 0.2947 -0.1339 -0.9462
vn 0.2380 -0.4798 -0.8445
vn 0.2942 -0.1313 -0.9467
vn 0.1474 -0.7500 -0.6448
vn 0.2265 -0.4842 -0.8451
vn 0.2823 -0.2958 -0.9126
vn 0.2991 -0.1509 -0.9422
vn 0.1540 -0.7874 -0.5969
vn 0.1789 -0.7465 -0.6410
vn 0.1084 -0.8115 -0.5742
vn 0.1166 -0.8399 -0.5300
vn 0.2468 -0.8506 -0.4642
vn 0.2263 -0.8034 -0.5507
vn 0.8358 -0.4984 -0.2303
vn 0.6643 -0.6743 -0.3225
vn 0.7449 -0.5825 -0.3253
vn 0.8704 -0.4745 -0.1311
vn 0.7470 -0.6337 -0.2011
vn 0.7654 -0.6348 -0.1061
vn 0.6685 -0.7252 -0.1647
vn 0.5929 -0.7465 -0.3020
vn 0.4376 -0.1599 -0.8849
vn 0.5244 -0.3210 -0.7887
vn 0.5437 -0.1657 -0.8228
vn 0.4089 -0.3129 -0.8573
vn 0.2828 -0.7612 -0.5836
vn 0.4735 -0.7990 -0.3707
vn 0.7188 -0.5967 -0.3569
vn 0.9025 -0.3421 -0.2615
vn 0.8289 -0.4395 -0.3461
vn 0.8195 -0.3830 -0.4263
vn 0.9433 -0.2931 -0.1559
vn 0.9825 -0.1620 -0.0920
vn 0.9678 -0.1800 -0.1758
vn 0.9836 -0.1774 -0.0334
vn 0.9565 -0.2822 -0.0731
vn 0.9569 -0.2899 -0.0191
vn 0.8819 -0.4678 -0.0584
vn 0.9603 -0.2790 0.0064
vn 0.9278 -0.3681 0.0617
vn 0.9174 -0.3975 0.0169
vn 0.8948 -0.4463 -0.0142
vn -0.6412 0.7674 -0.0025
vn -0.4836 0.8752 -0.0068
vn 0.9487 -0.1236 -0.2911
vn 0.8851 -0.2162 -0.4122
vn 0.9377 -0.2078 -0.2784
vn 0.9675 0.1663 -0.1904
vn 0.9766 0.0191 -0.2141
vn 0.9393 0.2668 -0.2158
vn 0.9500 0.2781 -0.1416
vn 0.8901 -0.1597 -0.4269
vn 0.9672 -0.0394 -0.2510
vn 0.9549 -0.0799 -0.2859
vn -0.9956 0.0896 0.0275
vn -0.9993 -0.0012 0.0381
vn -0.9824 0.1854 -0.0220
vn -0.9980 0.0556 -0.0287
vn 0.0342 0.9994 -0.0076
vn 0.5785 0.8087 -0.1065
vn 0.6481 -0.6053 -0.4621
vn 0.7713 -0.6346 -0.0488
vn 0.7927 -0.6094 -0.0158
vn 0.6594 -0.7510 -0.0354
vn 0.6707 -0.7377 -0.0776
vn 0.8244 -0.5656 0.0208
vn 0.8265 -0.5568 0.0830
vn 0.6661 -0.7453 0.0285
vn 0.6613 -0.7500 -0.0091
vn 0.5046 -0.7399 -0.4449
vn 0.4171 -0.7909 -0.4477
vn 0.5103 -0.8100 -0.2891
vn 0.3599 -0.8378 -0.4105
vn 0.6952 -0.6933 0.1901
vn 0.6637 -0.7424 0.0918
vn 0.8090 -0.5526 0.2007
vn 0.8778 -0.4365 0.1976
vn 0.8588 -0.4390 0.2641
vn 0.9992 -0.0199 -0.0351
vn 0.9734 -0.2198 -0.0641
vn 0.9927 -0.1177 -0.0264
vn 0.9954 -0.0516 -0.0808
vn 0.9608 -0.2649 -0.0822
vn 0.9992 -0.0330 0.0240
vn 0.9992 -0.0280 0.0296
vn 0.9923 -0.0650 -0.1057
vn 0.9923 -0.0520 -0.1122
vn 0.6229 -0.7710 -0.1328
vn 0.6263 -0.7782 -0.0462
vn 0.6962 -0.7058 -0.1305
vn 0.5892 -0.7920 0.1598
vn 0.7299 -0.6728 0.1209
vn 0.5133 -0.8541 0.0842
vn 0.5995 -0.7976 0.0663
vn 0.5308 -0.8466 0.0382
vn 0.5746 -0.8177 0.0347
vn 0.5668 -0.8238 0.0086
vn 0.6830 -0.7298 -0.0279
vn 0.6299 -0.7766 -0.0102
vn 0.7833 -0.6209 -0.0283
vn 0.5954 -0.8034 0.0098
vn 0.8606 -0.5074 -0.0451
vn 0.8542 -0.5133 0.0822
vn 0.7101 -0.7023 0.0496
vn 0.8085 -0.5885 -0.0056
vn 0.9762 -0.2169 -0.0005
vn 0.3069 0.0000 -0.9517
vn 0.4398 0.0000 -0.8981
vn 0.5473 0.0000 -0.8369
vn 0.2950 0.0045 -0.9555
vn 0.2881 -0.0079 -0.9576
vn 0.3119 -0.0081 -0.9501
vn 0.0711 -0.5715 -0.8175
vn 0.0741 -0.3854 -0.9198
vn 0.0098 -0.3847 -0.9230
vn 0.0058 -0.4959 -0.8683
vn 0.0288 -0.3452 -0.9381
vn 0.1916 -0.5926 -0.7824
vn 0.8795 -0.4505 -0.1533
vn -0.8059 0.2618 0.5310
vn -0.7586 0.2740 0.5911
vn -0.0906 0.2388 0.9668
vn 0.0133 0.2269 0.9738
vn -0.6953 0.2903 0.6575
vn -0.6053 0.3065 0.7346
vn -0.5017 0.3175 0.8047
vn -0.3970 0.3234 0.8590
vn 0.9724 -0.0996 0.2109
vn -0.2094 0.1339 0.9686
vn -0.0467 0.3623 0.9309
vn -0.0692 0.3541 0.9327
vn -0.1058 0.3651 0.9250
vn -0.2857 0.3243 0.9018
vn -0.1858 0.3203 0.9289
vn -0.8460 0.2460 0.4730
vn 0.9610 -0.2235 0.1626
vn 0.2458 0.9688 0.0328
vn 0.1096 0.9937 0.0230
vn 0.1146 0.9909 0.0701
vn 0.3284 0.9439 0.0355
vn 0.2702 0.9611 0.0566
vn 0.3537 0.9339 0.0517
vn 0.1836 0.9189 0.3492
vn 0.1136 0.9862 0.1200
vn 0.0165 0.9979 0.0620
vn 0.0141 0.9979 0.0628
vn 0.0162 0.9990 0.0425
vn 0.0204 0.9962 0.0844
vn 0.0138 0.9905 0.1369
vn 0.0263 0.9978 0.0605
vn 0.0328 0.9978 0.0569
vn 0.0353 0.9963 0.0787
vn 0.0188 0.9898 0.1411
vn 0.0474 0.9974 0.0549
vn 0.0305 0.9901 0.1367
vn 0.0465 0.9907 -0.1276
vn 0.0650 0.9869 -0.1476
vn 0.0314 0.9932 0.1124
vn 0.0426 0.9894 -0.1387
vn 0.0240 0.9904 -0.1359
vn 0.0191 0.9921 0.1241
vn 0.0187 0.9922 0.1233
vn 0.0169 0.9979 -0.0619
vn 0.0109 0.9901 0.1399
vn 0.0111 0.9909 0.1343
vn -0.0189 0.9972 -0.0726
vn 0.0180 0.9926 0.1205
vn 0.0201 0.9904 0.1369
vn 0.0716 0.9894 0.1263
vn 0.0309 0.9937 0.1073
vn 0.0800 0.9866 0.1424
vn 0.1519 0.9858 0.0713
vn 0.0884 0.9939 0.0657
vn -0.0544 -0.9868 0.1524
vn -0.0429 -0.9964 0.0725
vn -0.0204 -0.9976 0.0657
vn -0.0131 -0.9986 -0.0503
vn 0.0117 -0.9987 -0.0505
vn -0.0231 -0.9869 0.1597
vn -0.0204 -0.9973 0.0703
vn -0.0271 -0.9974 0.0660
vn -0.0161 -0.9984 -0.0540
vn -0.0227 -0.9982 -0.0554
vn -0.0410 -0.9854 0.1652
vn -0.0492 -0.9960 0.0752
vn -0.0373 -0.9982 -0.0474
vn -0.0697 -0.9827 0.1717
vn 0.0128 -0.9874 -0.1577
vn -0.0094 -0.9771 -0.2127
vn 0.0588 -0.9743 -0.2173
vn 0.0206 -0.9123 -0.4089
vn 0.1441 -0.9081 -0.3931
vn -0.0242 -0.9778 -0.2083
vn -0.0006 -0.9103 -0.4138
vn -0.0285 -0.9877 -0.1534
vn -0.0132 -0.9766 -0.2146
vn -0.0017 -0.9061 -0.4231
vn -0.0170 -0.9870 -0.1597
vn -0.0109 -0.9872 -0.1591
vn -0.0104 -0.9811 -0.1930
vn 0.1797 -0.9578 -0.2244
vn 0.0998 -0.9791 -0.1773
vn 0.2431 -0.9421 -0.2311
vn 0.2585 -0.8911 -0.3731
vn -0.0318 -0.9933 -0.1109
vn -0.0071 -0.9934 -0.1146
vn -0.0193 -0.9928 -0.1178
vn -0.0125 -0.9931 -0.1163
vn 0.0325 -0.9923 -0.1191
vn 0.1492 -0.9706 -0.1887
vn 0.0237 0.9462 -0.3227
vn 0.2252 -0.8263 -0.5163
vn -0.0220 0.7578 0.6521
vn -0.0050 0.7709 0.6369
vn -0.0146 0.7440 0.6680
vn -0.0330 0.7587 0.6507
vn -0.0233 0.7582 0.6516
vn -0.1042 -0.6208 0.7770
vn -0.0657 -0.6409 0.7648
vn -0.0667 -0.6413 0.7644
vn -0.0424 -0.6412 0.7662
vn -0.0432 -0.6413 0.7661
vn 0.0944 0.9248 -0.3685
vn 0.0161 -0.8389 -0.5441
vn 0.0054 0.7671 0.6415
vn 0.0262 0.7745 0.6320
vn 0.2683 0.9051 0.3298
vn 0.1193 0.8133 0.5695
vn -0.1725 -0.7174 0.6750
vn -0.1299 -0.6507 0.7481
vn -0.1587 -0.6960 0.7003
vn -0.0306 0.7572 0.6524
vn -0.1187 -0.6651 0.7372
vn 0.0339 0.9279 -0.3713
vn 0.0248 0.9270 -0.3742
vn 0.1263 -0.8319 -0.5403
vn -0.0334 -0.6394 0.7682
vn -0.0334 -0.6395 0.7681
vn 0.0761 0.9254 -0.3712
vn 0.0551 0.9269 -0.3713
vn 0.0083 -0.8364 -0.5480
vn 0.9986 -0.0249 0.0470
vn 0.7160 0.5602 0.4166
vn 0.3400 0.8437 0.4153
vn 0.5289 0.8484 0.0229
vn 0.5304 0.5174 -0.6716
vn -0.6594 0.5678 -0.4928
vn -0.7854 -0.0652 -0.6155
vn -0.8795 0.4021 0.2544
vn 0.1337 0.9837 -0.1205
vn -0.0039 0.7354 -0.6776
vn -0.0542 0.0614 0.9966
vn 0.6013 0.0413 0.7980
vn 0.5517 0.2943 0.7804
vn -0.0178 0.8827 0.4696
vn 0.9379 -0.0001 -0.3469
vn 0.1484 0.0136 -0.9888
vn -0.1976 0.2480 0.9484
vn -0.0229 -0.9852 0.1697
vn -0.0469 -0.9846 0.1686
vn -0.1007 0.9691 -0.2250
vn -0.0827 -0.6474 0.7577
vn 0.0395 -0.8295 -0.5572
vn 0.0075 -0.8373 -0.5467
vn 0.0039 -0.8269 -0.5623
vn -0.0044 0.7727 0.6348
vn 0.9813 -0.0167 -0.1918
vn 0.9803 -0.0128 -0.1972
vn 0.9815 -0.0151 -0.1908
vn 0.9859 0.1065 -0.1288
vn 0.9860 0.1419 -0.0872
vn 0.9860 0.1425 -0.0866
vn 0.9832 0.1636 -0.0804
vn 0.9829 0.1498 -0.1070
vn 0.9827 0.1510 -0.1070
vn 0.9841 0.0163 -0.1768
vn 0.9867 0.0268 -0.1602
vn 0.9868 0.0272 -0.1597
vn 0.9821 0.1796 -0.0561
vn 0.9826 0.1765 -0.0579
vn 0.9821 0.1799 -0.0551
vn 0.9816 0.1827 -0.0559
vn 0.9812 0.1830 -0.0619
vn 0.9811 0.1828 -0.0631
vn 0.9818 0.0912 -0.1664
vn 0.9819 0.1044 -0.1583
vn 0.9853 0.0542 -0.1618
vn 0.9823 0.0918 -0.1635
vn 0.9833 0.1645 -0.0777
vn 0.9852 0.0822 -0.1503
vn 0.9849 0.0792 -0.1537
vn 0.9838 0.0139 -0.1788
vn 0.9836 0.1679 -0.0657
vn 0.9827 0.1760 -0.0581
vn 0.9836 0.1675 -0.0663
vn 0.9836 0.1657 -0.0712
vn 0.9859 0.1498 -0.0740
vn 0.9861 0.1487 -0.0741
vn 0.9859 0.1062 -0.1290
vn 0.9814 0.1850 -0.0509
vn 0.9812 0.1862 -0.0509
vn 0.9810 0.1863 -0.0545
vn 0.9816 0.1825 -0.0557
vn 0.9835 0.1664 -0.0712
vn 0.9858 0.0520 -0.1596
vn 0.9800 -0.0147 -0.1984
vn 0.9810 0.1863 -0.0548
vn 0.5522 0.4664 -0.6910
vn 0.2494 0.4379 -0.8637
vn 0.2686 0.5468 -0.7930
vn 0.0780 0.3994 -0.9135
vn 0.0821 0.5469 -0.8332
vn 0.9026 0.2848 -0.3228
vn 0.7781 0.3562 -0.5174
vn 0.9072 0.2566 -0.3333
vn 0.5505 0.4222 -0.7202
vn -0.0276 0.3643 -0.9309
vn -0.0240 0.5352 -0.8444
vn -0.0873 0.3311 -0.9395
vn -0.0915 0.5219 -0.8481
vn 0.4647 0.5828 -0.6666
vn 0.2183 0.4402 -0.8709
vn 0.9752 -0.1556 0.1573
vn 0.9918 -0.0611 0.1125
vn 0.9620 0.0475 0.2688
vn 0.9451 0.0204 0.3263
vn 0.9439 -0.2016 0.2615
vn 0.9570 -0.1859 0.2229
vn -0.8423 0.2880 -0.4557
vn -0.9416 0.2220 -0.2531
vn -0.8453 0.2418 -0.4765
vn -0.9368 0.2609 -0.2332
vn -0.9761 0.1875 -0.1100
vn -0.9455 0.3217 -0.0509
vn -0.3190 0.4938 -0.8090
vn -0.5946 0.3119 -0.7410
vn -0.6076 0.3116 -0.7306
vn -0.9175 0.3162 -0.2412
vn -0.8089 0.3796 -0.4489
vn -0.7826 0.4209 -0.4587
vn -0.9728 0.2012 -0.1144
vn -0.5831 -0.3480 0.7341
vn -0.2352 -0.1995 0.9513
vn -0.5681 -0.1562 0.8080
vn -0.2472 -0.4083 0.8788
vn -0.0028 -0.2045 0.9789
vn -0.9741 -0.0582 0.2186
vn -0.8402 -0.0219 0.5418
vn -0.9788 -0.0153 0.2044
vn -0.8567 -0.2179 0.4674
vn 0.1274 -0.4023 0.9066
vn 0.2501 -0.1875 0.9499
vn 0.1334 -0.1973 0.9712
vn -0.0124 -0.4138 0.9103
vn 0.7948 -0.2959 0.5298
vn 0.8389 -0.0745 0.5391
vn 0.7679 -0.0854 0.6348
vn 0.8512 -0.3122 0.4220
vn 0.8860 -0.0966 0.4536
vn 0.9233 0.0108 0.3840
vn 0.9293 -0.1903 0.3165
vn 0.7203 -0.2848 0.6325
vn 0.6167 -0.1480 0.7732
vn 0.6181 -0.3031 0.7253
vn 0.7163 -0.1276 0.6860
vn 0.9758 0.1311 -0.1750
vn 0.9764 0.1408 -0.1638
vn 0.0110 0.9358 0.3523
vn -0.0304 0.9504 0.3095
vn -0.0197 0.9414 0.3367
vn 0.0012 0.9467 0.3220
vn -0.0572 0.9834 0.1725
vn -0.1848 0.9744 0.1280
vn -0.2403 0.9424 0.2326
vn 0.0411 0.9086 0.4157
vn -0.0094 0.9312 0.3644
vn 0.0015 0.9221 0.3869
vn 0.0238 0.9250 0.3791
vn 0.0277 0.9807 0.1936
vn 0.0799 0.9279 0.3641
vn 0.0797 0.9775 0.1954
vn -0.0180 0.9821 0.1875
vn 0.0437 0.9351 0.3515
vn -0.0895 0.9803 0.1763
vn -0.0842 0.9948 0.0567
vn -0.2427 0.9553 0.1688
vn -0.0733 0.8079 0.5848
vn -0.0933 0.8530 0.5135
vn -0.1093 0.7333 0.6711
vn -0.1868 0.8542 0.4853
vn 0.0349 0.7614 0.6473
vn -0.0324 0.7400 0.6719
vn 0.0817 0.7777 0.6233
vn 0.0425 0.8752 0.4819
vn -0.2571 0.8669 0.4272
vn -0.2578 0.8768 0.4058
vn -0.3236 0.8366 0.4420
vn -0.3652 0.8065 0.4650
vn -0.5536 0.0496 0.8313
vn -0.8083 0.1765 0.5617
vn 0.2719 0.8028 0.5307
vn 0.3971 0.6964 0.5977
vn 0.4616 0.7030 0.5411
vn 0.4885 0.6132 0.6208
vn 0.7077 0.4007 0.5819
vn 0.1878 0.8346 0.5179
vn 0.3094 0.7075 0.6353
vn 0.3517 0.6996 0.6220
vn 0.4388 0.5809 0.6856
vn 0.3571 0.6142 0.7037
vn 0.7305 0.4578 0.5068
vn 0.7844 0.0235 0.6198
vn 0.4598 0.8093 0.3654
vn 0.5896 0.7035 0.3967
vn 0.6159 0.7212 0.3171
vn 0.2216 0.8891 0.4006
vn 0.4387 0.7918 0.4250
vn 0.2255 0.8773 0.4236
vn 0.3871 0.7975 0.4628
vn 0.5234 0.7134 0.4659
vn 1.0000 0.0075 -0.0047
vn 0.9900 0.0168 0.1403
vn 0.3925 0.7808 0.4861
vn 0.5161 0.6940 0.5020
vn 0.2030 0.8732 0.4430
vn 0.1693 0.9097 0.3792
vn 0.1484 0.9009 0.4080
vn 0.5681 0.8121 0.1334
vn 0.4346 0.8525 0.2904
vn 0.6124 0.7582 0.2237
vn 0.3762 0.9078 0.1853
vn 0.4862 0.8731 0.0352
vn 0.2621 0.9468 0.1865
vn 0.3206 0.9463 0.0415
vn 0.3891 0.8886 0.2430
vn 0.0741 0.9957 0.0547
vn 0.1490 0.9684 0.2001
vn 0.1802 0.9812 0.0697
vn -0.0404 0.9972 0.0622
vn 0.0128 0.9983 0.0573
vn -0.3840 0.9228 0.0321
vn -0.2483 0.9686 -0.0087
vn -0.4115 0.8938 0.1781
vn -0.2019 0.9349 0.2919
vn -0.3480 0.8992 0.2651
vn -0.1664 0.3008 -0.9391
vn -0.1719 0.4972 -0.8505
vn -0.3310 0.2935 -0.8968
vn -0.1980 0.9212 0.3350
vn -0.3523 0.8882 0.2950
vn -0.1686 0.9139 0.3694
vn -0.0076 0.8959 0.4441
vn -0.1684 0.9030 0.3953
vn -0.3085 0.8897 0.3364
vn -0.9757 0.2178 -0.0230
vn -0.8926 0.4507 -0.0148
vn -0.9865 0.1602 -0.0346
vn -0.9612 0.2688 0.0625
vn -0.9965 0.0818 -0.0159
vn -0.9921 0.1160 -0.0478
vn 0.9709 -0.2137 0.1078
vn 0.9887 -0.1422 0.0482
vn 0.9499 -0.2491 0.1885
vn 0.1189 0.9198 0.3738
vn 0.1497 0.8852 0.4404
vn 0.0950 0.9133 0.3960
vn 0.1067 0.8952 0.4326
vn 0.2124 0.8597 0.4646
vn 0.2624 0.8300 0.4922
vn 0.2078 0.8495 0.4850
vn 0.1610 0.8627 0.4795
vn 0.0607 0.8836 0.4643
vn 0.0125 0.9080 0.4189
vn 0.0224 0.8969 0.4416
vn 0.0900 0.8773 0.4714
vn 0.0725 0.9024 0.4249
vn 0.1226 0.8700 0.4775
vn 0.0346 0.8820 0.4700
vn 0.0827 0.8569 0.5088
vn 0.2487 -0.3791 0.8913
vn 0.3566 -0.1748 0.9178
vn 0.3576 -0.3486 0.8664
vn 0.4487 -0.1685 0.8776
vn 0.2110 0.6786 0.7036
vn 0.1238 0.7805 0.6128
vn 0.1565 0.7130 0.6835
vn 0.2647 0.6337 0.7269
vn 0.1659 0.7579 0.6309
vn 0.2569 0.0182 0.9663
vn 0.3578 0.0098 0.9338
vn 0.4419 0.0012 0.8971
vn 0.0867 0.7936 0.6023
vn 0.1089 0.7304 0.6743
vn -0.2089 0.0270 0.9776
vn 0.0182 0.0209 0.9996
vn 0.1455 0.0220 0.9891
vn 0.9032 0.1915 0.3842
vn 0.9973 0.0712 0.0191
vn 0.2714 0.6715 -0.6895
vn 0.0873 0.6794 -0.7286
vn -0.0068 0.6842 -0.7292
vn -0.0774 0.6897 -0.7200
vn -0.1673 0.6736 -0.7199
vn -0.3278 0.6719 -0.6642
vn 0.7341 0.5309 -0.4233
vn 0.4976 0.5648 -0.6584
vn 0.7787 0.4112 -0.4740
vn 0.8708 0.3873 -0.3029
vn 0.8322 0.4654 -0.3012
vn 0.6697 0.6193 -0.4098
vn -0.5817 0.3376 -0.7401
vn -0.3211 -0.9466 -0.0305
vn -0.1995 -0.9788 0.0467
vn -0.1832 -0.9817 0.0518
vn -0.0722 -0.9854 0.1542
vn -0.0713 -0.9853 0.1555
vn 0.0118 -0.9762 0.2167
vn 0.0125 -0.9759 0.2178
vn 0.0846 -0.9741 0.2096
vn 0.0827 -0.9746 0.2082
vn -0.6442 -0.7380 -0.2006
vn -0.4651 -0.8669 -0.1796
vn -0.4491 -0.8795 -0.1577
vn -0.3608 -0.9316 -0.0429
vn 0.0597 -0.9408 -0.3336
vn -0.0354 -0.9697 -0.2419
vn -0.0300 -0.9688 -0.2461
vn -0.0168 -0.9985 0.0521
vn -0.0063 -0.9831 0.1831
vn 0.0703 -0.8863 0.4578
vn 0.0798 -0.8579 0.5076
vn 0.0780 -0.7899 0.6082
vn 0.0790 -0.7848 0.6147
vn 0.4128 -0.9059 0.0948
vn 0.3905 -0.9005 0.1912
vn 0.4247 -0.9013 0.0855
vn 0.0703 -0.9398 -0.3345
vn 0.0352 -0.9428 -0.3314
vn 0.9414 0.2664 -0.2070
vn 0.9630 0.1949 -0.1861
vn 0.9979 -0.0308 -0.0561
vn 0.9973 0.0112 -0.0724
vn 0.3760 -0.9043 0.2020
vn 0.1773 -0.9841 0.0104
vn 0.1333 -0.9911 0.0019
vn 0.1893 -0.9819 0.0058
vn 0.1113 -0.9899 0.0881
vn 0.1109 -0.9902 0.0849
vn 0.1267 -0.9919 0.0045
vn -0.9993 0.0129 0.0346
vn -0.9990 0.0436 0.0052
vn -0.9920 -0.0726 0.1029
vn -0.6297 -0.5891 0.5065
vn -0.6271 -0.5907 0.5077
vn -0.4810 -0.6788 0.5549
vn -0.4476 -0.6832 0.5770
vn -0.4454 -0.6841 0.5776
vn -0.4786 -0.6850 0.5493
vn -0.9985 0.0546 -0.0022
vn -0.9710 0.2289 0.0694
vn -0.9905 -0.1219 0.0635
vn -0.9977 0.0590 0.0338
vn 0.9899 -0.1417 0.0098
vn 0.9770 -0.2088 0.0426
vn 0.9593 -0.2708 0.0798
vn 0.9690 -0.2442 0.0372
vn 0.9499 -0.2998 0.0881
vn -0.6325 -0.7741 0.0260
vn -0.4851 -0.7771 0.4009
vn -0.6298 -0.7765 0.0181
vn -0.4794 -0.7877 0.3869
vn -0.6198 -0.7553 -0.2130
vn -0.6495 -0.7309 -0.2094
vn -0.5794 -0.7668 -0.2762
vn 0.0549 -0.7760 0.6284
vn -0.0625 -0.7695 0.6356
vn 0.1157 -0.7753 0.6209
vn 0.1461 -0.7742 0.6159
vn 0.1217 -0.7751 0.6200
vn 0.9350 -0.3114 0.1699
vn 0.9410 -0.3145 0.1250
vn 0.9037 -0.3810 0.1955
vn 0.0546 -0.7759 0.6285
vn 0.0913 -0.7772 0.6226
vn 0.9234 -0.2436 0.2966
vn 0.8955 -0.2619 0.3598
vn 0.8767 -0.2707 0.3977
vn 0.9350 -0.2605 0.2408
vn 0.9471 -0.2907 0.1363
vn 0.9345 -0.2934 0.2016
vn 0.6798 0.0385 0.7324
vn 0.5903 0.0100 0.8071
vn 0.5116 0.0529 0.8576
vn 0.5321 -0.1354 0.8358
vn 0.2178 0.7673 0.6032
vn 0.2091 0.7328 0.6475
vn 0.1870 0.8048 0.5634
vn 0.4503 -0.3284 0.8303
vn 0.5331 -0.3170 0.7844
vn 0.1404 0.8401 0.5240
vn 0.1118 0.8475 0.5188
vn 0.0606 0.8645 0.4990
vn 0.0587 0.9197 0.3881
vn -0.9387 0.3192 0.1303
vn -0.9691 0.2258 0.0997
vn -0.9957 0.0380 0.0848
vn -0.9957 0.0607 0.0703
vn -0.9969 0.0764 -0.0212
vn -0.9893 0.1353 -0.0539
vn 0.9170 0.2182 0.3340
vn -0.9030 0.4167 0.1050
vn 0.4584 -0.8863 0.0664
vn 0.0509 0.9856 0.1612
vn 0.0361 0.9911 0.1280
vn 0.0400 0.9862 0.1608
vn 0.0473 0.9909 0.1263
vn 0.0352 0.9942 0.1013
vn 0.0564 0.9756 0.2124
vn 0.0763 0.9679 0.2395
vn 0.0646 0.9743 0.2159
vn 0.0627 0.9698 0.2355
vn 0.0763 0.9579 0.2767
vn 0.1102 0.5883 0.8011
vn 0.0804 0.7332 0.6753
vn 0.0947 0.5755 0.8123
vn -0.1292 0.3562 -0.9254
vn -0.1120 0.2054 -0.9723
vn -0.1044 0.3554 -0.9289
vn -0.1399 0.2029 -0.9692
vn -0.1170 0.0425 -0.9922
vn 0.0368 0.9858 0.1637
vn 0.0361 0.9949 0.0946
vn 0.0433 0.9851 0.1662
vn 0.0762 0.9144 0.3975
vn 0.0643 0.9300 0.3619
vn 0.0617 0.9097 0.4107
vn 0.0779 0.9399 0.3324
vn 0.0655 0.9436 0.3247
vn 0.1488 0.5835 0.7984
vn 0.0995 0.7514 0.6523
vn 0.2041 0.3435 0.9167
vn 0.1275 0.7432 0.6568
vn 0.1575 0.7282 0.6671
vn 0.1004 0.8804 0.4634
vn 0.1453 0.7739 0.6164
vn 0.2283 0.3955 0.8896
vn 0.0741 0.8915 0.4469
vn 0.0946 0.9063 0.4120
vn 0.0983 0.9059 0.4119
vn 0.1408 0.0521 0.9887
vn 0.1829 0.0519 0.9818
vn 0.1361 0.0518 0.9893
vn 0.1874 0.0522 0.9809
vn 0.0838 0.9722 0.2187
vn 0.0942 0.9604 0.2621
vn 0.0840 0.9695 0.2301
vn 0.0945 0.9425 0.3207
vn 0.0797 0.9523 0.2945
vn 0.0937 0.9580 0.2709
vn 0.0746 0.9774 0.1981
vn 0.0656 0.9847 0.1612
vn 0.0582 0.9794 0.1933
vn 0.0442 0.9793 0.1977
vn 0.0373 0.9865 0.1594
vn -0.0221 0.9752 0.2201
vn 0.0411 0.9750 0.2182
vn 0.0537 0.9674 0.2473
vn 0.0578 0.9905 0.1248
vn 0.0463 0.9937 0.1019
vn 0.0360 0.9967 0.0733
vn 0.0430 0.9953 0.0865
vn 0.0490 0.9959 0.0764
vn 0.0313 0.9948 0.0973
vn 0.0373 0.9958 0.0832
vn 0.0467 0.9961 0.0743
vn -0.0218 0.9886 0.1487
vn 0.0256 0.9923 0.1212
vn -0.0203 0.9934 0.1125
vn 0.0269 0.9982 0.0536
vn 0.0559 0.9845 0.1662
vn 0.0339 0.9979 0.0547
vn 0.0726 0.9834 0.1664
vn 0.0423 0.9975 0.0568
vn 0.0472 0.9940 0.0990
vn 0.0586 0.9930 0.1022
vn 0.0026 0.9938 -0.1108
vn 0.0028 0.9948 -0.1017
vn 0.0028 0.9953 -0.0966
vn 0.1315 0.9760 0.1734
vn 0.0584 0.9965 0.0600
vn 0.1013 0.9802 0.1704
vn 0.0244 0.9977 0.0628
vn 0.0478 0.9807 0.1896
vn -0.2119 0.3900 -0.8961
vn -0.1868 0.2131 -0.9590
vn -0.1726 0.3739 -0.9113
vn -0.2300 0.2226 -0.9474
vn -0.1951 0.0446 -0.9798
vn -0.1461 0.0426 -0.9884
vn -0.3498 0.3673 -0.8618
vn -0.2982 0.2191 -0.9290
vn -0.2753 0.3831 -0.8817
vn -0.3763 0.2093 -0.9026
vn -0.3119 0.0455 -0.9490
vn -0.2406 0.0465 -0.9695
vn -0.0105 0.9962 0.0860
vn -0.0450 0.9939 0.1005
vn -0.0293 0.9970 0.0719
vn -0.0549 0.9892 0.1360
vn -0.0467 0.9912 0.1237
vn -0.0308 0.9954 0.0905
vn -0.0148 0.9981 0.0598
vn -0.0665 0.9828 0.1723
vn -0.0227 0.9821 0.1870
vn -0.0722 0.9769 0.2010
vn -0.0591 0.9815 0.1821
vn -0.0661 0.9855 0.1562
vn 0.0392 0.9973 0.0619
vn 0.0006 0.9987 0.0519
vn 0.0330 0.9986 0.0414
vn 0.0116 0.9975 0.0697
vn 0.0062 0.9965 0.0829
vn 0.0215 0.9985 0.0512
vn -0.0128 0.9935 0.1129
vn 0.0301 0.9943 0.1019
vn 0.0443 0.9963 0.0743
vn 0.0569 0.9974 0.0439
vn 0.3222 0.4447 0.8357
vn 0.2238 0.7945 0.5646
vn 0.0923 0.8946 0.4372
vn 0.2588 0.8783 0.4020
vn 0.2529 0.0680 0.9651
vn 0.3338 0.0230 0.9424
vn 0.3328 0.0956 0.9381
vn -0.0754 0.9711 0.2264
vn -0.0161 0.9682 0.2498
vn -0.0622 0.9742 0.2168
vn -0.0527 0.9622 0.2672
vn 0.0733 0.9265 0.3692
vn 0.0371 0.9159 0.3997
vn -0.0223 0.9765 0.2144
vn 0.0773 0.9952 0.0602
vn 0.1601 0.9707 0.1794
vn 0.0945 0.9935 0.0628
vn 0.1790 0.9725 0.1491
vn 0.2013 0.9544 0.2206
vn 0.1141 0.9912 0.0668
vn 0.1092 0.9888 0.1020
vn 0.0912 0.9953 0.0312
vn 0.1279 0.9887 0.0786
vn -0.0010 0.9939 -0.1102
vn -0.0000 0.9936 -0.1129
vn 0.0002 0.9930 -0.1184
vn 0.2387 0.9490 0.2058
vn 0.1315 0.9899 0.0535
vn 0.1907 0.9742 0.1203
vn 0.2518 0.9515 0.1766
vn 0.1361 0.9900 0.0375
vn 0.0335 0.9959 0.0846
vn 0.0295 0.9969 0.0726
vn 0.0291 0.9954 0.0914
vn -0.4610 0.3492 -0.8158
vn -0.4335 0.2037 -0.8778
vn -0.4048 0.3583 -0.8413
vn -0.4929 0.1987 -0.8471
vn -0.4509 0.0423 -0.8916
vn -0.3922 0.0435 -0.9188
vn -0.6414 0.3324 -0.6915
vn -0.5822 0.1879 -0.7910
vn -0.5471 0.3314 -0.7687
vn -0.6680 0.1963 -0.7178
vn -0.6026 0.0378 -0.7971
vn -0.5123 0.0411 -0.8578
vn 0.3380 0.9400 0.0470
vn 0.2798 0.9599 0.0201
vn -0.6020 0.1449 -0.7853
vn -0.5689 0.2937 -0.7682
vn -0.7253 0.0103 -0.6884
vn -0.7230 0.1075 -0.6825
vn -0.5404 0.0146 -0.8413
vn -0.4425 0.1097 -0.8900
vn -0.4232 0.0427 -0.9050
vn -0.0229 0.9734 -0.2280
vn 0.2265 0.9642 -0.1379
vn 0.3945 0.9145 0.0902
vn 0.5204 0.8531 0.0376
vn 0.5035 0.8635 0.0310
vn 0.4585 0.8876 0.0449
vn 0.3773 0.9229 0.0770
vn 0.5009 0.8651 0.0261
vn 0.5170 0.8554 0.0320
vn 0.9863 0.0666 -0.1512
vn 0.9568 0.0769 -0.2805
vn 0.9499 0.0793 -0.3023
vn 0.8962 0.0848 -0.4355
vn 0.8774 0.0895 -0.4713
vn 0.1403 0.9053 -0.4010
vn 0.3935 0.8968 -0.2024
vn 0.0525 0.9983 0.0242
vn 0.2159 0.9755 0.0430
vn 0.2066 0.9783 0.0187
vn 0.1625 0.9819 0.0969
vn 0.1999 0.9772 0.0718
vn 0.0374 0.9990 0.0247
vn 0.0683 0.9974 0.0211
vn 0.0768 0.9970 0.0136
vn 0.3258 0.9453 0.0143
vn 0.5078 0.8613 0.0148
vn 0.3225 0.9461 0.0291
vn 0.0149 0.9915 0.1294
vn 0.1567 0.9750 0.1574
vn 0.1571 0.9799 0.1226
vn -0.0367 0.9889 0.1442
vn 0.0006 0.9862 0.1658
vn 0.1561 0.9693 0.1900
vn 0.0163 0.9780 0.2078
vn 0.2626 0.9581 0.1141
vn 0.2646 0.9603 0.0885
vn 0.2690 0.9518 0.1473
vn 0.1119 0.0538 0.9923
vn 0.1119 0.0541 0.9922
vn 0.9994 0.0318 -0.0167
vn 0.9839 0.1282 0.1245
vn 0.9906 0.0649 0.1206
vn 0.9696 0.1615 0.1840
vn 0.9802 0.0708 0.1848
vn 0.4274 0.0295 0.9036
vn 0.9976 -0.0514 -0.0457
vn 0.9796 0.1816 0.0858
vn 0.9568 0.2675 0.1138
vn 0.9412 0.3094 0.1356
vn 0.9687 0.0985 0.2278
vn 0.9328 0.0842 0.3504
vn 0.9254 0.0824 0.3698
vn 0.8196 0.0712 0.5685
vn 0.7930 0.0700 0.6052
vn 0.9884 0.1182 0.0955
vn 0.9827 0.1085 0.1503
vn 0.9829 0.1112 0.1469
vn 0.9697 0.0989 0.2235
vn 0.5649 0.0658 0.8225
vn 0.5305 0.0663 0.8451
vn 0.2864 0.0682 0.9557
vn 0.2759 0.0697 0.9587
vn 0.1383 0.0758 0.9875
vn 0.1404 0.0776 0.9871
vn 0.0891 0.0102 0.9960
vn 0.0696 0.1547 0.9855
vn 0.0491 0.2725 0.9609
vn 0.0429 -0.0667 0.9969
vn 0.1155 0.1371 0.9838
vn 0.0800 0.2619 0.9618
vn 0.2112 0.0604 0.9756
vn 0.1068 0.0270 0.9939
vn 0.1968 0.1650 0.9665
vn 0.9636 0.2622 0.0522
vn 0.9546 0.2940 0.0471
vn 0.9490 0.3100 0.0568
vn 0.9637 0.2595 0.0635
vn 0.9981 0.0559 0.0244
vn 0.9381 0.3432 0.0461
vn 0.9710 0.1492 0.1868
vn 0.9982 0.0523 0.0306
vn 0.9630 0.2589 0.0753
vn 0.9924 0.1213 0.0215
vn 0.9922 0.1226 0.0246
vn 0.9933 0.1141 0.0172
vn 0.9937 0.1109 0.0128
vn 0.9916 0.1288 0.0099
vn 0.9909 0.1336 0.0150
vn 0.9981 0.0619 0.0078
vn 0.9981 0.0613 0.0075
vn 0.9979 0.0575 -0.0310
vn 0.9977 0.0578 -0.0360
vn 0.9884 0.0650 -0.1376
vn 0.9890 0.1119 0.0963
vn 0.1757 0.9172 0.3577
vn 0.2918 0.8755 0.3852
vn 0.3167 0.8775 0.3601
vn 0.0755 0.9163 0.3932
vn 0.1865 0.9060 0.3798
vn 0.0599 0.9329 0.3552
vn 0.0921 0.9294 0.3575
vn 0.0425 0.9456 0.3224
vn 0.1502 0.9278 0.3415
vn 0.0197 0.9554 0.2947
vn 0.0956 0.9243 0.3694
vn 0.0967 0.9152 0.3912
vn 0.0865 0.9422 0.3238
vn 0.2978 0.8863 0.3547
vn 0.0908 0.9321 0.3507
vn 0.1205 0.9343 0.3355
vn 0.2963 0.8733 0.3868
vn 0.2794 0.8380 0.4687
vn 0.2039 0.7874 0.5817
vn 0.0040 0.9016 0.4326
vn 0.0814 0.7583 0.6468
vn 0.2992 0.8874 0.3508
vn 0.0140 0.9626 0.2705
vn 0.0169 0.8151 0.5790
vn -0.0118 0.9011 0.4335
vn 0.0224 0.7758 0.6306
vn -0.0072 0.9048 0.4257
vn 0.1246 0.7882 0.6026
vn 0.0160 0.8996 0.4364
vn 0.9991 0.0183 0.0388
vn 0.9790 0.0139 0.2033
vn 0.2462 0.7920 0.5587
vn 0.1344 0.8882 0.4394
vn 0.2546 0.9453 0.2037
vn 0.1748 0.9556 0.2373
vn 0.2748 0.8792 0.3892
vn 0.3048 0.9507 0.0573
vn -0.0087 0.9915 -0.1301
vn -0.0389 0.9899 -0.1365
vn 0.0030 0.9934 -0.1147
vn 0.0672 0.9948 0.0760
vn 0.0656 0.9963 0.0553
vn 0.0633 0.9971 0.0424
vn 0.0836 0.9945 0.0631
vn 0.0659 0.9539 0.2928
vn 0.0638 0.9637 0.2593
vn 0.0010 0.9948 -0.1023
vn 0.0839 0.9902 0.1119
vn 0.0698 0.9605 0.2694
vn 0.2391 0.0288 0.9706
vn 0.8363 0.0903 -0.5408
vn 0.3716 0.0620 -0.9263
vn 0.3795 0.0580 -0.9234
vn 0.3675 0.0640 -0.9278
vn 0.9302 0.3274 0.1661
vn 0.3595 0.8046 0.4727
vn 0.0598 0.8873 0.4573
vn 0.2216 0.0474 0.9740
vn 0.2663 0.0349 0.9633
vn 0.2664 0.0356 0.9632
vn -0.6691 0.0371 -0.7422
vn 0.9980 -0.0456 -0.0439
vn 0.0361 0.0188 0.9992
vn 0.9976 0.0645 0.0255
vn 0.9985 0.0503 0.0215
vn 0.9983 0.0491 0.0301
vn 0.9736 0.2280 0.0112
vn 0.9993 0.0341 0.0118
vn 0.9981 0.0612 0.0081
vn 0.9989 0.0305 0.0344
vn 0.9151 0.2068 0.3461
vn 0.8328 0.0983 -0.5447
vn 0.3847 0.0554 -0.9214
vn 0.9988 0.0390 0.0285
vn 0.0863 -0.5248 0.8469
vn 0.0818 -0.6610 0.7459
vn 0.0869 -0.6710 0.7363
vn 0.0770 -0.7390 0.6693
vn 0.0862 -0.2470 0.9652
vn 0.0747 -0.2194 0.9728
vn 0.0832 -0.3675 0.9263
vn 0.0878 -0.5253 0.8464
vn 0.0945 -0.7250 0.6822
vn 0.0666 0.0083 0.9977
vn 0.1063 -0.4181 0.9021
vn 0.0883 0.0622 0.9941
vn 0.0496 0.3931 0.9182
vn 0.0666 0.3988 0.9146
vn 0.1187 -0.2302 0.9659
vn 0.1138 -0.6189 0.7772
vn 0.0942 0.4562 0.8849
vn 0.1297 0.0743 0.9888
vn 0.1113 -0.7286 0.6758
vn 0.0531 0.6824 0.7291
vn 0.0410 0.6866 0.7259
vn 0.0632 0.7521 0.6560
vn 0.1604 -0.2396 0.9575
vn 0.1463 -0.4522 0.8798
vn 0.1528 -0.6527 0.7420
vn 0.1318 -0.7574 0.6395
vn 0.0636 0.7690 0.6361
vn 0.1151 0.4456 0.8878
vn 0.1383 -0.8131 0.5655
vn 0.0562 0.8197 0.5701
vn 0.0377 0.7859 0.6172
vn 0.0562 0.8885 0.4555
vn 0.0361 0.9108 0.4114
vn 0.1658 0.0193 0.9860
vn 0.1197 -0.8785 0.4625
vn 0.1369 -0.8528 0.5040
vn 0.0180 0.8970 0.4417
vn 0.0559 0.7490 0.6603
vn 0.0259 0.8855 0.4638
vn 0.1137 0.8897 0.4422
vn 0.0914 0.9262 0.3657
vn 0.0333 0.9569 0.2885
vn -0.0017 0.9515 0.3075
vn 0.1811 -0.4912 0.8520
vn 0.1934 -0.2953 0.9356
vn 0.1283 0.3625 0.9231
vn 0.1702 -0.7158 0.6772
vn 0.1249 -0.9210 0.3691
vn -0.0058 0.8792 0.4764
vn -0.0326 0.9370 0.3477
vn -0.2643 0.9115 0.3151
vn -0.1772 0.9265 0.3321
vn -0.0132 0.9089 0.4167
vn 0.1312 0.9061 0.4023
vn -0.3168 0.9189 0.2351
vn 0.1566 0.9318 0.3276
vn 0.0842 0.9704 0.2262
vn 0.0179 0.9790 0.2029
vn -0.0299 0.9761 0.2152
vn 0.1938 -0.0539 0.9796
vn 0.0338 0.7116 0.7018
vn 0.0932 -0.9603 0.2631
vn 0.1219 -0.9260 0.3572
vn -0.0672 0.9706 0.2311
vn -0.1038 0.9109 0.3993
vn -0.1284 0.9363 0.3268
vn 0.0707 0.9195 0.3867
vn -0.3204 0.8558 0.4061
vn -0.5144 0.7851 0.3449
vn 0.2207 0.9213 0.3200
vn -0.2755 0.8890 0.3658
vn 0.1849 0.9557 0.2289
vn 0.0406 0.9860 0.1619
vn -0.0201 0.9897 0.1418
vn -0.0741 0.9860 0.1495
vn 0.2190 -0.5133 0.8298
vn 0.2105 -0.3361 0.9180
vn 0.1941 -0.7482 0.6344
vn -0.0840 0.8615 0.5007
vn -0.0950 0.9244 0.3693
vn -0.1352 0.9602 0.2443
vn -0.1288 0.9794 0.1558
vn -0.2276 0.7758 0.5885
vn -0.1030 0.7744 0.6243
vn -0.1341 0.8466 0.5151
vn 0.2667 0.9287 0.2576
vn 0.1137 0.9778 0.1759
vn 0.2153 0.9527 0.2146
vn -0.0037 0.9914 0.1310
vn 0.0548 0.9877 0.1467
vn -0.0428 0.9919 0.1197
vn -0.0497 0.9920 0.1160
vn 0.2502 -0.2992 0.9208
vn 0.0778 0.3969 0.9146
vn -0.2561 0.9521 0.1671
vn -0.2380 0.9603 0.1457
vn 0.0821 0.9310 0.3557
vn 0.0479 0.9257 0.3752
vn -0.0671 0.8164 0.5735
vn 0.2800 0.9076 0.3127
vn 0.1769 0.9309 0.3194
vn -0.0558 0.9908 0.1231
vn -0.0926 0.9874 0.1285
vn 0.2664 -0.5085 0.8188
vn -0.0284 0.7159 0.6976
vn 0.1929 -0.0399 0.9804
vn -0.2550 0.6748 0.6925
vn -0.2964 0.8819 0.3665
vn -0.2675 0.9289 0.2560
vn -0.1391 0.9816 0.1309
vn 0.1113 0.9287 0.3536
vn 0.3028 -0.3302 0.8940
vn 0.3616 -0.3061 0.8807
vn 0.3356 -0.4776 0.8120
vn 0.2472 -0.7504 0.6130
vn 0.0635 0.0647 0.9959
vn 0.3324 -0.2651 0.9051
vn -0.1086 0.4471 0.8879
vn -0.4008 0.2002 0.8940
vn -0.4358 0.6127 0.6594
vn -0.4588 0.7219 0.5180
vn -0.2961 0.8021 0.5186
vn -0.5829 0.7784 0.2329
vn -0.4442 0.8337 0.3282
vn -0.5083 0.8436 0.1733
vn 0.3982 -0.4486 0.8001
vn 0.4257 -0.2867 0.8583
vn 0.1377 -0.9456 0.2949
vn 0.1540 -0.9441 0.2913
vn 0.3400 -0.6965 0.6319
vn -0.1093 -0.0247 0.9937
vn 0.2462 -0.2807 0.9277
vn 0.4205 -0.2624 0.8685
vn -0.7386 -0.0460 0.6725
vn -0.7118 0.1232 0.6915
vn -0.8364 0.2793 0.4717
vn -0.5118 -0.1511 0.8457
vn -0.1422 -0.2918 0.9459
vn -0.8943 0.0856 0.4391
vn -0.9275 0.2457 0.2816
vn -0.8295 0.4284 0.3584
vn -0.7276 0.6577 0.1953
vn -0.6798 0.7135 0.1697
vn 0.4616 -0.3056 0.8328
vn 0.4712 -0.2199 0.8542
vn 0.4716 -0.2444 0.8473
vn 0.0553 -0.9982 0.0244
vn 0.0997 -0.9896 0.1036
vn 0.1019 -0.9744 0.2006
vn 0.0226 -0.9986 0.0470
vn 0.0775 -0.9883 0.1310
vn 0.2066 -0.9083 0.3638
vn 0.1825 -0.3657 0.9127
vn 0.4323 -0.3316 0.8386
vn 0.3754 -0.3739 0.8481
vn 0.5000 -0.3135 0.8073
vn -0.8928 -0.2112 0.3978
vn -0.7123 -0.3140 0.6277
vn -0.4685 -0.3597 0.8069
vn -0.1170 -0.4082 0.9054
vn -0.9776 -0.0636 0.2006
vn -0.9660 0.1988 0.1653
vn -0.9824 0.0868 0.1653
vn -0.9544 0.2399 0.1777
vn 0.4465 -0.4079 0.7964
vn 0.3352 -0.6351 0.6959
vn 0.0904 -0.9798 0.1782
vn 0.4597 -0.4119 0.7868
vn 0.3116 -0.3378 0.8881
vn 0.3501 -0.3478 0.8698
vn 0.3998 -0.4972 0.7701
vn 0.5289 -0.2151 0.8210
vn -0.6158 -0.4638 0.6369
vn -0.8205 -0.4159 0.3922
vn -0.9292 -0.3160 0.1918
vn -0.4062 -0.4557 0.7921
vn 0.1390 -0.3528 0.9253
vn -0.9643 -0.2270 0.1366
vn 0.4371 -0.2021 0.8764
vn 0.1259 -0.9610 0.2461
vn 0.1987 -0.8846 0.4219
vn 0.6126 -0.2069 0.7628
vn 0.5261 -0.3870 0.7573
vn 0.6167 -0.1154 0.7787
vn 0.5863 -0.0381 0.8092
vn 0.5178 -0.1520 0.8419
vn -0.6992 -0.5825 0.4145
vn -0.2873 -0.5030 0.8151
vn 0.1758 -0.8672 0.4660
vn 0.1162 -0.9501 0.2896
vn 0.7432 -0.1061 0.6606
vn 0.3306 -0.5110 0.7935
vn 0.3161 -0.3423 0.8848
vn 0.7504 0.0581 0.6585
vn -0.4863 -0.5820 0.6518
vn 0.0078 -0.4004 0.9163
vn 0.1687 -0.2669 0.9488
vn 0.2662 -0.2738 0.9242
vn 0.3100 -0.2730 0.9107
vn -0.8276 -0.5290 0.1878
vn -0.8816 -0.4573 0.1171
vn 0.3709 -0.4080 0.8342
vn 0.3057 -0.3994 0.8643
vn 0.8506 0.2126 0.4809
vn 0.3331 -0.6500 0.6831
vn 0.2943 -0.7176 0.6312
vn 0.4406 -0.6828 0.5827
vn 0.7047 0.2283 0.6717
vn 0.5612 0.4740 0.6785
vn 0.4846 0.0881 0.8703
vn 0.1413 -0.2672 0.9532
vn -0.0290 -0.5060 0.8621
vn -0.1633 -0.5416 0.8246
vn -0.6840 -0.7062 0.1826
vn 0.3293 -0.1114 0.9376
vn 0.3241 -0.5726 0.7531
vn 0.1982 -0.9045 0.3777
vn 0.2547 -0.8810 0.3987
vn 0.3258 -0.4588 0.8266
vn 0.7784 0.4481 0.4396
vn -0.3274 -0.6537 0.6823
vn -0.1819 -0.7082 0.6822
vn 0.2451 -0.2373 0.9400
vn -0.7512 -0.6522 0.1022
vn 0.3643 0.2749 0.8898
vn 0.2867 -0.3552 0.8897
vn 0.2625 -0.6233 0.7366
vn 0.3112 0.0030 0.9503
vn 0.2899 -0.5506 0.7828
vn 0.1985 -0.8235 0.5314
vn 0.3644 -0.4332 0.8243
vn 0.2954 -0.7197 0.6284
vn 0.3464 -0.3688 0.8626
vn 0.3139 -0.3313 0.8898
vn -0.3731 -0.8205 0.4332
vn -0.5204 -0.7396 0.4269
vn 0.3834 -0.2876 0.8777
vn 0.4272 -0.3280 0.8425
vn 0.3520 -0.2531 0.9011
vn 0.2253 -0.1592 0.9612
vn 0.2659 -0.1875 0.9456
vn 0.3310 -0.3254 0.8858
vn 0.3542 -0.3194 0.8789
vn 0.2984 0.0401 0.9536
vn 0.1792 0.5987 0.7807
vn 0.2803 0.2058 0.9376
vn 0.3361 -0.5323 0.7770
vn 0.4921 -0.3150 0.8116
vn 0.4983 -0.2213 0.8383
vn 0.3952 -0.4917 0.7759
vn 0.3297 -0.2476 0.9111
vn 0.2940 -0.2278 0.9283
vn 0.2010 -0.1030 0.9742
vn 0.2375 -0.0978 0.9665
vn 0.1521 -0.2813 0.9475
vn 0.2904 -0.2652 0.9194
vn 0.3667 -0.5884 0.7206
vn 0.0933 0.8824 0.4612
vn 0.1829 0.7362 0.6516
vn 0.2599 -0.8010 0.5393
vn 0.6007 -0.2618 0.7554
vn 0.5812 -0.2084 0.7866
vn 0.2007 -0.0227 0.9794
vn 0.2328 -0.0033 0.9725
vn 0.1796 -0.0321 0.9832
vn 0.4115 -0.4221 0.8078
vn 0.5093 -0.4503 0.7334
vn 0.4754 -0.3195 0.8197
vn 0.5041 -0.3416 0.7932
vn 0.6721 -0.1664 0.7215
vn -0.6022 -0.7939 0.0844
vn -0.5164 -0.8381 0.1757
vn 0.2695 -0.1360 0.9533
vn 0.3133 -0.1453 0.9385
vn 0.5763 -0.3323 0.7466
vn 0.3476 -0.2308 0.9088
vn 0.2023 0.1753 0.9635
vn -0.3685 -0.9163 0.1565
vn -0.2238 -0.8800 0.4189
vn -0.0705 -0.6794 0.7304
vn 0.2397 -0.0244 0.9705
vn 0.2930 -0.0523 0.9547
vn 0.3282 -0.0410 0.9437
vn 0.3650 -0.1451 0.9196
vn 0.1941 -0.9125 0.3601
vn 0.2731 -0.7812 0.5614
vn -0.0422 -0.9638 0.2633
vn 0.0857 -0.9868 0.1377
vn 0.1073 -0.9827 0.1508
vn -0.1170 -0.9077 0.4030
vn -0.2279 -0.9646 0.1328
vn 0.2737 0.0966 0.9570
vn 0.3041 0.1492 0.9409
vn 0.5415 -0.2227 0.8107
vn 0.3639 -0.5541 0.7487
vn 0.1151 -0.8540 0.5074
vn -0.1074 -0.9878 0.1125
vn -0.1464 -0.9882 0.0445
vn 0.0519 -0.6493 0.7587
vn 0.0929 -0.6300 0.7710
vn -0.0354 -0.9250 0.3784
vn 0.2607 0.5131 0.8177
vn 0.2867 0.2241 0.9314
vn 0.3377 0.1586 0.9278
vn 0.3493 -0.0358 0.9363
vn 0.0625 -0.6747 0.7354
vn -0.3309 -0.8793 0.3426
vn 0.2703 -0.5439 0.7944
vn 0.5209 -0.3180 0.7922
vn -0.4431 -0.8641 0.2387
vn -0.1089 -0.9854 0.1308
vn 0.0192 -0.9363 0.3508
vn -0.0441 -0.9945 0.0948
vn 0.1530 -0.2272 0.9617
vn 0.2860 0.5290 0.7990
vn 0.1637 0.8076 0.5665
vn 0.0144 -0.9433 0.3316
vn 0.0367 -0.8660 0.4988
vn 0.0163 -0.8526 0.5224
vn 0.0598 -0.2223 0.9731
vn 0.0292 -0.3892 0.9207
vn 0.0555 -0.3845 0.9215
vn 0.1886 -0.4715 0.8615
vn -0.1027 -0.5403 0.8352
vn 0.5022 -0.2980 0.8118
vn 0.6434 -0.2501 0.7236
vn 0.0437 -0.8716 0.4882
vn 0.1111 -0.3745 0.9206
vn 0.1551 0.0009 0.9879
vn 0.1186 0.0134 0.9928
vn 0.1532 0.1222 0.9806
vn 0.1822 0.0964 0.9785
vn 0.1407 0.8441 0.5173
vn 0.1168 -0.2138 0.9699
vn 0.0632 0.0141 0.9979
vn 0.3792 -0.3129 0.8708
vn 0.6421 -0.2024 0.7395
vn 0.7316 -0.1729 0.6594
vn 0.7343 -0.2193 0.6424
vn -0.1765 -0.9768 0.1209
vn -0.8366 -0.5316 0.1323
vn -0.6195 -0.7790 0.0971
vn 0.0631 0.1294 0.9896
vn 0.1127 0.1253 0.9857
vn 0.1185 0.2241 0.9673
vn 0.1017 0.9080 0.4065
vn 0.1770 0.8450 0.5046
vn 0.0338 0.0064 0.9994
vn 0.3450 -0.2702 0.8989
vn 0.4840 -0.2523 0.8379
vn -0.6063 -0.7899 0.0921
vn -0.9406 -0.3240 0.1019
vn -0.9850 -0.1138 0.1297
vn 0.0621 0.2298 0.9713
vn 0.0354 0.2284 0.9729
vn 0.0356 0.1258 0.9914
vn 0.0605 0.3399 0.9385
vn 0.1029 0.3400 0.9348
vn 0.1403 0.3343 0.9320
vn 0.1696 0.2245 0.9596
vn 0.0964 0.9025 0.4197
vn 0.4247 -0.2019 0.8826
vn 0.5818 -0.1732 0.7946
vn 0.6849 -0.1404 0.7150
vn -0.9756 0.1387 0.1700
vn -0.9885 0.0592 0.1389
vn 0.0348 0.3318 0.9427
vn 0.0385 0.4305 0.9018
vn 0.1017 0.4478 0.8883
vn 0.1679 0.3558 0.9194
vn 0.1140 0.8849 0.4517
vn 0.0309 -0.2308 0.9725
vn 0.2083 -0.0979 0.9731
vn 0.2793 -0.2467 0.9280
vn -0.9287 0.3199 0.1875
vn -0.9553 0.2270 0.1893
vn 0.1425 0.4544 0.8793
vn 0.1180 0.8817 0.4568
vn 0.6556 -0.2231 0.7214
vn 0.7290 -0.1350 0.6710
vn -0.5236 -0.0263 0.8516
vn -0.4559 -0.1397 0.8790
vn -0.4672 -0.0965 0.8788
vn -0.5421 -0.0328 0.8397
vn 0.2246 0.0110 0.9744
vn -0.4387 0.3886 0.8103
vn -0.7071 0.4277 0.5631
vn -0.3374 0.6605 0.6708
vn -0.2937 -0.3224 0.8999
vn 0.7709 -0.1302 0.6235
vn -0.7456 0.6369 0.1957
vn -0.9246 -0.2574 0.2808
vn 0.1322 0.5501 0.8245
vn 0.0970 0.5416 0.8350
vn -0.3174 0.4126 0.8538
vn -0.7908 0.5188 0.3247
vn -0.3922 0.8633 0.3178
vn 0.8116 -0.1057 0.5745
vn -0.9544 -0.0698 0.2904
vn 0.0936 0.6270 0.7734
vn 0.1305 0.6395 0.7577
vn 0.0600 0.5331 0.8439
vn 0.0587 0.4452 0.8935
vn 0.1837 0.7884 0.5871
vn 0.1154 0.8878 0.4455
vn 0.6566 -0.3308 0.6778
vn 0.0318 0.7041 0.7094
vn -0.9042 0.0334 0.4257
vn -0.9392 0.1206 0.3214
vn -0.0950 0.9322 0.3492
vn -0.3934 0.9025 0.1752
vn 0.7888 -0.1134 0.6041
vn 0.8485 -0.1028 0.5192
vn -0.7001 0.6849 0.2019
vn -0.9002 0.3867 0.2003
vn -0.3471 0.9245 0.1574
vn -0.8932 -0.1443 0.4260
vn 0.1123 0.7059 0.6993
vn 0.0891 0.6999 0.7087
vn 0.1374 0.7168 0.6836
vn 0.0604 0.6173 0.7844
vn 0.0810 0.8915 0.4458
vn 0.0446 0.6035 0.7961
vn 0.0604 0.6921 0.7193
vn 0.6213 -0.4328 0.6532
vn 0.7713 -0.2066 0.6021
vn 0.7399 -0.2989 0.6027
vn 0.5126 -0.6242 0.5895
vn 0.0441 0.9076 0.4175
vn -0.0250 0.9839 0.1767
vn -0.1101 0.9822 0.1522
vn 0.8673 -0.1016 0.4872
vn 0.1176 0.7595 0.6398
vn 0.0866 0.7545 0.6505
vn 0.0422 0.5148 0.8563
vn 0.0470 0.6766 0.7348
vn 0.0283 0.9796 0.1987
vn 0.1132 0.7923 0.5996
vn 0.0922 0.7981 0.5954
vn 0.0637 0.7864 0.6144
vn 0.1562 0.6526 0.7414
vn 0.0726 0.8175 0.5713
vn -0.0071 0.8821 0.4709
vn 0.7266 -0.4046 0.5552
vn 0.6134 -0.5920 0.5228
vn 0.8247 -0.2594 0.5026
vn 0.8520 -0.1664 0.4964
vn 0.1793 0.8238 0.5378
vn 0.1083 0.9641 0.2425
vn 0.0875 0.9877 0.1292
vn -0.0461 0.9922 0.1160
vn 0.9049 -0.1021 0.4131
vn 0.8919 -0.0633 0.4478
vn 0.1357 0.7985 0.5864
vn 0.1143 0.8182 0.5634
vn 0.0618 0.7470 0.6619
vn 0.0494 0.7362 0.6750
vn -0.1775 0.8025 0.5696
vn 0.0581 0.7813 0.6214
vn 0.7102 -0.5445 0.4462
vn 0.8147 -0.3602 0.4544
vn 0.2914 0.9053 0.3089
vn 0.3477 0.7007 0.6230
vn 0.3165 0.9361 0.1537
vn -0.1070 0.9865 0.1239
vn 0.9164 -0.0615 0.3956
vn 0.8981 -0.0736 0.4336
vn 0.1356 0.8185 0.5583
vn 0.1041 0.8945 0.4347
vn -0.3844 0.6222 0.6820
vn 0.0765 0.6391 0.7653
vn 0.5605 -0.6923 0.4544
vn 0.5992 0.7741 0.2045
vn 0.9225 -0.0918 0.3750
vn -0.5151 0.4299 0.7415
vn -0.5237 0.4010 0.7516
vn -0.0816 0.5896 0.8035
vn 0.8840 -0.2186 0.4132
vn 0.5783 0.7167 0.3898
vn 0.9013 -0.1254 0.4147
vn 0.9343 -0.0547 0.3522
vn 0.9236 -0.1088 0.3676
vn 0.9034 -0.1510 0.4013
vn -0.5782 0.0768 0.8123
vn -0.6108 0.0261 0.7914
vn 0.2937 0.5413 0.7879
vn 0.3353 0.4723 0.8152
vn 0.0525 0.8894 0.4540
vn 0.0494 0.8838 0.4652
vn 0.6650 -0.6354 0.3925
vn 0.9183 -0.1686 0.3581
vn 0.8804 -0.1450 0.4515
vn 0.4612 0.1858 0.8676
vn 0.4041 0.2620 0.8764
vn 0.0463 0.3689 0.9283
vn 0.4127 0.1207 0.9028
vn 0.0768 0.8961 0.4372
vn 0.7848 -0.4931 0.3754
vn 0.8762 -0.3002 0.3770
vn 0.9425 -0.0954 0.3204
vn 0.9468 -0.0331 0.3201
vn 0.9479 -0.0250 0.3175
vn 0.9370 -0.0771 0.3407
vn 0.5317 0.2382 0.8127
vn -0.1642 -0.7700 0.6165
vn -0.3885 -0.7748 0.4987
vn -0.2620 -0.6642 0.7001
vn 0.5556 0.0032 0.8315
vn 0.5946 0.0677 0.8012
vn 0.6330 0.1395 0.7615
vn 0.0574 0.9224 0.3820
vn 0.0877 0.8934 0.4406
vn 0.7480 -0.5770 0.3280
vn 0.8155 -0.4800 0.3234
vn 0.2342 -0.9689 0.0802
vn 0.2217 -0.9728 0.0670
vn 0.2019 -0.9758 0.0840
vn 0.9377 -0.1261 0.3237
vn 0.9078 -0.2399 0.3440
vn 0.3477 0.2381 0.9069
vn 0.3558 0.0948 0.9297
vn -0.5893 -0.1651 0.7909
vn -0.7000 -0.1775 0.6917
vn 0.6637 -0.0054 0.7479
vn 0.6232 -0.0802 0.7779
vn 0.0355 0.9473 0.3185
vn 0.2281 -0.9702 0.0815
vn 0.2088 -0.9717 0.1108
vn 0.9563 -0.0608 0.2860
vn 0.4774 0.2298 0.8481
vn 0.3932 0.0774 0.9162
vn 0.6009 0.3155 0.7344
vn 0.6838 0.1823 0.7065
vn -0.0646 0.8935 -0.4443
vn -0.0692 0.7365 -0.6728
vn -0.0558 0.8433 -0.5345
vn 0.0751 0.9403 0.3319
vn 0.8497 -0.4247 0.3124
vn 0.7732 -0.5723 0.2732
vn 0.1614 -0.9825 0.0929
vn 0.9588 -0.0165 0.2836
vn 0.9592 -0.0618 0.2760
vn -0.0197 -0.6125 0.7903
vn -0.2044 -0.5714 0.7948
vn 0.4423 0.1238 0.8883
vn -0.3259 -0.8555 0.4023
vn 0.5536 -0.1193 0.8242
vn 0.6999 0.2427 0.6718
vn -0.0809 0.7126 -0.6969
vn -0.0958 0.8673 -0.4885
vn -0.1228 0.7000 -0.7035
vn 0.9328 -0.1933 0.3041
vn 0.9719 -0.0619 0.2272
vn 0.9836 -0.0117 0.1799
vn 0.9664 -0.0147 0.2567
vn -0.4846 -0.1000 0.8690
vn 0.2273 -0.4892 0.8420
vn 0.1699 -0.6224 0.7640
vn 0.2575 -0.5786 0.7739
vn 0.6690 0.3338 0.6641
vn 0.0240 -0.8469 0.5312
vn -0.0829 -0.9237 0.3740
vn 0.7487 0.2822 0.5998
vn -0.1003 0.5917 -0.7999
vn -0.0809 0.6012 -0.7950
vn -0.1333 0.6076 -0.7830
vn -0.1568 0.5749 -0.8031
vn 0.9595 -0.0947 0.2651
vn 0.9892 -0.0807 0.1222
vn 0.9833 -0.0756 0.1656
vn 0.1628 -0.7797 0.6046
vn 0.3408 -0.4040 0.8489
vn 0.3167 -0.5727 0.7561
vn 0.4250 0.2644 0.8657
vn 0.4096 0.1552 0.8990
vn 0.0941 -0.8684 0.4869
vn 0.7717 0.1820 0.6094
vn -0.1401 0.7524 -0.6436
vn -0.1781 0.5952 -0.7836
vn 0.0738 0.9473 0.3118
vn -0.1193 0.8614 -0.4938
vn 0.9978 -0.0465 0.0474
vn 0.2248 -0.7520 0.6197
vn 0.3858 -0.3494 0.8539
vn 0.3746 0.3118 0.8732
vn 0.3781 0.2012 0.9036
vn 0.7754 0.0778 0.6266
vn -0.1788 0.7306 -0.6590
vn -0.1937 0.5328 -0.8238
vn 0.1261 0.8408 0.5264
vn 0.2242 0.9067 0.3573
vn 0.1282 0.8205 0.5571
vn 0.9662 -0.0780 0.2459
vn 0.9508 -0.1192 0.2859
vn 0.9596 -0.0936 0.2652
vn 0.9524 0.0041 0.3049
vn 0.9834 -0.0436 -0.1760
vn 0.9567 -0.1116 0.2687
vn 0.3625 -0.4404 0.8214
vn 0.1927 -0.8190 0.5405
vn 0.7342 0.0232 0.6786
vn -0.2256 0.5610 -0.7965
vn 0.0781 0.9450 0.3177
vn -0.1641 0.8355 -0.5243
vn 0.9396 -0.1502 0.3074
vn 0.9626 -0.0647 0.2630
vn 0.9365 0.0830 0.3407
vn 0.9533 -0.0521 0.2975
vn 0.9708 -0.0908 0.2221
vn 0.9726 -0.1264 -0.1951
vn 0.3745 -0.0194 0.9270
vn 0.2772 -0.7573 0.5914
vn -0.2099 0.7194 -0.6621
vn -0.2337 0.5435 -0.8062
vn 0.9260 -0.1472 0.3477
vn 0.9137 -0.1880 0.3604
vn 0.9600 0.0732 0.2701
vn 0.9366 -0.1240 0.3276
vn 0.9646 0.1326 0.2279
vn 0.9598 -0.0711 0.2714
vn 0.6737 0.7086 0.2098
vn 0.4353 0.7816 0.4468
vn 0.6715 0.2848 0.6841
vn 0.9908 -0.1356 0.0044
vn 0.8882 -0.0650 -0.4549
vn 0.8627 -0.0483 -0.5033
vn 0.8113 -0.1251 -0.5710
vn 0.8933 -0.0724 -0.4436
vn 0.3697 0.4503 0.8127
vn 0.3093 -0.7093 0.6334
vn 0.7093 -0.0694 0.7015
vn -0.2563 0.5610 -0.7871
vn 0.9388 0.2579 0.2282
vn 0.5837 0.8064 0.0946
vn 0.4173 0.9084 0.0242
vn 0.4852 0.8627 0.1427
vn 0.4262 0.8183 0.3855
vn 0.9861 -0.1584 -0.0499
vn 0.9879 -0.1375 0.0720
vn 0.7662 -0.2484 -0.5927
vn 0.7908 -0.1471 -0.5942
vn 0.7660 -0.1781 -0.6177
vn 0.2739 0.3860 0.8809
vn 0.3279 0.3617 0.8728
vn 0.3162 0.4822 0.8170
vn 0.2629 -0.8445 0.4666
vn 0.8921 -0.1585 0.4232
vn 0.9552 0.0465 0.2922
vn 0.6297 0.7762 0.0305
vn 0.7498 0.6497 0.1251
vn 0.7512 -0.2020 -0.6284
vn 0.9656 -0.0991 0.2402
vn 0.0713 -0.0533 -0.9960
vn 0.1339 -0.0700 -0.9885
vn 0.1455 -0.0196 -0.9892
vn 0.0535 -0.0895 -0.9946
vn 0.3422 -0.0418 0.9387
vn 0.7353 0.6669 0.1209
vn 0.8018 0.5969 0.0292
vn 0.7662 0.6397 0.0613
vn 0.9642 0.0078 0.2650
vn 0.9572 0.0814 0.2779
vn 0.9666 0.0412 0.2528
vn 0.9706 0.0348 0.2383
vn 0.9692 -0.0080 0.2463
vn 0.9526 -0.0300 0.3028
vn 0.9422 0.0758 0.3262
vn 0.8305 0.1522 0.5359
vn 0.7380 0.2374 0.6316
vn 0.4909 0.2139 0.8445
vn 0.3074 0.5980 0.7402
vn 0.0749 -0.0188 -0.9970
vn 0.3578 -0.5578 0.7489
vn 0.2928 -0.8056 0.5151
vn 0.7633 0.6211 -0.1776
vn 0.9544 -0.0157 0.2980
vn 0.9482 -0.0686 0.3102
vn 0.8085 0.0224 0.5881
vn 0.6751 0.1623 0.7197
vn 0.0396 -0.0852 -0.9956
vn 0.0440 -0.1186 -0.9920
vn 0.0202 -0.0759 -0.9969
vn 0.7774 0.6126 -0.1423
vn 0.9678 0.0405 0.2484
vn 0.9717 0.0750 0.2241
vn 0.9895 -0.1433 0.0210
vn 0.0359 -0.1548 -0.9873
vn 0.0458 -0.1913 -0.9805
vn 0.8801 -0.1623 -0.4461
vn 0.2104 -0.9071 0.3645
vn 0.9842 0.1209 0.1297
vn 0.6984 0.5746 -0.4266
vn 0.6876 0.5986 -0.4110
vn 0.9629 -0.1103 0.2464
vn 0.9604 -0.0725 0.2689
vn 0.8213 -0.0530 0.5681
vn 0.8752 0.0207 0.4833
vn 0.0566 -0.2567 -0.9648
vn 0.0141 -0.2314 -0.9727
vn 0.1091 -0.2701 -0.9566
vn 0.1323 -0.0312 -0.9907
vn 0.0637 -0.0412 -0.9971
vn 0.3789 -0.5759 0.7244
vn 0.3441 -0.7961 0.4979
vn 0.2387 -0.8951 0.3766
vn 0.2209 -0.8884 0.4023
vn 0.2335 -0.9073 0.3497
vn 0.9810 0.1031 0.1644
vn 0.9730 -0.0440 0.2268
vn 0.9389 -0.1983 0.2815
vn 0.9490 -0.1655 0.2683
vn 0.9408 -0.2116 0.2647
vn 0.7402 -0.2956 -0.6039
vn 0.4696 -0.5050 0.7242
vn 0.4300 -0.7865 0.4433
vn 0.9515 -0.0571 0.3022
vn 0.6316 0.3044 -0.7131
vn 0.7925 -0.2763 0.5437
vn 0.8059 -0.4093 0.4277
vn 0.5712 -0.2017 0.7956
vn 0.9537 -0.1131 0.2787
vn 0.9317 -0.0797 0.3543
vn 0.0085 -0.2887 -0.9574
vn 0.0218 -0.1909 -0.9814
vn 0.6551 -0.5691 0.4969
vn 0.6072 -0.6930 0.3887
vn 0.6295 0.3339 -0.7016
vn 0.7625 -0.4065 0.5033
vn 0.8069 -0.4677 0.3607
vn 0.8389 -0.4761 0.2638
vn 0.5756 -0.5708 0.5856
vn 0.3385 -0.4610 0.8203
vn 0.7045 -0.3242 -0.6313
vn 0.9346 -0.3501 -0.0635
vn 0.8811 -0.3109 -0.3564
vn 0.8423 -0.5390 0.0044
vn 0.8346 -0.2838 0.4721
vn 0.2953 -0.8907 0.3457
vn 0.2777 -0.8901 0.3613
vn 0.5623 0.1102 -0.8195
vn 0.9570 -0.0494 0.2857
vn 0.9927 0.1059 0.0577
vn 0.9905 -0.1367 0.0154
vn 0.9569 -0.0340 0.2885
vn 0.5401 -0.7626 0.3561
vn 0.6801 -0.3532 -0.6424
vn 0.9633 -0.1710 0.2067
vn 0.8195 -0.5341 0.2079
vn -0.0031 -0.3397 -0.9405
vn -0.0001 -0.3505 -0.9365
vn 0.3864 -0.8647 0.3209
vn 0.5417 0.1174 -0.8324
vn 0.5141 -0.4310 -0.7416
vn 0.5003 -0.4365 -0.7478
vn 0.5297 -0.5650 -0.6325
vn 0.9659 -0.1664 0.1985
vn 0.3001 -0.8392 0.4536
vn 0.8743 -0.4040 0.2690
vn 0.0864 -0.9920 -0.0924
vn 0.0176 -0.9851 -0.1711
vn 0.0852 -0.9928 -0.0848
vn 0.3841 -0.1857 -0.9044
vn 0.0902 -0.9156 -0.3918
vn 0.5292 -0.6300 -0.5683
vn 0.8927 -0.1110 0.4368
vn 0.9534 -0.0917 0.2875
vn 0.8850 -0.1142 0.4513
vn 0.9907 -0.0814 0.1091
vn 0.1629 -0.9866 0.0088
vn 0.0039 -0.2030 -0.9792
vn 0.4826 -0.7420 -0.4653
vn 0.4737 -0.7406 -0.4766
vn 0.3782 -0.9248 0.0408
vn 0.7424 -0.6489 0.1667
vn 0.5105 -0.8521 0.1159
vn 0.9391 -0.0165 0.3432
vn 0.8816 -0.0329 0.4709
vn 0.9700 -0.0333 0.2408
vn 0.9761 -0.0332 0.2149
vn 0.9783 -0.0815 0.1903
vn 0.0064 -0.0407 -0.9991
vn 0.3775 -0.9239 0.0624
vn 0.9301 0.0141 0.3670
vn 0.9310 0.0576 0.3604
vn 0.9165 0.0552 0.3962
vn 0.0076 -0.0056 -1.0000
vn 0.2705 0.8824 0.3850
vn 0.4336 0.8018 0.4112
vn 0.5789 0.5895 0.5633
vn 0.3185 0.7930 0.5193
vn 0.9437 -0.2703 0.1905
vn 0.5514 -0.8217 0.1439
vn 0.8377 -0.4799 0.2605
vn 0.9624 -0.0251 0.2705
vn 0.5088 0.0524 0.8593
vn 0.5029 -0.2772 0.8187
vn 0.9347 -0.0010 0.3555
vn 0.9423 0.0564 0.3299
vn 0.9458 0.0503 0.3208
vn 0.9591 0.2606 0.1110
vn 0.9803 0.1972 0.0088
vn 0.9910 -0.1334 0.0054
vn 0.1807 -0.9821 0.0528
vn 0.1784 -0.9826 0.0511
vn 0.1750 -0.9832 0.0524
vn 0.4157 0.3810 0.8258
vn 0.7447 0.2758 0.6077
vn 0.3392 0.7021 0.6261
vn 0.4770 0.2506 0.8424
vn 0.8470 0.2204 0.4837
vn 0.8676 -0.4276 0.2539
vn 0.9351 -0.1774 0.3068
vn 0.9606 -0.0185 0.2772
vn 0.9688 0.0212 0.2470
vn 0.1662 -0.9852 0.0431
vn 0.2922 0.2379 0.9263
vn 0.2778 0.1277 0.9521
vn 0.7916 0.4222 0.4417
vn 0.5222 -0.8280 0.2042
vn 0.8284 -0.5104 0.2306
vn 0.7802 -0.5825 0.2281
vn 0.7775 -0.5862 0.2279
vn 0.5281 -0.8259 0.1976
vn 0.8971 -0.3597 0.2567
vn 0.5611 -0.4598 -0.6883
vn 0.6395 -0.4073 -0.6520
vn 0.5848 -0.4558 -0.6710
vn 0.5589 -0.4599 -0.6901
vn 0.1879 -0.9807 0.0534
vn 0.5574 0.1047 0.8236
vn 0.3530 0.1933 0.9154
vn 0.2521 0.2148 0.9435
vn 0.9541 -0.0061 0.2994
vn 0.9598 0.0228 0.2797
vn 0.6942 -0.6691 0.2652
vn 0.9516 0.0013 0.3075
vn 0.9563 -0.0138 0.2921
vn 0.2307 -0.9706 0.0681
vn 0.2808 0.2859 0.9162
vn 0.4406 0.0307 0.8972
vn 0.6217 -0.3026 0.7224
vn 0.7907 -0.1219 0.6000
vn 0.2318 0.3433 0.9102
vn 0.4480 -0.8114 0.3754
vn 0.2917 0.2119 0.9327
vn 0.4337 -0.3253 0.8403
vn 0.2510 0.3429 0.9052
vn 0.2162 0.4679 0.8569
vn 0.2164 0.4472 0.8678
vn 0.2257 0.0940 0.9697
vn 0.2030 0.2203 0.9541
vn 0.9573 0.0106 0.2890
vn 0.9460 0.0207 0.3235
vn 0.9328 0.0645 0.3545
vn 0.9421 0.2361 0.2381
vn 0.8780 0.4363 0.1968
vn 0.8392 0.5416 0.0502
vn 0.9039 0.4276 -0.0096
vn 0.7421 -0.4133 0.5278
vn 0.9640 0.2071 0.1671
vn 0.9346 0.3056 0.1821
vn 0.8576 0.4832 0.1762
vn 0.1618 0.9865 -0.0236
vn 0.0816 0.9957 -0.0431
vn 0.0834 0.9895 -0.1182
vn 0.0234 0.9985 -0.0488
vn 0.6169 0.1602 -0.7705
vn 0.1938 0.5605 0.8052
vn 0.1797 0.4660 0.8664
vn 0.1620 0.5618 0.8113
vn 0.9564 0.1774 0.2319
vn 0.8796 0.2099 0.4270
vn 0.9009 0.3728 0.2223
vn 0.9032 0.1227 0.4113
vn 0.0491 0.9978 -0.0437
vn 0.0326 0.9970 -0.0707
vn 0.1970 0.3523 0.9149
vn 0.9393 0.3387 0.0541
vn 0.8773 0.4759 0.0618
vn 0.8821 0.4707 0.0151
vn 0.8353 0.2935 0.4649
vn 0.8614 0.4375 0.2582
vn 0.8656 0.1894 0.4635
vn 0.0762 0.9907 -0.1123
vn 0.0690 0.9935 -0.0908
vn 0.0589 0.9947 -0.0839
vn 0.0893 -0.4354 -0.8958
vn 0.0434 -0.4924 -0.8693
vn 0.0139 -0.4880 -0.8727
vn 0.0742 0.4105 -0.9088
vn 0.1514 0.6255 -0.7654
vn 0.0616 0.3740 -0.9254
vn 0.0731 0.9905 -0.1161
vn 0.1558 0.7299 0.6656
vn 0.0824 0.9794 -0.1845
vn 0.2514 0.6548 -0.7127
vn 0.1986 0.6662 -0.7188
vn 0.3039 0.6799 -0.6673
vn 0.8335 0.5502 0.0508
vn 0.8870 0.0614 0.4577
vn 0.0714 0.9805 -0.1833
vn 0.6352 -0.3867 -0.6686
vn 0.2869 -0.3081 -0.9071
vn 0.1389 -0.3536 -0.9250
vn 0.0852 0.9876 -0.1318
vn 0.1643 0.6598 -0.7332
vn 0.1427 0.7696 0.6223
vn 0.4795 0.6451 -0.5950
vn 0.2871 0.6602 -0.6941
vn 0.2426 0.6458 -0.7240
vn 0.2856 0.6644 -0.6906
vn 0.2430 0.6570 -0.7136
vn 0.2909 0.6418 -0.7096
vn 0.7874 0.6118 0.0759
vn 0.8001 0.5298 0.2815
vn 0.0177 -0.4316 -0.9019
vn 0.0937 -0.3581 -0.9290
vn 0.0550 -0.3623 -0.9304
vn 0.1410 0.7724 0.6193
vn 0.1366 0.8018 0.5817
vn 0.1777 0.6622 0.7280
vn 0.2485 0.6655 -0.7038
vn 0.1902 0.6668 -0.7205
vn 0.1644 0.6764 -0.7179
vn 0.6853 0.7213 0.1005
vn 0.7465 0.5967 0.2943
vn 0.1714 0.6702 -0.7221
vn 0.7834 0.3683 0.5006
vn 0.7217 0.4351 0.5384
vn 0.7691 0.3413 0.5403
vn 0.8213 0.2732 0.5009
vn 0.0069 -0.4260 -0.9047
vn 0.0022 -0.3873 -0.9220
vn 0.6471 0.7478 0.1488
vn 0.1594 0.6907 -0.7053
vn 0.6669 0.6526 0.3597
vn 0.6491 0.5078 0.5664
vn 0.7165 0.4019 0.5702
vn 0.6503 0.4648 0.6008
vn 0.6838 0.3794 0.6233
vn 0.8029 0.2358 0.5475
vn 0.1954 0.7160 -0.6702
vn 0.1235 0.6933 -0.7099
vn 0.5547 0.8184 0.1504
vn 0.5894 0.7190 0.3682
vn 0.1193 0.6892 -0.7147
vn 0.5829 0.5717 0.5774
vn 0.5773 0.5411 0.6115
vn 0.5708 0.4815 0.6651
vn 0.8276 0.1111 0.5503
vn 0.8502 0.1534 0.5036
vn 0.0889 0.6785 -0.7292
vn 0.0905 0.7213 -0.6867
vn 0.5674 0.4256 0.7049
vn 0.8566 0.0337 0.5149
vn 0.0463 0.7007 -0.7119
vn 0.8788 -0.0213 0.4767
vn 0.8381 -0.0344 0.5444
vn 0.0094 0.6093 -0.7929
vn 0.0994 0.6344 -0.7665
vn 0.7985 -0.0755 0.5972
vn 0.8792 -0.0740 0.4706
vn 0.8889 -0.0068 0.4580
vn 0.8578 -0.1110 0.5019
vn 0.8268 -0.1461 0.5432
vn 0.0169 0.6122 -0.7905
vn 0.7572 -0.1318 0.6397
vn 0.8773 -0.0996 0.4694
vn 0.8671 -0.1406 0.4779
vn 0.7831 -0.1801 0.5953
vn 0.0829 0.6542 -0.7518
vn 0.7121 -0.2183 0.6673
vn 0.7846 -0.1810 0.5930
vn 0.9093 -0.1726 0.3787
vn 0.8334 -0.1510 0.5317
vn 0.9455 -0.0738 0.3171
vn 0.9666 0.2404 0.0889
vn 0.7945 0.6031 -0.0711
vn 0.1921 0.9627 -0.1904
vn 0.0052 -0.9922 0.1247
vn -0.0039 -0.9960 0.0898
vn -0.0012 -0.9995 0.0315
vn -0.0148 -0.9994 0.0316
vn -0.0618 -0.9975 0.0343
vn -0.2784 -0.9588 0.0560
vn -0.4452 -0.8930 0.0665
vn 0.4324 -0.6227 0.6521
vn 0.2936 -0.8587 0.4201
vn 0.4567 -0.7339 0.5028
vn 0.1773 -0.9758 0.1276
vn 0.1687 -0.9818 0.0874
vn 0.2271 -0.9530 0.2004
vn 0.2018 -0.9292 0.3096
vn 0.1952 -0.9168 0.3484
vn 0.1710 -0.9156 0.3639
vn 0.1563 -0.9850 0.0732
vn 0.1278 -0.9169 0.3782
vn 0.1478 -0.9865 0.0712
vn 0.1149 -0.9450 0.3061
vn 0.1631 -0.9821 0.0939
vn 0.2229 0.5100 0.8308
vn 0.2615 0.5146 0.8166
vn 0.3531 -0.1463 0.9241
vn 0.3821 -0.0413 0.9232
vn 0.3850 -0.1514 0.9104
vn 0.3657 0.1354 0.9208
vn 0.4111 -0.0445 0.9105
vn 0.4297 -0.1814 0.8846
vn 0.4808 -0.0663 0.8743
vn -0.2861 -0.3207 0.9029
vn -0.2152 -0.3920 0.8945
vn -0.1948 -0.4188 0.8869
vn -0.8380 -0.3359 0.4299
vn -0.7659 -0.5641 0.3087
vn -0.6638 -0.6216 0.4159
vn 0.1887 -0.9671 0.1706
vn 0.4476 -0.8345 0.3213
vn 0.6566 -0.6452 0.3907
vn 0.6627 -0.4198 0.6202
vn 0.1246 -0.9797 0.1569
vn 0.0873 -0.9945 0.0586
vn 0.1561 -0.9858 0.0626
vn 0.4662 -0.8697 0.1625
vn 0.8434 -0.0153 0.5370
vn 0.8659 0.0843 0.4930
vn 0.9158 0.2304 0.3290
vn 0.9151 0.1295 0.3818
vn 0.6902 -0.6863 0.2293
vn 0.0550 -0.9966 0.0607
vn 0.6434 -0.7461 0.1717
vn 0.9683 0.1196 0.2193
vn 0.9503 0.2432 0.1944
vn 0.9113 0.3726 0.1754
vn 0.8855 0.3730 0.2770
vn 0.0660 -0.9971 0.0365
vn 0.1359 -0.9898 0.0438
vn 0.3511 -0.9335 0.0726
vn 0.0446 -0.9962 0.0742
vn 0.9773 0.1331 0.1646
vn 0.9511 -0.2261 0.2102
vn 0.4987 -0.8639 0.0708
vn 0.9059 0.4076 0.1148
vn 0.8343 0.5329 0.1416
vn 0.0430 -0.9940 0.1003
vn 0.8168 0.5127 0.2646
vn 0.8149 0.5667 0.1217
vn -0.0854 -0.9893 0.1185
vn 0.6142 0.7790 0.1265
vn 0.3122 0.9425 0.1195
vn 0.0871 0.9903 0.1083
vn -0.0019 0.9941 0.1081
vn 0.2132 0.7583 0.6160
vn 0.1230 0.9179 0.3774
vn 0.1705 -0.9853 0.0132
vn 0.2123 -0.8320 0.5126
vn -0.0934 0.5479 -0.8313
vn -0.0484 0.6971 -0.7153
vn 0.1058 0.5212 -0.8469
vn 0.1306 0.6496 -0.7490
vn 0.8976 0.1555 -0.4125
vn 0.9241 0.0942 -0.3703
vn 0.9315 0.2546 -0.2599
vn 0.8980 0.3220 -0.2998
vn 0.6910 0.5222 -0.4998
vn 0.8580 0.2323 -0.4581
vn 0.2785 0.5450 -0.7908
vn 0.4736 0.4647 -0.7482
vn 0.2760 0.7067 -0.6514
vn 0.0043 0.7578 -0.6525
vn -0.0149 0.6110 -0.7915
vn -0.1292 0.6348 -0.7618
vn -0.1040 0.7674 -0.6326
vn -0.1983 0.7702 -0.6062
vn -0.2281 0.6519 -0.7232
vn -0.3177 0.7060 -0.6329
vn -0.3106 0.7208 -0.6197
vn -0.4022 0.7493 -0.5261
vn -0.4414 0.6366 -0.6323
vn -0.5358 0.6800 -0.5005
vn -0.5306 0.6924 -0.4889
vn -0.6038 0.7051 -0.3717
vn -0.6551 0.5990 -0.4606
vn -0.7564 0.5403 -0.3685
vn -0.7008 0.6663 -0.2548
vn -0.8088 0.4999 -0.3098
vn -0.8023 0.5156 -0.3008
vn 0.0102 -0.0364 -0.9993
vn 0.0042 -0.0122 -0.9999
vn 0.0006 -0.4961 -0.8683
vn -0.0028 -0.5064 -0.8623
vn 0.0022 -0.5082 -0.8612
vn 0.0071 -0.4874 -0.8732
vn 0.4348 0.4167 0.7983
vn 0.4987 0.3813 0.7784
vn 0.9275 -0.0842 0.3642
vn 0.0619 0.9681 0.2427
vn 0.0310 0.9350 0.3533
vn 0.2355 0.8800 0.4125
vn 0.2863 0.9234 0.2556
vn -0.7727 0.6164 -0.1514
vn -0.6324 0.7728 -0.0527
vn 0.1359 0.5783 -0.8044
vn 0.1021 0.7512 -0.6521
vn 0.1649 0.8462 0.5068
vn -0.0563 0.9451 0.3220
vn -0.5448 0.7933 -0.2718
vn 0.1383 0.7648 -0.6293
vn 0.4068 0.8265 0.3891
vn 0.4535 0.8430 0.2894
vn 0.3266 0.7184 0.6142
vn 0.3824 0.6777 0.6281
vn 0.4268 0.6626 0.6155
vn 0.2654 0.7398 0.6183
vn -0.0363 0.9632 0.2662
vn 0.5142 0.7540 0.4088
vn 0.2964 0.6933 0.6569
vn 0.3404 0.6798 0.6496
vn 0.5007 0.6164 0.6077
vn 0.1236 0.8708 0.4759
vn 0.2397 0.7300 0.6401
vn 0.0107 0.9521 0.3055
vn -0.3493 0.8435 -0.4080
vn 0.2675 0.6787 0.6840
vn 0.4469 0.6217 0.6432
vn 0.3873 0.6423 0.6615
vn 0.5090 0.5765 0.6391
vn 0.1873 0.7733 0.6058
vn 0.1134 0.8805 0.4602
vn -0.0232 0.9851 0.1702
vn 0.2234 0.7181 0.6591
vn 0.3068 0.6614 0.6844
vn 0.2352 0.6733 0.7010
vn 0.3487 0.6187 0.7040
vn 0.1680 0.7629 0.6243
vn 0.0656 0.9559 0.2864
vn -0.1605 0.8658 -0.4740
vn 0.1861 0.7122 0.6768
vn 0.2950 0.6241 0.7235
vn 0.2407 0.6377 0.7317
vn 0.4446 0.5694 0.6914
vn 0.1009 0.8826 0.4592
vn 0.0711 0.9502 0.3033
vn -0.0722 0.8706 -0.4866
vn 0.1392 0.7665 0.6270
vn 0.1826 0.6949 0.6955
vn 0.3978 0.5240 0.7531
vn 0.3191 0.5528 0.7698
vn 0.2676 0.5746 0.7735
vn 0.1965 0.6570 0.7278
vn 0.2239 0.5948 0.7720
vn 0.4765 0.4813 0.7357
vn 0.0958 0.8834 0.4587
vn 0.1076 0.7855 0.6095
vn 0.0842 0.9473 0.3091
vn 0.0332 0.8704 -0.4912
vn 0.1397 0.7458 0.6513
vn 0.2042 0.5890 0.7819
vn 0.1021 0.8205 0.5624
vn 0.1184 0.8864 0.4476
vn 0.1519 0.9422 0.2985
vn 0.2899 0.8211 -0.4917
vn 0.1157 0.7912 0.6005
vn 0.1596 0.7269 0.6680
vn 0.1784 0.8763 0.4474
vn 0.2853 0.9051 0.3154
vn 0.6695 0.6479 -0.3633
vn 0.4159 0.8535 0.3140
vn 0.8611 0.4762 -0.1783
vn 0.3329 0.9021 0.2746
vn 0.8973 0.4233 -0.1253
vn 0.1609 0.9551 0.2488
vn 0.1227 0.7935 -0.5961
vn -0.0594 0.8383 -0.5419
vn 0.2377 -0.0418 0.9704
vn 0.0528 -0.1713 0.9838
vn 0.0623 -0.1801 0.9817
vn 0.0487 -0.4042 0.9134
vn 0.0502 -0.4037 0.9135
vn 0.0576 -0.0416 0.9975
vn 0.0409 -0.0499 0.9979
vn 0.0547 -0.0413 0.9976
vn 0.0501 -0.0597 0.9970
vn 0.9366 -0.2772 0.2145
vn 0.9925 -0.0507 0.1115
vn 0.9970 0.0266 0.0723
vn 0.9886 0.0865 0.1232
vn 0.0387 -0.0527 0.9979
vn 0.0302 -0.0533 0.9981
vn 0.0356 -0.0548 0.9979
vn -0.0008 -0.0374 0.9993
vn 0.0087 -0.0393 0.9992
vn 0.0120 -0.0413 0.9991
vn 0.4220 -0.0702 0.9039
vn 0.1487 -0.0520 0.9875
vn 0.9894 -0.1444 -0.0161
vn 0.9937 -0.0862 0.0712
vn 0.9915 -0.1297 -0.0064
vn 0.9624 -0.2701 -0.0276
vn 0.9729 -0.2298 -0.0255
vn 0.9748 -0.2213 -0.0268
vn 0.9861 -0.1642 -0.0252
vn -0.0081 -0.0366 0.9993
vn -0.0634 -0.0244 0.9977
vn 0.4279 -0.0885 0.8995
vn -0.0325 -0.0141 0.9994
vn -0.0653 -0.0211 0.9976
vn 0.3621 -0.0913 0.9277
vn 0.0437 -0.6442 0.7636
vn 0.0387 -0.6595 0.7507
vn 0.0369 -0.7552 0.6544
vn 0.0319 -0.7594 0.6499
vn 0.0311 -0.9958 0.0856
vn 0.0290 -0.9856 0.1666
vn 0.0319 -0.9961 0.0817
vn 0.0273 -0.9996 -0.0108
vn 0.0271 -0.9996 -0.0116
vn 0.9809 -0.1938 -0.0153
vn 0.9797 -0.2003 -0.0130
vn 0.9851 -0.1712 -0.0142
vn 0.9934 -0.1049 0.0463
vn 0.0316 -0.0049 0.9995
vn 0.0158 -0.0114 0.9998
vn 0.0325 0.0501 0.9982
vn 0.0319 0.0181 0.9993
vn 0.0319 0.0158 0.9994
vn 0.0293 -0.0037 0.9996
vn 0.9883 -0.1503 -0.0251
vn 0.9996 0.0101 -0.0270
vn 0.9991 -0.0284 -0.0299
vn 0.9957 0.0907 -0.0207
vn 0.9988 0.0247 -0.0427
vn 0.9989 -0.0307 -0.0364
vn 0.9898 -0.1389 -0.0331
vn 0.9912 -0.1292 -0.0288
vn 0.9960 -0.0767 -0.0457
vn 0.0092 0.2253 0.9743
vn 0.0295 0.1260 0.9916
vn 0.0281 0.1121 0.9933
vn 0.0321 0.0551 0.9980
vn -0.0431 0.3195 0.9466
vn 0.0131 0.2059 0.9785
vn -0.1525 0.3994 0.9040
vn -0.0584 0.3353 0.9403
vn 0.9577 0.2876 -0.0112
vn 0.9847 0.1739 -0.0139
vn 0.9625 0.2713 -0.0104
vn 0.9696 -0.2436 -0.0223
vn 0.9654 -0.2594 -0.0250
vn 0.9662 -0.2567 -0.0248
vn 0.9843 -0.1751 -0.0237
vn 0.9739 -0.2266 -0.0156
vn 0.9893 -0.1446 -0.0164
vn 0.9823 -0.1866 -0.0160
vn 0.9825 -0.1859 -0.0130
vn 0.9839 -0.1785 -0.0115
vn 0.9998 -0.0095 -0.0176
vn 0.9967 -0.0793 -0.0169
vn 0.9999 0.0012 -0.0137
vn 0.9941 -0.1077 -0.0126
vn 0.9983 -0.0579 -0.0118
vn 0.9899 -0.1410 -0.0153
vn 0.9076 0.4197 -0.0088
vn 0.9153 0.4028 -0.0030
vn 0.8171 0.5765 -0.0035
vn 0.8185 0.5745 0.0025
vn 0.9428 0.3332 0.0081
vn 0.8546 0.5192 0.0093
vn 0.9748 0.2233 -0.0026
vn 0.6845 0.7290 0.0003
vn 0.6750 0.7378 0.0049
vn 0.5220 0.8530 0.0013
vn -0.3021 0.4220 0.8548
vn -0.1742 0.4050 0.8976
vn -0.4564 0.4015 0.7940
vn -0.3247 0.4177 0.8486
vn -0.5652 0.3782 0.7332
vn -0.4742 0.3939 0.7873
vn -0.6064 0.4025 0.6858
vn -0.5739 0.3762 0.7275
vn 0.5099 0.8602 0.0066
vn 0.3646 0.9312 0.0027
vn 0.3824 0.9240 0.0099
vn 0.3166 0.9485 0.0137
vn 0.3750 0.9269 0.0172
vn 0.4561 0.8898 0.0170
vn 0.4662 0.8843 0.0252
vn 0.5720 0.8201 0.0183
vn 0.3456 0.9328 0.1017
vn -0.5665 0.4918 0.6612
vn -0.6028 0.4129 0.6827
vn -0.4142 0.6714 0.6145
vn -0.5572 0.5049 0.6593
vn -0.4433 0.8344 0.3276
vn -0.4107 0.6270 0.6620
vn 0.3719 0.9212 0.1140
vn 0.1784 0.9646 0.1944
vn -0.4152 0.8077 0.4186
vn -0.4048 0.9101 0.0887
vn -0.4090 0.9125 -0.0106
vn 0.4686 0.8822 0.0466
vn 0.5321 0.8461 0.0303
vn 0.5872 0.8087 0.0353
vn 0.5655 0.8240 0.0334
vn 0.0246 -0.9994 -0.0239
vn 0.0247 -0.9994 -0.0231
vn 0.0187 -0.9994 -0.0291
vn 0.0187 -0.9994 -0.0286
vn 0.9771 -0.2059 -0.0529
vn 0.9910 -0.1240 -0.0496
vn 0.9898 -0.1337 -0.0488
vn 0.9882 -0.1489 -0.0367
vn 0.9739 -0.2271 0.0013
vn 0.9817 -0.1900 -0.0117
vn 0.9724 -0.2333 0.0007
vn 0.9760 -0.2179 -0.0032
vn 0.9830 -0.1827 -0.0189
vn 0.9752 -0.2209 -0.0154
vn 0.9756 -0.2192 0.0073
vn 0.9749 -0.2225 -0.0021
vn 0.9897 -0.1426 -0.0078
vn 0.9837 -0.1796 0.0011
vn 0.9908 -0.1351 0.0060
vn 0.9970 0.0757 -0.0165
vn 0.9975 0.0694 -0.0103
vn 0.9897 0.1430 -0.0094
vn 1.0000 0.0086 0.0006
vn 0.9981 0.0615 0.0007
vn 0.9990 -0.0456 -0.0005
vn 0.7127 0.7013 0.0168
vn 0.4878 0.8725 0.0271
vn -0.4543 0.8905 -0.0255
vn -0.4146 0.9096 -0.0266
vn -0.4827 0.8756 -0.0161
vn -0.4561 0.8895 -0.0257
vn -0.4841 0.8750 0.0018
vn -0.4836 0.8752 -0.0166
vn -0.4533 0.8913 0.0135
vn -0.4886 0.8725 -0.0047
vn 0.0138 -0.9992 -0.0368
vn 0.0113 -0.9988 -0.0479
vn 0.0106 -0.9987 -0.0505
vn 0.0086 -0.9970 -0.0768
vn 0.0085 -0.9969 -0.0778
vn 0.0071 -0.9911 -0.1329
vn 0.0071 -0.9908 -0.1349
vn 0.9845 -0.1738 -0.0214
vn 0.9826 -0.1858 -0.0032
vn 0.9778 -0.2086 0.0187
vn 0.9843 -0.1762 0.0132
vn 0.9958 -0.0914 -0.0008
vn 0.9917 -0.1269 0.0193
vn 0.9959 -0.0899 0.0113
vn 0.9927 0.1206 0.0085
vn 0.9794 0.2019 0.0079
vn 0.9908 0.1341 0.0183
vn 0.9777 0.2094 0.0162
vn 0.9983 0.0561 0.0151
vn 0.8685 0.4954 0.0186
vn 0.4853 0.8740 0.0244
vn 0.6072 0.7941 0.0254
vn 0.5540 0.8319 0.0321
vn 0.5614 0.8270 0.0302
vn 0.6003 0.7993 0.0278
vn 0.9713 -0.2378 0.0077
vn 0.9728 -0.2311 0.0177
vn 0.9688 -0.2478 0.0100
vn 0.9687 -0.2478 0.0146
vn 0.9659 -0.2582 0.0210
vn 0.9678 -0.2502 0.0273
vn 0.9653 -0.2592 0.0313
vn 0.9881 -0.1522 0.0230
vn 0.9998 0.0132 0.0125
vn 0.9990 -0.0409 0.0158
vn 0.9995 0.0253 0.0212
vn 0.9970 0.0745 0.0202
vn 0.9455 0.3253 0.0162
vn 0.7435 0.6683 0.0217
vn 0.5578 0.8296 0.0264
vn 0.6546 0.7560 0.0067
vn 0.6816 0.7317 0.0113
vn 0.6022 0.7980 0.0238
vn -0.4421 0.8964 0.0307
vn -0.4577 0.8889 0.0188
vn -0.4348 0.8994 0.0459
vn -0.4292 0.9010 0.0624
vn -0.4350 0.8993 0.0443
vn -0.4418 0.8967 0.0291
vn 0.9725 -0.2309 0.0298
vn 0.9779 -0.2069 0.0308
vn 0.9841 -0.1764 0.0210
vn 0.9955 -0.0927 0.0209
vn 0.9935 -0.1099 0.0299
vn 0.9968 -0.0738 0.0297
vn 0.9992 -0.0302 0.0249
vn 0.9953 0.0942 0.0240
vn 0.9872 0.1578 0.0244
vn 0.9712 0.2372 0.0213
vn 0.8795 0.4753 0.0238
vn 0.7587 0.6509 0.0253
vn 0.7724 0.6344 0.0321
vn 0.6296 0.7763 0.0325
vn 0.5077 0.8610 0.0295
vn 0.0075 -0.9759 -0.2183
vn 0.0076 -0.9745 -0.2241
vn 0.0083 -0.9428 -0.3334
vn 0.0084 -0.9388 -0.3442
vn 0.0086 -0.8913 -0.4533
vn 0.0086 -0.8855 -0.4645
vn 0.0089 -0.8383 -0.5451
vn 0.0089 -0.8327 -0.5536
vn 0.9843 -0.1736 0.0329
vn 0.9894 -0.1418 0.0311
vn 0.9860 -0.1625 0.0372
vn 0.9915 -0.1250 0.0353
vn 0.9996 0.0018 0.0268
vn 0.9984 0.0508 0.0258
vn 0.9400 0.3405 0.0228
vn 0.9633 0.2675 0.0242
vn 0.9303 0.3659 0.0251
vn 0.4491 0.8928 0.0360
vn 0.5160 0.8558 0.0365
vn 0.6371 0.7699 0.0373
vn 0.4361 0.8989 0.0412
vn 0.5191 0.8543 0.0256
vn 0.4801 0.8768 0.0281
vn 0.9678 -0.2489 0.0381
vn 0.9728 -0.2281 0.0398
vn 0.9796 -0.1971 0.0385
vn 0.0103 -0.7843 -0.6203
vn 0.0105 -0.7778 -0.6284
vn 0.0135 -0.7160 -0.6980
vn 0.0140 -0.7087 -0.7054
vn -0.3783 0.9153 0.1382
vn -0.4143 0.9059 0.0881
vn -0.4146 0.9055 0.0905
vn -0.4284 0.9013 0.0647
vn -0.3103 0.9284 0.2046
vn -0.3753 0.9173 0.1330
vn 0.0861 0.9759 0.2007
vn -0.3004 0.9323 0.2017
vn 0.0195 -0.6345 -0.7727
vn 0.0202 -0.6283 -0.7777
vn 0.0260 -0.5479 -0.8361
vn 0.0264 -0.5440 -0.8386
vn 0.0287 -0.4696 -0.8824
vn 0.0286 -0.4691 -0.8827
vn 0.0306 -0.4142 -0.9097
vn 0.0304 -0.4159 -0.9089
vn 0.7916 0.6108 -0.0163
vn 0.7937 0.6080 -0.0180
vn 0.6478 0.7618 0.0041
vn 0.5140 0.8574 0.0269
vn 0.6634 0.7483 0.0037
vn 0.4805 0.8765 0.0301
vn 0.4160 0.9087 0.0335
vn 0.9960 -0.0834 0.0317
vn 0.9987 -0.0419 0.0274
vn 0.3546 0.9249 0.1371
vn 0.0092 0.9751 0.2215
vn 0.5843 0.8106 0.0393
vn 0.7430 0.6692 0.0086
vn 0.0338 -0.3767 -0.9257
vn 0.0345 -0.3733 -0.9271
vn 0.0408 -0.3403 -0.9394
vn 0.0400 -0.3384 -0.9402
vn 0.0740 -0.2525 -0.9648
vn 0.0547 -0.2956 -0.9538
vn 0.0800 -0.2450 -0.9662
vn 0.0536 -0.2995 -0.9526
vn 0.9934 0.1115 0.0251
vn 0.9829 0.1826 0.0246
vn -0.0349 0.9721 0.2319
vn -0.1194 0.9615 0.2473
vn 0.7760 0.6306 -0.0136
vn 0.8508 0.5079 -0.1345
vn 0.7109 0.5513 -0.4366
vn 0.8412 0.5041 -0.1954
vn 0.0055 0.2066 -0.9784
vn 0.0050 0.1918 -0.9814
vn 0.0046 0.1797 -0.9837
vn 0.4983 0.3916 -0.7736
vn 0.3548 0.3915 -0.8490
vn 0.5050 0.3936 -0.7682
vn 0.7457 0.6658 0.0261
vn 0.1397 -0.1023 -0.9849
vn 0.1164 -0.1796 -0.9768
vn 0.1420 -0.1075 -0.9840
vn 0.1082 -0.1860 -0.9766
vn 0.1281 0.0043 -0.9917
vn 0.0895 0.0688 -0.9936
vn 0.0868 0.0790 -0.9931
vn 0.1271 -0.0091 -0.9918
vn 0.0058 0.2185 -0.9758
vn -0.0007 0.2690 -0.9631
vn -0.0257 0.2252 -0.9740
vn 0.0064 0.2395 -0.9709
vn 0.8713 0.4899 0.0282
vn 0.7699 0.6373 0.0330
vn 0.3971 0.9170 0.0377
vn -0.0277 0.1946 -0.9805
vn -0.0001 0.1662 -0.9861
vn -0.0324 0.2064 -0.9779
vn -0.0220 0.2157 -0.9762
vn 0.0441 0.1251 -0.9912
vn 0.0409 0.1284 -0.9909
vn 0.0011 0.1624 -0.9867
vn 0.5543 -0.0591 0.8302
vn 0.5255 -0.0694 0.8480
vn 0.3650 -0.1215 0.9231
vn 0.3422 -0.1283 0.9308
vn 0.1612 -0.0962 0.9822
vn 0.0092 -0.0288 0.9995
vn 0.6024 -0.1469 0.7846
vn 0.0270 -0.9858 0.1656
vn 0.9305 -0.3563 0.0853
vn 0.9785 -0.2039 0.0309
vn 0.7730 -0.1422 0.6183
vn 0.4412 -0.0661 0.8950
vn -0.4343 0.6150 0.6581
vn 0.9793 -0.0803 0.1857
vn 0.0166 0.9999 0.0017
vn -0.4844 0.8748 0.0060
vn 0.9775 -0.2110 -0.0061
vn 0.5176 0.8547 0.0403
vn 0.6897 0.7240 0.0094
vn -0.2147 0.9435 0.2525
vn -0.0269 0.9729 0.2299
vn -0.0050 0.7483 -0.6633
vn 0.3894 0.3746 -0.8414
vn 0.3291 0.4005 -0.8552
vn 0.0149 0.2287 -0.9734
vn 0.0279 0.2377 -0.9709
vn -0.0001 0.2221 -0.9750
vn 0.0268 0.9911 -0.1305
vn 0.0245 0.9903 -0.1369
vn 0.0336 0.9890 -0.1442
vn 0.0347 0.9752 -0.2187
vn 0.0474 0.9701 -0.2382
vn 0.0344 0.9700 -0.2408
vn 0.0216 0.4441 0.8957
vn 0.0066 0.1245 0.9922
vn 0.0194 0.2610 0.9651
vn 0.0489 -0.7869 -0.6151
vn 0.0415 -0.7853 -0.6177
vn 0.0415 -0.7851 -0.6179
vn 0.1238 0.9855 -0.1162
vn 0.1009 0.9876 -0.1203
vn 0.1322 0.9834 -0.1243
vn 0.1229 0.9806 -0.1524
vn 0.1540 0.9766 -0.1501
vn 0.1591 0.9753 -0.1532
vn 0.1443 0.9785 -0.1477
vn 0.1777 0.9739 -0.1413
vn 0.1492 0.9806 -0.1271
vn 0.1719 0.9751 -0.1403
vn 0.1447 0.9815 -0.1257
vn 0.2016 0.9637 -0.1752
vn 0.2198 0.9613 -0.1664
vn 0.2068 0.9568 -0.2043
vn 0.2384 0.9509 -0.1972
vn 0.2522 0.9457 -0.2050
vn 0.0737 0.9913 -0.1092
vn 0.0960 0.9897 -0.1059
vn 0.0785 0.9928 -0.0907
vn 0.7645 0.6133 -0.1983
vn 0.8763 0.4793 -0.0492
vn 0.7951 0.5730 -0.1989
vn 0.8254 0.5380 -0.1713
vn 0.8045 0.5552 -0.2108
vn 0.8288 0.5277 -0.1858
vn 0.8469 0.4953 -0.1936
vn 0.8324 0.5133 -0.2088
vn 0.8603 0.5094 -0.0206
vn 0.9075 0.4163 0.0560
vn 0.7181 0.6672 -0.1980
vn 0.8181 0.5749 -0.0090
vn 0.6470 0.7331 -0.2097
vn 0.7534 0.6574 -0.0163
vn 0.7746 0.5861 -0.2375
vn 0.7492 0.6196 -0.2342
vn 0.3610 0.9224 -0.1377
vn 0.2133 0.9719 -0.0998
vn 0.3023 0.9429 -0.1398
vn 0.3728 0.9209 -0.1136
vn 0.2870 0.9533 -0.0941
vn 0.1794 0.9814 -0.0687
vn 0.4601 0.8729 -0.1623
vn 0.4189 0.8924 -0.1681
vn 0.5298 0.8295 -0.1765
vn 0.3651 0.9162 -0.1653
vn 0.4903 0.8599 -0.1420
vn 0.6172 0.7671 -0.1748
vn 0.1357 0.9873 -0.0826
vn 0.1268 0.9896 -0.0681
vn 0.1384 0.9850 -0.1030
vn 0.2090 0.9710 -0.1159
vn 0.2605 0.9629 -0.0703
vn 0.1861 0.9809 -0.0572
vn 0.0647 0.9910 -0.1175
vn 0.0946 0.9871 -0.1289
vn 0.0748 0.9895 -0.1234
vn 0.0424 0.9930 -0.1104
vn 0.0489 0.9917 -0.1187
vn 0.0615 -0.7872 -0.6137
vn 0.1137 -0.6193 -0.7769
vn 0.0912 -0.7135 -0.6946
vn 0.1939 0.2078 -0.9588
vn 0.1336 0.1362 -0.9816
vn 0.1663 0.1533 -0.9741
vn 0.1960 0.0386 -0.9798
vn 0.2156 0.4849 -0.8476
vn 0.1062 0.9856 -0.1315
vn 0.0717 0.9888 -0.1307
vn 0.1016 0.9842 -0.1451
vn 0.1359 0.9770 -0.1644
vn 0.1818 0.9694 -0.1652
vn 0.0502 0.9911 -0.1232
vn 0.0473 0.9895 -0.1363
vn 0.0636 0.9883 -0.1385
vn 0.1167 0.9850 -0.1268
vn 0.0877 0.9884 -0.1236
vn 0.2243 0.9673 -0.1187
vn 0.0724 0.9940 -0.0820
vn 0.0968 0.9928 -0.0702
vn 0.0720 0.9894 -0.1264
vn 0.0888 0.9928 -0.0808
vn 0.2499 0.9650 -0.0799
vn 0.0917 0.9711 -0.2203
vn 0.0781 0.9835 -0.1630
vn 0.0839 0.9807 -0.1765
vn 0.2115 -0.6618 -0.7193
vn 0.2478 -0.5747 -0.7800
vn 0.2351 -0.5790 -0.7807
vn 0.3127 0.0376 -0.9491
vn 0.3118 0.1886 -0.9313
vn 0.3122 0.0990 -0.9448
vn 0.1120 0.9681 -0.2243
vn 0.1074 0.9801 -0.1667
vn 0.1616 0.9613 -0.2233
vn 0.3009 0.5811 -0.7562
vn 0.3006 0.5830 -0.7548
vn 0.2711 -0.2163 -0.9379
vn 0.1452 -0.7106 -0.6885
vn 0.1753 -0.7104 -0.6816
vn 0.1716 -0.6769 -0.7158
vn 0.2558 0.9542 -0.1551
vn 0.3134 0.9316 -0.1841
vn 0.3035 0.9396 -0.1583
vn 0.3438 0.9223 -0.1765
vn 0.2884 0.9382 -0.1912
vn 0.0699 0.9743 -0.2142
vn 0.0480 0.9751 -0.2166
vn 0.0887 0.9742 -0.2073
vn 0.0691 0.9692 -0.2366
vn 0.1264 0.9896 -0.0690
vn 0.0878 0.9685 -0.2331
vn 0.1542 0.9671 -0.2021
vn 0.1162 0.9662 -0.2303
vn 0.0464 0.9644 -0.2604
vn 0.0672 0.9637 -0.2584
vn 0.1976 0.9577 -0.2093
vn 0.1529 0.9618 -0.2272
vn 0.2585 0.9410 -0.2186
vn 0.2026 0.9520 -0.2294
vn 0.2660 0.9334 -0.2409
vn 0.3315 0.9174 -0.2203
vn 0.3400 0.9088 -0.2419
vn 0.4989 0.8629 -0.0804
vn 0.4376 0.8655 -0.2437
vn 0.1520 0.9571 -0.2468
vn 0.2075 0.9454 -0.2512
vn 0.5642 0.8007 -0.2014
vn 0.5317 0.8142 -0.2334
vn 0.5760 0.8019 -0.1589
vn 0.7945 0.5875 0.1538
vn 0.5496 0.8005 -0.2388
vn 0.7970 0.5735 -0.1893
vn 0.8211 0.5302 -0.2114
vn 0.8416 0.5006 -0.2026
vn 0.6626 0.7343 -0.1471
vn 0.7333 0.6492 -0.2019
vn 0.7897 0.5672 -0.2337
vn 0.8111 0.5326 -0.2419
vn 0.5078 0.8550 -0.1054
vn 0.3673 0.9268 -0.0784
vn 0.7429 0.6267 -0.2353
vn 0.6644 0.7142 -0.2204
vn 0.7850 0.5578 -0.2696
vn 0.7432 0.6141 -0.2656
vn 0.7833 0.5654 -0.2585
vn 0.7798 0.5594 -0.2811
vn 0.7062 0.6697 -0.2299
vn 0.6442 0.7296 -0.2295
vn 0.3399 0.9054 -0.2546
vn 0.2733 0.9269 -0.2572
vn 0.0850 0.9637 -0.2532
vn 0.1113 0.9623 -0.2482
vn 0.0340 0.9645 -0.2619
vn 0.0311 0.9937 -0.1079
vn 0.0355 0.9925 -0.1172
vn 0.0236 0.9940 -0.1072
vn 0.1371 0.9815 -0.1337
vn 0.1134 0.9848 -0.1318
vn 0.0988 0.1250 -0.9872
vn 0.1265 0.1376 -0.9824
vn 0.0988 0.1248 -0.9872
vn 0.2247 -0.0167 -0.9743
vn 0.2247 -0.0176 -0.9743
vn 0.1230 -0.6339 -0.7636
vn 0.1197 -0.7005 -0.7036
vn 0.2748 -0.1519 -0.9494
vn 0.2427 -0.2268 0.9432
vn 0.3421 0.2698 0.9001
vn 0.2625 0.0407 0.9641
vn 0.2511 0.2982 0.9209
vn 0.1846 0.0760 0.9799
vn 0.4205 -0.2851 0.8614
vn 0.5846 0.0708 0.8082
vn 0.4585 -0.0958 0.8835
vn 0.1764 0.2218 0.9590
vn 0.1276 0.1867 0.9741
vn 0.1582 -0.2009 0.9668
vn 0.2370 -0.2381 0.9419
vn 0.5031 -0.2937 0.8128
vn 0.5852 -0.3157 0.7469
vn 0.5894 -0.3153 0.7437
vn 0.4228 -0.2923 0.8578
vn 0.5054 -0.2957 0.8106
vn 0.9288 0.3604 -0.0866
vn 0.9988 0.0151 -0.0474
vn 0.9774 0.1986 -0.0729
vn 0.2615 0.9630 -0.0645
vn 0.9996 -0.0016 -0.0269
vn 0.9987 -0.0482 -0.0152
vn 0.9994 0.0045 -0.0340
vn 0.9988 0.0129 -0.0480
vn 0.0280 0.0282 0.9992
vn 0.0190 0.0702 0.9973
vn 0.0289 0.0227 0.9993
vn 0.0182 0.0738 0.9971
vn 0.0962 0.1742 0.9800
vn 0.0459 -0.0458 0.9979
vn 0.9195 0.3729 -0.1242
vn 0.9951 0.0136 -0.0975
vn 0.9750 0.1897 -0.1159
vn 0.3844 0.9129 -0.1370
vn 0.9952 0.0094 -0.0972
vn 0.9945 -0.0010 -0.1045
vn 0.9932 -0.0076 -0.1165
vn 0.9929 -0.0076 -0.1184
vn 0.8363 -0.4184 0.3543
vn 0.7831 -0.4045 0.4724
vn 0.8435 -0.4186 0.3366
vn 0.7440 -0.3645 0.5600
vn 0.7811 -0.4032 0.4768
vn 0.9690 0.1030 -0.2244
vn 0.9174 0.3392 -0.2079
vn 0.9763 0.1064 -0.1885
vn 0.1355 0.9876 0.0794
vn 0.5331 0.8429 0.0727
vn 0.8915 0.4385 0.1136
vn 0.8535 0.4991 0.1495
vn 0.9338 0.3483 -0.0818
vn 0.5850 0.8024 -0.1183
vn 0.3905 0.9168 -0.0837
vn 0.1436 0.9875 -0.0655
vn 0.3762 0.9122 -0.1626
vn 0.2376 0.9614 -0.1388
vn 0.2293 0.9611 -0.1541
vn 0.2276 -0.6712 -0.7055
vn 0.0333 0.9938 -0.1063
vn 0.0045 0.0668 0.9978
vn 0.0089 0.0599 0.9982
vn 0.0458 -0.0556 0.9974
vn 0.0533 -0.1241 0.9908
vn 0.1099 -0.1617 0.9807
vn 0.3163 -0.2859 0.9046
vn 0.6445 -0.3293 0.6901
vn 0.6844 -0.3246 0.6529
vn 0.6876 -0.3270 0.6483
vn 0.6411 -0.3300 0.6929
vn 0.7153 -0.3394 0.6109
vn 0.7410 -0.3659 0.5630
vn 0.7116 -0.3366 0.6167
vn 0.9287 -0.3540 0.1104
vn 0.8894 -0.4112 0.1997
vn 0.9359 -0.3398 0.0926
vn 0.8827 -0.4158 0.2188
vn 0.9979 -0.0651 -0.0020
vn 0.9821 -0.1870 0.0216
vn 0.9775 -0.2072 0.0392
vn 0.9977 0.0023 -0.0680
vn 0.9968 0.0133 -0.0783
vn 0.9969 0.0104 -0.0782
vn 0.9919 -0.0405 -0.1207
vn 0.9912 -0.0456 -0.1246
vn 0.9831 -0.1299 -0.1287
vn 0.9714 -0.1281 -0.2000
vn 0.2530 -0.7300 -0.6349
vn 0.1487 -0.7816 -0.6058
vn 0.1295 -0.7987 -0.5876
vn 0.1125 -0.7966 -0.5939
vn 0.0869 -0.7932 -0.6027
vn 0.0595 -0.8027 -0.5934
vn 0.0618 -0.7886 -0.6118
vn 0.0518 -0.7868 -0.6151
vn 0.0160 0.3755 0.9267
vn 0.7673 0.5802 -0.2732
vn 0.3117 0.1890 -0.9312
vn 0.1728 0.9664 -0.1903
vn 0.7222 0.6742 -0.1548
vn 0.7733 0.5642 -0.2893
vn 0.2336 0.1418 -0.9620
vn 0.2818 0.4884 -0.8259
vn 0.3848 0.9193 -0.0827
vn 0.9454 0.2411 -0.2194
vn 0.3122 0.0993 -0.9448
vn 0.0860 -0.1404 0.9864
vn 0.2996 -0.7232 -0.6222
vn 0.0602 -0.8000 -0.5970
vn 0.0601 -0.8073 -0.5871
vn 0.0090 -0.0135 -0.9999
vn -0.0265 -0.0805 -0.9964
vn -0.0196 -0.0406 -0.9990
vn 0.0566 -0.0704 -0.9959
vn 0.0768 -0.0768 -0.9941
vn 0.0766 -0.0639 -0.9950
vn 0.0733 0.4382 -0.8959
vn 0.0793 0.6492 -0.7565
vn 0.0900 0.4310 -0.8978
vn 0.0724 0.2370 -0.9688
vn 0.0884 0.2420 -0.9662
vn 0.0669 -0.9440 -0.3232
vn 0.0545 -0.8099 -0.5841
vn 0.0716 -0.8873 -0.4556
vn -0.5860 -0.3557 -0.7281
vn -0.5796 -0.3621 -0.7301
vn -0.5970 -0.3447 -0.7245
vn -0.5696 0.2614 -0.7792
vn -0.5562 0.2741 -0.7846
vn -0.5336 0.2945 -0.7928
vn -0.6236 0.5724 -0.5325
vn -0.6182 0.5707 -0.5406
vn -0.6160 0.5700 -0.5438
vn 0.0433 -0.1596 -0.9862
vn -0.0257 -0.1816 -0.9830
vn -0.0384 -0.2184 -0.9751
vn -0.1053 -0.2438 -0.9641
vn -0.0853 -0.2610 -0.9616
vn -0.0484 -0.0898 -0.9948
vn -0.1096 -0.0899 -0.9899
vn -0.0148 -0.1617 -0.9867
vn 0.0126 -0.7309 -0.6824
vn 0.0063 -0.9299 -0.3678
vn 0.0267 -0.7505 -0.6604
vn -0.0190 -0.9515 -0.3069
vn -0.0035 -0.9794 -0.2018
vn 0.0319 0.9970 -0.0704
vn 0.0400 0.9975 -0.0587
vn 0.0408 0.9975 -0.0585
vn 0.0524 0.9194 -0.3897
vn 0.0689 0.8466 -0.5278
vn 0.0566 0.9195 -0.3889
vn 0.1687 0.1346 -0.9764
vn 0.1808 0.3613 -0.9148
vn 0.1837 0.2067 -0.9610
vn 0.1666 0.3547 -0.9200
vn 0.1689 0.5675 -0.8059
vn 0.1899 0.1311 -0.9730
vn 0.2195 0.0259 -0.9753
vn 0.2176 0.1864 -0.9581
vn 0.2253 0.3371 -0.9141
vn 0.2512 0.1776 -0.9515
vn 0.1924 0.5379 -0.8208
vn 0.2322 0.5214 -0.8211
vn 0.1448 0.7448 -0.6514
vn 0.1694 0.7254 -0.6671
vn 0.1219 0.8514 -0.5102
vn 0.1539 0.8323 -0.5325
vn 0.1541 0.1546 -0.9759
vn 0.1425 0.3781 -0.9147
vn 0.1406 0.6118 -0.7785
vn 0.3000 0.1061 -0.9480
vn 0.2624 0.3240 -0.9089
vn 0.2911 0.3166 -0.9028
vn 0.2715 0.1320 -0.9533
vn 0.2686 0.5369 -0.7997
vn 0.4430 0.1334 -0.8865
vn 0.3516 0.3248 -0.8780
vn 0.4485 0.3352 -0.8286
vn 0.3507 0.1036 -0.9307
vn 0.3194 0.5432 -0.7765
vn 0.3923 0.5546 -0.7339
vn 0.2974 -0.1833 -0.9370
vn 0.2537 -0.0780 -0.9641
vn 0.1991 0.7223 -0.6623
vn 0.2322 0.7221 -0.6517
vn 0.1853 0.8258 -0.5326
vn 0.1042 -0.0294 -0.9941
vn 0.1303 -0.0174 -0.9913
vn 0.1312 0.0052 -0.9913
vn 0.1110 -0.0673 -0.9915
vn 0.3323 0.1265 -0.9347
vn 0.1520 0.0005 -0.9884
vn 0.1562 0.0773 -0.9847
vn 0.1128 -0.1239 -0.9859
vn 0.0743 -0.1361 -0.9879
vn 0.1007 -0.0941 -0.9905
vn 0.1197 -0.0685 -0.9904
vn 0.1268 0.4229 -0.8973
vn 0.1314 0.2372 -0.9625
vn 0.1120 0.6498 -0.7518
vn 0.1412 0.0733 -0.9873
vn 0.0832 -0.0138 -0.9964
vn 0.1119 0.1191 -0.9866
vn 0.0669 -0.0229 -0.9975
vn 0.0764 0.0943 -0.9926
vn 0.1173 0.7830 -0.6108
vn 0.0854 0.7990 -0.5953
vn 0.1043 0.8696 -0.4826
vn 0.1576 0.7739 -0.6134
vn 0.2170 0.5295 -0.8201
vn 0.1830 0.7828 -0.5947
vn 0.1695 0.6304 -0.7576
vn 0.1866 0.5659 -0.8031
vn 0.1813 0.3175 -0.9308
vn 0.2034 0.2549 -0.9453
vn 0.2365 0.2019 -0.9504
vn 0.2945 0.4449 -0.8458
vn 0.2540 0.7227 -0.6428
vn 0.3039 0.1296 -0.9439
vn 0.4038 0.0572 -0.9131
vn 0.3990 0.3474 -0.8486
vn 0.3715 0.6381 -0.6744
vn 0.1415 0.8097 -0.5696
vn 0.1478 0.8676 -0.4748
vn 0.1345 0.8780 -0.4594
vn 0.1435 0.6651 -0.7329
vn 0.2357 -0.0179 -0.9717
vn 0.2008 -0.0025 -0.9796
vn 0.1749 0.0108 -0.9845
vn 0.1944 -0.1323 -0.9720
vn 0.2310 -0.1333 -0.9638
vn 0.1208 0.8275 -0.5484
vn 0.1210 0.6731 -0.7296
vn 0.1537 0.3569 -0.9214
vn 0.1004 0.8331 -0.5440
vn 0.1040 0.8950 -0.4338
vn 0.0917 0.9031 -0.4195
vn 0.1181 0.8866 -0.4471
vn 0.1517 0.0469 -0.9873
vn 0.1701 -0.1284 -0.9770
vn 0.0966 0.6705 -0.7356
vn 0.1224 0.3779 -0.9177
vn 0.0856 0.8372 -0.5402
vn 0.0796 0.6787 -0.7301
vn 0.0870 0.3957 -0.9142
vn 0.1008 0.0684 -0.9926
vn 0.1298 0.0827 -0.9881
vn 0.0672 0.0280 -0.9973
vn 0.0700 -0.1393 -0.9878
vn 0.0954 -0.1225 -0.9879
vn 0.1118 -0.1202 -0.9864
vn 0.0749 0.9109 -0.4058
vn 0.0659 0.3004 -0.9515
vn 0.0659 0.6756 -0.7343
vn 0.0589 0.8454 -0.5309
vn 0.7095 0.2860 -0.6441
vn 0.8447 0.0642 -0.5313
vn 0.7286 0.0820 -0.6800
vn 0.6078 0.5295 -0.5918
vn 0.8107 0.2486 -0.5301
vn 0.7177 0.4796 -0.5049
vn 0.8855 0.2103 -0.4144
vn 0.9123 0.0449 -0.4071
vn 0.5779 0.3286 -0.7470
vn 0.5931 0.1425 -0.7924
vn 0.4928 0.5568 -0.6687
vn 0.7563 -0.0401 -0.6530
vn 0.9152 -0.0368 -0.4014
vn 0.8514 -0.0321 -0.5235
vn 0.8435 -0.0970 -0.5283
vn 0.7432 -0.1127 -0.6595
vn 0.4848 0.7020 -0.5217
vn 0.4039 0.7729 -0.4893
vn 0.6052 0.6409 -0.4722
vn 0.5291 0.7020 -0.4767
vn 0.7189 0.5638 -0.4066
vn 0.8089 0.4213 -0.4100
vn 0.9500 0.0370 -0.3099
vn 0.9305 0.1836 -0.3169
vn 0.8286 0.2015 -0.5223
vn 0.7186 0.0921 -0.6893
vn 0.8349 0.0013 -0.5503
vn 0.5514 -0.0020 -0.8343
vn 0.5696 0.2255 -0.7904
vn 0.7064 0.3457 -0.6177
vn 0.5390 0.5056 -0.6737
vn 0.8437 0.3864 -0.3728
vn 0.8005 0.3953 -0.4504
vn 0.8693 0.2416 -0.4312
vn 0.7827 0.4901 -0.3836
vn 0.6739 0.5346 -0.5099
vn 0.8738 0.0990 -0.4761
vn 0.9462 -0.1767 -0.2712
vn 0.8165 -0.0716 -0.5728
vn 0.7017 -0.0590 -0.7101
vn 0.6964 0.0507 -0.7159
vn 0.8806 0.1252 -0.4570
vn 0.8932 -0.0287 -0.4488
vn 0.9478 0.0985 -0.3033
vn 0.7629 -0.4167 -0.4943
vn 0.4887 -0.6312 -0.6023
vn 0.6198 -0.5148 -0.5923
vn 0.6337 -0.5618 -0.5318
vn 0.3704 -0.7095 -0.5995
vn 0.3011 -0.7095 -0.6372
vn 0.3889 -0.6561 -0.6467
vn 0.4950 -0.5585 -0.6656
vn 0.5698 -0.6736 -0.4708
vn 0.8227 -0.4222 -0.3807
vn 0.6259 -0.6639 -0.4092
vn 0.4731 -0.6921 -0.5452
vn 0.7562 -0.4762 -0.4488
vn 0.8616 -0.3147 -0.3982
vn 0.9033 -0.2459 -0.3515
vn 0.8588 -0.2965 -0.4178
vn 0.7163 -0.4013 -0.5708
vn 0.7670 -0.3339 -0.5480
vn 0.8312 -0.3215 -0.4537
vn 0.5910 -0.4446 -0.6731
vn 0.6477 -0.3510 -0.6762
vn 0.2687 -0.7595 -0.5924
vn 0.3290 -0.7833 -0.5274
vn 0.2804 -0.8081 -0.5181
vn 0.2462 -0.7835 -0.5705
vn 0.2273 -0.7578 -0.6117
vn 0.3502 -0.6347 -0.6888
vn 0.4280 -0.5374 -0.7266
vn 0.2933 -0.6646 -0.6872
vn 0.3326 -0.5737 -0.7485
vn 0.3948 -0.4910 -0.7766
vn 0.2244 -0.7643 -0.6046
vn 0.0928 -0.9795 -0.1791
vn 0.1885 -0.8597 -0.4748
vn 0.2582 -0.6606 -0.7049
vn 0.2049 -0.7598 -0.6170
vn 0.2201 -0.6708 -0.7082
vn 0.2499 -0.7301 -0.6360
vn 0.2245 -0.7387 -0.6355
vn 0.1569 -0.9304 -0.3313
vn 0.1717 -0.8728 -0.4568
vn 0.1485 -0.8838 -0.4436
vn 0.1132 -0.9198 -0.3756
vn 0.1354 -0.8738 -0.4671
vn 0.1543 -0.9126 -0.3787
vn 0.1660 -0.6699 -0.7237
vn 0.1292 -0.7778 -0.6150
vn 0.1364 -0.6791 -0.7212
vn 0.1586 -0.7655 -0.6236
vn 0.1098 -0.8226 -0.5579
vn 0.2333 -0.4429 -0.8657
vn 0.2752 -0.3671 -0.8886
vn 0.2668 -0.4588 -0.8476
vn 0.2534 -0.3730 -0.8926
vn 0.2827 -0.2862 -0.9155
vn 0.3061 -0.2916 -0.9062
vn 0.3027 -0.4183 -0.8564
vn 0.2165 -0.3061 -0.9271
vn 0.2548 -0.2978 -0.9200
vn 0.3401 -0.4662 -0.8167
vn 0.4257 -0.3912 -0.8159
vn 0.3571 -0.3408 -0.8697
vn 0.4363 -0.3080 -0.8455
vn 0.2312 -0.5529 -0.8005
vn 0.2786 -0.5484 -0.7884
vn 0.2762 -0.1104 -0.9547
vn 0.2987 -0.0939 -0.9497
vn 0.1848 -0.3507 -0.9181
vn 0.1639 -0.2468 -0.9551
vn 0.1717 -0.2404 -0.9554
vn 0.1727 -0.4308 -0.8858
vn 0.1671 -0.3344 -0.9275
vn 0.1924 -0.2816 -0.9400
vn 0.2155 -0.3741 -0.9020
vn 0.1984 -0.4410 -0.8753
vn 0.1625 -0.1486 -0.9755
vn 0.1433 -0.0712 -0.9871
vn 0.1584 -0.0648 -0.9852
vn 0.1434 -0.3256 -0.9346
vn 0.1419 -0.4356 -0.8889
vn 0.0310 -0.3155 -0.9484
vn 0.0123 -0.2201 -0.9754
vn 0.1358 -0.2339 -0.9627
vn 0.1764 -0.5441 -0.8202
vn 0.1428 -0.5520 -0.8215
vn 0.9063 0.3028 -0.2950
vn 0.8049 0.4841 -0.3431
vn 0.8594 0.3929 -0.3272
vn 0.8682 0.3696 -0.3310
vn 0.6731 0.5974 -0.4359
vn 0.8900 0.3161 -0.3286
vn 0.9233 0.2574 -0.2849
vn 0.8740 0.2916 -0.3886
vn 0.1470 0.8764 -0.4586
vn 0.1771 0.8624 -0.4742
vn 0.2260 0.8271 -0.5147
vn 0.1987 0.8516 -0.4851
vn 0.1228 0.8878 -0.4435
vn 0.1055 0.9009 -0.4209
vn 0.0879 0.9122 -0.4002
vn 0.0719 0.8869 -0.4563
vn 0.0637 0.9246 -0.3757
vn 0.0520 0.9270 -0.3714
vn 0.0560 0.8913 -0.4499
vn 0.2699 0.0301 -0.9624
vn 0.2697 0.0366 -0.9622
vn 0.2412 -0.1655 -0.9562
vn -0.0491 0.9930 -0.1073
vn -0.0069 0.9439 -0.3303
vn 0.0947 0.8742 -0.4762
vn 0.2995 0.0077 -0.9541
vn 0.3384 -0.1390 -0.9307
vn 0.3305 -0.0464 -0.9427
vn 0.3975 -0.1633 -0.9029
vn 0.1595 0.0213 -0.9870
vn 0.1604 0.0313 -0.9865
vn 0.2205 -0.0490 -0.9742
vn 0.1386 0.0050 -0.9903
vn 0.0536 -0.0521 -0.9972
vn 0.8008 -0.2565 -0.5412
vn 0.8812 -0.2457 -0.4039
vn 0.6830 -0.2671 -0.6799
vn 0.8264 -0.1665 -0.5379
vn 0.7172 -0.1907 -0.6703
vn 0.9117 -0.0900 -0.4008
vn 0.9019 -0.1578 -0.4021
vn 0.9249 -0.2259 -0.3060
vn 0.9082 -0.2572 -0.3301
vn 0.9324 -0.2166 -0.2892
vn 0.5579 -0.2675 -0.7856
vn 0.5320 -0.3370 -0.7768
vn 0.1216 -0.9765 -0.1782
vn 0.2254 -0.9364 -0.2690
vn 0.2671 -0.9490 -0.1674
vn 0.1002 -0.9671 -0.2339
vn 0.2168 -0.9152 -0.3397
vn 0.2789 -0.9557 -0.0945
vn 0.4497 -0.8776 -0.1661
vn 0.4762 -0.8775 -0.0574
vn 0.6719 -0.7163 -0.1884
vn 0.6910 -0.7197 -0.0679
vn 0.8714 -0.4437 -0.2093
vn 0.9729 -0.1978 -0.1195
vn 0.8803 -0.4660 -0.0892
vn 0.6486 -0.6807 -0.3407
vn 0.9450 -0.2366 -0.2257
vn 0.9859 -0.1015 -0.1333
vn 0.9958 -0.0920 0.0038
vn 0.9455 -0.2001 -0.2568
vn 0.9766 -0.1870 -0.1064
vn 0.9619 -0.1889 -0.1978
vn 0.9786 -0.1414 -0.1497
vn 0.9867 -0.1356 -0.0902
vn 0.9942 -0.0836 0.0671
vn 0.9879 -0.1539 -0.0163
vn 0.9948 -0.0188 -0.1003
vn 0.9978 0.0664 0.0007
vn 0.9987 -0.0216 0.0457
vn 0.9950 -0.0762 -0.0648
vn 0.9486 -0.0963 -0.3015
vn 0.9512 -0.0427 -0.3057
vn 0.9883 0.0661 -0.1377
vn 0.9506 0.1672 -0.2614
vn 0.9375 0.1614 -0.3083
vn 0.9931 0.0854 0.0805
vn 0.9649 0.2596 -0.0396
vn 0.9682 -0.0069 -0.2500
vn 0.9641 -0.0156 -0.2649
vn 0.0685 0.0877 -0.9938
vn 0.0657 -0.0582 -0.9961
vn 0.0460 -0.3554 -0.9336
vn 0.0570 -0.2975 -0.9530
vn -0.0530 -0.1569 -0.9862
vn -0.0380 -0.0612 -0.9974
vn -0.0703 -0.2332 -0.9699
vn -0.5835 -0.2663 -0.7672
vn -0.5768 -0.3168 -0.7530
vn -0.6191 -0.2109 -0.7565
vn -0.6332 -0.1012 -0.7673
vn -0.6479 -0.0616 -0.7592
vn -0.8165 -0.5198 -0.2515
vn -0.9182 -0.2684 -0.2914
vn -0.8533 -0.4343 -0.2886
vn -0.7516 -0.6381 -0.1672
vn -0.8619 -0.4643 -0.2039
vn -0.8104 -0.5399 -0.2273
vn -0.9391 -0.2507 -0.2349
vn 0.0442 -0.4399 -0.8970
vn -0.0573 -0.3085 -0.9495
vn -0.6493 -0.2709 -0.7107
vn -0.8372 -0.1252 -0.5325
vn -0.7156 -0.1994 -0.6694
vn -0.7651 -0.1134 -0.6339
vn -0.0872 -0.2126 -0.9732
vn -0.9283 -0.0162 -0.3714
vn -0.9192 -0.0468 -0.3909
vn -0.7829 -0.2072 -0.5866
vn -0.8936 -0.0748 -0.4425
vn -0.8878 -0.0444 -0.4580
vn -0.5417 -0.3818 -0.7489
vn -0.5051 -0.4014 -0.7641
vn -0.0300 -0.4391 -0.8979
vn 0.0547 -0.5623 -0.8251
vn 0.0021 -0.5615 -0.8275
vn 0.0774 -0.6785 -0.7305
vn -0.1313 -0.5952 -0.7927
vn -0.3219 -0.3364 -0.8850
vn -0.0971 -0.1438 -0.9848
vn 0.0010 -0.1598 -0.9872
vn -0.8795 -0.0708 -0.4706
vn -0.7759 -0.0973 -0.6233
vn 0.0116 -0.1032 -0.9946
vn -0.1745 -0.7750 -0.6074
vn -0.0624 -0.2703 -0.9608
vn -0.3454 -0.8642 -0.3659
vn -0.0372 -0.3266 -0.9444
vn -0.7116 -0.2694 -0.6489
vn -0.7361 -0.1976 -0.6473
vn -0.8741 -0.1512 -0.4616
vn -0.0470 -0.0965 -0.9942
vn 0.2914 -0.0405 -0.9557
vn 0.9669 -0.1918 -0.1681
vn 0.8403 -0.4239 -0.3380
vn 0.8622 -0.4705 -0.1876
vn 0.2383 0.0192 -0.9710
vn 0.3348 -0.1675 -0.9273
vn 0.3176 -0.0492 -0.9469
vn 0.2211 -0.1308 -0.9664
vn 0.3146 -0.0850 -0.9454
vn 0.3159 -0.0775 -0.9456
vn 0.2765 -0.1957 -0.9409
vn 0.2652 -0.1644 -0.9501
vn 0.2478 -0.1145 -0.9620
vn 0.3167 -0.3211 -0.8925
vn 0.3104 -0.2537 -0.9161
vn 0.3645 -0.1441 -0.9200
vn 0.0748 -0.9427 -0.3252
vn 0.0142 -0.9938 -0.1103
vn 0.1375 -0.9129 -0.3844
vn -0.8930 -0.3841 -0.2344
vn -0.9568 -0.0680 -0.2827
vn -0.9480 -0.0292 -0.3170
vn 0.0100 -0.0089 -0.9999
vn 0.8841 0.1798 -0.4312
vn 0.9714 0.1259 -0.2012
vn 0.8753 -0.0631 -0.4795
vn 0.9759 0.1993 -0.0893
vn 0.9017 0.2965 -0.3148
vn 0.3111 0.7370 -0.6001
vn 0.2593 0.7279 -0.6348
vn 0.3851 0.7338 -0.5596
vn 0.2964 0.8147 -0.4984
vn 0.2225 -0.1996 -0.9543
vn 0.3934 -0.1028 -0.9136
vn 0.4126 -0.0900 -0.9065
vn 0.2603 -0.3315 -0.9068
vn 0.5583 -0.0628 -0.8272
vn 0.4465 -0.1049 -0.8886
vn 0.2271 -0.0801 -0.9706
vn -0.1136 -0.9551 -0.2736
vn -0.1028 -0.9843 -0.1435
vn 0.0344 -0.9426 -0.3322
vn -0.6459 -0.6484 -0.4029
vn -0.7279 -0.6506 -0.2164
vn -0.6636 -0.6644 -0.3438
vn 0.6406 -0.0370 -0.7670
vn 0.5441 0.0476 -0.8376
vn 0.2268 -0.7664 -0.6010
vn 0.2507 -0.7394 -0.6248
vn 0.1974 -0.7698 -0.6070
vn 0.3975 -0.0853 -0.9136
vn 0.5359 -0.1052 -0.8377
vn 0.5389 -0.0876 -0.8378
vn 0.3022 0.0131 -0.9531
vn 0.2934 -0.1328 -0.9467
vn 0.4020 0.0232 -0.9154
vn 0.1919 -0.1532 -0.9694
vn 0.2428 0.0142 -0.9700
vn 0.3820 0.1901 -0.9044
vn 0.2866 0.1812 -0.9408
vn 0.2292 0.1750 -0.9575
vn 0.2966 -0.0455 -0.9539
vn 0.1725 -0.1028 -0.9796
vn 0.1534 -0.1208 -0.9807
vn 0.1698 -0.1220 -0.9779
vn 0.1473 -0.1396 -0.9792
vn 0.1958 -0.0403 -0.9798
vn 0.1997 0.0889 -0.9758
vn 0.2376 -0.0606 -0.9695
vn 0.2710 0.2474 -0.9302
vn 0.1155 -0.1477 -0.9823
vn 0.1370 -0.0624 -0.9886
vn 0.1318 -0.1437 -0.9808
vn 0.1534 -0.0705 -0.9856
vn 0.2994 0.0141 -0.9540
vn 0.4117 0.3992 -0.8192
vn 0.4056 0.2359 -0.8831
vn 0.2836 0.2311 -0.9307
vn 0.2030 0.2255 -0.9529
vn 0.1793 0.1909 -0.9651
vn 0.2701 0.3189 -0.9085
vn 0.1332 -0.0921 -0.9868
vn 0.0554 -0.1240 -0.9907
vn 0.9409 -0.1574 -0.3000
vn 0.1680 0.1137 -0.9792
vn 0.1590 0.2397 -0.9577
vn 0.0704 0.7955 -0.6018
vn 0.1221 0.7966 -0.5921
vn 0.1090 0.8022 -0.5870
vn 0.1794 0.0368 -0.9831
vn 0.1836 0.2252 -0.9568
vn 0.2002 0.4871 -0.8501
vn 0.1332 -0.1175 -0.9841
vn 0.0981 -0.1553 -0.9830
vn 0.0771 -0.1509 -0.9855
vn 0.0573 -0.1451 -0.9878
vn 0.9372 -0.1795 -0.2990
vn 0.6565 0.1863 -0.7310
vn 0.4902 0.2315 -0.8403
vn 0.2747 0.0528 -0.9601
vn 0.4740 0.1249 -0.8717
vn -0.1168 -0.1660 -0.9792
vn -0.8312 0.0951 -0.5478
vn -0.8216 -0.0749 -0.5651
vn -0.8169 -0.1111 -0.5660
vn -0.6984 -0.4517 -0.5551
vn -0.6727 -0.4824 -0.5610
vn -0.9993 -0.0253 -0.0279
vn -0.9700 -0.2301 -0.0778
vn -0.9745 -0.2230 -0.0262
vn -0.9743 0.2232 -0.0285
vn -0.9949 -0.0061 -0.1011
vn -0.9662 0.1830 -0.1813
vn -0.9810 -0.0056 -0.1939
vn -0.9624 -0.2115 -0.1704
vn -0.5474 -0.6101 -0.5729
vn -0.5449 -0.6025 -0.5831
vn -0.6369 -0.7345 -0.2343
vn -0.6944 -0.7112 -0.1097
vn -0.7028 -0.7025 -0.1122
vn -0.7162 -0.6972 -0.0327
vn -0.6003 0.7472 -0.2853
vn -0.6537 0.7424 -0.1468
vn -0.5616 0.7632 -0.3196
vn -0.6707 0.7307 -0.1275
vn -0.6752 0.7367 -0.0372
vn 0.0514 -0.9623 -0.2669
vn -0.0525 -0.9986 0.0014
vn -0.0042 -0.9944 -0.1054
vn 0.3605 -0.8537 -0.3759
vn 0.6069 -0.7701 -0.1968
vn 0.6318 -0.6815 -0.3694
vn 0.2994 -0.9345 -0.1926
vn 0.5675 -0.8234 0.0011
vn 0.8620 -0.5068 0.0012
vn 0.3256 0.9307 -0.1665
vn 0.1712 0.9266 -0.3347
vn 0.3956 0.8558 -0.3333
vn 0.1128 0.9788 -0.1710
vn 0.6757 0.7063 -0.2110
vn 0.6757 0.6240 -0.3925
vn 0.9113 0.3719 -0.1765
vn -0.3024 0.9351 -0.1846
vn -0.5190 0.7708 -0.3695
vn -0.2283 0.9071 -0.3535
vn -0.5898 0.7849 -0.1898
vn -0.8015 0.4394 -0.4055
vn -0.1424 0.9736 -0.1782
vn -0.0770 0.9365 -0.3420
vn -0.0642 0.9829 -0.1724
vn -0.9750 0.0820 -0.2065
vn -0.9097 0.0341 -0.4139
vn -0.9645 -0.1116 -0.2395
vn -0.9040 -0.1349 -0.4057
vn 0.3271 -0.0075 -0.9449
vn 0.4353 -0.1423 -0.8890
vn 0.2895 -0.0150 -0.9570
vn -0.0171 -0.9998 0.0029
vn 0.9863 -0.1649 -0.0019
vn 0.9918 -0.0184 -0.1265
vn 0.9937 0.1118 -0.0016
vn 0.9813 0.1051 -0.1612
vn 0.2590 0.9659 -0.0021
vn 0.0579 0.9983 -0.0028
vn 0.0274 0.9910 -0.1313
vn 0.8959 0.4443 0.0001
vn 0.5994 0.8005 -0.0011
vn -0.0278 0.9996 -0.0036
vn -0.0492 0.9988 -0.0040
vn -0.0865 0.9962 -0.0046
vn -0.3763 0.9265 -0.0036
vn -0.6578 0.7532 -0.0035
vn -0.8632 0.4622 -0.2031
vn -0.8991 0.4378 -0.0037
vn -0.9974 -0.0726 -0.0036
vn -0.7484 -0.6379 -0.1818
vn -0.7941 -0.6078 -0.0015
vn -0.1854 -0.9759 -0.1155
vn -0.1635 -0.9865 0.0002
vn -0.1214 0.9926 -0.0048
vn -0.2074 0.9783 -0.0043
vn 0.0463 -0.9989 0.0019
vn 0.1164 -0.9748 -0.1903
vn 0.3041 -0.9526 0.0009
vn 0.1937 -0.2328 -0.9530
vn 0.3777 -0.8069 -0.4541
vn 0.3013 -0.8432 -0.4453
vn 0.0624 0.8115 -0.5810
vn 0.0690 0.6586 -0.7493
vn 0.2483 0.8220 -0.5125
vn 0.3627 0.7725 -0.5212
vn 0.5005 0.6759 -0.5411
vn 0.9250 0.2672 -0.2701
vn -0.5887 -0.0159 -0.8082
vn -0.3065 -0.0175 -0.9517
vn -0.0034 -0.0165 -0.9999
vn -0.5023 -0.0215 -0.8644
vn -0.1678 -0.0488 -0.9846
vn -0.1700 -0.0727 -0.9828
vn -0.2687 0.0073 -0.9632
vn 0.0213 -0.4419 -0.8968
vn 0.0055 -0.1440 -0.9896
vn -0.1028 -0.0196 -0.9945
vn -0.3041 -0.0995 -0.9474
vn -0.3484 -0.0843 -0.9335
vn -0.8443 -0.1141 -0.5236
vn -0.8513 -0.0722 -0.5198
vn -0.8128 -0.1134 -0.5714
vn -0.7920 -0.1815 -0.5830
vn 0.0086 -0.6928 -0.7211
vn 0.0906 -0.7810 -0.6180
vn 0.0474 -0.7279 -0.6840
vn -0.1047 -0.3924 -0.9138
vn 0.1982 -0.5486 -0.8123
vn 0.1906 -0.6699 -0.7175
vn 0.1810 -0.7604 -0.6237
vn 0.2357 -0.7641 -0.6005
vn 0.9281 -0.2005 -0.3137
vn 0.9003 -0.2475 -0.3581
vn -0.0244 -0.9893 -0.1441
vn -0.2151 -0.9694 -0.1186
vn -0.1668 -0.9860 0.0030
vn -0.3899 -0.9160 0.0943
vn -0.3069 -0.9439 0.1224
vn -0.2802 -0.6460 0.7101
vn -0.1656 -0.6278 0.7605
vn -0.2823 -0.6472 0.7081
vn -0.1646 -0.6268 0.7616
vn -0.1199 -0.6143 0.7799
vn -0.9049 -0.3178 0.2831
vn -0.8912 -0.3322 0.3088
vn -0.8537 -0.3661 0.3704
vn 0.5291 0.0652 0.8461
vn 0.1854 0.1448 0.9719
vn 0.3464 0.0929 0.9335
vn 0.1290 0.1418 0.9815
vn 0.2269 0.0725 0.9712
vn 0.2184 0.0749 0.9730
vn 0.2151 -0.0398 0.9758
vn 0.2581 0.1206 0.9586
vn -0.0023 0.1620 0.9868
vn 0.1242 0.1705 0.9775
vn 0.0543 0.1544 0.9865
vn 0.1260 0.1710 0.9772
vn 0.0535 0.1531 0.9868
vn 0.0005 0.1632 0.9866
vn 0.5455 0.3092 0.7790
vn 0.3504 0.2459 0.9037
vn 0.4486 0.2612 0.8547
vn 0.5609 0.2794 0.7793
vn 0.3475 0.1824 0.9198
vn 0.1437 0.2146 0.9661
vn 0.1687 0.2153 0.9619
vn 0.4149 0.1642 0.8949
vn 0.4409 0.2658 0.8573
vn 0.1778 0.1686 0.9695
vn 0.7335 0.1593 0.6607
vn -0.0846 0.9959 -0.0307
vn -0.0287 0.9831 0.1807
vn -0.0953 0.9939 0.0552
vn 0.2997 0.8988 -0.3200
vn 0.1952 0.9434 -0.2682
vn 0.1186 0.9634 -0.2404
vn 0.0397 0.9902 -0.1342
vn 0.3613 0.8585 -0.3640
vn 0.0345 0.9909 -0.1303
vn -0.0011 0.9916 -0.1291
vn 0.0579 0.9879 -0.1436
vn 0.0631 0.9859 -0.1550
vn 0.0629 0.9859 -0.1550
vn 0.0613 0.9877 -0.1439
vn 0.0608 0.9878 -0.1432
vn 0.7374 0.6375 0.2233
vn 0.5493 0.8206 0.1578
vn 0.5450 0.8237 0.1567
vn 0.2782 0.9562 0.0908
vn 0.2690 0.9591 0.0876
vn 0.8682 0.4831 0.1136
vn 0.7169 0.5201 0.4643
vn 0.7999 0.5276 0.2860
vn 0.7967 0.4805 0.3667
vn 0.1649 0.9849 0.0530
vn 0.2548 0.9565 0.1423
vn 0.2779 0.9497 0.1445
vn 0.4788 0.8136 0.3298
vn 0.6184 0.6549 0.4343
vn 0.6196 0.6468 0.4447
vn 0.7017 0.5313 0.4747
vn 0.0578 0.7806 -0.6223
vn 0.0863 0.7887 -0.6086
vn -0.9043 -0.3869 0.1807
vn -0.8931 -0.4101 0.1852
vn -0.9042 -0.3871 0.1806
vn -0.8931 -0.4107 0.1836
vn -0.8808 -0.4294 0.1996
vn -0.8112 -0.5009 0.3016
vn -0.7244 -0.5603 0.4016
vn -0.8110 -0.5009 0.3023
vn -0.7246 -0.5603 0.4012
vn -0.6127 -0.6090 0.5037
vn 0.0634 0.9969 -0.0460
vn 0.0627 0.9970 -0.0460
vn 0.0915 0.9949 -0.0426
vn 0.1123 0.9935 -0.0180
vn 0.1200 0.9927 -0.0109
vn 0.1521 0.9875 0.0415
vn 0.4645 0.8235 0.3258
vn 0.7408 0.4811 0.4688
vn 0.7967 0.5405 0.2705
vn 0.1211 0.9923 0.0252
vn 0.1149 0.9932 0.0189
vn 0.0659 0.9972 -0.0349
vn 0.0653 0.9970 -0.0404
vn 0.0617 0.9917 -0.1131
vn 0.0622 0.9914 -0.1148
vn 0.0578 0.9878 -0.1443
vn 0.0586 0.9887 -0.1379
vn 0.0574 0.9889 -0.1368
vn -0.0918 0.9836 -0.1552
vn 0.1703 0.2257 0.9592
vn 0.1921 0.4608 0.8664
vn 0.1239 0.1960 0.9728
vn 0.1527 0.1822 0.9713
vn -0.0058 0.1820 0.9833
vn -0.0315 -0.1759 0.9839
vn 0.0021 -0.1278 0.9918
vn -0.1565 -0.2478 0.9561
vn 0.2167 -0.0488 0.9750
vn 0.1615 -0.1241 0.9790
vn 0.1572 -0.1290 0.9791
vn -0.9114 -0.3664 0.1874
vn -0.9108 -0.3683 0.1868
vn -0.9114 -0.3663 0.1874
vn -0.8815 -0.4288 0.1977
vn -0.8589 -0.4555 0.2340
vn -0.8598 -0.4548 0.2322
vn -0.4591 -0.6432 0.6128
vn -0.4594 -0.6435 0.6122
vn -0.1196 -0.6136 0.7805
vn -0.1011 -0.6040 0.7906
vn -0.0834 -0.5952 0.7993
vn -0.0848 -0.5947 0.7995
vn -0.0753 -0.5843 0.8080
vn -0.0691 -0.5894 0.8049
vn -0.0670 -0.5792 0.8124
vn -0.0635 -0.5784 0.8133
vn -0.0413 -0.5743 0.8176
vn -0.0462 -0.5767 0.8156
vn -0.0216 -0.5746 0.8182
vn -0.0210 -0.5749 0.8180
vn -0.0116 -0.5825 0.8127
vn -0.0116 -0.5829 0.8125
vn 0.4316 -0.8476 -0.3088
vn 0.4146 -0.8261 -0.3817
vn 0.0440 -0.6964 -0.7163
vn -0.0377 0.1716 0.9844
vn 0.1257 -0.1598 -0.9791
vn 0.1598 -0.1639 -0.9734
vn 0.9494 0.0759 -0.3049
vn 0.9362 -0.1412 -0.3219
vn 0.8923 0.3115 -0.3267
vn 0.6154 -0.1686 -0.7700
vn 0.4959 -0.4306 -0.7541
vn 0.0576 -0.0550 -0.9968
vn -0.5702 -0.3712 -0.7328
vn -0.5950 0.2369 -0.7680
vn -0.6261 0.5731 -0.5287
vn -0.1351 -0.0454 -0.9898
vn 0.0345 -0.5761 -0.8167
vn 0.0320 0.9970 -0.0710
vn 0.1569 -0.9305 -0.3310
vn 0.1527 -0.9231 -0.3530
vn 0.2778 0.0586 -0.9588
vn 0.3890 0.1640 -0.9065
vn 0.0916 -0.9478 -0.3054
vn -0.5396 -0.3542 -0.7638
vn -0.7143 -0.2742 -0.6439
vn 0.3075 -0.1507 -0.9395
vn 0.5017 0.3627 -0.7854
vn 0.0532 -0.1461 -0.9878
vn 0.1339 0.7917 -0.5961
vn -0.8349 0.0945 -0.5423
vn -0.9716 0.2163 -0.0961
vn -0.6087 -0.7505 -0.2574
vn -0.7176 -0.6956 -0.0336
vn -0.6772 0.7350 -0.0360
vn -0.0335 -0.9994 0.0016
vn -0.0272 -0.9996 0.0051
vn -0.0493 0.9988 -0.0042
vn -0.9953 0.0967 -0.0038
vn -0.7938 -0.6081 -0.0014
vn -0.2339 -0.9723 -0.0005
vn 0.1159 -0.9933 0.0017
vn 0.4053 0.1928 -0.8936
vn -0.5634 -0.0333 -0.8255
vn -0.0695 -0.5693 0.8192
vn -0.0578 -0.5614 0.8255
vn -0.9197 -0.3005 0.2527
vn 0.3172 -0.6968 0.6433
vn 0.4824 0.1118 0.8688
vn 0.6389 0.0181 0.7691
vn -0.0456 0.1730 0.9839
vn -0.0028 0.1709 0.9853
vn 0.0069 0.1780 0.9840
vn 0.6205 0.2283 0.7502
vn 0.6352 0.2439 0.7328
vn 0.5935 0.2150 0.7756
vn 0.0978 0.1587 0.9825
vn 0.1148 0.1657 0.9795
vn 0.1079 0.1883 0.9762
vn 0.1895 0.1682 0.9674
vn -0.0618 0.9979 0.0190
vn -0.0367 0.9913 -0.1261
vn 0.7378 0.6386 0.2188
vn 0.0578 0.7802 -0.6228
vn -0.6129 -0.6091 0.5033
vn 0.0886 0.9951 -0.0442
vn -0.0700 0.9842 -0.1623
vn 0.1127 -0.1342 0.9845
vn -0.9110 -0.3672 0.1874
vn -0.1002 -0.6037 0.7909
vn 0.3142 -0.1269 -0.9408
vn 0.2782 -0.1040 -0.9549
vn 0.2899 -0.1060 -0.9512
vn 0.2949 -0.1092 -0.9493
vn 0.3656 -0.1193 -0.9231
vn 0.2655 -0.1722 -0.9486
vn 0.3130 -0.1016 -0.9443
vn 0.2718 -0.0958 -0.9576
vn 0.2272 -0.0731 -0.9711
vn 0.2093 -0.0496 -0.9766
vn 0.2050 -0.0507 -0.9775
vn 0.1973 -0.0553 -0.9788
vn 0.1531 -0.0479 -0.9870
vn 0.2295 -0.0200 -0.9731
vn 0.2595 -0.0579 -0.9640
vn 0.2911 -0.0823 -0.9531
vn 0.3151 -0.0998 -0.9438
vn 0.7838 -0.0335 0.6201
vn 0.9025 0.2809 0.3264
vn 0.7279 0.2077 0.6534
vn 0.4180 0.9055 0.0731
vn 0.5927 0.7181 0.3646
vn 0.5963 0.8022 0.0316
vn 0.4505 0.3407 0.8252
vn 0.3889 0.6497 0.6532
vn 0.2702 0.5084 0.8176
vn 0.7017 -0.3122 0.6404
vn 0.6680 -0.0943 0.7382
vn 0.4468 0.8148 0.3695
vn 0.4943 0.5641 0.6615
vn 0.5341 0.8206 -0.2032
vn 0.7990 0.6011 -0.0192
vn 0.7365 0.6158 -0.2798
vn 0.1490 0.9342 -0.3242
vn 0.3438 0.8592 -0.3790
vn 0.4012 0.8179 -0.4124
vn -0.5531 -0.5114 -0.6576
vn -0.6546 -0.5942 -0.4673
vn -0.5293 -0.5266 -0.6652
vn -0.8197 0.4946 0.2890
vn -0.5591 0.6010 0.5712
vn -0.6905 0.5614 0.4562
vn 0.3292 0.8677 0.3724
vn 0.3004 0.7008 0.6471
vn 0.1603 0.9798 0.1196
vn 0.2764 0.9557 0.1013
vn -0.1630 0.9618 -0.2200
vn -0.0795 0.9675 -0.2398
vn -0.0435 0.9648 -0.2592
vn -0.1920 0.9603 -0.2024
vn -0.2356 0.9519 -0.1961
vn -0.2957 0.9379 -0.1814
vn -0.6388 -0.4293 -0.6385
vn -0.7767 -0.4311 -0.4592
vn -0.7476 0.2042 -0.6320
vn -0.8852 0.1270 -0.4475
vn -0.7774 0.0913 -0.6224
vn -0.0147 -0.9458 -0.3243
vn -0.0552 -0.9472 -0.3158
vn 0.0129 -0.9397 -0.3416
vn -0.0082 0.9655 -0.2603
vn 0.2114 0.9741 -0.0800
vn 0.1070 0.9447 -0.3101
vn -0.8620 -0.2334 -0.4500
vn -0.9711 -0.0693 -0.2285
vn -0.9130 -0.3327 -0.2361
vn -0.7796 -0.5783 -0.2404
vn -0.6092 -0.7555 -0.2412
vn 0.6324 -0.6418 0.4337
vn 0.6908 -0.5077 0.5149
vn 0.6526 -0.6534 0.3837
vn 0.2443 0.8924 -0.3794
vn 0.2919 0.7386 -0.6077
vn 0.1489 0.8437 -0.5158
vn 0.3035 -0.9167 -0.2598
vn 0.1114 -0.9176 -0.3815
vn 0.2143 -0.8848 -0.4138
vn -0.8944 -0.0419 -0.4453
vn 0.8595 -0.4697 -0.2015
vn 0.6334 -0.6686 -0.3896
vn 0.7621 -0.4482 -0.4673
vn -0.8439 0.2862 -0.4538
vn -0.9600 0.1662 -0.2251
vn -0.3038 0.9348 -0.1840
vn -0.7676 0.4480 -0.4583
vn -0.8996 0.3743 -0.2250
vn -0.7716 -0.1614 -0.6153
vn -0.7875 -0.0270 -0.6158
vn 0.2283 0.8981 0.3758
vn 0.2113 0.7371 0.6419
vn 0.7194 -0.6457 0.2559
vn 0.7194 -0.4737 0.5080
vn -0.1642 0.9191 -0.3583
vn -0.1032 0.9683 -0.2273
vn -0.7894 0.5735 -0.2189
vn -0.6610 0.5991 -0.4519
vn -0.6380 0.7425 -0.2039
vn -0.3562 -0.9016 -0.2454
vn -0.4480 -0.8601 -0.2442
vn -0.3117 -0.9157 -0.2537
vn -0.1202 -0.9503 -0.2871
vn -0.2009 -0.9421 -0.2686
vn -0.1236 -0.9477 -0.2942
vn -0.2370 -0.9367 -0.2576
vn -0.4083 -0.5817 -0.7035
vn -0.3804 -0.5848 -0.7164
vn -0.4211 -0.5801 -0.6973
vn -0.0770 0.9166 -0.3924
vn 0.0276 0.8956 -0.4441
vn -0.4616 -0.5644 -0.6844
vn -0.4796 -0.5570 -0.6780
vn -0.0022 0.9998 -0.0204
vn 0.0940 0.9946 -0.0449
vn 0.4609 -0.8324 -0.3077
vn -0.1861 0.9607 -0.2059
vn -0.0842 0.9964 -0.0007
vn 0.3549 0.9255 -0.1319
vn -0.9406 0.3347 -0.0562
vn -0.9582 0.2611 -0.1167
vn -0.9488 0.3158 0.0016
vn 0.7640 0.5416 0.3506
vn -0.4967 -0.8341 -0.2400
vn -0.7201 -0.3044 -0.6236
vn 0.4105 0.7837 -0.4662
vn 0.5940 0.5865 -0.5506
vn -0.0719 0.7528 0.6543
vn -0.1356 0.8864 0.4426
vn -0.1986 0.7266 0.6577
vn 0.7912 -0.5975 -0.1305
vn 0.7829 -0.6156 0.0894
vn 0.8378 -0.5433 0.0536
vn -0.3148 -0.1975 0.9284
vn -0.2433 -0.6158 0.7494
vn -0.3080 -0.1613 0.9376
vn 0.4480 0.5536 -0.7020
vn 0.8905 0.3212 -0.3223
vn 0.8200 -0.1932 -0.5389
vn 0.7695 -0.3561 -0.5301
vn 0.8215 -0.1688 -0.5447
vn -0.8591 0.4779 -0.1833
vn -0.6373 0.7688 0.0531
vn -0.7175 0.6709 -0.1870
vn 0.8423 -0.4625 0.2768
vn 0.7768 -0.2650 0.5713
vn 0.8832 -0.4689 -0.0121
vn 0.9249 -0.2474 0.2887
vn -0.5034 0.5823 -0.6383
vn -0.4812 0.5928 -0.6458
vn -0.4567 0.6147 -0.6431
vn -0.5682 0.5186 -0.6388
vn -0.5510 0.5389 -0.6371
vn -0.9476 -0.0119 -0.3191
vn -0.9731 -0.1486 -0.1760
vn -0.9842 -0.0082 -0.1768
vn -0.6991 0.3183 -0.6402
vn 0.8165 -0.2192 -0.5340
vn 0.6616 0.0433 -0.7486
vn 0.8106 0.0343 -0.5845
vn 0.7493 -0.6616 0.0274
vn 0.5691 -0.8222 -0.0098
vn 0.7225 -0.6783 -0.1341
vn -0.4388 0.5983 -0.6705
vn 0.4179 -0.9085 -0.0012
vn 0.1904 -0.9526 -0.2372
vn 0.2354 -0.9634 0.1284
vn 0.2080 -0.9739 0.0909
vn 0.2833 -0.9518 0.1178
vn 0.9683 -0.2453 -0.0473
vn 0.9330 -0.2421 -0.2663
vn -0.5148 0.5744 -0.6365
vn 0.8005 -0.3905 0.4546
vn 0.8563 -0.4711 0.2118
vn 0.8094 -0.5201 0.2727
vn 0.5391 -0.7625 0.3577
vn 0.6001 -0.7569 0.2588
vn -0.2687 0.5509 -0.7901
vn -0.1703 0.4802 -0.8605
vn -0.2767 0.5568 -0.7832
vn 0.4601 -0.8678 0.1878
vn 0.5834 -0.7806 0.2241
vn -0.3730 0.9108 -0.1769
vn -0.3974 0.8992 -0.1829
vn 0.3065 -0.9519 -0.0031
vn 0.3628 -0.9193 0.1523
vn 0.0426 -0.9315 -0.3613
vn 0.1141 -0.9679 -0.2242
vn -0.9754 0.1304 -0.1779
vn -0.9322 0.3558 0.0667
vn -0.9407 0.2877 -0.1800
vn 0.4685 -0.8826 0.0395
vn 0.4475 -0.8483 0.2831
vn 0.0616 -0.9979 -0.0220
vn 0.1092 -0.9921 0.0619
vn 0.1542 -0.9879 -0.0154
vn -0.0163 -0.9382 -0.3456
vn 0.0467 -0.9756 -0.2145
vn 0.2271 -0.9738 -0.0087
vn -0.4110 0.6015 -0.6850
vn 0.0859 -0.9293 -0.3592
vn 0.1101 -0.9228 -0.3692
vn -0.2745 0.9420 -0.1929
vn -0.1692 0.9854 0.0167
vn 0.9501 0.0177 -0.3115
vn 0.2213 -0.9699 0.1017
vn 0.3812 -0.9220 -0.0681
vn 0.2780 -0.9451 -0.1718
vn 0.6800 -0.1967 -0.7063
vn 0.6393 -0.4249 -0.6409
vn -0.2932 -0.5955 -0.7479
vn -0.2382 -0.5831 -0.7767
vn -0.2965 -0.5941 -0.7477
vn 0.5388 -0.8301 0.1435
vn 0.9492 0.3094 -0.0579
vn 0.9977 0.0085 -0.0668
vn 0.5844 0.2981 -0.7547
vn 0.7400 0.3127 -0.5955
vn -0.1649 -0.5465 -0.8211
vn -0.1665 -0.5447 -0.8220
vn 0.9529 0.0001 0.3033
vn 0.8171 -0.2901 0.4983
vn 0.8274 -0.4664 0.3128
vn 0.8426 -0.3807 0.3808
vn 0.6173 0.4194 0.6656
vn -0.2808 0.9592 0.0314
vn -0.5458 0.8166 -0.1878
vn -0.4403 0.8968 0.0427
vn -0.0168 0.9885 0.1505
vn -0.0980 0.9803 0.1714
vn -0.2413 0.9098 -0.3378
vn -0.3468 -0.6020 -0.7192
vn -0.3229 0.8881 -0.3272
vn 0.1386 0.9134 0.3828
vn 0.1276 0.7534 0.6450
vn 0.2330 -0.8867 -0.3992
vn 0.2593 -0.8762 -0.4062
vn 0.0564 0.9164 0.3963
vn 0.0645 0.9889 0.1340
vn -0.0285 0.9084 0.4171
vn 0.0283 0.7645 0.6440
vn 0.0650 -0.1297 -0.9894
vn 0.0413 -0.2340 -0.9714
vn 0.0629 -0.1256 -0.9901
vn -0.3908 0.9012 -0.1875
vn 0.7684 -0.6297 -0.1145
vn 0.8149 -0.5755 0.0693
vn -0.6145 0.5530 0.5626
vn -0.8418 0.4498 0.2985
vn -0.6266 0.5009 0.5971
vn -0.8180 0.5719 0.0621
vn -0.3532 0.9084 0.2237
vn -0.1852 -0.9594 -0.2127
vn -0.0858 -0.9960 -0.0249
vn -0.3575 0.5913 -0.7229
vn -0.4107 0.6031 -0.6838
vn -0.0409 -0.9770 -0.2093
vn -0.2134 -0.9170 -0.3369
vn -0.0909 -0.9376 -0.3356
vn 0.6302 0.6012 -0.4913
vn 0.7474 0.4163 -0.5178
vn 0.7624 0.3658 -0.5337
vn -0.3531 0.5886 -0.7272
vn 0.0997 0.9495 -0.2975
vn -0.9345 0.2295 -0.2720
vn -0.9442 0.3022 -0.1308
vn -0.9073 0.1699 -0.3847
vn -0.9306 -0.3136 -0.1891
vn -0.9350 -0.1364 -0.3274
vn -0.8966 -0.2822 -0.3413
vn -0.0656 0.3572 -0.9317
vn -0.1663 0.4736 -0.8649
vn -0.0669 0.3592 -0.9309
vn -0.9418 0.1074 -0.3186
vn -0.2017 0.9596 0.1963
vn 0.6450 -0.7223 -0.2496
vn 0.5734 -0.6500 -0.4988
vn 0.5446 -0.7433 -0.3886
vn 0.6815 -0.0807 0.7273
vn 0.5865 0.1241 0.8004
vn 0.5923 0.0686 0.8028
vn -0.0057 -0.3642 -0.9313
vn -0.0836 -0.4709 -0.8782
vn -0.0069 -0.3549 -0.9349
vn 0.0674 -0.0208 -0.9975
vn 0.0665 -0.0222 -0.9975
vn 0.4288 -0.7849 -0.4472
vn 0.4582 -0.7635 -0.4551
vn -0.8457 0.4168 -0.3333
vn 0.5018 0.6793 -0.5355
vn 0.3386 0.7601 -0.5547
vn 0.4215 0.6735 -0.6072
vn 0.0434 -0.2430 -0.9691
vn 0.7580 -0.3922 -0.5211
vn 0.6500 -0.5709 -0.5015
vn -0.9135 0.2445 -0.3251
vn -0.9029 0.0695 -0.4243
vn -0.9525 0.1810 -0.2448
vn -0.8545 -0.2902 -0.4308
vn -0.6948 -0.1068 -0.7112
vn -0.8161 0.0343 -0.5769
vn -0.2901 0.8356 0.4665
vn -0.5525 0.7947 0.2514
vn -0.4936 0.7271 0.4772
vn -0.7494 0.6042 0.2708
vn -0.3660 0.6725 0.6432
vn -0.4478 0.6107 0.6531
vn -0.2866 0.6428 0.7104
vn -0.9305 -0.3533 0.0963
vn -0.9559 -0.1766 0.2348
vn -0.9797 -0.1559 0.1259
vn -0.6965 0.5502 0.4606
vn -0.5655 0.5739 0.5923
vn -0.7477 0.4347 0.5020
vn -0.9418 0.1888 0.2783
vn -0.8710 0.2906 0.3962
vn -0.8390 0.3441 0.4215
vn 0.7541 -0.2352 0.6132
vn -0.8991 0.3441 0.2705
vn -0.9393 0.1637 0.3015
vn -0.9816 0.1858 0.0449
vn -0.9866 -0.1318 0.0966
vn -0.9116 -0.3731 0.1727
vn -0.9373 -0.3481 -0.0182
vn -0.9682 0.0168 0.2497
vn -0.9794 0.0259 0.2001
vn -0.9979 0.0054 0.0647
vn -0.8430 0.0653 -0.5339
vn -0.7149 -0.1802 -0.6756
vn -0.8099 -0.0753 -0.5817
vn 0.0614 0.6114 0.7890
vn -0.1338 0.6499 0.7481
vn 0.6758 -0.6693 -0.3089
vn 0.7020 -0.6332 -0.3258
vn -0.3994 -0.8899 -0.2206
vn -0.3146 -0.9491 -0.0180
vn 0.0517 0.0941 -0.9942
vn 0.0111 0.2144 -0.9767
vn 0.0102 0.2231 -0.9747
vn -0.4629 -0.3057 -0.8320
vn -0.6898 -0.1123 -0.7152
vn 0.1173 -0.9925 0.0357
vn 0.0826 -0.9954 -0.0492
vn -0.8052 -0.4737 -0.3568
vn -0.6390 -0.7371 -0.2199
vn -0.8281 -0.5212 -0.2066
vn -0.5812 -0.8137 0.0114
vn -0.4073 -0.8433 -0.3508
vn -0.6313 -0.6859 -0.3620
vn -0.9416 -0.1287 -0.3111
vn 0.5878 0.6640 -0.4621
vn -0.0441 -0.9982 -0.0407
vn -0.3774 0.6145 0.6928
vn 0.8187 0.1703 -0.5484
vn 0.8364 -0.0049 -0.5481
vn 0.8350 0.0006 -0.5503
vn -0.5157 0.8337 -0.1973
vn -0.4893 0.8517 -0.1875
vn -0.8052 -0.5906 0.0530
vn -0.4278 0.8432 -0.3257
vn -0.9837 0.1658 0.0702
vn -0.8057 -0.5833 -0.1031
vn -0.7780 -0.6185 0.1103
vn 0.8172 0.1911 -0.5437
vn -0.1140 -0.5649 -0.8172
vn 0.1865 -0.6207 -0.7616
vn -0.1353 -0.5057 -0.8521
vn 0.4539 0.2346 0.8596
vn 0.2268 0.4200 0.8787
vn 0.4164 -0.7469 -0.5185
vn 0.1848 -0.8222 -0.5384
vn -0.4169 -0.4665 -0.7801
vn -0.4706 -0.3176 -0.8232
vn -0.9876 0.0285 -0.1541
vn 0.2205 -0.7101 -0.6687
vn -0.0751 -0.7112 -0.6990
vn -0.1308 -0.9740 -0.1849
vn -0.2990 -0.9456 -0.1278
vn -0.6673 -0.2239 -0.7103
vn 0.7270 -0.6812 -0.0866
vn -0.6529 -0.7018 -0.2850
vn -0.5792 -0.8017 -0.1476
vn -0.4036 -0.8720 -0.2769
vn -0.5397 -0.8400 0.0553
vn 0.7678 -0.2456 0.5918
vn 0.6659 -0.0265 0.7456
vn 0.6689 -0.0705 0.7400
vn -0.9108 0.4016 0.0956
vn -0.8818 0.3846 0.2730
vn -0.2390 0.5110 0.8257
vn -0.3996 0.4677 0.7884
vn -0.1377 0.3968 0.9075
vn -0.2188 0.3027 -0.9276
vn 0.0603 -0.1259 -0.9902
vn -0.3671 0.0779 -0.9269
vn -0.6159 0.5496 0.5645
vn -0.7666 0.4628 0.4451
vn 0.6250 -0.6064 -0.4916
vn 0.3997 0.1459 0.9050
vn 0.1776 0.3476 0.9207
vn 0.2591 0.2211 0.9402
vn 0.4922 0.1497 0.8575
vn -0.9048 0.4130 0.1036
vn -0.9366 0.3490 0.0327
vn -0.8175 0.4948 0.2947
vn -0.1043 0.5616 0.8208
vn 0.4101 -0.6501 -0.6397
vn 0.5642 0.0244 0.8253
vn 0.7555 -0.1447 0.6389
vn 0.1705 0.8976 -0.4065
vn 0.0818 0.9136 -0.3982
vn 0.1888 0.8172 -0.5446
vn 0.1387 -0.6651 -0.7337
vn 0.3669 -0.6923 -0.6213
vn 0.5387 -0.6894 -0.4843
vn -0.1761 -0.5667 -0.8049
vn -0.5004 -0.3793 -0.7783
vn -0.5679 0.7534 -0.3315
vn 0.7831 -0.2972 -0.5463
vn 0.5981 -0.4682 -0.6504
vn 0.6788 -0.1943 -0.7081
vn -0.6701 -0.2923 0.6823
vn -0.5939 -0.4886 0.6392
vn -0.7452 -0.5171 0.4211
vn -0.7290 0.6703 0.1388
vn -0.8703 0.4918 0.0271
vn -0.8252 0.5389 0.1691
vn 0.8164 0.3481 0.4608
vn 0.9082 -0.0567 0.4147
vn 0.9421 0.0731 0.3274
vn 0.1073 -0.4334 0.8948
vn -0.2349 -0.6566 0.7167
vn 0.8677 -0.3477 -0.3553
vn 0.8411 -0.0787 -0.5351
vn 0.9526 -0.1488 -0.2654
vn 0.1998 0.9700 -0.1383
vn 0.2664 0.9617 -0.0650
vn 0.2777 0.9592 -0.0524
vn 0.5253 0.8505 -0.0261
vn 0.5725 0.8194 -0.0289
vn 0.5845 0.8110 -0.0262
vn 0.9521 -0.1994 0.2318
vn 0.8603 -0.4282 0.2765
vn 0.6253 0.7797 -0.0330
vn 0.6309 0.7752 -0.0322
vn 0.4028 -0.3217 -0.8569
vn 0.1497 0.1017 -0.9835
vn 0.4676 -0.0850 -0.8799
vn -0.5852 0.7932 0.1685
vn -0.6428 0.7640 0.0557
vn 0.9417 -0.3108 -0.1286
vn 0.9935 -0.0784 0.0827
vn 0.9491 -0.3127 0.0375
vn 0.0987 -0.9027 0.4187
vn -0.0123 -0.9596 0.2811
vn 0.0333 -0.9033 0.4277
vn 0.4357 0.8999 -0.0200
vn 0.4705 0.8822 -0.0154
vn 0.4243 0.9053 -0.0193
vn 0.7718 0.2405 0.5886
vn 0.8573 -0.1872 0.4796
vn 0.8548 0.0760 0.5134
vn 0.4123 0.9111 -0.0026
vn 0.1623 0.9646 -0.2080
vn 0.1142 0.9757 -0.1872
vn 0.5275 0.5362 0.6590
vn 0.3533 0.7517 0.5568
vn 0.3096 0.6650 0.6796
vn -0.6830 0.6192 0.3874
vn -0.3968 0.7722 0.4961
vn -0.5869 0.7460 0.3148
vn -0.2857 0.6542 -0.7003
vn -0.5986 0.4963 -0.6288
vn -0.5395 0.6532 -0.5313
vn -0.4496 0.8553 0.2573
vn -0.6871 0.2504 -0.6821
vn -0.7181 0.5532 -0.4222
vn 0.6221 0.7788 -0.0797
vn -0.0430 0.7737 0.6321
vn 0.1891 0.8023 0.5662
vn 0.8234 0.4689 -0.3196
vn 0.7609 0.5256 -0.3804
vn 0.6803 0.4501 -0.5785
vn -0.8672 -0.3291 0.3736
vn -0.7860 -0.4948 0.3706
vn -0.5142 -0.8519 0.0998
vn -0.4543 -0.8899 0.0416
vn -0.4789 -0.8772 0.0341
vn -0.4153 -0.9089 -0.0368
vn -0.4359 -0.8980 -0.0600
vn -0.4002 -0.9163 -0.0128
vn -0.6922 -0.7212 0.0280
vn -0.6981 -0.7152 0.0335
vn -0.6940 -0.7183 0.0482
vn -0.1356 -0.9835 0.1193
vn -0.2978 -0.9539 0.0371
vn -0.1377 -0.9795 0.1467
vn 0.7155 0.2241 0.6617
vn 0.5489 0.4092 0.7289
vn 0.1279 -0.7804 0.6121
vn 0.0036 -0.8181 0.5751
vn -0.8021 -0.5851 0.1197
vn 0.1230 -0.4135 0.9021
vn -0.1895 0.8775 0.4406
vn 0.1080 0.9312 -0.3482
vn 0.0207 -0.9622 0.2716
vn -0.4766 -0.8631 0.1671
vn -0.4157 -0.9092 0.0229
vn -0.0164 -0.8247 0.5653
vn 0.3621 0.9316 -0.0313
vn 0.3557 0.9343 -0.0214
vn 0.6766 0.7095 -0.1969
vn -0.4337 -0.9010 -0.0045
vn -0.4701 -0.8826 0.0052
vn -0.4127 -0.9109 -0.0055
vn -0.7650 -0.6220 0.1667
vn 0.7442 -0.5602 -0.3636
vn 0.7271 0.0391 -0.6854
vn 0.6181 0.7851 -0.0400
vn -0.3941 -0.9148 0.0882
vn -0.8440 0.3795 -0.3790
vn -0.7781 0.6040 -0.1723
vn 0.6207 0.7744 -0.1227
vn 0.6210 0.7703 -0.1448
vn 0.6195 0.7676 -0.1643
vn 0.4404 0.8977 -0.0105
vn 0.5239 0.8512 -0.0300
vn 0.6221 0.7829 -0.0093
vn 0.5338 0.6510 -0.5398
vn -0.4540 0.4487 -0.7698
vn -0.4357 -0.8983 -0.0567
vn -0.5868 -0.7955 -0.1511
vn -0.5086 -0.8590 -0.0589
vn -0.0812 0.5198 -0.8504
vn -0.7740 0.6332 -0.0036
vn -0.8820 0.4535 -0.1281
vn -0.0280 0.6815 0.7313
vn 0.2866 0.5814 0.7615
vn 0.2672 0.9574 -0.1090
vn 0.2664 0.9575 -0.1102
vn 0.2701 0.9579 -0.0973
vn 0.2386 0.3275 -0.9142
vn -0.6685 0.6920 -0.2726
vn 0.8368 -0.5475 0.0014
vn 0.2343 0.9677 -0.0936
vn 0.3276 0.9428 -0.0617
vn 0.1877 0.7500 -0.6342
vn -0.6401 0.7678 0.0274
vn -0.6720 0.7387 -0.0523
vn -0.5009 -0.8635 -0.0584
vn -0.6050 -0.7941 -0.0583
vn -0.2827 -0.9589 0.0256
vn -0.5636 -0.8259 -0.0176
vn -0.6327 -0.7743 -0.0039
vn -0.5642 -0.8252 -0.0260
vn -0.6271 -0.7789 0.0054
vn -0.3795 0.6911 0.6151
vn -0.5769 -0.5283 0.6230
vn -0.7805 -0.6109 0.1332
vn 0.6085 0.5957 0.5243
vn 0.5161 0.1363 -0.8456
vn -0.2980 -0.9541 0.0291
vn -0.1067 -0.9853 0.1335
vn -0.4157 -0.9095 -0.0063
vn -0.4695 -0.8829 0.0065
vn -0.5445 -0.8357 0.0715
vn -0.6567 0.7482 -0.0947
vn 0.8160 0.0296 0.5773
vn 0.6744 0.3844 0.6304
vn 0.4815 0.8763 -0.0193
vn -0.6235 -0.7818 0.0023
vn 0.0471 0.3215 0.9457
vn -0.6348 0.4295 -0.6423
vn -0.7226 0.6039 -0.3365
vn -0.2648 -0.9638 0.0329
vn -0.9141 0.3844 0.1290
vn 0.0518 0.0877 -0.9948
vn 0.5254 -0.6424 -0.5579
vn 0.3620 -0.8032 -0.4731
vn -0.3275 -0.5872 -0.7402
vn -0.2370 -0.5833 -0.7769
vn -0.0843 -0.4730 -0.8770
vn 0.5251 0.8505 -0.0306
vn 0.4240 0.9056 0.0072
vn 0.6185 0.7649 -0.1798
vn -0.1786 -0.5482 0.8170
vn -0.1577 -0.4197 0.8938
vn -0.2791 -0.2850 0.9170
vn -0.8280 0.5373 -0.1603
vn -0.8806 0.4259 -0.2077
vn -0.8790 0.4486 -0.1616
vn -0.9019 0.4002 -0.1623
vn -0.9487 0.3063 -0.0786
vn -0.1993 0.7954 0.5723
vn -0.1647 0.7032 0.6917
vn -0.2256 0.8623 0.4534
vn -0.4134 0.8802 0.2333
vn -0.2296 0.9129 0.3376
vn 0.3929 0.5749 0.7178
vn 0.3602 0.7760 0.5177
vn 0.3463 0.5343 0.7711
vn 0.4143 0.4466 0.7930
vn 0.3283 0.3693 0.8694
vn -0.0301 -0.3157 0.9484
vn 0.0631 -0.4465 0.8926
vn -0.0065 -0.5558 0.8313
vn 0.0166 -0.5345 0.8450
vn 0.0099 -0.5451 0.8383
vn 0.0788 -0.4515 0.8888
vn 0.0901 -0.4665 0.8799
vn -0.0283 -0.5753 0.8174
vn 0.0657 -0.4908 0.8688
vn -0.0339 -0.5814 0.8129
vn 0.4902 0.5020 0.7125
vn 0.5884 0.3616 0.7232
vn 0.5610 0.4825 0.6727
vn 0.6491 0.3773 0.6605
vn 0.6830 0.1003 0.7235
vn 0.7211 0.3534 0.5959
vn 0.6459 0.1955 0.7380
vn 0.5226 0.7000 0.4866
vn 0.6206 0.6343 0.4609
vn 0.6994 0.5643 0.4386
vn -0.8671 0.4784 -0.1391
vn -0.9025 0.4107 -0.1295
vn -0.9156 0.3430 -0.2099
vn -0.9146 0.3864 -0.1193
vn -0.8923 0.4502 -0.0327
vn -0.9320 0.3565 -0.0654
vn 0.4022 0.7738 0.4893
vn 0.4552 0.7505 0.4790
vn 0.5479 0.7115 0.4400
vn 0.0022 -0.5773 0.8165
vn 0.0908 -0.5286 0.8440
vn -0.0831 -0.5915 0.8020
vn -0.0289 -0.6355 0.7716
vn 0.0383 -0.5796 0.8140
vn -0.1418 -0.6259 0.7669
vn 0.7714 0.0341 0.6355
vn 0.7764 0.2610 0.5737
vn 0.8426 0.0680 0.5342
vn 0.8900 0.3190 0.3259
vn 0.8163 0.1936 0.5441
vn 0.8363 0.4122 0.3615
vn 0.8538 -0.1311 0.5038
vn 0.9362 0.1530 0.3163
vn 0.8245 -0.0148 0.5656
vn 0.7968 -0.1206 0.5921
vn -0.0769 -0.7655 0.6388
vn -0.0583 -0.7668 0.6392
vn -0.0032 -0.9128 0.4084
vn 0.0075 -0.9173 0.3981
vn 0.7695 0.4972 0.4009
vn 0.7905 0.5057 0.3455
vn 0.7139 0.5820 0.3894
vn 0.7882 -0.4005 0.4674
vn 0.7614 -0.3358 0.5545
vn 0.9082 -0.1885 0.3737
vn 0.8391 -0.4309 0.3320
vn 0.9149 -0.3009 0.2692
vn 0.9561 0.1439 0.2552
vn -0.3565 0.8845 0.3011
vn -0.3273 0.8889 0.3206
vn 0.4048 0.8044 0.4348
vn 0.4380 0.7785 0.4495
vn -0.3935 0.8430 0.3668
vn -0.3744 0.8370 0.3990
vn 0.4579 0.7885 0.4106
vn 0.3913 0.8332 0.3907
vn 0.4591 0.8080 0.3693
vn 0.2420 -0.9415 0.2343
vn 0.1297 -0.9767 0.1712
vn 0.1668 -0.9806 0.1025
vn -0.0015 -0.9824 0.1868
vn 0.0191 -0.9972 0.0723
vn 0.0067 -0.9975 0.0704
vn -0.0086 -0.9976 0.0683
vn 0.9281 0.2324 0.2909
vn 0.9653 0.1283 0.2273
vn 0.9469 0.2036 0.2488
vn 0.9734 0.0791 0.2148
vn 0.6326 0.6526 0.4171
vn 0.6331 0.7004 0.3295
vn 0.7260 0.5974 0.3406
vn 0.7253 0.6172 0.3050
vn 0.5556 0.7565 0.3448
vn 0.6402 0.6742 0.3681
vn 0.5653 0.7274 0.3891
vn 0.9163 -0.3453 0.2028
vn 0.9720 0.0391 0.2319
vn 0.8548 -0.4954 0.1548
vn 0.9047 -0.3620 0.2248
vn 0.9765 0.0186 0.2149
vn 0.9063 0.3074 0.2901
vn 0.8555 0.4121 0.3134
vn 0.9618 0.1752 0.2102
vn 0.9210 0.2993 0.2495
vn 0.9390 0.2669 0.2171
vn 0.8744 0.4004 0.2741
vn -0.9496 0.3129 -0.0189
vn -0.9582 0.2619 0.1150
vn -0.9509 0.3089 -0.0200
vn -0.9454 0.3081 -0.1059
vn -0.9232 0.1968 0.3302
vn -0.8503 0.1361 0.5084
vn -0.9287 0.2021 0.3108
vn -0.9576 0.2585 0.1273
vn 0.1139 -0.9926 0.0414
vn -0.0073 -0.9976 0.0687
vn 0.0070 -0.9974 0.0715
vn 0.0125 -0.9972 0.0741
vn 0.4447 0.8379 0.3164
vn 0.5170 0.8010 0.3019
vn 0.3765 0.8825 0.2819
vn 0.3506 0.8852 0.3058
vn 0.4049 0.8523 0.3312
vn 0.9846 -0.0101 0.1743
vn 0.9757 0.0971 0.1963
vn 0.9798 0.0570 0.1916
vn 0.9385 -0.3382 0.0695
vn 0.7827 -0.6224 -0.0009
vn -0.2167 0.8137 0.5394
vn -0.2906 0.8275 0.4804
vn -0.2145 0.8121 0.5427
vn -0.2997 0.8306 0.4694
vn -0.1069 0.7421 0.6618
vn -0.1679 0.7684 0.6176
vn -0.1004 0.7381 0.6672
vn -0.1933 0.7732 0.6040
vn 0.2510 0.9177 0.3080
vn 0.2811 0.9175 0.2812
vn 0.2150 -0.9509 -0.2225
vn 0.2088 -0.9743 0.0849
vn 0.0036 -0.9978 0.0657
vn 0.0045 -0.9975 0.0702
vn 0.0022 -0.9999 0.0101
vn 0.1064 -0.9673 -0.2302
vn 0.3949 -0.7596 -0.5168
vn 0.2259 -0.7694 -0.5975
vn 0.0017 -0.8102 -0.5861
vn 0.0079 -0.6410 -0.7675
vn 0.2683 -0.6421 -0.7181
vn 0.5033 -0.5907 -0.6306
vn 0.9560 -0.2890 -0.0505
vn 0.9982 -0.0361 0.0486
vn 0.9872 0.0394 0.1546
vn -0.7230 0.0503 0.6890
vn -0.5348 -0.0500 0.8435
vn -0.7300 0.0570 0.6810
vn -0.8425 0.1304 0.5226
vn -0.3029 -0.1388 0.9429
vn -0.3144 -0.2229 0.9228
vn -0.2999 -0.1430 0.9432
vn -0.5317 -0.0548 0.8452
vn -0.4825 -0.1907 0.8549
vn -0.3252 -0.1271 0.9371
vn -0.3249 -0.0523 0.9443
vn -0.9479 0.1514 0.2803
vn -0.9827 0.0792 0.1676
vn -0.9592 0.0868 0.2691
vn -0.0307 0.7128 0.7007
vn -0.0129 0.7113 0.7028
vn -0.1317 0.7623 0.6337
vn -0.0893 0.8862 0.4547
vn 0.1384 0.9669 0.2145
vn -0.1178 0.9706 0.2097
vn 0.1573 0.9552 0.2506
vn 0.2126 0.9515 0.2225
vn -0.3199 0.8907 0.3231
vn 0.8127 0.5059 0.2890
vn 0.6881 0.6803 0.2524
vn 0.8061 0.5325 0.2581
vn 0.7824 0.5765 0.2356
vn 0.7132 0.6421 0.2810
vn 0.8948 0.3779 0.2379
vn 0.8756 0.4241 0.2311
vn 0.8532 0.4737 0.2182
vn 0.9774 0.1204 0.1739
vn 0.9756 0.1443 0.1656
vn 0.9379 0.2780 0.2074
vn 0.9549 0.2169 0.2026
vn 0.2629 -0.6905 -0.6739
vn 0.4932 -0.6362 -0.5933
vn 0.2135 -0.7969 -0.5651
vn 0.5475 -0.6709 -0.5001
vn 0.2212 -0.7431 -0.6316
vn 0.0081 -0.7024 -0.7118
vn 0.0055 -0.7589 -0.6511
vn 0.0053 -0.8043 -0.5942
vn 0.4390 0.8557 0.2740
vn 0.3066 0.9149 0.2625
vn 0.2185 0.9393 0.2645
vn 0.1990 0.9660 0.1649
vn 0.3059 0.9261 0.2208
vn 0.2903 0.9421 0.1677
vn 0.4201 0.8789 0.2259
vn 0.3981 0.9020 0.1672
vn -0.3411 0.9300 0.1370
vn -0.3279 0.9274 0.1799
vn -0.9503 0.3081 0.0443
vn -0.9729 0.1574 0.1691
vn -0.9460 0.2892 0.1465
vn -0.9925 0.1218 0.0089
vn -0.9926 0.1212 0.0116
vn -0.9752 0.2212 0.0088
vn -0.9777 0.2088 0.0230
vn -0.9954 0.0960 -0.0046
vn -0.9943 0.1064 -0.0018
vn 0.6067 0.7383 0.2947
vn 0.5708 0.7764 0.2672
vn 0.5123 0.8433 0.1623
vn 0.6546 0.7260 0.2108
vn 0.6163 0.7716 0.1573
vn 0.5423 0.8108 0.2203
vn 0.9880 -0.1405 -0.0634
vn 0.9985 0.0091 0.0548
vn 0.9657 0.1972 0.1688
vn 0.9897 -0.1340 -0.0512
vn 0.9947 0.0732 0.0728
vn 0.9425 0.2921 0.1624
vn 0.9570 0.2328 0.1733
vn 0.1272 0.9787 0.1612
vn -0.1258 0.9797 0.1562
vn -0.1534 0.9844 0.0858
vn 0.1212 0.9853 0.1206
vn 0.1624 0.9827 0.0893
vn -0.1340 0.9842 0.1158
vn 0.1895 0.9743 0.1217
vn 0.9031 0.3809 0.1985
vn 0.9210 0.3298 0.2076
vn 0.8860 0.4315 0.1700
vn 0.9393 0.3147 0.1368
vn 0.8710 0.4747 0.1265
vn 0.7981 0.5851 0.1435
vn 0.8265 0.5300 0.1897
vn 0.2612 -0.8239 -0.5029
vn 0.4991 -0.7836 -0.3701
vn 0.4925 -0.7482 -0.4446
vn 0.0050 -0.8468 -0.5319
vn 0.0046 -0.8949 -0.4463
vn 0.2637 -0.8680 -0.4207
vn 0.0042 -0.9422 -0.3350
vn 0.2498 -0.9153 -0.3160
vn 0.0038 -0.9765 -0.2157
vn 0.2322 -0.9515 -0.2017
vn 0.7487 0.6314 0.2021
vn 0.7099 0.6875 0.1529
vn 0.6976 0.7152 0.0423
vn 0.7789 0.6205 0.0911
vn 0.7887 0.6143 0.0258
vn 0.6049 0.7941 0.0593
vn 0.6856 0.7210 0.1008
vn 0.5936 0.7975 0.1077
vn 0.9935 -0.1131 -0.0150
vn 0.9918 0.1131 0.0591
vn 0.9313 0.3515 0.0951
vn 0.9985 0.0515 0.0185
vn 0.9857 -0.1678 0.0119
vn 0.9820 -0.1867 0.0268
vn 0.9349 0.3548 0.0110
vn 0.9969 0.0716 0.0332
vn 0.9278 0.3676 0.0631
vn 0.9837 -0.1796 -0.0030
vn 0.4457 -0.8766 -0.1814
vn 0.4764 -0.8328 -0.2819
vn 0.4543 -0.8896 0.0469
vn 0.2296 -0.9698 -0.0824
vn 0.2383 -0.9701 0.0449
vn 0.4389 -0.8957 -0.0714
vn -0.9702 0.2422 0.0071
vn -0.9947 0.1019 -0.0129
vn -0.9949 0.1004 -0.0128
vn -0.9919 0.1268 -0.0093
vn -0.9831 0.1827 -0.0089
vn -0.9946 0.1028 -0.0132
vn -0.9948 0.1010 -0.0128
vn -0.9961 0.0871 -0.0144
vn -0.4029 0.9123 0.0736
vn -0.3546 0.9295 0.1019
vn -0.3951 0.9173 0.0497
vn -0.1473 0.9876 0.0548
vn -0.4269 0.9039 0.0276
vn 0.0037 -0.9957 -0.0928
vn 0.0038 -0.9992 0.0402
vn 0.0009 -0.9834 0.1813
vn 0.2550 -0.9507 0.1764
vn -0.0208 -0.9396 0.3416
vn -0.0249 -0.9406 0.3386
vn 0.8683 0.4958 0.0148
vn 0.8607 0.5031 0.0778
vn 0.9523 0.3038 -0.0298
vn 0.9756 0.2140 -0.0498
vn 0.8992 0.4360 -0.0357
vn 0.9460 0.3195 -0.0553
vn 0.8406 0.5414 -0.0149
vn 0.5035 0.8609 0.0732
vn 0.3879 0.9179 0.0837
vn 0.4948 0.8614 0.1142
vn 0.3847 0.9152 0.1197
vn 0.6963 0.7178 0.0076
vn 0.5321 0.8456 0.0425
vn 0.6471 0.7619 0.0276
vn 0.5641 0.8255 0.0174
vn 0.4015 0.9144 0.0515
vn 0.2773 0.9531 0.1216
vn 0.2703 0.9587 0.0890
vn 0.5186 -0.8064 0.2842
vn 0.4881 -0.8564 0.1682
vn 0.6018 -0.6235 0.4991
vn 0.5562 -0.7248 0.4066
vn 0.6030 -0.6189 0.5034
vn 0.5229 -0.7967 0.3031
vn 0.9666 -0.2412 0.0872
vn 0.9998 0.0166 0.0130
vn 0.9771 -0.2070 0.0485
vn 0.9988 -0.0424 0.0253
vn 0.9292 -0.3021 0.2130
vn 0.9896 -0.1240 0.0726
vn 0.9479 -0.2813 0.1498
vn 0.9747 -0.1832 0.1281
vn 0.9954 0.0923 -0.0270
vn 0.7455 0.6664 0.0136
vn 0.8181 0.5750 -0.0098
vn 0.7319 0.6815 -0.0026
vn 0.8726 0.4882 -0.0135
vn 0.7561 0.6544 -0.0068
vn 0.8534 0.5212 -0.0111
vn 0.9237 0.3814 -0.0365
vn 0.9413 0.3372 -0.0145
vn 0.9485 0.3161 -0.0175
vn 0.1661 0.9857 0.0293
vn 0.2709 0.9610 0.0560
vn 0.2746 0.9612 0.0263
vn 0.1620 0.9851 0.0584
vn 0.4165 0.9088 0.0233
vn 0.1188 0.9924 0.0313
vn 0.1771 0.9841 0.0110
vn 0.2818 0.9595 0.0052
vn 0.2022 0.9793 0.0108
vn 0.4340 0.9009 0.0042
vn -0.0791 -0.8573 0.5088
vn -0.0846 -0.8602 0.5028
vn -0.1268 -0.7499 0.6493
vn -0.1314 -0.7484 0.6501
vn -0.0884 -0.6373 0.7655
vn -0.0819 -0.6417 0.7625
vn 0.0168 -0.5452 0.8382
vn 0.0278 -0.5485 0.8357
vn 0.7858 -0.4203 0.4537
vn 0.6284 -0.5364 0.5634
vn 0.6206 -0.4920 0.6106
vn 0.8013 -0.4357 0.4101
vn 0.9617 -0.2182 0.1658
vn 0.9439 -0.2590 0.2047
vn 0.9957 -0.0857 0.0346
vn 0.9999 -0.0107 0.0115
vn 0.9055 -0.3001 0.2999
vn 0.7413 -0.4198 0.5237
vn 0.7045 -0.4047 0.5830
vn 0.9797 -0.1884 0.0688
vn 0.9976 0.0651 -0.0241
vn 0.9997 -0.0228 -0.0134
vn 0.9892 -0.1364 0.0541
vn 0.9958 -0.0910 -0.0055
vn 0.9978 -0.0626 -0.0201
vn 0.3680 -0.4876 0.7917
vn 0.1273 -0.4791 0.8685
vn 0.3764 -0.4361 0.8174
vn 0.1847 -0.4230 0.8871
vn 0.3794 -0.3730 0.8467
vn 0.2010 -0.3559 0.9126
vn 0.3763 -0.2883 0.8805
vn 0.1906 -0.2682 0.9443
vn 0.6856 -0.2767 0.6733
vn 0.6838 -0.3570 0.6364
vn 0.2751 -0.4005 0.8740
vn 0.1891 -0.0686 0.9795
vn 0.1102 -0.1848 0.9766
vn 0.1136 -0.4956 0.8611
vn 0.0412 -0.2492 0.9676
vn 0.4074 -0.0887 0.9089
vn 0.1868 -0.0192 0.9822
vn 0.2204 -0.0951 0.9708
vn 0.0302 -0.3344 0.9419
vn 0.0250 -0.3245 0.9456
vn 0.0258 -0.3653 0.9305
vn 0.0346 -0.4286 0.9028
vn 0.2057 -0.7977 0.5669
vn 0.4688 -0.6465 0.6019
vn 0.4591 -0.2117 0.8628
vn 0.1027 -0.8351 0.5405
vn 0.0590 -0.6353 0.7700
vn 0.0596 -0.5759 0.8153
vn 0.0858 -0.8586 0.5054
vn 0.3677 -0.2094 0.9061
vn 0.1692 -0.1922 0.9667
vn 0.3620 -0.1567 0.9189
vn 0.1556 -0.1450 0.9771
vn 0.3640 -0.1222 0.9233
vn 0.1577 -0.1030 0.9821
vn 0.1705 -0.0472 0.9842
vn 0.7076 -0.1557 0.6893
vn 0.6953 -0.2038 0.6892
vn 0.7338 -0.1810 0.6548
vn 0.7438 -0.1301 0.6556
vn 0.6814 -0.3837 0.6233
vn 0.9146 -0.2353 0.3288
vn 0.8223 -0.4620 0.3323
vn 0.9657 -0.2496 0.0714
vn 0.9361 -0.1418 0.3220
vn 0.9815 0.1862 -0.0451
vn 0.9803 0.1958 -0.0250
vn 0.9831 0.1820 -0.0201
vn 0.9964 0.0825 -0.0196
vn 0.9971 0.0728 -0.0222
vn 0.8912 -0.2835 0.3542
vn 0.8903 -0.2318 0.3919
vn 0.9729 -0.2043 0.1081
vn 0.9019 -0.1750 0.3949
vn 0.9172 -0.1328 0.3757
vn 0.9802 -0.1389 0.1413
vn 0.9736 -0.1766 0.1445
vn 0.9879 -0.1541 0.0179
vn 0.2504 -0.9261 0.2821
vn 0.1267 -0.9894 0.0714
vn 0.2638 -0.9619 0.0718
vn 0.1215 -0.9555 0.2690
vn 0.0954 -0.9632 0.2512
vn 0.0966 -0.9929 0.0687
vn 0.2780 -0.9604 -0.0192
vn 0.1308 -0.9914 -0.0056
vn 0.1422 -0.9898 -0.0062
vn 0.2695 -0.9629 -0.0134
vn 0.1014 -0.9948 -0.0016
vn 0.1109 -0.9938 -0.0108
vn 0.5588 -0.7690 0.3105
vn 0.8633 -0.4986 0.0780
vn 0.9875 -0.1043 0.1179
vn 0.9918 -0.1232 0.0350
vn 0.9959 -0.0798 -0.0419
vn 0.9928 -0.0912 0.0781
vn 0.9956 -0.0926 -0.0101
vn 0.9912 -0.1322 -0.0004
vn 0.9953 -0.0944 -0.0200
vn 0.9923 -0.1236 0.0093
vn 0.9965 -0.0763 -0.0335
vn 0.9996 -0.0079 -0.0282
vn 0.9969 0.0715 -0.0320
vn 0.5800 -0.8142 -0.0239
vn 0.5812 -0.8103 0.0747
vn 0.5757 -0.8170 -0.0330
vn 0.8415 -0.5385 -0.0442
vn 0.8562 -0.5156 -0.0323
vn 0.5666 -0.8235 -0.0288
vn 0.8255 -0.5630 -0.0393
vn 0.9480 -0.3147 -0.0471
vn 0.9877 -0.1474 -0.0526
vn 0.9610 -0.2739 -0.0373
vn 0.9810 -0.1896 -0.0400
vn 0.9949 -0.0815 -0.0602
vn 0.9972 -0.0666 -0.0344
vn 0.9926 -0.1124 -0.0461
vn 0.9985 -0.0476 -0.0273
vn 0.9994 -0.0005 -0.0350
vn 0.5894 0.8078 0.0042
vn 0.6147 0.7887 -0.0069
vn 0.7945 0.6070 -0.0202
vn 0.7718 0.6356 -0.0168
vn 0.6470 0.7624 -0.0163
vn 0.4571 0.8894 -0.0051
vn -0.1182 0.9929 0.0163
vn 0.1322 0.9911 0.0115
vn -0.4429 0.8965 0.0142
vn -0.4034 0.9150 0.0073
vn -0.4095 0.9123 0.0008
vn -0.3920 0.9198 0.0193
vn -0.9768 0.2136 -0.0132
vn -0.9501 0.3114 0.0202
vn -0.9854 0.1695 -0.0138
vn -0.9099 0.3914 0.1376
vn -0.9499 0.3123 0.0113
vn 0.9932 -0.1116 -0.0321
vn 0.9747 -0.2225 -0.0225
vn 0.9331 -0.3595 -0.0050
vn 0.9801 -0.1983 0.0100
vn 0.9713 -0.2377 0.0055
vn 0.9663 -0.2540 0.0413
vn 0.9573 -0.2890 0.0062
vn 0.9870 -0.1603 0.0084
vn 0.1151 -0.9933 -0.0002
vn 0.1174 -0.9930 0.0076
vn 0.2909 -0.9567 -0.0093
vn 0.1575 -0.9875 0.0098
vn 0.1299 -0.9913 0.0210
vn 0.9314 -0.3616 -0.0421
vn 0.8063 -0.5899 -0.0451
vn 0.9849 -0.1677 0.0421
vn 0.9671 -0.1556 -0.2015
vn 0.9664 -0.1484 -0.2100
vn 0.9526 -0.3026 -0.0322
vn 0.9890 -0.1433 -0.0363
vn 0.9834 -0.1771 -0.0403
vn 0.9640 -0.1171 -0.2386
vn 0.9550 -0.1761 -0.2385
vn 0.9705 -0.0762 -0.2289
vn 0.9839 0.1762 -0.0308
vn 0.9543 0.2975 -0.0287
vn 0.8852 0.4648 -0.0203
vn 0.8965 0.4422 -0.0250
vn -0.2810 0.9557 0.0880
vn -0.0083 0.9969 0.0777
vn -0.1395 0.9674 0.2114
vn -0.0851 0.9606 0.2647
vn -0.1428 0.9204 0.3639
vn 0.5636 -0.8255 -0.0297
vn 0.9889 -0.1436 -0.0377
vn 0.9627 -0.2677 0.0396
vn 0.9634 -0.2680 0.0037
vn 0.9806 0.1960 0.0074
vn 0.9960 0.0843 -0.0281
vn 0.9959 0.0891 0.0144
vn 0.9401 -0.2636 -0.2164
vn 0.9929 -0.1191 -0.0012
vn 0.9624 -0.1149 -0.2460
vn 0.9395 -0.2713 -0.2090
vn -0.7618 0.4122 0.4998
vn -0.8408 0.4255 0.3346
vn -0.8396 0.4205 0.3439
vn -0.9097 0.3954 0.1273
vn -0.7353 0.4159 0.5352
vn -0.7337 0.4227 0.5320
vn 0.3087 -0.9511 -0.0049
vn 0.1745 -0.9845 0.0172
vn 0.1415 -0.9895 0.0307
vn 0.1431 -0.9893 0.0270
vn -0.0288 0.9569 0.2888
vn 0.1714 0.9738 0.1497
vn 0.0140 0.9988 0.0463
vn -0.7665 0.6105 -0.1994
vn -0.7411 0.6183 -0.2616
vn -0.7876 0.5941 -0.1637
vn -0.7964 0.5944 -0.1112
vn -0.8257 0.5619 -0.0493
vn 0.9899 0.1368 -0.0375
vn 0.9545 0.0848 -0.2859
vn 0.7934 0.1730 -0.5835
vn 0.8563 0.0864 -0.5091
vn 0.8876 -0.0873 -0.4523
vn 0.9984 0.0163 -0.0541
vn 0.9928 0.1043 -0.0581
vn 0.9969 0.0738 -0.0267
vn 0.0270 0.0487 -0.9984
vn 0.0809 0.0270 -0.9964
vn 0.0892 0.0246 -0.9957
vn -0.0060 0.1956 -0.9807
vn 0.0159 0.0451 -0.9989
vn 0.1104 0.0043 -0.9939
vn 0.0470 0.0303 -0.9984
vn 0.0891 0.0105 -0.9960
vn 0.0504 0.0256 -0.9984
vn -0.0048 0.2326 -0.9726
vn 0.0520 0.3782 -0.9242
vn 0.1175 0.5911 -0.7980
vn 0.1684 0.7869 -0.5937
vn 0.1133 0.5814 -0.8057
vn 0.0673 0.3878 -0.9193
vn 0.8483 0.1939 -0.4927
vn 0.8564 0.1907 -0.4799
vn 0.9972 -0.0099 -0.0738
vn 0.7914 0.2403 -0.5621
vn 0.9521 -0.2070 -0.2250
vn 0.8844 -0.1958 -0.4237
vn 0.8831 -0.2439 -0.4008
vn 0.9077 -0.1276 -0.3997
vn 0.8818 -0.2333 -0.4098
vn 0.9843 -0.1757 -0.0148
vn 0.9133 -0.1357 -0.3840
vn 0.9371 -0.1404 -0.3196
vn 0.0716 0.0209 -0.9972
vn 0.0551 0.0330 -0.9979
vn 0.0713 0.0196 -0.9973
vn 0.0549 0.0111 -0.9984
vn 0.0390 0.0112 -0.9992
vn 0.7095 0.5301 -0.4642
vn 0.7556 0.3013 -0.5816
vn 0.7091 0.5158 -0.4808
vn 0.1740 -0.0093 -0.9847
vn 0.0586 -0.0023 -0.9983
vn 0.0178 0.0154 -0.9997
vn 0.0576 -0.0008 -0.9983
vn 0.9754 -0.0146 -0.2200
vn 0.9751 0.0610 -0.2133
vn 0.9097 -0.0615 -0.4107
vn 0.9178 -0.0063 -0.3971
vn 0.9675 0.1506 -0.2030
vn 0.0549 -0.0204 -0.9983
vn 0.0542 -0.0180 -0.9984
vn 0.0579 -0.0533 -0.9969
vn 0.0572 -0.0501 -0.9971
vn 0.0731 -0.1067 -0.9916
vn 0.0725 -0.1021 -0.9921
vn 0.1173 -0.1815 -0.9764
vn 0.1135 -0.1800 -0.9771
vn 0.3121 -0.9088 -0.2769
vn 0.1806 -0.9834 0.0190
vn 0.1482 -0.9886 0.0273
vn 0.7921 -0.6088 -0.0442
vn 0.5405 -0.7895 -0.2907
vn 0.8794 -0.3674 -0.3028
vn 0.9735 -0.2231 -0.0503
vn 0.9944 -0.0846 -0.0633
vn 0.9944 -0.0808 -0.0685
vn 0.6993 0.6518 -0.2934
vn 0.7099 0.6773 -0.1930
vn 0.7018 0.6441 -0.3044
vn 0.9283 -0.1059 -0.3563
vn 0.9607 -0.0231 -0.2766
vn 0.9982 0.0046 -0.0600
vn 0.7651 0.6342 -0.1112
vn 0.7722 0.5796 -0.2601
vn 0.7367 0.6744 -0.0493
vn 0.2118 0.9071 -0.3638
vn 0.2345 0.9538 -0.1877
vn 0.2080 0.9058 -0.3691
vn 0.1713 0.7919 -0.5861
vn 0.9221 0.0601 -0.3824
vn 0.9194 0.1352 -0.3694
vn 0.9470 0.2544 -0.1959
vn 0.9062 0.2115 -0.3663
vn 0.9049 0.3789 -0.1939
vn 0.8779 0.3038 -0.3701
vn 0.8306 0.5207 -0.1974
vn 0.4492 -0.7155 -0.5351
vn 0.6535 -0.5062 -0.5627
vn 0.6719 -0.4776 -0.5661
vn 0.2437 0.9514 -0.1883
vn 0.2469 0.9673 -0.0586
vn 0.9089 -0.1827 -0.3750
vn 0.8344 -0.2605 -0.4857
vn 0.2468 -0.8177 -0.5201
vn 0.1601 -0.8591 -0.4861
vn 0.1639 -0.8583 -0.4863
vn 0.1240 -0.8378 -0.5318
vn 0.1238 -0.8368 -0.5333
vn 0.0279 -0.1616 -0.9865
vn 0.0320 -0.2148 -0.9761
vn 0.0126 -0.0261 -0.9996
vn 0.0080 -0.0332 -0.9994
vn 0.0093 -0.0433 -0.9990
vn 0.0278 -0.0258 -0.9993
vn 0.0309 -0.0240 -0.9992
vn 0.0386 -0.0127 -0.9992
vn 0.0499 -0.0174 -0.9986
vn 0.3270 0.9450 0.0028
vn 0.4645 0.8719 -0.1550
vn 0.3250 0.9457 0.0077
vn 0.5755 0.7994 -0.1725
vn 0.1040 -0.0033 -0.9946
vn 0.2053 -0.0358 -0.9780
vn -0.0154 0.0367 -0.9992
vn -0.0053 0.0376 -0.9993
vn 0.2188 0.1486 -0.9644
vn 0.1168 0.2823 -0.9522
vn 0.0029 0.0357 -0.9994
vn -0.0376 0.1315 -0.9906
vn 0.8182 -0.0562 -0.5722
vn 0.7278 0.5314 -0.4335
vn 0.7683 0.5903 -0.2475
vn -0.0140 0.3574 -0.9338
vn 0.7221 0.6648 -0.1911
vn 0.2055 -0.2461 -0.9472
vn 0.2146 -0.2458 -0.9453
vn 0.3170 -0.2866 -0.9041
vn 0.3275 -0.2861 -0.9005
vn 0.4242 -0.3021 -0.8537
vn 0.4265 -0.3024 -0.8524
vn 0.5227 -0.3097 -0.7943
vn 0.5231 -0.3039 -0.7963
vn 0.3693 0.9267 0.0700
vn 0.2948 0.9552 0.0255
vn 0.3943 0.9173 0.0556
vn 0.4137 0.9099 0.0310
vn 0.2544 0.9671 0.0086
vn 0.2576 0.9663 0.0011
vn 0.2672 0.9636 -0.0057
vn 0.5676 0.8141 -0.1228
vn 0.6873 0.7034 -0.1810
vn 0.4630 0.8758 -0.1365
vn -0.0356 0.9970 -0.0689
vn 0.0198 0.9990 -0.0390
vn -0.7497 0.6184 -0.2355
vn -0.7682 0.6202 -0.1588
vn -0.7520 0.6179 -0.2296
vn -0.7419 0.6577 -0.1306
vn -0.7554 0.6477 -0.0993
vn -0.7558 0.6475 -0.0976
vn -0.7666 0.6215 -0.1614
vn 0.8247 0.4177 -0.3812
vn 0.7500 0.5489 -0.3690
vn 0.5640 0.7653 -0.3102
vn 0.6064 0.7432 -0.2826
vn 0.6448 0.6823 -0.3446
vn 0.6062 -0.2773 -0.7454
vn 0.6051 -0.2720 -0.7482
vn 0.6620 -0.2554 -0.7046
vn 0.6648 -0.2543 -0.7024
vn 0.7020 -0.2761 -0.6565
vn 0.7006 -0.2819 -0.6555
vn 0.6384 -0.3053 -0.7065
vn 0.6817 -0.3350 -0.6504
vn 0.0300 0.9961 -0.0827
vn 0.0029 0.9996 -0.0268
vn 0.3204 0.9244 -0.2069
vn 0.1796 0.9644 -0.1939
vn 0.7070 0.6611 -0.2510
vn -0.7211 0.6892 -0.0708
vn -0.7428 0.6549 -0.1391
vn 0.5666 -0.2855 -0.7729
vn 0.5483 -0.2579 -0.7955
vn 0.4382 -0.2126 -0.8734
vn 0.0201 0.5510 -0.8343
vn 0.0257 0.4637 -0.8856
vn 0.0268 0.4568 -0.8892
vn 0.0252 0.3698 -0.9288
vn 0.0260 0.3625 -0.9316
vn 0.0171 0.2819 -0.9593
vn 0.0189 0.2736 -0.9617
vn 0.0247 0.1909 -0.9813
vn 0.0258 0.1828 -0.9828
vn 0.7758 0.1651 -0.6089
vn 0.8818 0.1255 -0.4546
vn 0.7679 0.2814 -0.5754
vn 0.7373 0.1794 -0.6514
vn 0.9888 -0.1003 -0.1104
vn 0.9927 -0.0970 -0.0717
vn 0.9901 -0.0909 -0.1072
vn 0.7886 0.0296 -0.6142
vn 0.8847 0.0262 -0.4654
vn 0.8425 -0.0513 -0.5363
vn 0.9971 -0.0278 -0.0711
vn 0.9942 0.0136 -0.1063
vn 0.9943 -0.0675 -0.0821
vn 0.7989 0.5400 -0.2650
vn 0.8285 0.4515 -0.3311
vn 0.8324 0.4289 -0.3508
vn 0.8466 0.3489 -0.4019
vn 0.8484 0.3280 -0.4155
vn 0.8474 0.2675 -0.4587
vn 0.8455 0.2539 -0.4697
vn 0.9912 -0.0711 -0.1119
vn 0.9936 -0.0605 -0.0951
vn 0.0230 0.9407 -0.3385
vn 0.0251 0.8724 -0.4882
vn 0.0255 0.8666 -0.4983
vn 0.0268 0.7736 -0.6331
vn 0.0271 0.7654 -0.6430
vn 0.0266 0.6621 -0.7490
vn 0.0275 0.6530 -0.7568
vn 0.0181 0.5593 -0.8287
vn 0.0540 -0.6472 -0.7604
vn 0.1579 -0.8218 -0.5475
vn 0.3204 -0.7890 -0.5242
vn 0.1936 -0.4282 -0.8827
vn 0.0236 -0.6336 -0.7733
vn 0.0088 -0.8252 -0.5647
vn 0.0181 -0.9266 -0.3757
vn 0.3067 -0.8726 -0.3801
vn 0.0200 -0.9725 -0.2321
vn 0.2930 -0.9347 -0.2012
vn 0.0259 0.0919 -0.9954
vn 0.0263 0.0821 -0.9963
vn 0.0267 -0.0262 -0.9993
vn 0.4490 -0.1261 -0.8846
vn 0.0091 -0.1843 -0.9828
vn 0.1967 -0.2170 -0.9561
vn 0.0040 -0.3944 -0.9189
vn 0.7455 -0.2215 -0.6287
vn 0.3738 -0.4288 -0.8224
vn 0.9759 -0.1974 -0.0930
vn 0.8418 -0.3929 -0.3701
vn 0.9508 -0.2645 -0.1614
vn 0.9474 -0.2793 -0.1562
vn 0.9853 -0.1671 -0.0347
vn 0.9121 -0.4020 -0.0808
vn 0.9750 -0.2175 -0.0465
vn 0.9890 -0.1452 -0.0294
vn 0.9038 -0.0303 -0.4268
vn 0.7821 -0.0496 -0.6212
vn 0.9648 -0.1539 -0.2134
vn 0.9851 -0.1675 -0.0378
vn 0.0195 0.9718 0.2350
vn 0.0176 0.9974 0.0700
vn 0.0184 0.9975 0.0684
vn 0.0175 0.9981 -0.0591
vn 0.0181 0.9980 -0.0609
vn 0.0195 0.9825 -0.1852
vn 0.0201 0.9816 -0.1897
vn 0.0224 0.9436 -0.3304
vn 0.9981 0.0466 -0.0400
vn 0.9915 0.1155 -0.0604
vn 0.8974 0.4410 -0.0144
vn 0.9819 0.1770 -0.0680
vn 0.9870 0.1582 -0.0288
vn 0.6838 0.7217 0.1076
vn 0.6943 0.7195 0.0150
vn 0.6830 0.7266 -0.0747
vn 0.6806 0.7285 -0.0773
vn 0.7440 0.6488 -0.1597
vn 0.7470 0.6438 -0.1656
vn 0.7941 0.5567 -0.2440
vn 0.2888 -0.9467 -0.1423
vn 0.0177 -0.9918 -0.1266
vn 0.0187 -0.9995 -0.0235
vn 0.0174 -0.9996 -0.0244
vn 0.0192 -0.9947 0.1013
vn 0.0167 -0.9946 0.1025
vn 0.0365 -0.9613 0.2730
vn 0.7330 -0.6699 0.1181
vn 0.7225 -0.6914 0.0068
vn 0.7014 -0.7111 0.0478
vn 0.7300 -0.6800 -0.0683
vn 0.5598 -0.8286 -0.0012
vn 0.9842 -0.1728 -0.0372
vn 0.9783 -0.2059 -0.0217
vn 0.7730 -0.6074 -0.1832
vn 0.6153 -0.2494 0.7478
vn 0.9557 -0.1936 0.2219
vn 0.8458 -0.2763 0.4564
vn 0.9472 -0.3202 0.0144
vn 0.9184 -0.3338 0.2124
vn 0.0268 -0.1523 0.9880
vn 0.2157 -0.2022 0.9553
vn 0.1069 -0.2113 0.9716
vn 0.0130 -0.2056 0.9785
vn 0.2462 -0.2913 0.9244
vn 0.4859 -0.2228 0.8451
vn 0.2111 -0.5396 0.8150
vn 0.2530 -0.5745 0.7784
vn 0.0442 -0.4603 0.8867
vn 0.0265 -0.4585 0.8883
vn 0.0084 -0.5146 0.8574
vn 0.1171 -0.5733 0.8109
vn 0.0321 -0.5809 0.8134
vn 0.6014 -0.3577 0.7144
vn 0.0128 -0.2941 0.9557
vn 0.1870 -0.3702 0.9099
vn 0.0106 -0.3458 0.9383
vn 0.0369 -0.3972 0.9170
vn 0.0282 -0.4066 0.9132
vn 0.8032 -0.3816 0.4574
vn 0.9193 -0.3316 0.2119
vn 0.8130 -0.4350 0.3870
vn 0.9541 -0.2530 0.1603
vn 0.9848 -0.1719 0.0242
vn 0.8895 -0.3623 0.2784
vn 0.8271 -0.4240 0.3691
vn 0.8168 -0.3828 0.4318
vn 0.9071 -0.3209 0.2724
vn 0.9342 -0.2228 0.2785
vn 0.9976 -0.0657 0.0241
vn 0.9989 0.0420 0.0220
vn 0.8546 -0.2860 0.4334
vn 0.8492 -0.2342 0.4733
vn 0.8527 -0.1986 0.4831
vn 0.8587 -0.1005 0.5026
vn 0.9611 0.0530 0.2711
vn 0.8543 0.1120 0.5075
vn 0.9538 0.1391 0.2662
vn 0.0565 -0.1312 0.9897
vn 0.1845 0.2335 0.9547
vn 0.3637 0.2652 0.8930
vn 0.1713 0.6439 0.7457
vn 0.3326 0.6277 0.7038
vn 0.0218 -0.1791 0.9836
vn 0.0038 0.1712 0.9852
vn 0.0035 0.5940 0.8045
vn 0.0174 0.8672 0.4977
vn 0.0390 0.8770 0.4789
vn 0.0183 0.9704 0.2406
vn 0.0293 -0.5924 0.8051
vn 0.0236 -0.5226 0.8523
vn 0.0244 -0.5182 0.8549
vn 0.0254 -0.4019 0.9153
vn 0.0253 -0.3853 0.9224
vn 0.9733 0.2061 0.1007
vn 0.9630 0.2653 0.0477
vn 0.9031 0.4150 0.1106
vn 0.8420 0.5361 0.0605
vn 0.7232 0.6480 0.2390
vn 0.1554 -0.8702 0.4675
vn 0.3443 -0.8322 0.4346
vn 0.4054 -0.7291 0.5514
vn 0.0107 -0.9585 0.2849
vn 0.0030 -0.8594 0.5113
vn 0.0158 -0.6932 0.7205
vn 0.0351 -0.5375 0.8425
vn 0.0043 -0.4964 0.8681
vn 0.1224 -0.3808 0.9165
vn 0.7696 -0.5193 0.3715
vn 0.9083 -0.3970 0.1318
vn 0.7534 -0.5150 0.4089
vn -0.8690 -0.3242 0.3739
vn 0.7625 -0.6163 0.1971
vn 0.7455 -0.6501 0.1473
vn 0.8877 -0.4605 -0.0030
vn 0.8759 -0.4396 0.1989
vn 0.9153 -0.4023 0.0213
vn 0.8688 -0.4638 0.1734
vn 0.7929 -0.4743 0.3825
vn 0.2517 -0.3197 0.9135
vn 0.2400 -0.4628 0.8533
vn -0.0117 -0.3122 0.9500
vn 0.9897 -0.1420 -0.0165
vn 0.9871 -0.1591 0.0173
vn 0.9870 -0.1599 -0.0133
vn 0.9713 -0.2361 0.0275
vn 0.9331 -0.2537 0.2547
vn -0.0001 0.4535 -0.8913
vn -0.0001 0.3728 -0.9279
vn -0.0001 0.3652 -0.9309
vn -0.0001 0.2839 -0.9589
vn -0.0001 0.2757 -0.9612
vn -0.0001 0.5481 -0.8364
vn -0.0001 0.4608 -0.8875
vn -0.0001 0.1959 -0.9806
vn -0.0001 0.1872 -0.9823
vn -0.0000 0.8596 -0.5109
vn -0.0001 0.7584 -0.6518
vn -0.0001 0.7491 -0.6624
vn -0.0001 0.6464 -0.7630
vn -0.0001 0.6372 -0.7707
vn -0.0000 0.9427 -0.3336
vn -0.0001 0.8663 -0.4995
vn -0.0001 0.5406 -0.8413
vn -0.0001 -0.6653 -0.7466
vn -0.0000 -0.8441 -0.5363
vn -0.0000 -0.8473 -0.5311
vn -0.0000 -0.9392 -0.3432
vn -0.0000 -0.9394 -0.3428
vn -0.0001 -0.3911 -0.9203
vn -0.0001 -0.6521 -0.7582
vn -0.0000 -0.9767 -0.2145
vn -0.0001 0.0933 -0.9956
vn -0.0001 -0.0078 -1.0000
vn -0.0001 -0.0219 -0.9998
vn -0.0001 -0.1635 -0.9865
vn -0.0001 -0.1831 -0.9831
vn -0.0001 0.1039 -0.9946
vn -0.0001 -0.4140 -0.9103
vn 0.0000 0.9967 0.0808
vn -0.0000 0.9990 -0.0442
vn -0.0000 0.9989 -0.0470
vn -0.0000 0.9856 -0.1693
vn -0.0000 0.9848 -0.1736
vn 0.0000 0.9678 0.2515
vn 0.0000 0.9970 0.0770
vn -0.0000 0.9457 -0.3251
vn -0.0000 -0.9923 -0.1236
vn -0.0000 -0.9995 -0.0311
vn -0.0000 -0.9922 -0.1246
vn 0.0000 -0.9959 0.0902
vn 0.0000 -0.9995 -0.0330
vn -0.0000 -0.9766 -0.2151
vn 0.0000 -0.9955 0.0952
vn 0.0000 -0.9588 0.2841
vn -0.0004 -0.1339 0.9910
vn -0.0050 -0.1531 0.9882
vn 0.0059 -0.1289 0.9916
vn -0.0025 -0.1842 0.9829
vn 0.0001 -0.1183 0.9930
vn 0.0012 -0.1212 0.9926
vn 0.0001 -0.2234 0.9747
vn 0.0001 -0.1841 0.9829
vn 0.0001 -0.5201 0.8541
vn 0.0001 -0.5576 0.8301
vn 0.0001 -0.5126 0.8586
vn 0.0001 -0.5622 0.8270
vn 0.0001 -0.5879 0.8089
vn 0.0001 -0.4612 0.8873
vn 0.0001 -0.4506 0.8927
vn 0.0001 -0.5902 0.8073
vn 0.0001 -0.6044 0.7967
vn 0.0001 -0.2751 0.9614
vn 0.0001 -0.3218 0.9468
vn 0.0001 -0.2689 0.9632
vn 0.0001 -0.3301 0.9440
vn 0.0001 -0.3830 0.9237
vn 0.0001 -0.2274 0.9738
vn 0.0001 -0.3931 0.9195
vn 0.0001 0.5486 0.8361
vn 0.0001 0.8330 0.5533
vn 0.0001 0.8508 0.5255
vn 0.0001 -0.2227 0.9749
vn 0.0001 0.0584 0.9983
vn 0.0001 0.1165 0.9932
vn 0.0001 0.4942 0.8694
vn 0.0000 0.9651 0.2619
vn 0.0001 -0.5970 0.8022
vn 0.0001 -0.5497 0.8354
vn 0.0001 -0.5450 0.8384
vn 0.0001 -0.4427 0.8967
vn 0.0001 -0.4262 0.9046
vn 0.0001 -0.6048 0.7964
vn 0.0001 -0.2555 0.9668
vn 0.0001 -0.8265 0.5629
vn 0.0001 -0.6200 0.7846
vn 0.0000 -0.8443 0.5358
vn 0.0001 -0.4599 0.8880
vn 0.0001 -0.6538 0.7566
vn 0.0000 -0.9543 0.2989
vn 0.0001 -0.4236 0.9058
vn 0.0001 -0.3285 0.9445
vn 0.0001 -0.2308 0.9730
vn 0.0001 -0.1901 0.9818
vn 0.0001 -0.2538 0.9673
vn 0.0001 -0.1710 0.9853
vn 0.0001 -0.1417 0.9899
vn 0.0001 -0.3048 0.9524
vn 0.0001 -0.1337 0.9910
vn -0.8826 0.3809 -0.2758
vn -0.1240 0.7154 0.6876
vn 0.0084 -0.5520 0.8338
vn 0.0088 -0.5520 0.8338
vn -0.0343 -0.5813 0.8130
vn -0.1000 -0.6176 0.7801
vn -0.1517 -0.6753 0.7218
vn -0.4234 0.8453 0.3259
vn 0.0014 -0.9770 -0.2133
vn 0.0055 -0.6269 -0.7791
vn 0.9902 -0.1350 -0.0347
vn -0.9626 0.2694 0.0279
vn 0.9915 -0.1248 -0.0370
vn 0.9861 -0.1621 -0.0374
vn 0.5609 -0.7109 0.4243
vn 0.0358 -0.2847 0.9579
vn -0.9668 0.2552 -0.0108
vn -0.7631 0.4082 0.5010
vn -0.7370 0.4228 0.5274
vn 0.9965 -0.0147 -0.0824
vn 0.0781 0.0765 -0.9940
vn -0.0287 0.0481 -0.9984
vn 0.0425 0.0319 -0.9986
vn 0.1916 0.0109 -0.9814
vn 0.7124 0.3979 -0.5781
vn 0.9857 0.0839 -0.1458
vn 0.2649 0.9604 -0.0860
vn 0.2458 0.9665 -0.0744
vn 0.2382 0.9697 -0.0542
vn 0.2627 0.9498 -0.1700
vn 0.0337 -0.2288 -0.9729
vn 0.0107 -0.0220 -0.9997
vn 0.7579 0.5063 -0.4115
vn 0.2313 0.4616 -0.8564
vn 0.3528 0.9172 -0.1853
vn 0.7325 0.6371 -0.2398
vn -0.6887 0.6897 -0.2236
vn 0.4322 0.1793 -0.8838
vn 0.9959 0.0208 -0.0879
vn 0.0013 -0.1308 0.9914
vn 0.0228 -0.2276 0.9735
vn 0.0110 -0.5427 0.8399
vn 0.0092 -0.5845 0.8113
vn 0.0240 -0.5723 0.8197
vn -0.0286 -0.2034 0.9787
vn 0.0109 -0.1513 0.9884
usemtl estfd3s
s off
f 1814/1/1 1813/2/1 1549/3/1
f 1814/1/2 1549/3/2 1550/4/2
f 3139/5/3 3295/6/3 3286/7/3
f 3334/8/4 2762/9/4 3333/10/4
f 3674/11/5 3734/12/5 3670/13/5
f 3675/14/6 3503/15/6 3504/16/6
f 3674/11/7 3675/14/7 3734/12/7
f 4189/17/8 4352/18/8 4367/19/8
f 4189/17/9 4638/20/9 4352/18/9
s 1
f 4/21/10 559/22/11 702/23/12
f 5/24/13 702/23/12 6/25/14
f 559/22/11 7/26/15 702/23/12
f 7/26/15 9/27/16 8/28/17
f 10/29/18 11/30/19 7/26/15
f 12/31/20 11/30/21 10/29/22
f 14/32/23 12/31/20 436/33/24
f 441/34/25 915/35/26 913/36/27
f 913/36/27 915/35/26 12/31/20
f 11/30/19 12/31/28 9/27/16
f 59/37/29 909/38/30 915/35/31
f 909/38/30 9/27/16 12/31/28
f 9/27/16 909/38/30 837/39/32
f 909/38/30 59/37/29 16/40/33
f 17/41/34 560/42/35 561/43/36
f 560/42/35 4/21/10 5/24/13
f 20/44/37 17/41/34 637/45/38
f 17/41/34 561/43/36 18/46/39
f 21/47/40 10/29/18 560/42/35
f 778/48/41 436/33/24 28/49/42
f 436/33/24 10/29/22 21/47/43
f 24/50/44 704/51/45 779/52/46
f 704/51/45 19/53/47 20/44/37
f 26/54/48 705/55/49 932/56/50
f 26/54/48 932/56/50 563/57/51
f 932/56/50 564/58/52 24/50/44
f 705/55/49 31/59/53 564/58/52
f 24/50/44 27/60/54 838/61/55
f 704/51/45 838/61/55 28/49/56
f 28/49/56 21/47/40 562/62/57
f 19/53/47 562/62/57 17/41/34
f 23/63/58 28/49/42 27/60/59
f 29/64/60 27/60/59 839/65/61
f 839/65/61 510/66/62 30/67/63
f 839/65/64 31/59/53 510/66/65
f 565/68/66 705/55/49 638/69/67
f 705/55/49 26/54/48 33/70/68
f 564/58/52 839/65/64 27/60/54
f 35/71/69 38/72/70 933/73/71
f 36/74/72 706/75/73 933/73/71
f 933/73/71 840/76/74 37/77/75
f 36/74/72 934/78/76 440/79/77
f 934/78/76 439/80/78 39/81/79
f 37/77/75 40/82/80 439/80/78
f 40/82/80 37/77/75 840/76/74
f 511/83/81 840/76/74 41/84/82
f 39/81/79 44/85/83 641/86/84
f 641/86/84 707/87/85 43/88/86
f 45/89/87 708/90/88 781/91/89
f 781/91/89 707/87/85 44/85/83
f 708/90/88 43/88/86 707/87/85
f 42/92/90 43/88/86 48/93/91
f 36/74/72 440/79/77 642/94/92
f 642/94/92 440/79/77 42/92/90
f 50/95/93 52/96/94 782/97/95
f 47/98/96 48/93/97 52/96/94
f 42/92/90 567/99/98 49/100/99
f 47/98/100 50/95/101 567/99/98
f 55/101/102 56/102/103 53/103/104
f 567/99/98 53/103/105 56/102/106
f 58/104/107 57/105/108 568/106/109
f 513/107/110 568/106/109 56/102/103
f 783/108/111 36/74/72 642/94/92
f 57/105/112 783/108/111 49/100/99
f 16/40/33 841/109/113 907/110/114
f 841/109/113 45/89/87 46/111/115
f 45/89/87 841/109/113 441/34/116
f 841/109/113 59/37/29 61/112/117
f 48/93/97 60/113/118 52/96/94
f 52/96/94 441/34/25 515/114/119
f 43/88/86 708/90/88 60/113/120
f 708/90/88 45/89/87 60/113/120
f 65/115/121 571/116/122 712/117/123
f 571/116/122 64/118/124 67/119/125
f 903/120/126 572/121/127 41/84/82
f 572/121/127 65/115/121 66/122/128
f 35/71/69 713/123/129 903/120/126
f 903/120/126 68/124/130 65/115/121
f 69/125/131 904/126/132 713/123/133
f 904/126/132 70/127/134 68/124/135
f 70/127/136 904/126/137 518/128/138
f 904/126/137 69/125/139 72/129/140
f 72/129/140 69/125/139 645/130/141
f 714/131/142 645/130/141 57/105/108
f 706/75/73 36/74/72 783/108/111
f 35/71/69 706/75/73 645/130/143
f 783/108/111 57/105/112 645/130/143
f 73/132/144 519/133/145 573/134/146
f 519/133/145 74/135/147 78/136/148
f 75/137/149 715/138/150 519/133/151
f 715/138/150 76/139/152 74/135/153
f 74/135/147 646/140/154 445/141/155
f 646/140/154 77/142/156 89/143/157
f 68/124/130 845/144/158 571/116/122
f 845/144/158 73/145/144 64/118/124
f 64/146/124 573/134/146 788/147/159
f 80/148/160 79/149/161 789/150/162
f 789/150/162 715/138/163 647/151/164
f 715/138/163 75/137/165 82/152/166
f 76/139/152 789/150/167 646/140/168
f 789/150/167 79/149/169 77/142/170
f 79/149/161 80/148/160 83/153/171
f 75/154/165 444/155/172 520/156/173
f 444/155/172 70/127/136 71/157/174
f 444/155/175 75/154/149 73/145/176
f 70/127/134 444/155/175 845/144/177
f 79/149/169 84/158/178 85/159/179
f 83/153/180 85/159/181 84/158/182
f 86/160/183 87/161/184 85/159/181
f 445/141/155 89/143/157 90/162/185
f 77/142/186 85/159/187 87/161/188
f 18/46/39 5/24/13 649/163/189
f 91/164/190 649/163/189 790/165/191
f 637/45/38 18/46/39 91/164/190
f 20/44/37 637/45/38 772/166/192
f 650/167/193 25/168/194 779/52/46
f 94/169/195 650/167/193 906/170/196
f 779/52/46 20/44/37 93/171/197
f 95/172/198 716/173/199 446/174/200
f 446/174/200 26/54/48 25/168/194
f 33/70/68 716/173/199 717/175/201
f 716/173/199 95/172/198 96/176/202
f 703/177/203 8/28/17 98/178/204
f 6/25/14 703/177/203 935/179/205
f 837/39/32 16/40/33 523/180/206
f 8/28/17 837/39/32 719/181/207
f 523/180/206 99/182/208 719/181/207
f 5/24/13 6/25/14 718/183/209
f 649/163/189 718/183/209 846/184/210
f 100/185/211 907/110/114 791/186/212
f 791/186/212 781/91/89 44/85/83
f 791/186/212 907/110/114 46/111/115
f 16/40/33 907/110/114 936/187/213
f 936/187/213 914/188/214 99/182/208
f 907/110/114 100/185/211 914/188/214
f 44/85/83 39/81/79 448/189/215
f 44/85/83 448/189/215 791/186/212
f 448/189/215 101/190/216 100/185/211
f 102/191/217 40/82/80 511/83/81
f 847/192/218 511/83/81 41/84/82
f 448/189/215 39/81/79 439/80/78
f 101/190/216 448/189/215 792/193/219
f 792/193/219 439/80/78 40/82/80
f 67/194/125 788/147/159 449/195/220
f 788/147/159 467/196/221 105/197/222
f 788/147/159 78/136/148 467/196/221
f 66/122/128 712/117/123 450/198/223
f 712/117/123 67/119/125 104/199/224
f 103/200/225 41/84/82 572/121/127
f 887/201/226 66/122/128 106/202/227
f 768/203/228 107/204/229 769/205/230
f 99/182/208 768/203/228 937/206/231
f 719/181/207 937/206/231 108/207/232
f 937/206/231 769/205/230 108/207/232
f 109/208/233 627/209/234 849/210/235
f 849/210/235 97/211/236 98/178/204
f 78/136/148 445/141/155 938/212/237
f 467/196/221 938/212/237 498/213/238
f 938/212/237 452/214/239 110/215/240
f 445/141/155 90/162/185 452/214/239
f 90/162/185 87/161/188 111/216/241
f 88/217/242 111/216/243 87/161/184
f 91/164/190 790/165/191 628/218/244
f 93/171/197 772/166/192 629/219/245
f 772/166/192 91/164/190 113/220/246
f 113/220/246 628/218/244 939/221/247
f 630/222/248 939/221/247 850/223/249
f 114/224/250 117/225/251 850/223/249
f 890/226/252 118/227/253 454/228/254
f 117/225/251 890/226/252 940/229/255
f 940/229/255 851/230/256 116/231/257
f 940/229/255 454/228/254 119/232/258
f 120/233/259 577/234/260 941/235/261
f 500/236/262 941/235/261 851/230/256
f 851/230/256 941/235/261 852/237/263
f 577/234/260 121/238/264 852/237/263
f 501/239/265 119/232/258 454/228/254
f 122/240/266 501/239/265 942/241/267
f 123/242/268 942/241/267 455/243/269
f 942/241/267 454/228/254 118/227/253
f 629/219/245 113/220/246 630/222/248
f 115/244/270 629/219/245 943/245/271
f 770/246/272 943/245/271 852/237/263
f 943/245/271 630/222/248 116/231/257
f 115/244/270 770/246/272 944/247/273
f 771/248/274 944/247/273 853/249/275
f 944/247/273 631/250/276 125/251/277
f 770/246/272 121/238/264 631/250/276
f 124/252/278 94/169/195 906/170/196
f 906/170/196 93/171/197 115/244/270
f 126/253/279 95/172/198 854/254/280
f 854/254/280 446/174/200 94/169/195
f 578/255/281 120/233/259 500/236/262
f 127/256/282 578/255/281 501/239/265
f 501/239/265 500/236/262 119/232/258
f 580/257/283 128/258/284 579/259/285
f 129/260/286 580/257/283 578/255/281
f 578/255/281 579/259/285 120/233/259
f 125/251/277 631/250/276 945/261/287
f 891/262/288 945/261/287 579/259/285
f 945/261/287 577/234/260 120/233/259
f 631/250/276 121/238/264 577/234/260
f 581/263/289 130/264/290 723/265/291
f 128/258/284 581/263/289 946/266/292
f 891/262/288 946/266/292 892/267/293
f 723/265/291 131/268/294 892/267/293
f 132/269/295 724/270/296 580/257/283
f 580/257/283 581/263/289 128/258/284
f 724/270/296 130/264/290 581/263/289
f 133/271/297 893/272/298 723/265/291
f 893/272/298 134/273/299 131/268/294
f 126/253/279 131/268/294 134/273/299
f 131/268/294 126/253/279 947/274/300
f 892/267/293 947/274/300 853/249/275
f 947/274/300 854/254/280 124/252/278
f 95/172/198 126/253/279 135/275/301
f 583/276/302 136/277/303 107/204/229
f 100/185/211 583/276/302 948/278/304
f 914/188/214 948/278/304 768/203/228
f 114/224/250 92/279/305 627/209/234
f 627/209/234 846/184/210 97/211/236
f 109/208/233 877/280/306 117/225/251
f 109/208/233 137/281/307 877/280/306
f 894/282/308 138/283/309 456/284/310
f 137/281/307 894/282/308 949/285/311
f 877/280/306 949/285/311 890/226/252
f 949/285/311 456/284/310 118/227/253
f 118/227/253 456/284/310 950/286/312
f 455/243/269 950/286/312 774/287/313
f 950/286/312 457/288/314 139/289/315
f 456/284/310 138/283/309 457/288/314
f 583/276/302 100/185/211 101/190/216
f 140/290/316 583/276/302 775/291/317
f 856/292/318 142/293/319 141/294/320
f 102/191/217 856/292/318 951/295/321
f 792/193/219 951/295/321 775/291/317
f 143/296/322 895/297/323 952/298/324
f 144/299/325 584/300/326 952/298/324
f 588/301/327 952/298/324 887/201/226
f 895/297/323 103/200/225 887/201/226
f 895/297/323 143/296/322 726/302/328
f 103/200/225 895/297/323 953/303/329
f 847/192/218 953/303/329 856/292/318
f 953/303/329 726/302/328 142/293/319
f 769/205/230 912/304/330 857/305/331
f 912/304/330 158/306/332 145/307/333
f 146/308/334 896/309/335 916/310/336
f 916/310/336 145/307/333 158/306/332
f 849/210/235 857/305/331 109/208/233
f 857/305/331 145/307/333 137/281/307
f 146/308/337 505/311/338 954/312/339
f 506/313/340 954/312/339 635/314/341
f 954/312/339 587/315/342 149/316/343
f 505/311/338 147/317/344 587/315/342
f 138/283/309 459/318/345 955/319/346
f 457/288/314 955/319/346 549/320/347
f 955/319/346 506/313/340 148/321/348
f 459/318/345 146/308/337 506/313/340
f 138/283/309 894/282/308 896/309/335
f 896/309/335 137/281/307 145/307/333
f 105/197/222 498/213/238 956/322/349
f 528/323/350 956/322/349 795/324/351
f 956/322/349 462/325/352 151/326/353
f 498/213/238 110/215/240 462/325/352
f 104/327/224 449/195/220 957/328/354
f 463/329/355 957/328/354 796/330/356
f 957/328/354 528/323/350 150/331/357
f 449/195/220 105/197/222 528/323/350
f 462/325/358 529/332/359 153/333/360
f 110/215/361 111/216/241 529/332/359
f 154/334/362 153/333/363 529/332/364
f 552/335/365 529/332/364 111/216/243
f 620/336/366 144/299/325 588/301/327
f 152/337/367 620/336/366 958/338/368
f 463/339/355 958/338/368 450/198/223
f 958/338/368 588/301/327 106/202/227
f 155/340/369 556/341/370 525/342/371
f 525/342/371 140/290/316 141/294/320
f 832/343/372 556/341/370 155/340/369
f 556/341/370 136/277/303 140/290/316
f 832/343/372 157/344/373 158/306/332
f 107/204/229 832/343/372 912/304/330
f 147/317/344 911/345/374 959/346/375
f 587/315/342 959/346/375 910/347/376
f 959/346/375 883/348/377 159/349/378
f 911/345/374 160/350/379 883/348/377
f 158/306/332 619/351/380 916/310/336
f 619/351/380 911/345/381 147/317/382
f 619/351/380 160/350/383 911/345/381
f 678/352/384 161/353/385 610/354/386
f 142/293/319 678/352/384 960/355/387
f 141/294/320 960/355/387 618/356/388
f 960/355/387 610/354/386 156/357/389
f 161/353/385 740/358/390 961/359/391
f 610/354/386 961/359/391 611/360/392
f 961/359/391 822/361/393 162/362/394
f 740/358/390 163/363/395 822/361/393
f 471/364/396 164/365/397 612/366/398
f 165/367/399 471/364/396 962/368/400
f 675/369/401 962/368/400 584/300/326
f 962/368/400 612/366/398 143/296/322
f 161/353/385 678/352/384 963/370/402
f 164/365/397 741/371/403 963/370/402
f 612/366/398 963/370/402 726/302/328
f 678/352/384 142/293/319 726/302/328
f 166/372/404 743/373/405 964/374/406
f 742/375/407 964/374/406 824/376/408
f 964/374/406 879/377/409 168/378/410
f 743/373/405 169/379/411 879/377/409
f 160/350/379 472/380/412 965/381/413
f 883/348/377 965/381/413 878/382/414
f 965/381/413 742/375/407 167/383/415
f 472/380/412 166/372/404 742/375/407
f 166/372/416 823/384/417 966/385/418
f 743/373/419 966/385/418 880/386/420
f 966/385/421 822/361/393 163/363/395
f 823/384/417 162/362/394 822/361/393
f 619/351/380 157/344/373 162/362/394
f 160/350/383 619/351/380 967/387/422
f 472/380/423 967/387/422 823/384/417
f 156/357/389 611/360/392 968/388/424
f 525/342/371 968/388/424 155/340/369
f 968/388/424 162/362/394 157/344/373
f 613/389/425 170/390/426 882/391/427
f 171/392/428 613/389/425 969/393/429
f 744/394/430 969/393/429 796/330/356
f 969/393/429 882/391/427 152/395/367
f 172/396/431 676/397/432 970/398/433
f 825/399/434 970/398/433 795/324/351
f 970/398/433 744/394/430 150/331/357
f 676/397/432 171/392/428 744/394/430
f 144/299/325 620/336/366 971/400/435
f 675/369/401 971/400/435 531/401/436
f 971/400/435 882/402/427 170/403/426
f 620/336/366 152/337/367 882/402/427
f 174/404/437 173/405/438 474/406/439
f 532/407/440 474/406/439 153/333/363
f 173/405/441 172/396/431 825/399/434
f 474/406/442 825/399/434 151/326/443
f 175/408/444 545/409/445 972/410/446
f 544/411/447 972/410/446 471/364/396
f 972/410/446 479/412/448 164/365/397
f 545/409/445 176/413/449 479/412/448
f 762/414/450 161/353/385 741/371/403
f 762/414/450 973/415/451 590/416/452
f 973/415/451 479/412/448 176/413/449
f 741/371/403 164/365/397 479/412/448
f 879/377/409 169/379/411 480/417/453
f 168/378/410 879/377/409 974/418/454
f 873/419/455 974/418/454 683/420/456
f 974/418/454 480/417/453 179/421/457
f 169/379/458 880/386/420 975/422/459
f 480/417/453 975/422/459 763/423/460
f 763/423/461 975/422/462 874/424/463
f 880/386/464 163/363/395 874/424/463
f 740/358/390 161/353/385 762/414/450
f 163/363/395 740/358/390 976/425/465
f 874/424/463 976/425/465 665/426/466
f 976/425/465 762/414/450 177/427/467
f 165/367/399 531/401/436 977/428/468
f 544/411/447 977/428/468 547/429/469
f 977/428/468 591/430/470 181/431/471
f 531/401/436 170/403/426 591/430/470
f 858/432/472 181/433/471 591/434/470
f 182/435/473 858/432/472 978/436/474
f 182/435/473 978/436/474 613/389/425
f 978/436/474 591/434/470 170/390/426
f 686/437/475 183/438/476 808/439/477
f 686/437/475 979/440/478 676/397/432
f 979/440/478 182/435/473 171/392/428
f 979/440/478 808/439/477 182/435/473
f 859/441/479 183/438/476 686/437/475
f 184/442/480 859/441/479 686/437/475
f 747/443/481 686/437/475 172/396/431
f 185/444/482 184/442/483 747/443/484
f 809/445/485 747/443/484 173/405/438
f 683/420/456 179/421/457 749/446/486
f 178/447/487 683/420/456 749/446/486
f 687/448/488 749/446/486 187/449/489
f 810/450/490 188/451/491 535/452/492
f 180/453/493 810/450/490 980/454/494
f 763/423/460 980/454/495 749/446/486
f 980/454/495 535/452/496 187/449/489
f 653/455/497 189/456/498 595/457/499
f 653/455/497 981/458/500 665/426/466
f 665/426/466 981/458/500 810/450/490
f 981/458/500 595/457/499 188/451/491
f 654/459/501 189/456/498 653/455/497
f 190/460/502 654/459/501 982/461/503
f 596/462/504 982/461/503 590/416/452
f 982/461/503 653/455/497 177/427/467
f 191/463/505 688/464/506 983/465/507
f 191/463/505 983/465/507 545/409/445
f 983/465/507 596/462/504 176/413/449
f 688/464/506 190/460/502 596/462/504
f 192/466/508 655/467/509 547/429/469
f 547/429/469 191/463/505 175/408/444
f 181/433/471 858/432/472 692/468/510
f 692/468/510 858/432/472 814/469/511
f 186/470/512 187/449/489 536/471/513
f 492/472/514 536/471/513 698/473/515
f 536/471/513 195/474/516 698/473/515
f 195/474/516 536/471/513 984/475/517
f 756/476/518 984/475/519 604/477/520
f 984/475/519 535/452/492 188/451/491
f 536/471/513 187/449/489 535/452/496
f 189/456/498 660/478/521 985/479/522
f 595/457/499 985/479/522 604/477/520
f 985/479/522 818/480/523 196/481/524
f 660/478/521 197/482/525 818/480/523
f 808/439/477 866/483/526 814/469/511
f 866/483/526 198/484/527 193/485/528
f 866/483/526 183/438/476 930/486/529
f 198/484/527 866/483/526 699/487/530
f 699/487/530 930/486/529 204/488/531
f 183/438/476 859/441/479 930/486/529
f 930/486/532 919/489/533 203/490/534
f 859/441/479 184/442/480 919/489/533
f 203/490/535 919/489/536 920/491/537
f 919/489/536 184/442/483 185/444/482
f 201/492/538 200/493/539 537/494/540
f 537/494/540 203/490/535 202/495/541
f 757/496/542 537/494/543 200/493/544
f 204/488/545 203/490/534 537/494/543
f 189/456/498 654/459/501 539/497/546
f 654/459/501 190/460/502 207/498/547
f 688/464/506 191/463/505 208/499/548
f 190/460/502 688/464/506 607/500/549
f 197/482/525 660/478/521 542/501/550
f 660/478/521 189/456/498 206/502/551
f 193/485/528 609/503/552 986/504/553
f 192/505/508 692/468/510 986/504/553
f 192/505/508 986/504/553 759/506/554
f 609/503/552 211/507/555 759/506/554
f 210/508/556 661/509/557 655/467/509
f 655/467/509 208/499/548 191/463/505
f 198/484/527 701/510/558 987/511/559
f 198/484/527 987/511/559 609/503/552
f 987/511/559 820/512/560 211/507/555
f 701/510/558 212/513/561 820/512/560
f 834/514/562 213/515/563 835/516/564
f 214/517/565 834/514/562 988/518/566
f 905/519/567 988/518/566 461/520/568
f 988/518/566 835/516/564 216/521/569
f 835/516/564 213/515/563 925/522/570
f 216/521/571 835/516/564 989/523/572
f 508/524/573 989/523/572 218/525/574
f 989/523/572 925/522/570 218/525/574
f 836/526/575 196/481/524 818/480/523
f 218/525/574 836/526/575 818/480/523
f 219/527/576 818/480/523 780/528/577
f 196/481/524 836/526/575 990/529/578
f 756/476/518 990/529/578 926/530/579
f 990/529/578 925/522/570 213/515/563
f 836/526/575 218/525/574 925/522/570
f 780/528/577 197/482/525 209/531/580
f 698/473/515 195/474/516 926/530/579
f 194/532/581 698/473/515 991/533/582
f 924/534/583 991/533/582 834/514/562
f 991/533/582 926/530/579 213/515/563
f 205/535/584 221/536/585 757/496/586
f 757/496/586 918/537/587 199/538/588
f 221/536/585 205/535/584 222/539/589
f 223/540/590 509/541/591 576/542/592
f 576/542/592 509/541/591 200/493/539
f 205/535/584 538/543/593 992/544/594
f 205/535/584 992/544/594 624/545/595
f 992/544/596 509/541/597 223/540/598
f 538/543/599 200/493/544 509/541/597
f 217/546/600 218/525/574 922/547/601
f 640/548/602 922/547/601 927/549/603
f 922/547/601 219/527/576 220/550/604
f 526/551/605 227/552/606 206/502/551
f 228/553/607 526/551/605 539/497/546
f 212/513/561 701/510/558 993/554/608
f 900/555/609 993/554/608 199/538/588
f 993/554/608 699/487/530 199/538/588
f 701/510/558 198/484/527 699/487/530
f 229/556/610 199/538/588 918/537/587
f 230/557/611 918/537/587 514/558/612
f 232/559/613 709/560/614 994/561/615
f 222/539/589 994/561/615 514/558/612
f 709/560/614 233/562/616 231/563/617
f 662/564/618 232/559/613 222/539/589
f 234/565/619 662/564/620 624/545/621
f 234/565/622 710/566/623 785/567/624
f 710/566/623 223/540/590 224/568/625
f 236/569/626 661/509/557 442/570/627
f 661/509/557 210/508/556 237/571/628
f 207/498/547 607/500/549 569/572/629
f 607/500/549 208/499/548 236/569/626
f 232/559/613 662/564/618 643/573/630
f 643/573/631 843/574/632 240/575/633
f 662/564/620 234/565/619 843/574/632
f 240/575/634 843/574/635 901/576/636
f 843/574/635 234/565/622 235/577/637
f 242/578/638 844/579/639 902/580/640
f 902/580/640 844/579/639 245/581/641
f 244/582/642 245/581/641 516/583/643
f 443/584/644 516/583/643 247/585/645
f 248/586/646 517/587/647 844/579/648
f 517/587/647 227/552/606 245/581/649
f 517/587/647 248/586/650 209/531/580
f 227/552/606 517/587/647 542/501/550
f 246/588/651 247/585/645 644/589/652
f 644/589/652 250/590/653 249/591/654
f 644/589/655 247/585/656 228/553/607
f 250/590/657 644/589/655 569/572/629
f 227/552/606 526/551/605 516/583/658
f 526/551/605 228/553/607 247/585/656
f 220/550/604 780/528/577 711/592/659
f 711/592/659 209/531/580 248/586/650
f 929/593/660 260/594/661 251/595/662
f 242/578/663 929/593/660 711/592/664
f 260/594/665 929/593/666 931/596/667
f 929/593/666 242/578/638 243/597/668
f 766/598/669 252/599/670 237/600/628
f 766/598/669 521/601/671 254/602/672
f 210/603/556 759/506/554 521/601/671
f 759/506/554 821/604/673 254/602/672
f 759/506/554 211/507/555 821/604/673
f 575/605/674 250/590/657 236/569/626
f 252/606/670 575/605/674 442/570/627
f 252/607/675 766/598/676 468/608/677
f 766/598/676 253/609/678 256/610/679
f 250/590/653 575/605/680 522/611/681
f 575/605/680 252/606/675 255/612/682
f 257/613/683 447/614/684 524/615/685
f 447/614/684 260/594/665 259/616/686
f 447/614/687 257/613/688 238/617/689
f 260/594/661 447/614/687 928/618/690
f 928/618/691 238/617/692 786/619/693
f 251/595/694 928/618/691 927/549/603
f 928/618/691 786/619/693 226/620/695
f 233/562/616 709/560/614 721/621/696
f 767/622/697 721/621/696 261/623/698
f 709/560/614 232/559/613 721/621/696
f 721/621/696 643/573/630 239/624/699
f 254/602/672 821/604/673 995/625/700
f 888/626/701 995/625/700 889/627/702
f 995/625/700 820/512/560 212/513/561
f 821/604/673 211/507/555 820/512/560
f 229/556/610 917/628/703 996/629/704
f 900/555/609 996/629/704 889/627/702
f 996/629/704 923/630/705 262/631/706
f 917/628/703 264/632/707 923/630/705
f 495/633/708 263/634/709 829/635/710
f 230/557/611 495/633/708 917/628/703
f 495/633/708 829/635/710 264/632/707
f 848/636/711 263/634/709 495/633/708
f 265/637/712 848/636/711 495/633/708
f 495/633/708 230/557/611 231/563/617
f 267/638/713 266/639/714 496/640/715
f 550/641/716 496/640/715 269/642/717
f 263/634/709 848/636/711 496/640/715
f 848/636/711 265/637/712 269/642/718
f 458/643/719 231/563/617 233/562/616
f 269/642/718 265/637/712 458/643/719
f 727/644/720 458/643/719 270/645/721
f 268/646/722 269/642/717 727/644/723
f 633/647/724 727/644/723 271/648/725
f 261/623/698 239/624/699 634/649/726
f 586/650/727 634/649/726 273/651/728
f 634/649/729 728/652/730 275/653/731
f 239/624/732 240/575/633 728/652/730
f 277/654/733 275/653/734 728/652/735
f 728/652/735 240/575/634 241/655/736
f 253/609/737 254/602/672 888/626/701
f 278/656/738 888/626/701 262/631/706
f 278/656/738 262/631/706 923/630/705
f 921/657/739 923/630/705 264/632/707
f 256/610/679 253/609/678 278/656/740
f 507/658/741 278/656/740 730/659/742
f 730/659/742 278/656/740 921/657/743
f 730/659/742 282/660/744 280/661/745
f 730/659/742 921/657/743 281/662/746
f 829/635/710 263/634/709 282/660/747
f 263/634/709 266/639/714 284/663/748
f 266/639/714 267/638/713 285/664/749
f 285/664/750 282/660/744 284/663/751
f 286/665/752 886/666/753 464/667/754
f 886/666/753 289/668/755 288/669/756
f 288/669/756 289/668/755 465/670/757
f 553/671/758 465/670/757 275/653/734
f 286/665/759 291/672/760 621/673/761
f 886/666/762 621/673/761 290/674/763
f 273/651/728 274/675/764 884/676/765
f 530/677/766 884/676/765 290/674/767
f 274/675/768 275/653/731 465/670/769
f 884/676/770 465/670/769 289/668/771
f 270/645/721 233/562/616 767/622/697
f 622/678/772 767/622/697 292/679/773
f 271/648/774 270/645/721 622/678/772
f 732/680/775 622/678/772 802/681/776
f 272/682/777 271/648/725 732/680/778
f 797/683/779 732/680/778 293/684/780
f 276/685/781 295/686/782 831/687/783
f 586/650/727 831/687/783 292/679/773
f 291/672/784 297/688/785 621/673/786
f 621/673/786 881/689/787 296/690/788
f 295/686/782 276/685/781 555/691/789
f 555/691/789 530/677/766 296/690/788
f 290/674/767 296/690/788 530/677/766
f 300/692/790 299/693/791 466/694/792
f 833/695/793 466/694/792 297/688/785
f 297/688/785 291/672/784 731/696/794
f 833/695/793 731/696/794 301/697/795
f 300/692/790 301/697/795 736/698/796
f 673/699/797 736/698/796 302/700/798
f 303/701/799 302/700/800 736/698/801
f 304/702/802 736/698/801 301/697/803
f 305/703/804 304/702/805 871/704/806
f 871/704/806 286/665/752 287/705/807
f 306/706/808 303/701/809 304/702/805
f 304/702/802 301/697/803 731/696/810
f 871/704/811 731/696/810 291/672/760
f 295/686/782 557/707/812 997/708/813
f 831/687/783 997/708/813 802/681/776
f 997/708/814 875/709/815 293/684/816
f 557/707/817 307/710/818 875/709/815
f 294/711/819 293/684/780 875/709/820
f 469/712/821 875/709/820 307/710/822
f 310/713/823 302/700/798 868/714/824
f 309/715/825 868/714/824 311/716/826
f 313/717/827 312/718/828 303/701/809
f 312/718/829 311/716/830 868/714/831
f 303/701/799 868/714/831 302/700/800
f 297/688/785 314/719/832 533/720/833
f 881/689/787 533/720/833 298/721/834
f 466/694/792 745/722/835 314/719/832
f 466/694/792 299/693/791 315/723/836
f 319/724/837 614/725/838 826/726/839
f 614/725/838 321/727/840 320/728/841
f 534/729/842 682/730/843 309/715/825
f 309/715/825 311/716/826 534/729/842
f 317/731/844 316/732/845 534/729/846
f 312/718/829 534/729/846 311/716/830
f 310/713/823 477/733/847 827/734/848
f 673/699/797 827/734/848 299/693/791
f 827/734/848 477/733/847 322/735/849
f 320/728/841 669/736/850 826/726/839
f 309/715/825 826/726/839 477/733/847
f 669/736/850 322/735/849 477/733/847
f 570/737/851 295/686/782 555/691/789
f 323/738/852 570/737/851 616/739/853
f 616/739/853 555/691/789 298/721/834
f 557/707/812 295/686/782 570/737/851
f 307/710/818 557/707/817 998/740/854
f 617/741/855 998/740/854 558/742/856
f 570/737/851 323/738/852 558/742/857
f 308/743/858 307/710/822 617/741/859
f 670/744/860 617/741/859 325/745/861
f 314/719/832 327/746/862 672/747/863
f 533/720/833 672/747/863 324/748/864
f 328/749/865 737/750/866 745/722/835
f 745/722/835 737/750/866 327/746/862
f 329/751/867 800/752/868 827/734/848
f 800/752/868 328/749/865 315/723/836
f 669/736/850 329/751/867 322/735/849
f 327/746/862 794/753/869 999/754/870
f 672/747/863 999/754/870 671/755/871
f 999/754/870 776/756/872 331/757/873
f 999/754/870 794/753/869 332/758/874
f 324/748/864 671/755/871 1000/759/875
f 616/739/853 1000/759/875 323/738/852
f 1000/759/875 760/760/876 333/761/877
f 671/755/871 331/757/873 760/760/876
f 326/762/878 325/745/861 734/763/879
f 761/764/880 734/763/879 335/765/881
f 325/745/882 558/742/856 1001/766/883
f 734/763/884 1001/766/883 872/767/885
f 323/738/852 333/761/877 872/767/886
f 336/768/887 801/769/888 1002/770/889
f 799/771/890 1002/770/889 737/750/866
f 1002/770/889 794/753/869 327/746/862
f 801/769/888 332/758/874 794/753/869
f 337/772/891 478/773/892 1003/774/893
f 543/775/894 1003/774/893 800/752/868
f 1003/774/893 799/771/890 328/749/865
f 478/773/892 336/768/887 799/771/890
f 589/776/895 1004/777/896 330/778/897
f 1004/777/896 543/775/894 329/751/867
f 338/779/898 337/772/891 543/775/894
f 339/780/899 338/779/898 589/776/895
f 1/781/900 663/782/901 320/728/841
f 340/783/902 330/778/897 663/782/901
f 332/758/874 801/769/888 1005/784/903
f 804/785/904 1005/784/903 600/786/905
f 1005/784/903 483/787/906 342/788/907
f 801/769/888 336/768/887 483/787/906
f 776/756/872 332/758/874 804/785/904
f 331/757/873 776/756/872 1006/789/908
f 764/790/909 1006/789/908 592/791/910
f 1006/789/908 804/785/904 341/792/911
f 334/793/912 335/765/881 548/794/913
f 548/794/913 345/795/914 344/796/915
f 335/765/916 872/767/885 1007/797/917
f 345/795/918 548/794/919 1007/797/917
f 1007/797/920 333/761/877 346/798/921
f 1007/797/920 872/767/886 333/761/877
f 333/761/877 1008/799/922 684/800/923
f 1008/799/922 764/790/909 343/801/924
f 760/760/876 331/757/873 764/790/909
f 478/773/892 337/772/891 485/802/925
f 336/768/887 478/773/892 1009/803/926
f 483/787/906 1009/803/926 666/804/927
f 1009/803/926 485/802/925 347/805/928
f 348/806/929 546/807/930 1010/808/931
f 599/809/932 1010/808/931 338/779/898
f 1010/808/931 485/802/925 337/772/891
f 546/807/930 347/805/928 485/802/925
f 349/810/933 352/811/934 746/812/935
f 349/810/933 746/812/935 685/813/936
f 352/811/934 349/810/933 667/814/937
f 805/815/938 667/814/937 354/816/939
f 685/813/940 351/817/941 758/818/942
f 350/819/943 685/813/940 758/818/942
f 350/819/943 758/818/942 356/820/944
f 349/810/945 350/819/946 355/821/947
f 357/822/948 729/823/949 765/824/950
f 729/823/949 358/825/951 356/820/944
f 735/826/952 359/827/953 355/821/954
f 358/825/951 735/826/952 356/820/944
f 362/828/955 885/829/956 668/830/957
f 885/829/956 360/831/958 355/821/947
f 668/830/957 355/821/947 359/827/959
f 360/831/958 354/816/960 667/814/961
f 360/831/958 667/814/961 349/810/945
f 364/832/962 679/833/963 807/834/964
f 679/833/963 363/835/965 366/836/966
f 363/835/965 679/833/963 748/837/967
f 680/838/968 748/837/969 368/839/970
f 679/833/963 364/832/962 748/837/967
f 363/835/965 680/838/971 1011/840/972
f 363/835/965 1011/840/972 861/841/973
f 1011/840/972 680/838/971 367/842/974
f 370/843/975 353/844/976 860/845/977
f 651/846/978 860/845/977 368/839/970
f 372/847/979 352/811/934 652/848/980
f 652/848/980 805/815/938 353/844/976
f 373/849/981 876/850/982 1012/851/983
f 481/852/984 1012/851/983 597/853/985
f 1012/851/983 861/841/973 369/854/986
f 876/850/982 366/836/966 861/841/973
f 345/795/914 828/855/987 739/856/988
f 828/855/987 376/857/989 375/858/990
f 828/855/991 345/795/918 346/798/992
f 376/857/993 828/855/991 898/859/994
f 378/860/995 787/861/996 1013/862/997
f 656/863/998 1013/862/997 600/786/905
f 1013/862/997 598/864/999 341/792/911
f 787/861/996 379/865/1000 598/864/999
f 592/791/910 341/792/911 598/864/999
f 343/801/924 592/791/910 1014/866/1001
f 689/867/1002 1014/866/1001 803/868/1003
f 1014/866/1001 598/864/999 379/865/1000
f 346/798/921 684/800/923 1015/869/1004
f 898/859/1005 1015/869/1004 681/870/1006
f 1015/869/1004 689/867/1002 380/871/1007
f 684/800/923 343/801/924 689/867/1002
f 381/872/1008 690/873/1009 793/874/1010
f 690/873/1009 357/822/948 765/824/950
f 793/874/1010 351/817/1011 746/812/935
f 382/875/1012 793/874/1010 746/812/935
f 798/876/1013 746/812/935 352/811/934
f 908/877/1014 486/878/1015 354/816/960
f 369/854/986 367/842/974 486/878/1015
f 353/844/976 354/816/939 486/878/1016
f 860/845/977 486/878/1016 367/842/1017
f 597/853/985 369/854/986 908/877/1014
f 374/879/1018 597/853/985 908/877/1014
f 460/880/1019 908/877/1014 885/829/956
f 338/779/898 339/780/899 599/809/932
f 383/881/1020 364/832/962 811/882/1021
f 371/883/1022 368/839/970 748/837/969
f 371/883/1023 748/837/967 364/832/962
f 376/857/989 657/884/1024 566/885/1025
f 657/884/1024 386/886/1026 385/887/1027
f 623/888/1028 1016/889/1029 657/884/1024
f 1016/889/1029 387/890/1030 386/886/1026
f 863/891/1031 388/892/1032 691/893/1033
f 681/870/1006 691/893/1033 387/890/1034
f 750/894/1035 388/892/1032 863/891/1031
f 389/895/1036 750/894/1035 1017/896/1037
f 812/897/1038 1017/896/1037 803/868/1003
f 1017/896/1037 863/891/1031 380/871/1007
f 855/898/1039 390/899/1040 862/900/1041
f 389/895/1036 855/898/1039 1018/901/1042
f 813/902/1043 1018/901/1042 476/903/1044
f 1018/901/1042 862/900/1041 392/904/1045
f 393/905/1046 372/847/979 658/906/1047
f 658/906/1047 652/848/980 370/843/975
f 658/906/1047 370/843/975 651/846/978
f 394/907/1048 658/906/1047 693/908/1049
f 693/908/1049 651/846/978 371/883/1022
f 396/909/1050 382/875/1012 798/876/1051
f 487/910/1052 798/876/1013 372/847/979
f 793/874/1010 625/911/1053 815/912/1054
f 382/875/1012 396/909/1050 625/911/1053
f 398/913/1055 864/914/1056 488/915/1057
f 864/914/1056 383/881/1020 384/916/1058
f 395/917/1059 693/908/1049 1019/918/1060
f 395/917/1061 1019/918/1062 864/914/1056
f 1019/918/1062 371/883/1023 383/881/1020
f 601/919/1063 497/920/1064 347/805/928
f 400/921/1065 401/922/1066 497/920/1064
f 401/922/1066 753/923/1067 1020/924/1068
f 497/920/1064 1020/924/1068 666/804/927
f 1020/924/1068 656/863/998 342/788/907
f 753/923/1067 378/860/995 656/863/998
f 402/925/1069 694/926/1070 738/927/1071
f 694/926/1070 405/928/1072 404/929/1073
f 386/886/1026 626/930/1074 602/931/1075
f 626/930/1074 402/925/1069 403/932/1076
f 694/926/1070 402/925/1069 695/933/1077
f 405/928/1072 694/926/1070 489/934/1078
f 489/934/1079 695/933/1080 407/935/1081
f 489/934/1079 407/935/1081 409/936/1082
f 406/937/1083 489/934/1079 554/938/1084
f 408/939/1085 554/938/1084 720/940/1086
f 554/938/1084 409/936/1082 411/941/1087
f 691/893/1033 754/942/1088 407/935/1081
f 754/942/1088 409/936/1082 407/935/1081
f 626/930/1074 386/886/1026 387/890/1030
f 402/925/1069 626/930/1074 695/933/1077
f 755/943/1089 412/944/1090 413/945/1091
f 755/943/1092 696/946/1093 720/940/1086
f 491/947/1094 414/948/1095 817/949/1096
f 491/947/1097 1021/950/1098 415/951/1099
f 1021/950/1098 755/943/1092 411/941/1087
f 1021/950/1100 817/949/1096 412/944/1090
f 416/952/1101 865/953/1102 412/944/1090
f 754/942/1088 388/892/1032 784/954/1103
f 409/936/1082 754/942/1088 784/954/1103
f 411/941/1087 784/954/1103 415/951/1099
f 388/892/1032 750/894/1035 1022/955/1104
f 784/954/1103 1022/955/1104 453/956/1105
f 1022/955/1104 813/902/1043 391/957/1106
f 750/894/1035 389/895/1036 813/902/1043
f 417/958/1107 412/944/1090 817/949/1096
f 659/959/1108 817/949/1096 414/948/1095
f 414/948/1095 493/960/1109 733/961/1110
f 733/961/1110 493/960/1109 420/962/1111
f 512/963/1112 421/964/1113 830/965/1114
f 392/904/1045 512/963/1115 476/903/1044
f 476/903/1116 830/965/1114 420/962/1111
f 391/957/1117 420/962/1111 493/960/1109
f 391/957/1106 1023/966/1118 453/956/1105
f 1023/966/1118 491/947/1097 415/951/1099
f 493/960/1109 414/948/1095 491/947/1094
f 419/967/1119 420/962/1111 830/965/1114
f 773/968/1120 830/965/1114 421/964/1113
f 603/969/1121 406/937/1083 408/939/1085
f 394/907/1048 603/969/1121 490/970/1122
f 398/913/1055 405/928/1072 406/937/1123
f 490/970/1122 408/939/1085 410/971/1124
f 413/945/1091 396/909/1050 1024/972/1125
f 696/946/1093 1024/972/1126 490/970/1122
f 1024/972/1126 487/910/1052 393/905/1046
f 397/973/1127 625/911/1053 865/953/1102
f 865/953/1102 396/909/1050 413/945/1091
f 405/928/1072 398/913/1055 816/974/1128
f 423/975/1129 867/976/1130 1025/977/1131
f 606/978/1132 1025/977/1131 753/923/1067
f 1025/977/1131 751/979/1133 378/860/995
f 867/976/1130 390/899/1040 751/979/1133
f 424/980/1134 527/981/1135 1026/982/1136
f 752/983/1137 1026/982/1136 867/976/1130
f 1026/982/1136 862/900/1041 390/899/1040
f 527/981/1135 392/904/1045 862/900/1041
f 390/899/1040 855/898/1039 1027/984/1138
f 751/979/1133 1027/984/1138 787/861/996
f 1027/984/1138 812/897/1038 379/865/1000
f 855/898/1039 389/895/1036 812/897/1038
f 425/985/1139 869/986/1140 1028/987/1141
f 424/980/1134 1028/987/1142 527/981/1135
f 527/981/1135 1028/987/1142 512/963/1115
f 1028/987/1141 869/986/1140 421/964/1113
f 422/988/1143 421/964/1113 869/986/1140
f 470/989/1144 869/986/1140 425/985/1139
f 494/990/1145 601/919/1063 348/806/929
f 427/991/1146 400/921/1065 601/919/1063
f 3/992/1147 2/993/1148 427/991/1146
f 428/994/1149 423/975/1129 540/995/1150
f 540/995/1150 606/978/1132 401/922/1066
f 429/996/1151 819/997/1152 1029/998/1153
f 504/999/1154 1029/998/1153 423/975/1129
f 1029/998/1153 752/983/1137 423/975/1129
f 819/997/1152 424/980/1134 752/983/1137
f 430/1000/1155 899/1001/1156 819/997/1157
f 899/1001/1156 425/985/1139 424/980/1158
f 425/985/1139 899/1001/1159 473/1002/1160
f 899/1001/1159 430/1000/1161 431/1003/1162
f 400/921/1065 427/991/1146 541/1004/1163
f 540/995/1150 541/1004/1163 428/994/1149
f 433/1005/1164 608/1006/1165 504/999/1154
f 499/1007/1166 504/999/1154 428/994/1149
f 608/1006/1165 429/996/1151 504/999/1154
f 430/1000/1161 664/1008/1167 700/1009/1168
f 664/1008/1167 435/1010/1169 434/1011/1170
f 664/1008/1171 430/1000/1155 429/996/1172
f 435/1010/1173 664/1008/1171 608/1006/1174
f 1030/1012/1175 499/1007/1166 432/1013/1176
f 582/1014/1177 433/1005/1164 499/1007/1166
f 475/1015/1178 435/1010/1173 433/1005/1179
f 2/993/1148 1031/1016/1180 541/1004/1163
f 1031/1016/1180 503/1017/1181 432/1013/1176
f 435/1010/1169 475/1015/1182 870/1018/1183
f 4/21/10 702/23/12 5/24/13
f 7/26/15 703/177/203 702/23/12
f 702/23/12 703/177/203 6/25/14
f 7/26/15 8/28/17 703/177/203
f 10/29/18 559/22/11 4/21/10
f 10/29/18 7/26/15 559/22/11
f 13/1019/1184 12/31/20 636/1020/1185
f 636/1020/1185 12/31/20 14/32/23
f 12/31/20 10/29/22 436/33/24
f 61/112/1186 915/35/26 441/34/25
f 441/34/25 913/36/27 63/1021/1187
f 913/36/27 12/31/20 13/1019/1184
f 11/30/19 9/27/16 7/26/15
f 59/37/29 915/35/31 61/112/117
f 909/38/30 12/31/28 915/35/31
f 9/27/16 837/39/32 8/28/17
f 909/38/30 16/40/33 837/39/32
f 561/43/36 5/24/13 18/46/39
f 560/42/35 5/24/13 561/43/36
f 19/53/47 17/41/34 20/44/37
f 17/41/34 18/46/39 637/45/38
f 21/47/40 560/42/35 562/62/57
f 562/62/57 560/42/35 17/41/34
f 10/29/18 4/21/10 560/42/35
f 15/1022/1188 436/33/24 778/48/41
f 778/48/41 28/49/42 22/1023/1189
f 436/33/24 21/47/43 28/49/42
f 22/1023/1189 28/49/42 897/1024/1190
f 897/1024/1190 28/49/42 23/63/58
f 24/50/44 779/52/46 563/57/51
f 563/57/51 779/52/46 25/168/194
f 704/51/45 20/44/37 779/52/46
f 26/54/48 563/57/51 25/168/194
f 932/56/50 24/50/44 563/57/51
f 705/55/49 564/58/52 932/56/50
f 24/50/44 838/61/55 704/51/45
f 704/51/45 28/49/56 19/53/47
f 28/49/56 562/62/57 19/53/47
f 28/49/42 838/61/1191 27/60/59
f 23/63/58 27/60/59 437/1025/1192
f 437/1025/1192 27/60/59 29/64/60
f 29/64/60 839/65/61 438/1026/1193
f 839/65/61 30/67/63 438/1026/1193
f 31/59/53 705/55/49 565/68/66
f 565/68/66 638/69/67 32/1027/1194
f 705/55/49 33/70/68 638/69/67
f 34/1028/1195 565/68/66 639/1029/1196
f 639/1029/1196 565/68/66 32/1027/1194
f 564/58/52 27/60/54 24/50/44
f 31/59/53 839/65/64 564/58/52
f 35/71/69 933/73/71 706/75/73
f 933/73/71 37/77/75 36/74/72
f 38/72/70 840/76/74 933/73/71
f 37/77/75 934/78/76 36/74/72
f 934/78/76 39/81/79 440/79/77
f 37/77/75 439/80/78 934/78/76
f 40/82/80 840/76/74 511/83/81
f 840/76/74 38/72/70 41/84/82
f 39/81/79 641/86/84 440/79/77
f 440/79/77 641/86/84 42/92/90
f 44/85/83 707/87/85 641/86/84
f 45/89/87 781/91/89 46/111/115
f 708/90/88 707/87/85 781/91/89
f 641/86/84 43/88/86 42/92/90
f 42/92/90 48/93/91 47/98/100
f 50/95/93 51/1030/1197 54/1031/1198
f 47/98/96 52/96/94 50/95/93
f 50/95/93 782/97/95 51/1030/1197
f 42/92/90 49/100/99 642/94/92
f 47/98/100 567/99/98 42/92/90
f 54/1031/1198 53/103/1199 50/95/93
f 55/101/102 53/103/104 54/1031/1200
f 50/95/101 53/103/105 567/99/98
f 567/99/98 56/102/106 49/100/99
f 58/104/107 568/106/109 513/107/110
f 513/107/110 56/102/103 55/101/102
f 783/108/111 642/94/92 49/100/99
f 57/105/112 49/100/99 568/106/1201
f 568/106/1201 49/100/99 56/102/106
f 59/37/29 841/109/113 16/40/33
f 841/109/113 46/111/115 907/110/114
f 45/89/87 441/34/116 60/113/120
f 841/109/113 61/112/117 441/34/116
f 52/96/94 62/1032/1202 842/1033/1203
f 60/113/118 441/34/25 52/96/94
f 52/96/94 515/114/119 62/1032/1202
f 441/34/25 63/1021/1187 515/114/119
f 43/88/86 60/113/120 48/93/91
f 65/115/121 712/117/123 66/122/128
f 571/116/122 67/119/125 712/117/123
f 903/120/126 65/115/121 572/121/127
f 903/120/126 41/84/82 38/72/70
f 35/71/69 903/120/126 38/72/70
f 713/123/129 68/124/130 903/120/126
f 69/125/131 713/123/133 35/71/69
f 904/126/132 68/124/135 713/123/133
f 70/127/136 518/128/138 71/157/174
f 904/126/137 72/129/140 518/128/138
f 72/129/140 645/130/141 714/131/142
f 714/131/142 57/105/108 58/104/107
f 35/71/69 645/130/143 69/125/131
f 783/108/111 645/130/143 706/75/73
f 73/132/144 573/134/146 64/146/124
f 519/133/145 78/136/148 573/134/146
f 75/137/149 519/133/151 73/132/176
f 715/138/150 74/135/153 519/133/151
f 74/135/147 445/141/155 78/136/148
f 646/140/154 89/143/157 445/141/155
f 68/124/130 571/116/122 65/115/121
f 845/144/158 64/118/124 571/116/122
f 64/146/124 788/147/159 67/194/125
f 573/134/146 78/136/148 788/147/159
f 80/148/160 789/150/162 574/1034/1204
f 789/150/162 81/1035/1205 574/1034/1204
f 76/139/1206 715/138/163 789/150/162
f 789/150/162 647/151/164 81/1035/1205
f 715/138/163 82/152/166 647/151/164
f 76/139/152 646/140/168 74/135/153
f 789/150/167 77/142/170 646/140/168
f 79/149/161 83/153/171 84/158/1207
f 75/154/165 520/156/173 82/1036/166
f 444/155/172 71/157/174 520/156/173
f 444/155/175 73/145/176 845/144/177
f 70/127/134 845/144/177 68/124/135
f 79/149/169 85/159/179 77/142/170
f 86/160/183 85/159/181 83/153/180
f 88/217/242 87/161/184 648/1037/1208
f 648/1037/1208 87/161/184 86/160/183
f 89/143/157 87/161/188 90/162/185
f 77/142/186 87/161/188 89/143/157
f 18/46/39 649/163/189 91/164/190
f 649/163/189 92/279/305 790/165/191
f 637/45/38 91/164/190 772/166/192
f 20/44/37 772/166/192 93/171/197
f 650/167/193 779/52/46 906/170/196
f 779/52/46 93/171/197 906/170/196
f 446/174/200 650/167/193 94/169/195
f 446/174/200 25/168/194 650/167/193
f 716/173/199 26/54/48 446/174/200
f 26/54/48 716/173/199 33/70/68
f 716/173/199 96/176/202 717/175/201
f 703/177/203 98/178/204 935/179/205
f 6/25/14 935/179/205 718/183/209
f 935/179/205 97/211/236 718/183/209
f 98/178/204 97/211/236 935/179/205
f 837/39/32 523/180/206 719/181/207
f 8/28/17 719/181/207 98/178/204
f 5/24/13 718/183/209 649/163/189
f 649/163/189 846/184/210 92/279/305
f 718/183/209 97/211/236 846/184/210
f 791/186/212 46/111/115 781/91/89
f 16/40/33 936/187/213 523/180/206
f 936/187/213 99/182/208 523/180/206
f 907/110/114 914/188/214 936/187/213
f 448/189/215 100/185/211 791/186/212
f 102/191/217 511/83/81 847/192/218
f 847/192/218 41/84/82 103/200/225
f 448/189/215 439/80/78 792/193/219
f 792/193/219 40/82/80 102/191/217
f 67/194/125 449/195/220 104/327/224
f 788/147/159 105/197/222 449/195/220
f 66/122/128 450/198/223 106/202/227
f 712/117/123 104/199/224 450/198/223
f 103/200/225 572/121/127 887/201/226
f 572/121/127 66/122/128 887/201/226
f 768/203/228 769/205/230 937/206/231
f 99/182/208 937/206/231 719/181/207
f 719/181/207 108/207/232 98/178/204
f 627/209/234 97/211/236 849/210/235
f 849/210/235 98/178/204 108/207/232
f 78/136/148 938/212/237 467/196/221
f 467/196/221 498/213/238 105/197/222
f 938/212/237 110/215/240 498/213/238
f 445/141/155 452/214/239 938/212/237
f 452/214/1209 111/216/241 110/215/361
f 90/162/185 111/216/241 452/214/1209
f 112/1038/1210 111/216/243 88/217/242
f 91/164/190 628/218/244 113/220/246
f 628/218/244 92/279/305 114/224/250
f 790/165/191 92/279/305 628/218/244
f 93/171/197 629/219/245 115/244/270
f 772/166/192 113/220/246 629/219/245
f 114/224/250 939/221/247 628/218/244
f 113/220/246 939/221/247 630/222/248
f 630/222/248 850/223/249 116/231/257
f 114/224/250 850/223/249 939/221/247
f 890/226/252 454/228/254 940/229/255
f 117/225/251 940/229/255 850/223/249
f 940/229/255 116/231/257 850/223/249
f 940/229/255 119/232/258 851/230/256
f 120/233/259 941/235/261 500/236/262
f 500/236/262 851/230/256 119/232/258
f 851/230/256 852/237/263 116/231/257
f 577/234/260 852/237/263 941/235/261
f 501/239/265 454/228/254 942/241/267
f 122/240/266 942/241/267 123/242/268
f 942/241/267 118/227/253 455/243/269
f 629/219/245 630/222/248 943/245/271
f 115/244/270 943/245/271 770/246/272
f 770/246/272 852/237/263 121/238/264
f 943/245/271 116/231/257 852/237/263
f 115/244/270 944/247/273 771/248/274
f 771/248/274 853/249/275 124/252/278
f 944/247/273 125/251/277 853/249/275
f 770/246/272 631/250/276 944/247/273
f 124/252/278 906/170/196 771/248/274
f 906/170/196 115/244/270 771/248/274
f 854/254/280 94/169/195 124/252/278
f 95/172/198 446/174/200 854/254/280
f 578/255/281 500/236/262 501/239/265
f 127/256/282 501/239/265 722/1039/1211
f 722/1039/1211 501/239/265 122/240/266
f 580/257/283 579/259/285 578/255/281
f 129/260/286 578/255/281 502/1040/1212
f 502/1040/1212 578/255/281 127/256/282
f 125/251/277 945/261/287 891/262/288
f 891/262/288 579/259/285 128/258/284
f 945/261/287 120/233/259 579/259/285
f 631/250/276 577/234/260 945/261/287
f 581/263/289 723/265/291 946/266/292
f 128/258/284 946/266/292 891/262/288
f 891/262/288 892/267/293 125/251/277
f 723/265/291 892/267/293 946/266/292
f 132/269/295 580/257/283 632/1041/1213
f 632/1041/1213 580/257/283 129/260/286
f 724/270/296 581/263/289 580/257/283
f 133/271/297 723/265/291 725/1042/1214
f 725/1042/1214 723/265/291 130/264/290
f 893/272/298 131/268/294 723/265/291
f 126/253/279 451/1043/1215 135/275/301
f 126/253/279 134/273/299 451/1043/1215
f 131/268/294 947/274/300 892/267/293
f 892/267/293 853/249/275 125/251/277
f 947/274/300 124/252/278 853/249/275
f 126/253/279 854/254/280 947/274/300
f 95/172/198 135/275/301 96/176/202
f 583/276/302 107/204/229 948/278/304
f 100/185/211 948/278/304 914/188/214
f 914/188/214 768/203/228 99/182/208
f 948/278/304 107/204/229 768/203/228
f 92/279/305 846/184/210 627/209/234
f 114/224/250 627/209/234 109/208/233
f 109/208/233 117/225/251 114/224/250
f 894/282/308 456/284/310 949/285/311
f 137/281/307 949/285/311 877/280/306
f 877/280/306 890/226/252 117/225/251
f 949/285/311 118/227/253 890/226/252
f 118/227/253 950/286/312 455/243/269
f 455/243/269 774/287/313 123/242/268
f 950/286/312 139/289/315 774/287/313
f 456/284/310 457/288/314 950/286/312
f 583/276/302 101/190/216 775/291/317
f 140/290/316 775/291/317 141/294/320
f 856/292/318 141/294/320 951/295/321
f 102/191/217 951/295/321 792/193/219
f 792/193/219 775/291/317 101/190/216
f 951/295/321 141/294/320 775/291/317
f 136/277/303 583/276/302 140/290/316
f 143/296/322 952/298/324 584/300/326
f 144/299/325 952/298/324 588/301/327
f 588/301/327 887/201/226 106/202/227
f 895/297/323 887/201/226 952/298/324
f 895/297/323 726/302/328 953/303/329
f 103/200/225 953/303/329 847/192/218
f 847/192/218 856/292/318 102/191/217
f 953/303/329 142/293/319 856/292/318
f 107/204/229 912/304/330 769/205/230
f 769/205/230 857/305/331 108/207/232
f 912/304/330 145/307/333 857/305/331
f 896/309/335 145/307/333 916/310/336
f 146/308/334 916/310/336 505/311/1216
f 505/311/1216 916/310/336 147/317/382
f 108/207/232 857/305/331 849/210/235
f 857/305/331 137/281/307 109/208/233
f 146/308/337 954/312/339 506/313/340
f 506/313/340 635/314/341 148/321/348
f 954/312/339 149/316/343 635/314/341
f 505/311/338 587/315/342 954/312/339
f 138/283/309 955/319/346 457/288/314
f 457/288/314 549/320/347 139/289/315
f 955/319/346 148/321/348 549/320/347
f 459/318/345 506/313/340 955/319/346
f 138/283/309 896/309/335 459/318/345
f 459/318/345 896/309/335 146/308/334
f 894/282/308 137/281/307 896/309/335
f 105/197/222 956/322/349 528/323/350
f 528/323/350 795/324/351 150/331/357
f 956/322/349 151/326/353 795/324/351
f 498/213/238 462/325/352 956/322/349
f 104/327/224 957/328/354 463/329/355
f 463/329/355 796/330/356 152/395/367
f 957/328/354 150/331/357 796/330/356
f 449/195/220 528/323/350 957/328/354
f 462/325/358 153/333/360 151/326/443
f 110/215/361 529/332/359 462/325/358
f 154/334/362 529/332/364 552/335/365
f 552/335/365 111/216/243 112/1038/1210
f 620/336/366 588/301/327 958/338/368
f 152/337/367 958/338/368 463/339/355
f 463/339/355 450/198/223 104/199/224
f 958/338/368 106/202/227 450/198/223
f 525/342/371 618/356/388 156/357/389
f 525/342/371 141/294/320 618/356/388
f 556/341/370 140/290/316 525/342/371
f 832/343/372 136/277/303 556/341/370
f 832/343/372 155/340/369 157/344/373
f 136/277/303 832/343/372 107/204/229
f 832/343/372 158/306/332 912/304/330
f 147/317/344 959/346/375 587/315/342
f 587/315/342 910/347/376 149/316/343
f 959/346/375 159/349/378 910/347/376
f 911/345/374 883/348/377 959/346/375
f 157/344/373 619/351/380 158/306/332
f 619/351/380 147/317/382 916/310/336
f 678/352/384 610/354/386 960/355/387
f 142/293/319 960/355/387 141/294/320
f 960/355/387 156/357/389 618/356/388
f 161/353/385 961/359/391 610/354/386
f 610/354/386 611/360/392 156/357/389
f 961/359/391 162/362/394 611/360/392
f 740/358/390 822/361/393 961/359/391
f 471/364/396 612/366/398 962/368/400
f 165/367/399 962/368/400 675/369/401
f 675/369/401 584/300/326 144/299/325
f 962/368/400 143/296/322 584/300/326
f 161/353/385 963/370/402 741/371/403
f 164/365/397 963/370/402 612/366/398
f 612/366/398 726/302/328 143/296/322
f 678/352/384 726/302/328 963/370/402
f 166/372/404 964/374/406 742/375/407
f 742/375/407 824/376/408 167/383/415
f 964/374/406 168/378/410 824/376/408
f 743/373/405 879/377/409 964/374/406
f 160/350/379 965/381/413 883/348/377
f 883/348/377 878/382/414 159/349/378
f 965/381/413 167/383/415 878/382/414
f 472/380/412 742/375/407 965/381/413
f 166/372/416 966/385/418 743/373/419
f 743/373/419 880/386/420 169/379/458
f 966/385/421 163/363/395 880/386/464
f 823/384/417 822/361/393 966/385/421
f 619/351/380 162/362/394 967/387/422
f 160/350/383 967/387/422 472/380/423
f 472/380/423 823/384/417 166/372/416
f 967/387/422 162/362/394 823/384/417
f 156/357/389 968/388/424 525/342/371
f 968/388/424 157/344/373 155/340/369
f 611/360/392 162/362/394 968/388/424
f 613/389/425 882/391/427 969/393/429
f 171/392/428 969/393/429 744/394/430
f 744/394/430 796/330/356 150/331/357
f 969/393/429 152/395/367 796/330/356
f 172/396/431 970/398/433 825/399/434
f 825/399/434 795/324/351 151/326/353
f 970/398/433 150/331/357 795/324/351
f 676/397/432 744/394/430 970/398/433
f 144/299/325 971/400/435 675/369/401
f 675/369/401 531/401/436 165/367/399
f 971/400/435 170/403/426 531/401/436
f 620/336/366 882/402/427 971/400/435
f 174/404/437 474/406/439 532/407/440
f 532/407/440 153/333/363 154/334/362
f 173/405/441 825/399/434 474/406/442
f 474/406/442 151/326/443 153/333/360
f 175/408/444 972/410/446 544/411/447
f 544/411/447 471/364/396 165/367/399
f 972/410/446 164/365/397 471/364/396
f 545/409/445 479/412/448 972/410/446
f 762/414/450 741/371/403 973/415/451
f 762/414/450 590/416/452 177/427/467
f 973/415/451 176/413/449 590/416/452
f 741/371/403 479/412/448 973/415/451
f 879/377/409 480/417/453 974/418/454
f 168/378/410 974/418/454 873/419/455
f 873/419/455 683/420/456 178/447/487
f 974/418/454 179/421/457 683/420/456
f 169/379/458 975/422/459 480/417/453
f 480/417/453 763/423/460 179/421/457
f 763/423/461 874/424/463 180/453/493
f 880/386/464 874/424/463 975/422/462
f 740/358/390 762/414/450 976/425/465
f 163/363/395 976/425/465 874/424/463
f 874/424/463 665/426/466 180/453/493
f 976/425/465 177/427/467 665/426/466
f 165/367/399 977/428/468 544/411/447
f 544/411/447 547/429/469 175/408/444
f 977/428/468 181/431/471 547/429/469
f 531/401/436 591/430/470 977/428/468
f 858/432/472 591/434/470 978/436/474
f 182/435/473 613/389/425 171/392/428
f 978/436/474 170/390/426 613/389/425
f 686/437/475 808/439/477 979/440/478
f 686/437/475 676/397/432 172/396/431
f 979/440/478 171/392/428 676/397/432
f 184/442/480 686/437/475 747/443/481
f 747/443/481 172/396/431 173/405/441
f 185/444/482 747/443/484 809/445/485
f 809/445/485 173/405/438 174/404/437
f 178/447/487 749/446/486 687/448/488
f 687/448/488 187/449/489 186/470/512
f 810/450/490 535/452/492 980/454/494
f 180/453/493 980/454/494 763/423/461
f 763/423/460 749/446/486 179/421/457
f 980/454/495 187/449/489 749/446/486
f 653/455/497 595/457/499 981/458/500
f 653/455/497 665/426/466 177/427/467
f 665/426/466 810/450/490 180/453/493
f 981/458/500 188/451/491 810/450/490
f 654/459/501 653/455/497 982/461/503
f 190/460/502 982/461/503 596/462/504
f 596/462/504 590/416/452 176/413/449
f 982/461/503 177/427/467 590/416/452
f 191/463/505 545/409/445 175/408/444
f 983/465/507 176/413/449 545/409/445
f 688/464/506 596/462/504 983/465/507
f 655/467/509 191/463/505 547/429/469
f 192/466/508 547/429/469 181/431/471
f 181/433/471 692/468/510 192/505/508
f 692/468/510 814/469/511 193/485/528
f 858/432/472 182/435/473 814/469/511
f 186/470/512 536/471/513 492/472/514
f 492/472/514 698/473/515 194/532/581
f 195/474/516 984/475/517 756/476/518
f 756/476/518 604/477/520 196/481/524
f 984/475/519 188/451/491 604/477/520
f 536/471/513 535/452/496 984/475/517
f 189/456/498 985/479/522 595/457/499
f 595/457/499 604/477/520 188/451/491
f 985/479/522 196/481/524 604/477/520
f 660/478/521 818/480/523 985/479/522
f 183/438/476 866/483/526 808/439/477
f 808/439/477 814/469/511 182/435/473
f 866/483/526 193/485/528 814/469/511
f 866/483/526 930/486/529 699/487/530
f 699/487/530 204/488/531 199/538/588
f 930/486/532 203/490/534 204/488/545
f 859/441/479 919/489/533 930/486/532
f 203/490/535 920/491/537 202/495/541
f 919/489/536 185/444/482 920/491/537
f 201/492/538 537/494/540 605/1044/1217
f 537/494/540 202/495/541 605/1044/1217
f 757/496/586 538/543/593 205/535/584
f 757/496/542 200/493/544 538/543/599
f 204/488/545 537/494/543 757/496/542
f 189/456/498 539/497/546 206/502/551
f 654/459/501 207/498/547 539/497/546
f 190/460/502 607/500/549 207/498/547
f 688/464/506 208/499/548 607/500/549
f 197/482/525 542/501/550 209/531/580
f 660/478/521 206/502/551 542/501/550
f 193/485/528 986/504/553 692/468/510
f 192/505/508 759/506/554 210/603/556
f 609/503/552 759/506/554 986/504/553
f 661/509/557 208/499/548 655/467/509
f 210/508/556 655/467/509 192/466/508
f 198/484/527 609/503/552 193/485/528
f 987/511/559 211/507/555 609/503/552
f 701/510/558 820/512/560 987/511/559
f 834/514/562 835/516/564 988/518/566
f 214/517/565 988/518/566 905/519/567
f 905/519/567 461/520/568 215/1045/1218
f 988/518/566 216/521/569 461/520/568
f 835/516/564 925/522/570 989/523/572
f 216/521/571 989/523/572 508/524/1219
f 508/524/573 218/525/574 217/546/600
f 218/525/574 818/480/523 219/527/576
f 818/480/523 197/482/525 780/528/577
f 196/481/524 990/529/578 756/476/518
f 756/476/518 926/530/579 195/474/516
f 990/529/578 213/515/563 926/530/579
f 836/526/575 925/522/570 990/529/578
f 219/527/576 780/528/577 220/550/604
f 698/473/515 926/530/579 991/533/582
f 194/532/581 991/533/582 924/534/583
f 924/534/583 834/514/562 214/517/565
f 991/533/582 213/515/563 834/514/562
f 757/496/586 199/538/588 204/488/531
f 221/536/585 918/537/587 757/496/586
f 223/540/590 576/542/592 224/568/625
f 576/542/592 200/493/539 201/492/538
f 205/535/584 624/545/595 222/539/589
f 992/544/596 223/540/598 624/545/621
f 538/543/599 509/541/597 992/544/596
f 218/525/574 219/527/576 922/547/601
f 217/546/600 922/547/601 593/1046/1220
f 593/1046/1220 922/547/601 225/1047/1221
f 225/1047/1221 922/547/601 640/548/602
f 640/548/602 927/549/603 226/620/695
f 922/547/601 220/550/604 927/549/603
f 526/551/605 206/502/551 539/497/546
f 228/553/607 539/497/546 207/498/547
f 212/513/561 993/554/608 900/555/609
f 900/555/609 199/538/588 229/556/610
f 701/510/558 699/487/530 993/554/608
f 229/556/610 918/537/587 230/557/611
f 918/537/587 221/536/585 514/558/612
f 230/557/611 514/558/612 231/563/617
f 232/559/613 994/561/615 222/539/589
f 222/539/589 514/558/612 221/536/585
f 994/561/615 231/563/617 514/558/612
f 709/560/614 231/563/617 994/561/615
f 662/564/618 222/539/589 624/545/595
f 234/565/619 624/545/621 710/566/1222
f 710/566/1222 624/545/621 223/540/598
f 234/565/622 785/567/624 235/577/637
f 710/566/623 224/568/625 785/567/624
f 208/499/548 661/509/557 236/569/626
f 661/509/557 237/571/628 442/570/627
f 207/498/547 569/572/629 228/553/607
f 607/500/549 236/569/626 569/572/629
f 643/573/631 240/575/633 239/624/732
f 662/564/620 843/574/632 643/573/631
f 240/575/634 901/576/636 241/655/736
f 843/574/635 235/577/637 901/576/636
f 242/578/638 902/580/640 243/597/668
f 902/580/640 245/581/641 244/582/642
f 244/582/642 516/583/643 443/584/644
f 443/584/644 247/585/645 246/588/651
f 248/586/646 844/579/648 242/578/663
f 517/587/647 245/581/649 844/579/648
f 517/587/647 209/531/580 542/501/550
f 227/552/606 542/501/550 206/502/551
f 246/588/651 644/589/652 585/1048/1223
f 644/589/652 249/591/654 585/1048/1223
f 644/589/655 228/553/607 569/572/629
f 250/590/657 569/572/629 236/569/626
f 227/552/606 516/583/658 245/581/649
f 526/551/605 247/585/656 516/583/658
f 780/528/577 209/531/580 711/592/659
f 220/550/604 711/592/659 251/595/694
f 929/593/660 251/595/662 711/592/664
f 242/578/663 711/592/664 248/586/646
f 260/594/665 931/596/667 259/616/686
f 929/593/666 243/597/668 931/596/667
f 766/598/669 237/600/628 521/601/671
f 766/598/669 254/602/672 253/609/737
f 210/603/556 521/601/671 237/600/628
f 759/506/554 254/602/672 521/601/671
f 575/605/674 236/569/626 442/570/627
f 252/606/670 442/570/627 237/571/628
f 252/606/675 468/1049/677 255/612/682
f 766/598/676 256/610/679 468/608/677
f 250/590/653 522/611/681 249/591/654
f 575/605/680 255/612/682 522/611/681
f 257/613/683 524/615/685 258/1050/1224
f 447/614/684 259/616/686 524/615/685
f 447/614/687 238/617/689 928/618/690
f 260/594/661 928/618/690 251/595/662
f 251/595/694 927/549/603 220/550/604
f 928/618/691 226/620/695 927/549/603
f 233/562/616 721/621/696 767/622/697
f 721/621/696 239/624/699 261/623/698
f 232/559/613 643/573/630 721/621/696
f 254/602/672 995/625/700 888/626/701
f 888/626/701 889/627/702 262/631/706
f 995/625/700 212/513/561 889/627/702
f 821/604/673 820/512/560 995/625/700
f 229/556/610 996/629/704 900/555/609
f 900/555/609 889/627/702 212/513/561
f 996/629/704 262/631/706 889/627/702
f 917/628/703 923/630/705 996/629/704
f 230/557/611 917/628/703 229/556/610
f 495/633/708 264/632/707 917/628/703
f 265/637/712 495/633/708 231/563/617
f 267/638/713 496/640/715 550/641/716
f 550/641/716 269/642/717 268/646/722
f 263/634/709 496/640/715 266/639/714
f 848/636/711 269/642/718 496/640/715
f 265/637/712 231/563/617 458/643/719
f 458/643/719 233/562/616 270/645/721
f 269/642/718 458/643/719 727/644/720
f 727/644/720 270/645/721 271/648/774
f 268/646/722 727/644/723 633/647/724
f 633/647/724 271/648/725 272/682/777
f 261/623/698 634/649/726 586/650/727
f 634/649/726 274/675/764 273/651/728
f 634/649/729 275/653/731 274/675/768
f 239/624/732 728/652/730 634/649/729
f 586/650/727 273/651/728 276/685/781
f 277/654/733 728/652/735 777/1051/1225
f 728/652/735 241/655/736 777/1051/1225
f 253/609/737 888/626/701 278/656/738
f 278/656/738 923/630/705 921/657/739
f 921/657/739 264/632/707 281/662/1226
f 256/610/679 278/656/740 507/658/741
f 507/658/741 730/659/742 279/1052/1227
f 730/659/742 281/662/746 282/660/744
f 829/635/710 281/662/1226 264/632/707
f 829/635/710 282/660/747 281/662/1226
f 280/661/745 282/660/744 283/1053/1228
f 263/634/709 284/663/748 282/660/747
f 266/639/714 285/664/749 284/663/1229
f 283/1053/1228 282/660/744 285/664/750
f 286/665/752 464/667/754 287/705/807
f 886/666/753 288/669/756 464/667/754
f 288/669/756 465/670/757 553/671/758
f 553/671/758 275/653/734 277/654/733
f 286/665/759 621/673/761 886/666/762
f 886/666/762 290/674/763 289/668/771
f 273/651/728 884/676/765 530/677/766
f 274/675/768 465/670/769 884/676/770
f 884/676/770 289/668/771 290/674/763
f 270/645/721 767/622/697 622/678/772
f 767/622/697 261/623/698 292/679/773
f 271/648/774 622/678/772 732/680/775
f 732/680/775 802/681/776 293/684/816
f 622/678/772 292/679/773 802/681/776
f 272/682/777 732/680/778 797/683/779
f 797/683/779 293/684/780 294/711/819
f 276/685/781 831/687/783 586/650/727
f 586/650/727 292/679/773 261/623/698
f 297/688/785 881/689/787 621/673/786
f 621/673/786 296/690/788 290/674/767
f 555/691/789 296/690/788 298/721/834
f 276/685/781 530/677/766 555/691/789
f 530/677/766 276/685/781 273/651/728
f 300/692/790 466/694/792 833/695/793
f 297/688/785 731/696/794 833/695/793
f 833/695/793 301/697/795 300/692/790
f 300/692/790 736/698/796 673/699/797
f 673/699/797 302/700/798 310/713/823
f 303/701/799 736/698/801 304/702/802
f 305/703/804 871/704/806 482/1054/1230
f 871/704/806 287/705/807 482/1054/1230
f 306/706/808 304/702/805 615/1055/1231
f 615/1055/1231 304/702/805 305/703/804
f 304/702/802 731/696/810 871/704/811
f 871/704/811 291/672/760 286/665/759
f 295/686/782 997/708/813 831/687/783
f 831/687/783 802/681/776 292/679/773
f 997/708/814 293/684/816 802/681/776
f 557/707/817 875/709/815 997/708/814
f 294/711/819 875/709/820 469/712/821
f 469/712/821 307/710/822 308/743/858
f 310/713/823 868/714/824 309/715/825
f 313/717/827 303/701/809 674/1056/1232
f 674/1056/1232 303/701/809 306/706/808
f 312/718/829 868/714/831 303/701/799
f 297/688/785 533/720/833 881/689/787
f 881/689/787 298/721/834 296/690/788
f 466/694/792 314/719/832 297/688/785
f 466/694/792 315/723/836 745/722/835
f 319/724/837 826/726/839 682/730/843
f 614/725/838 320/728/841 826/726/839
f 316/732/1233 682/730/843 534/729/842
f 317/731/844 534/729/846 312/718/829
f 318/1057/1234 312/718/828 677/1058/1235
f 677/1058/1235 312/718/828 313/717/827
f 310/713/823 827/734/848 673/699/797
f 299/693/791 827/734/848 315/723/836
f 682/730/843 826/726/839 309/715/825
f 309/715/825 477/733/847 310/713/823
f 669/736/850 477/733/847 826/726/839
f 673/699/797 299/693/791 300/692/790
f 570/737/851 555/691/789 616/739/853
f 616/739/853 298/721/834 324/748/864
f 557/707/812 570/737/851 998/740/1236
f 307/710/818 998/740/854 617/741/855
f 617/741/855 558/742/856 325/745/882
f 570/737/851 558/742/857 998/740/1236
f 308/743/858 617/741/859 670/744/860
f 670/744/860 325/745/861 326/762/878
f 314/719/832 672/747/863 533/720/833
f 533/720/833 324/748/864 298/721/834
f 328/749/865 745/722/835 315/723/836
f 745/722/835 327/746/862 314/719/832
f 319/724/837 682/730/843 316/732/1233
f 329/751/867 827/734/848 322/735/849
f 800/752/868 315/723/836 827/734/848
f 330/778/897 669/736/850 663/782/901
f 663/782/901 669/736/850 320/728/841
f 330/778/897 329/751/867 669/736/850
f 327/746/862 999/754/870 672/747/863
f 672/747/863 671/755/871 324/748/864
f 999/754/870 331/757/873 671/755/871
f 999/754/870 332/758/874 776/756/872
f 324/748/864 1000/759/875 616/739/853
f 1000/759/875 333/761/877 323/738/852
f 671/755/871 760/760/876 1000/759/875
f 326/762/878 734/763/879 761/764/880
f 761/764/880 335/765/881 334/793/912
f 323/738/852 1001/766/1237 558/742/857
f 325/745/882 1001/766/883 734/763/884
f 734/763/884 872/767/885 335/765/916
f 323/738/852 872/767/886 1001/766/1237
f 336/768/887 1002/770/889 799/771/890
f 799/771/890 737/750/866 328/749/865
f 1002/770/889 327/746/862 737/750/866
f 801/769/888 794/753/869 1002/770/889
f 337/772/891 1003/774/893 543/775/894
f 543/775/894 800/752/868 329/751/867
f 1003/774/893 328/749/865 800/752/868
f 478/773/892 799/771/890 1003/774/893
f 338/779/898 1004/777/896 589/776/895
f 1004/777/896 329/751/867 330/778/897
f 338/779/898 543/775/894 1004/777/896
f 589/776/895 330/778/897 340/783/902
f 340/783/902 663/782/901 1/781/900
f 1/781/900 320/728/841 321/727/840
f 589/776/895 340/783/902 1/781/900
f 332/758/874 1005/784/903 804/785/904
f 804/785/904 600/786/905 341/792/911
f 1005/784/903 342/788/907 600/786/905
f 801/769/888 483/787/906 1005/784/903
f 776/756/872 804/785/904 1006/789/908
f 331/757/873 1006/789/908 764/790/909
f 764/790/909 592/791/910 343/801/924
f 1006/789/908 341/792/911 592/791/910
f 334/793/912 548/794/913 484/1059/1238
f 548/794/913 344/796/915 484/1059/1238
f 335/765/916 1007/797/917 548/794/919
f 345/795/918 1007/797/917 346/798/992
f 333/761/877 760/760/876 1008/799/922
f 333/761/877 684/800/923 346/798/921
f 1008/799/922 343/801/924 684/800/923
f 760/760/876 764/790/909 1008/799/922
f 478/773/892 485/802/925 1009/803/926
f 336/768/887 1009/803/926 483/787/906
f 483/787/906 666/804/927 342/788/907
f 1009/803/926 347/805/928 666/804/927
f 348/806/929 1010/808/931 599/809/932
f 1010/808/931 337/772/891 338/779/898
f 546/807/930 485/802/925 1010/808/931
f 349/810/933 685/813/936 350/819/1239
f 746/812/935 351/817/1011 685/813/936
f 352/811/934 667/814/937 805/815/938
f 805/815/938 354/816/939 353/844/976
f 350/819/943 356/820/944 355/821/954
f 351/817/1240 765/824/950 758/818/942
f 765/824/950 356/820/944 758/818/942
f 729/823/949 356/820/944 765/824/950
f 735/826/952 355/821/954 356/820/944
f 361/1060/1241 885/829/956 362/828/955
f 885/829/956 355/821/947 668/830/957
f 668/830/957 806/1061/1242 362/828/955
f 668/830/957 359/827/959 806/1061/1242
f 360/831/958 349/810/945 355/821/947
f 364/832/962 807/834/964 365/1062/1243
f 679/833/963 366/836/966 807/834/964
f 363/835/965 748/837/967 680/838/971
f 680/838/968 368/839/970 367/842/1017
f 363/835/965 861/841/973 366/836/966
f 1011/840/972 369/854/986 861/841/973
f 1011/840/972 367/842/974 369/854/986
f 370/843/975 860/845/977 651/846/978
f 651/846/978 368/839/970 371/883/1022
f 352/811/934 805/815/938 652/848/980
f 652/848/980 353/844/976 370/843/975
f 373/849/981 1012/851/983 481/852/984
f 481/852/984 597/853/985 374/879/1018
f 1012/851/983 369/854/986 597/853/985
f 876/850/982 861/841/973 1012/851/983
f 345/795/914 739/856/988 344/796/915
f 828/855/987 375/858/990 739/856/988
f 828/855/991 346/798/992 898/859/994
f 376/857/993 898/859/994 623/888/1028
f 898/859/1005 377/1063/1244 623/888/1245
f 378/860/995 1013/862/997 656/863/998
f 656/863/998 600/786/905 342/788/907
f 1013/862/997 341/792/911 600/786/905
f 787/861/996 598/864/999 1013/862/997
f 592/791/910 598/864/999 1014/866/1001
f 343/801/924 1014/866/1001 689/867/1002
f 689/867/1002 803/868/1003 380/871/1007
f 1014/866/1001 379/865/1000 803/868/1003
f 346/798/921 1015/869/1004 898/859/1005
f 898/859/1005 681/870/1006 377/1063/1244
f 1015/869/1004 380/871/1007 681/870/1006
f 684/800/923 689/867/1002 1015/869/1004
f 793/874/1010 765/824/950 351/817/1240
f 690/873/1009 765/824/950 793/874/1010
f 382/875/1012 746/812/935 798/876/1051
f 798/876/1013 352/811/934 372/847/979
f 369/854/986 486/878/1015 908/877/1014
f 908/877/1014 354/816/960 360/831/958
f 353/844/976 486/878/1016 860/845/977
f 860/845/977 367/842/1017 368/839/970
f 374/879/1018 908/877/1014 460/880/1019
f 460/880/1019 885/829/956 361/1060/1241
f 908/877/1014 360/831/958 885/829/956
f 383/881/1020 811/882/1021 384/916/1058
f 364/832/962 365/1062/1243 811/882/1021
f 371/883/1023 364/832/962 383/881/1020
f 376/857/989 566/885/1025 375/858/990
f 657/884/1024 385/887/1027 566/885/1025
f 377/1063/1244 1016/889/1246 623/888/1245
f 623/888/1028 657/884/1024 376/857/993
f 1016/889/1029 386/886/1026 657/884/1024
f 377/1063/1244 387/890/1034 1016/889/1246
f 863/891/1031 691/893/1033 681/870/1006
f 863/891/1031 681/870/1006 380/871/1007
f 681/870/1006 387/890/1034 377/1063/1244
f 750/894/1035 863/891/1031 1017/896/1037
f 389/895/1036 1017/896/1037 812/897/1038
f 812/897/1038 803/868/1003 379/865/1000
f 1017/896/1037 380/871/1007 803/868/1003
f 855/898/1039 862/900/1041 1018/901/1042
f 389/895/1036 1018/901/1042 813/902/1043
f 813/902/1043 476/903/1044 391/957/1106
f 1018/901/1042 392/904/1045 476/903/1044
f 372/847/979 652/848/980 658/906/1047
f 393/905/1046 658/906/1047 394/907/1048
f 658/906/1047 651/846/978 693/908/1049
f 394/907/1048 693/908/1049 395/917/1059
f 396/909/1050 798/876/1051 487/910/1247
f 487/910/1052 372/847/979 393/905/1046
f 382/875/1012 625/911/1053 793/874/1010
f 793/874/1010 815/912/1054 381/872/1008
f 625/911/1053 397/973/1127 815/912/1054
f 398/913/1055 488/915/1057 399/1064/1248
f 864/914/1056 384/916/1058 488/915/1057
f 693/908/1049 371/883/1022 1019/918/1060
f 395/917/1061 864/914/1056 398/913/1055
f 1019/918/1062 383/881/1020 864/914/1056
f 601/919/1063 546/807/930 348/806/929
f 601/919/1063 347/805/928 546/807/930
f 400/921/1065 497/920/1064 601/919/1063
f 401/922/1066 1020/924/1068 497/920/1064
f 497/920/1064 666/804/927 347/805/928
f 1020/924/1068 342/788/907 666/804/927
f 753/923/1067 656/863/998 1020/924/1068
f 402/925/1069 738/927/1071 403/932/1076
f 694/926/1070 404/929/1073 738/927/1071
f 386/886/1026 602/931/1075 385/887/1027
f 626/930/1074 403/932/1076 602/931/1075
f 694/926/1070 695/933/1077 489/934/1078
f 405/928/1072 489/934/1078 406/937/1123
f 489/934/1079 409/936/1082 554/938/1084
f 406/937/1083 554/938/1084 408/939/1085
f 408/939/1085 720/940/1086 410/971/1124
f 554/938/1084 411/941/1087 720/940/1086
f 388/892/1032 754/942/1088 691/893/1033
f 691/893/1033 407/935/1081 387/890/1034
f 626/930/1074 387/890/1030 695/933/1077
f 695/933/1080 387/890/1034 407/935/1081
f 755/943/1089 413/945/1091 696/946/1249
f 755/943/1092 720/940/1086 411/941/1087
f 696/946/1093 410/971/1124 720/940/1086
f 491/947/1094 817/949/1096 1021/950/1100
f 1021/950/1098 411/941/1087 415/951/1099
f 1021/950/1100 412/944/1090 755/943/1089
f 865/953/1102 413/945/1091 412/944/1090
f 416/952/1101 412/944/1090 594/1065/1250
f 594/1065/1250 412/944/1090 417/958/1107
f 409/936/1082 784/954/1103 411/941/1087
f 388/892/1032 1022/955/1104 784/954/1103
f 784/954/1103 453/956/1105 415/951/1099
f 1022/955/1104 391/957/1106 453/956/1105
f 750/894/1035 813/902/1043 1022/955/1104
f 417/958/1107 817/949/1096 659/959/1108
f 659/959/1108 414/948/1095 418/1066/1251
f 414/948/1095 733/961/1110 418/1066/1251
f 733/961/1110 420/962/1111 419/967/1119
f 512/963/1112 830/965/1114 476/903/1116
f 476/903/1116 420/962/1111 391/957/1117
f 391/957/1117 493/960/1109 1023/966/1252
f 1023/966/1118 415/951/1099 453/956/1105
f 493/960/1109 491/947/1094 1023/966/1252
f 419/967/1119 830/965/1114 773/968/1120
f 773/968/1120 421/964/1113 422/988/1143
f 395/917/1059 603/969/1121 394/907/1048
f 603/969/1121 408/939/1085 490/970/1122
f 398/913/1055 406/937/1123 603/969/1253
f 398/913/1055 603/969/1253 395/917/1061
f 394/907/1048 490/970/1122 393/905/1046
f 396/909/1050 487/910/1247 1024/972/1125
f 413/945/1091 1024/972/1125 696/946/1249
f 696/946/1093 490/970/1122 410/971/1124
f 1024/972/1126 393/905/1046 490/970/1122
f 625/911/1053 396/909/1050 865/953/1102
f 397/973/1127 865/953/1102 697/1067/1254
f 697/1067/1254 865/953/1102 416/952/1101
f 405/928/1072 816/974/1128 404/929/1073
f 398/913/1055 399/1064/1248 816/974/1128
f 423/975/1129 1025/977/1131 606/978/1132
f 606/978/1132 753/923/1067 401/922/1066
f 1025/977/1131 378/860/995 753/923/1067
f 867/976/1130 751/979/1133 1025/977/1131
f 424/980/1134 1026/982/1136 752/983/1137
f 752/983/1137 867/976/1130 423/975/1129
f 1026/982/1136 390/899/1040 867/976/1130
f 527/981/1135 862/900/1041 1026/982/1136
f 390/899/1040 1027/984/1138 751/979/1133
f 751/979/1133 787/861/996 378/860/995
f 1027/984/1138 379/865/1000 787/861/996
f 855/898/1039 812/897/1038 1027/984/1138
f 425/985/1139 1028/987/1141 424/980/1158
f 527/981/1135 512/963/1115 392/904/1045
f 1028/987/1141 421/964/1113 512/963/1112
f 422/988/1143 869/986/1140 470/989/1144
f 470/989/1144 425/985/1139 426/1068/1255
f 427/991/1146 601/919/1063 494/990/1145
f 3/992/1147 427/991/1146 494/990/1145
f 540/995/1150 401/922/1066 400/921/1065
f 423/975/1129 606/978/1132 540/995/1150
f 429/996/1151 1029/998/1153 504/999/1154
f 504/999/1154 423/975/1129 428/994/1149
f 819/997/1152 752/983/1137 1029/998/1153
f 430/1000/1155 819/997/1157 429/996/1172
f 899/1001/1156 424/980/1158 819/997/1157
f 425/985/1139 473/1002/1160 426/1068/1255
f 899/1001/1159 431/1003/1162 473/1002/1160
f 400/921/1065 541/1004/1163 540/995/1150
f 541/1004/1163 432/1013/1176 428/994/1149
f 433/1005/1164 504/999/1154 499/1007/1166
f 499/1007/1166 428/994/1149 432/1013/1176
f 430/1000/1161 700/1009/1168 431/1003/1162
f 664/1008/1167 434/1011/1170 700/1009/1168
f 664/1008/1171 429/996/1172 608/1006/1174
f 435/1010/1173 608/1006/1174 433/1005/1179
f 1030/1012/1175 432/1013/1176 503/1017/1181
f 582/1014/1177 499/1007/1166 1030/1012/1175
f 475/1015/1178 433/1005/1179 582/1014/1256
f 2/993/1148 541/1004/1163 427/991/1146
f 1031/1016/1180 432/1013/1176 541/1004/1163
f 435/1010/1169 870/1018/1183 434/1011/1170
f 1070/1069/1257 1083/1070/1258 1092/1071/1259
f 1046/1072/1260 1086/1073/1261 1047/1074/1262
f 1043/1075/1263 1068/1076/1264 1042/1077/1265
f 1054/1078/1266 1034/1079/1267 1069/1080/1268
f 1040/1081/1269 1032/1082/1270 1043/1075/1263
f 1087/1083/1271 1048/1084/1272 1033/1085/1273
f 1059/1086/1274 1090/1087/1275 1036/1088/1276
f 1045/1089/1277 1076/1090/1278 1044/1091/1279
f 1050/1092/1280 1051/1093/1281 1049/1094/1282
f 1055/1095/1283 1080/1096/1284 1054/1078/1266
f 1075/1097/1285 1076/1090/1278 1045/1089/1277
f 1036/1088/1286 1062/1098/1287 1061/1099/1288
f 1079/1100/1289 1080/1096/1284 1055/1095/1283
f 1058/1101/1290 1057/1102/1291 1056/1103/1292
f 1065/1104/1293 1084/1105/1294 1066/1106/1295
f 1094/1107/1296 1040/1081/1269 1041/1108/1297
f 1049/1094/1282 1078/1109/1298 1052/1110/1299
f 1089/1111/1300 1058/1101/1301 1034/1079/1267
f 1065/1104/1293 1066/1106/1295 1064/1112/1302
f 1052/1110/1299 1055/1095/1283 1053/1113/1303
f 1037/1114/1304 1071/1115/1305 1093/1116/1306
f 1082/1117/1307 1063/1118/1308 1062/1098/1287
f 1033/1085/1273 1086/1073/1261 1087/1083/1271
f 1037/1114/1304 1038/1119/1309 1067/1120/1310
f 1055/1095/1283 1078/1109/1298 1088/1121/1311
f 1044/1091/1279 1077/1122/1312 1046/1072/1260
f 1060/1123/1313 1059/1086/1314 1036/1088/1286
f 1034/1079/1267 1081/1124/1315 1089/1111/1300
f 1035/1125/1316 1059/1086/1274 1057/1102/1291
f 1033/1085/1273 1048/1084/1272 1050/1092/1280
f 1041/1108/1297 1038/1119/1309 1094/1107/1296
f 1092/1071/1259 1064/1112/1302 1070/1069/1257
f 1068/1076/1317 1075/1097/1285 1045/1089/1277
f 1036/1088/1286 1061/1099/1288 1060/1123/1313
f 1070/1069/1257 1063/1118/1308 1083/1070/1258
f 1038/1119/1309 1095/1126/1318 1094/1107/1296
f 1046/1072/1260 1077/1122/1312 1086/1073/1261
f 1093/1116/1306 1071/1115/1305 1085/1127/1319
f 1043/1075/1263 1032/1082/1270 1068/1076/1264
f 1066/1106/1295 1084/1105/1294 1085/1127/1319
f 1054/1078/1266 1080/1096/1284 1034/1079/1267
f 1040/1081/1269 1074/1128/1320 1032/1082/1270
f 1071/1115/1305 1037/1114/1304 1067/1120/1310
f 1059/1086/1274 1091/1129/1321 1090/1087/1275
f 1050/1092/1280 1048/1084/1272 1051/1093/1281
f 1036/1088/1286 1082/1117/1307 1062/1098/1287
f 1073/1130/1322 1095/1126/1318 1038/1119/1309
f 1047/1074/1262 1086/1073/1261 1033/1085/1273
f 1058/1101/1290 1035/1125/1316 1057/1102/1291
f 1042/1077/1265 1068/1076/1264 1045/1089/1323
f 1088/1121/1311 1079/1100/1289 1055/1095/1283
f 1094/1107/1296 1074/1128/1320 1040/1081/1269
f 1071/1115/1305 1072/1131/1324 1085/1127/1319
f 1080/1096/1284 1081/1124/1315 1034/1079/1267
f 1049/1094/1282 1051/1093/1281 1078/1109/1298
f 1052/1110/1299 1078/1109/1298 1055/1095/1283
f 1082/1117/1307 1083/1070/1258 1063/1118/1308
f 1037/1114/1304 1073/1130/1322 1038/1119/1309
f 1044/1091/1279 1076/1090/1278 1077/1122/1312
f 1066/1106/1295 1085/1127/1319 1072/1131/1324
f 1035/1125/1316 1091/1129/1321 1059/1086/1274
f 1041/1108/1297 1039/1132/1325 1038/1119/1309
f 1092/1071/1259 1065/1104/1293 1064/1112/1302
f 1034/1079/1326 1058/1101/1290 1056/1103/1292
f 1097/1133/1327 1096/1134/1328 1260/1135/1329
f 1271/1136/1330 1260/1135/1329 1099/1137/1331
f 1261/1138/1332 1100/1139/1333 1222/1140/1334
f 1096/1134/1328 1261/1138/1335 1299/1141/1336
f 1260/1135/1329 1299/1141/1336 1286/1142/1337
f 1299/1141/1338 1222/1140/1334 1106/1143/1339
f 1099/1137/1331 1101/1144/1340 1102/1145/1341
f 1099/1137/1331 1204/1146/1342 1098/1147/1343
f 1104/1148/1344 1253/1149/1345 1240/1150/1346
f 1253/1149/1345 1102/1145/1341 1101/1144/1340
f 1104/1148/1344 1240/1150/1346 1300/1151/1347
f 1105/1152/1348 1272/1153/1349 1300/1151/1350
f 1300/1151/1350 1292/1154/1351 1108/1155/1352
f 1240/1150/1346 1101/1144/1340 1292/1154/1353
f 1106/1143/1339 1108/1155/1352 1292/1154/1351
f 1286/1142/1337 1292/1154/1353 1101/1144/1340
f 1224/1156/1354 1106/1143/1355 1222/1140/1334
f 1110/1157/1356 1224/1156/1354 1223/1158/1357
f 1223/1158/1357 1222/1140/1334 1100/1139/1333
f 1108/1155/1358 1106/1143/1355 1224/1156/1354
f 1254/1159/1359 1224/1156/1354 1262/1160/1360
f 1206/1161/1361 1105/1152/1348 1284/1162/1362
f 1111/1163/1363 1206/1161/1361 1301/1164/1364
f 1263/1165/1365 1301/1164/1364 1254/1159/1359
f 1301/1164/1364 1284/1162/1362 1108/1155/1358
f 1280/1166/1366 1112/1167/1367 1193/1168/1368
f 1097/1133/1327 1280/1166/1366 1302/1169/1369
f 1097/1133/1327 1302/1169/1369 1269/1170/1370
f 1302/1169/1369 1193/1168/1368 1113/1171/1371
f 1287/1172/1372 1116/1173/1373 1288/1174/1374
f 1287/1172/1375 1303/1175/1376 1269/1170/1370
f 1269/1170/1370 1303/1175/1376 1261/1138/1335
f 1303/1175/1377 1288/1174/1374 1100/1139/1333
f 1112/1167/1367 1290/1176/1378 1304/1177/1379
f 1193/1168/1368 1304/1177/1379 1294/1178/1380
f 1304/1177/1379 1296/1179/1381 1114/1180/1382
f 1290/1176/1378 1115/1181/1383 1296/1179/1381
f 1281/1182/1384 1116/1173/1373 1287/1172/1372
f 1117/1183/1385 1281/1182/1384 1305/1184/1386
f 1255/1185/1387 1305/1184/1388 1294/1178/1380
f 1305/1184/1388 1287/1172/1375 1113/1171/1371
f 1118/1186/1389 1285/1187/1390 1306/1188/1391
f 1213/1189/1392 1306/1188/1391 1114/1180/1382
f 1306/1188/1391 1255/1185/1387 1114/1180/1382
f 1285/1187/1390 1117/1183/1385 1255/1185/1387
f 1119/1190/1393 1114/1180/1382 1296/1179/1381
f 1116/1173/1373 1281/1182/1384 1307/1191/1394
f 1288/1174/1374 1307/1191/1394 1223/1158/1357
f 1307/1191/1394 1293/1192/1395 1107/1193/1396
f 1281/1182/1384 1117/1183/1385 1293/1192/1395
f 1282/1194/1397 1123/1195/1398 1221/1196/1399
f 1104/1148/1344 1282/1194/1397 1270/1197/1400
f 1270/1197/1400 1221/1196/1399 1124/1198/1401
f 1199/1199/1402 1122/1200/1403 1205/1201/1404
f 1121/1202/1405 1199/1199/1402 1308/1203/1406
f 1191/1204/1407 1308/1203/1406 1206/1161/1361
f 1308/1203/1406 1205/1201/1404 1105/1152/1348
f 1205/1201/1404 1122/1200/1408 1208/1205/1409
f 1205/1201/1404 1309/1206/1410 1272/1153/1349
f 1272/1153/1411 1309/1206/1412 1282/1194/1397
f 1309/1206/1412 1208/1205/1413 1123/1195/1398
f 1280/1166/1366 1097/1133/1327 1127/1207/1414
f 1112/1167/1367 1280/1166/1366 1209/1208/1415
f 1271/1136/1330 1098/1147/1343 1194/1209/1416
f 1097/1133/1327 1271/1136/1330 1219/1210/1417
f 1219/1210/1417 1194/1209/1416 1128/1211/1418
f 1296/1179/1381 1234/1212/1419 1256/1213/1420
f 1115/1181/1383 1130/1214/1421 1234/1212/1419
f 1126/1215/1422 1297/1216/1423 1290/1176/1378
f 1290/1176/1378 1297/1216/1423 1130/1214/1421
f 1204/1146/1342 1102/1145/1341 1131/1217/1424
f 1257/1218/1425 1132/1219/1426 1103/1220/1427
f 1125/1221/1428 1257/1218/1425 1270/1197/1400
f 1231/1222/1429 1257/1218/1425 1237/1223/1430
f 1257/1218/1425 1258/1224/1431 1134/1225/1432
f 1257/1218/1425 1125/1221/1428 1258/1224/1431
f 1103/1220/1427 1196/1226/1433 1253/1149/1345
f 1196/1226/1433 1131/1217/1424 1102/1145/1341
f 1137/1227/1434 1128/1211/1418 1197/1228/1435
f 1137/1227/1434 1220/1229/1436 1310/1230/1437
f 1128/1211/1418 1310/1230/1437 1219/1210/1417
f 1310/1230/1437 1217/1231/1438 1127/1207/1414
f 1220/1229/1436 1139/1232/1439 1217/1231/1438
f 1131/1217/1424 1196/1226/1433 1311/1233/1440
f 1132/1219/1426 1140/1234/1441 1138/1235/1442
f 1141/1236/1443 1130/1214/1421 1297/1216/1423
f 1297/1216/1423 1126/1215/1422 1143/1237/1444
f 1234/1212/1419 1141/1236/1443 1243/1238/1445
f 1139/1232/1439 1244/1239/1446 1209/1208/1415
f 1244/1239/1446 1143/1237/1444 1126/1215/1422
f 1144/1240/1447 1198/1241/1448 1207/1242/1449
f 1198/1241/1448 1135/1243/1450 1136/1244/1451
f 1133/1245/1452 1237/1223/1453 1198/1241/1454
f 1237/1223/1453 1134/1225/1455 1135/1243/1456
f 1139/1232/1439 1220/1229/1436 1312/1246/1457
f 1245/1247/1458 1312/1246/1457 1226/1248/1459
f 1312/1246/1457 1137/1227/1434 1138/1235/1442
f 1147/1249/1460 1259/1250/1461 1298/1251/1462
f 1259/1250/1461 1144/1240/1447 1145/1252/1463
f 1148/1253/1464 1239/1254/1465 1259/1250/1466
f 1239/1254/1465 1133/1245/1452 1144/1240/1467
f 1140/1234/1441 1132/1219/1426 1231/1222/1429
f 1140/1234/1441 1231/1222/1429 1239/1254/1468
f 1246/1255/1469 1149/1256/1470 1227/1257/1471
f 1140/1234/1441 1246/1255/1469 1313/1258/1472
f 1138/1235/1442 1313/1258/1472 1226/1248/1459
f 1313/1258/1472 1227/1257/1471 1146/1259/1473
f 1141/1236/1443 1151/1260/1474 1200/1261/1475
f 1141/1236/1443 1200/1261/1475 1150/1262/1476
f 1289/1263/1477 1152/1264/1478 1283/1265/1479
f 1146/1259/1473 1289/1263/1477 1314/1266/1480
f 1245/1247/1458 1314/1266/1480 1244/1239/1446
f 1314/1266/1480 1283/1265/1479 1143/1237/1444
f 1152/1264/1478 1211/1267/1481 1295/1268/1482
f 1295/1268/1482 1151/1260/1474 1141/1236/1443
f 1153/1269/1483 1278/1270/1484 1264/1271/1485
f 1278/1270/1484 1147/1249/1460 1155/1272/1486
f 1156/1273/1487 1216/1274/1488 1278/1270/1489
f 1216/1274/1488 1148/1253/1464 1147/1249/1490
f 1149/1256/1470 1246/1255/1469 1315/1275/1491
f 1156/1273/1492 1247/1276/1493 1315/1275/1491
f 1315/1275/1491 1140/1234/1441 1148/1253/1494
f 1157/1277/1495 1211/1267/1481 1268/1278/1496
f 1211/1267/1481 1152/1264/1478 1158/1279/1497
f 1151/1260/1474 1157/1277/1495 1159/1280/1498
f 1200/1261/1475 1159/1280/1498 1201/1281/1499
f 1149/1256/1470 1241/1282/1500 1316/1283/1501
f 1227/1257/1471 1316/1283/1501 1289/1263/1477
f 1316/1283/1501 1158/1279/1497 1152/1264/1478
f 1160/1284/1502 1163/1285/1503 1162/1286/1504
f 1160/1284/1502 1229/1287/1505 1163/1285/1503
f 1274/1288/1506 1232/1289/1507 1233/1290/1508
f 1232/1289/1507 1160/1284/1502 1161/1291/1509
f 1160/1284/1510 1167/1292/1511 1214/1293/1512
f 1229/1287/1513 1214/1293/1512 1166/1294/1514
f 1249/1295/1515 1162/1286/1504 1163/1285/1503
f 1168/1296/1516 1249/1295/1515 1163/1285/1503
f 1169/1297/1517 1163/1285/1518 1166/1294/1514
f 1167/1292/1511 1160/1284/1510 1232/1289/1519
f 1232/1289/1519 1164/1298/1520 1171/1299/1521
f 1164/1298/1520 1275/1300/1522 1242/1301/1523
f 1275/1300/1522 1174/1302/1524 1250/1303/1525
f 1172/1304/1526 1250/1303/1525 1276/1305/1527
f 1215/1306/1528 1203/1307/1529 1274/1288/1506
f 1174/1302/1530 1275/1300/1531 1274/1288/1506
f 1275/1300/1531 1164/1298/1532 1274/1288/1506
f 1241/1282/1500 1149/1256/1470 1235/1308/1533
f 1158/1279/1497 1241/1282/1500 1277/1309/1534
f 1277/1309/1534 1235/1308/1533 1178/1310/1535
f 1149/1256/1470 1247/1276/1493 1317/1311/1536
f 1235/1308/1533 1317/1311/1536 1202/1312/1537
f 1317/1311/1536 1192/1313/1538 1179/1314/1539
f 1247/1276/1493 1156/1273/1492 1192/1313/1538
f 1180/1315/1540 1210/1316/1541 1192/1313/1542
f 1251/1317/1543 1192/1313/1542 1156/1273/1487
f 1210/1316/1544 1179/1314/1539 1192/1313/1538
f 1180/1315/1545 1251/1317/1546 1265/1318/1547
f 1251/1317/1546 1153/1269/1483 1154/1319/1548
f 1182/1320/1549 1168/1296/1550 1169/1297/1551
f 1268/1278/1496 1158/1279/1497 1177/1321/1552
f 1184/1322/1553 1214/1293/1512 1202/1312/1537
f 1214/1293/1512 1167/1292/1511 1185/1323/1554
f 1184/1322/1553 1236/1324/1555 1166/1294/1514
f 1236/1324/1555 1186/1325/1556 1170/1326/1557
f 1170/1326/1558 1186/1325/1559 1267/1327/1560
f 1252/1328/1561 1267/1327/1560 1187/1329/1562
f 1188/1330/1563 1172/1304/1526 1189/1331/1564
f 1273/1332/1565 1189/1331/1565 1173/1333/1565
f 1190/1334/1566 1171/1299/1521 1242/1301/1523
f 1212/1335/1567 1318/1336/1568 1172/1304/1526
f 1318/1336/1568 1242/1301/1523 1172/1304/1526
f 1185/1323/1554 1167/1292/1511 1248/1337/1569
f 1248/1337/1569 1218/1338/1570 1171/1299/1521
f 1202/1312/1537 1185/1323/1554 1178/1310/1535
f 1186/1325/1556 1236/1324/1555 1319/1339/1571
f 1225/1340/1572 1319/1339/1571 1210/1316/1541
f 1236/1324/1555 1184/1322/1553 1179/1314/1539
f 1177/1321/1552 1277/1309/1534 1320/1341/1573
f 1190/1334/1566 1279/1342/1574 1320/1341/1573
f 1277/1309/1534 1178/1310/1535 1185/1323/1554
f 1267/1327/1560 1186/1325/1559 1225/1340/1575
f 1187/1329/1562 1267/1327/1560 1225/1340/1575
f 1230/1343/1576 1225/1340/1575 1180/1315/1545
f 1266/1344/1577 1157/1277/1495 1188/1330/1563
f 1183/1345/1578 1266/1344/1577 1189/1331/1564
f 1157/1277/1495 1268/1278/1496 1212/1335/1567
f 1268/1278/1496 1177/1321/1552 1279/1342/1574
f 1097/1133/1327 1260/1135/1329 1271/1136/1330
f 1271/1136/1330 1099/1137/1331 1098/1147/1343
f 1261/1138/1332 1222/1140/1334 1299/1141/1338
f 1096/1134/1328 1299/1141/1336 1260/1135/1329
f 1260/1135/1329 1286/1142/1337 1099/1137/1331
f 1299/1141/1338 1106/1143/1339 1286/1142/1579
f 1099/1137/1331 1102/1145/1341 1204/1146/1342
f 1103/1220/1427 1253/1149/1345 1104/1148/1344
f 1253/1149/1345 1101/1144/1340 1240/1150/1346
f 1104/1148/1344 1300/1151/1347 1272/1153/1411
f 1105/1152/1348 1300/1151/1350 1284/1162/1362
f 1300/1151/1350 1108/1155/1352 1284/1162/1362
f 1240/1150/1346 1292/1154/1353 1300/1151/1347
f 1106/1143/1339 1292/1154/1351 1286/1142/1579
f 1286/1142/1337 1101/1144/1340 1099/1137/1331
f 1224/1156/1354 1222/1140/1334 1223/1158/1357
f 1110/1157/1356 1223/1158/1357 1291/1346/1580
f 1291/1346/1580 1223/1158/1357 1107/1193/1396
f 1108/1155/1358 1224/1156/1354 1254/1159/1359
f 1254/1159/1359 1262/1160/1360 1109/1347/1581
f 1224/1156/1354 1110/1157/1356 1262/1160/1360
f 1206/1161/1361 1284/1162/1362 1301/1164/1364
f 1111/1163/1363 1301/1164/1364 1263/1165/1365
f 1263/1165/1365 1254/1159/1359 1109/1347/1581
f 1301/1164/1364 1108/1155/1358 1254/1159/1359
f 1280/1166/1366 1193/1168/1368 1302/1169/1369
f 1097/1133/1327 1269/1170/1370 1096/1134/1328
f 1302/1169/1369 1113/1171/1371 1269/1170/1370
f 1287/1172/1372 1288/1174/1374 1303/1175/1377
f 1287/1172/1375 1269/1170/1370 1113/1171/1371
f 1269/1170/1370 1261/1138/1335 1096/1134/1328
f 1303/1175/1377 1100/1139/1333 1261/1138/1332
f 1112/1167/1367 1304/1177/1379 1193/1168/1368
f 1193/1168/1368 1294/1178/1380 1113/1171/1371
f 1304/1177/1379 1114/1180/1382 1294/1178/1380
f 1290/1176/1378 1296/1179/1381 1304/1177/1379
f 1281/1182/1384 1287/1172/1372 1305/1184/1386
f 1117/1183/1385 1305/1184/1386 1255/1185/1387
f 1255/1185/1387 1294/1178/1380 1114/1180/1382
f 1305/1184/1388 1113/1171/1371 1294/1178/1380
f 1118/1186/1389 1306/1188/1391 1213/1189/1392
f 1213/1189/1392 1114/1180/1382 1119/1190/1393
f 1285/1187/1390 1255/1185/1387 1306/1188/1391
f 1119/1190/1393 1296/1179/1381 1120/1348/1582
f 1116/1173/1373 1307/1191/1394 1288/1174/1374
f 1288/1174/1374 1223/1158/1357 1100/1139/1333
f 1307/1191/1394 1107/1193/1396 1223/1158/1357
f 1281/1182/1384 1293/1192/1395 1307/1191/1394
f 1282/1194/1397 1221/1196/1399 1270/1197/1400
f 1104/1148/1344 1270/1197/1400 1103/1220/1427
f 1199/1199/1402 1205/1201/1404 1308/1203/1406
f 1121/1202/1405 1308/1203/1406 1191/1204/1407
f 1191/1204/1407 1206/1161/1361 1111/1163/1363
f 1308/1203/1406 1105/1152/1348 1206/1161/1361
f 1205/1201/1404 1208/1205/1409 1309/1206/1410
f 1205/1201/1404 1272/1153/1349 1105/1152/1348
f 1272/1153/1411 1282/1194/1397 1104/1148/1344
f 1309/1206/1412 1123/1195/1398 1282/1194/1397
f 1112/1167/1367 1209/1208/1415 1126/1215/1422
f 1280/1166/1366 1127/1207/1414 1209/1208/1415
f 1271/1136/1330 1194/1209/1416 1219/1210/1417
f 1097/1133/1327 1219/1210/1417 1127/1207/1414
f 1115/1181/1383 1234/1212/1419 1296/1179/1381
f 1296/1179/1381 1256/1213/1420 1120/1348/1582
f 1234/1212/1419 1129/1349/1583 1256/1213/1420
f 1126/1215/1422 1290/1176/1378 1112/1167/1367
f 1290/1176/1378 1130/1214/1421 1115/1181/1383
f 1204/1146/1342 1131/1217/1424 1098/1147/1343
f 1098/1147/1343 1131/1217/1424 1194/1209/1416
f 1257/1218/1425 1103/1220/1427 1270/1197/1400
f 1125/1221/1428 1270/1197/1400 1228/1350/1584
f 1228/1350/1584 1270/1197/1400 1124/1198/1401
f 1132/1219/1426 1257/1218/1425 1231/1222/1429
f 1231/1222/1429 1237/1223/1430 1133/1245/1585
f 1257/1218/1425 1134/1225/1432 1237/1223/1430
f 1132/1219/1426 1196/1226/1433 1103/1220/1427
f 1196/1226/1433 1102/1145/1341 1253/1149/1345
f 1137/1227/1434 1197/1228/1435 1138/1235/1442
f 1197/1228/1435 1194/1209/1416 1131/1217/1424
f 1197/1228/1435 1128/1211/1418 1194/1209/1416
f 1137/1227/1434 1310/1230/1437 1128/1211/1418
f 1310/1230/1437 1127/1207/1414 1219/1210/1417
f 1220/1229/1436 1217/1231/1438 1310/1230/1437
f 1196/1226/1433 1132/1219/1426 1311/1233/1440
f 1131/1217/1424 1311/1233/1440 1197/1228/1435
f 1311/1233/1440 1138/1235/1442 1197/1228/1435
f 1132/1219/1426 1138/1235/1442 1311/1233/1440
f 1141/1236/1443 1297/1216/1423 1295/1268/1482
f 1297/1216/1423 1143/1237/1444 1295/1268/1482
f 1130/1214/1421 1141/1236/1443 1234/1212/1419
f 1234/1212/1419 1243/1238/1445 1129/1349/1583
f 1141/1236/1443 1142/1351/1586 1243/1238/1445
f 1139/1232/1439 1209/1208/1415 1217/1231/1438
f 1217/1231/1438 1209/1208/1415 1127/1207/1414
f 1244/1239/1446 1126/1215/1422 1209/1208/1415
f 1144/1240/1447 1207/1242/1449 1145/1252/1463
f 1198/1241/1448 1136/1244/1451 1207/1242/1449
f 1133/1245/1452 1198/1241/1454 1144/1240/1467
f 1237/1223/1453 1135/1243/1456 1198/1241/1454
f 1220/1229/1436 1137/1227/1434 1312/1246/1457
f 1139/1232/1439 1312/1246/1457 1245/1247/1458
f 1245/1247/1458 1226/1248/1459 1146/1259/1473
f 1312/1246/1457 1138/1235/1442 1226/1248/1459
f 1147/1249/1460 1298/1251/1462 1155/1272/1486
f 1259/1250/1461 1145/1252/1463 1298/1251/1462
f 1148/1253/1464 1259/1250/1466 1147/1249/1490
f 1239/1254/1465 1144/1240/1467 1259/1250/1466
f 1140/1234/1441 1239/1254/1468 1148/1253/1494
f 1231/1222/1429 1133/1245/1585 1239/1254/1468
f 1246/1255/1469 1227/1257/1471 1313/1258/1472
f 1140/1234/1441 1313/1258/1472 1138/1235/1442
f 1313/1258/1472 1146/1259/1473 1226/1248/1459
f 1141/1236/1443 1150/1262/1476 1142/1351/1586
f 1289/1263/1477 1283/1265/1479 1314/1266/1480
f 1146/1259/1473 1314/1266/1480 1245/1247/1458
f 1245/1247/1458 1244/1239/1446 1139/1232/1439
f 1314/1266/1480 1143/1237/1444 1244/1239/1446
f 1152/1264/1478 1295/1268/1482 1283/1265/1479
f 1283/1265/1479 1295/1268/1482 1143/1237/1444
f 1211/1267/1481 1151/1260/1474 1295/1268/1482
f 1153/1269/1483 1264/1271/1485 1154/1319/1548
f 1278/1270/1484 1155/1272/1486 1264/1271/1485
f 1156/1273/1487 1278/1270/1489 1153/1269/1587
f 1216/1274/1488 1147/1249/1490 1278/1270/1489
f 1149/1256/1470 1315/1275/1491 1247/1276/1493
f 1156/1273/1492 1315/1275/1491 1216/1274/1588
f 1315/1275/1491 1148/1253/1494 1216/1274/1588
f 1246/1255/1469 1140/1234/1441 1315/1275/1491
f 1151/1260/1474 1211/1267/1481 1157/1277/1495
f 1211/1267/1481 1158/1279/1497 1268/1278/1496
f 1151/1260/1474 1159/1280/1498 1200/1261/1475
f 1200/1261/1475 1201/1281/1499 1150/1262/1476
f 1157/1277/1495 1266/1344/1577 1159/1280/1498
f 1149/1256/1470 1316/1283/1501 1227/1257/1471
f 1227/1257/1471 1289/1263/1477 1146/1259/1473
f 1316/1283/1501 1152/1264/1478 1289/1263/1477
f 1241/1282/1500 1158/1279/1497 1316/1283/1501
f 1160/1284/1502 1238/1352/1589 1161/1291/1509
f 1160/1284/1502 1162/1286/1504 1238/1352/1589
f 1164/1298/1532 1232/1289/1507 1274/1288/1506
f 1274/1288/1506 1233/1290/1508 1165/1353/1590
f 1232/1289/1507 1161/1291/1509 1233/1290/1508
f 1160/1284/1510 1214/1293/1512 1229/1287/1513
f 1229/1287/1513 1166/1294/1514 1163/1285/1518
f 1168/1296/1516 1163/1285/1503 1169/1297/1591
f 1169/1297/1517 1166/1294/1514 1170/1326/1557
f 1167/1292/1511 1232/1289/1519 1218/1338/1570
f 1232/1289/1519 1171/1299/1521 1218/1338/1570
f 1164/1298/1520 1242/1301/1523 1171/1299/1521
f 1242/1301/1523 1250/1303/1525 1172/1304/1526
f 1275/1300/1522 1250/1303/1525 1242/1301/1523
f 1172/1304/1526 1276/1305/1527 1173/1333/1592
f 1250/1303/1525 1174/1302/1524 1276/1305/1527
f 1175/1354/1593 1203/1307/1529 1215/1306/1528
f 1215/1306/1528 1274/1288/1506 1176/1355/1594
f 1203/1307/1529 1174/1302/1530 1274/1288/1506
f 1274/1288/1506 1195/1356/1595 1176/1355/1594
f 1274/1288/1506 1165/1353/1590 1195/1356/1595
f 1241/1282/1500 1235/1308/1533 1277/1309/1534
f 1158/1279/1497 1277/1309/1534 1177/1321/1552
f 1149/1256/1470 1317/1311/1536 1235/1308/1533
f 1235/1308/1533 1202/1312/1537 1178/1310/1535
f 1317/1311/1536 1179/1314/1539 1202/1312/1537
f 1247/1276/1493 1192/1313/1538 1317/1311/1536
f 1180/1315/1540 1192/1313/1542 1251/1317/1543
f 1251/1317/1543 1156/1273/1487 1153/1269/1587
f 1180/1315/1545 1265/1318/1547 1181/1357/1596
f 1251/1317/1546 1154/1319/1548 1265/1318/1547
f 1252/1328/1561 1169/1297/1551 1170/1326/1558
f 1182/1320/1549 1169/1297/1551 1252/1328/1561
f 1266/1344/1577 1183/1345/1578 1159/1280/1498
f 1214/1293/1512 1184/1322/1553 1166/1294/1514
f 1214/1293/1512 1185/1323/1554 1202/1312/1537
f 1236/1324/1555 1170/1326/1557 1166/1294/1514
f 1170/1326/1558 1267/1327/1560 1252/1328/1561
f 1252/1328/1561 1187/1329/1562 1182/1320/1549
f 1172/1304/1526 1173/1333/1592 1189/1331/1564
f 1190/1334/1566 1242/1301/1523 1318/1336/1568
f 1190/1334/1566 1318/1336/1568 1212/1335/1567
f 1212/1335/1567 1172/1304/1526 1188/1330/1563
f 1167/1292/1511 1218/1338/1570 1248/1337/1569
f 1248/1337/1569 1171/1299/1521 1190/1334/1566
f 1184/1322/1553 1202/1312/1537 1179/1314/1539
f 1186/1325/1556 1319/1339/1571 1225/1340/1572
f 1225/1340/1572 1210/1316/1541 1180/1315/1540
f 1319/1339/1571 1179/1314/1539 1210/1316/1544
f 1236/1324/1555 1179/1314/1539 1319/1339/1571
f 1177/1321/1552 1320/1341/1573 1279/1342/1574
f 1190/1334/1566 1320/1341/1573 1248/1337/1569
f 1320/1341/1573 1185/1323/1554 1248/1337/1569
f 1277/1309/1534 1185/1323/1554 1320/1341/1573
f 1187/1329/1562 1225/1340/1575 1230/1343/1576
f 1230/1343/1576 1180/1315/1545 1181/1357/1596
f 1266/1344/1577 1188/1330/1563 1189/1331/1564
f 1157/1277/1495 1212/1335/1567 1188/1330/1563
f 1212/1335/1567 1279/1342/1574 1190/1334/1566
f 1268/1278/1496 1279/1342/1574 1212/1335/1567
f 1407/1358/1597 1579/1359/1598 1660/1360/1599
f 1660/1360/1599 1334/1361/1600 1396/1362/1601
f 1408/1363/1602 1336/1364/1603 1397/1365/1604
f 1334/1361/1600 1335/1366/1605 1661/1367/1606
f 1396/1362/1601 1661/1367/1606 1404/1368/1607
f 1336/1364/1603 1578/1369/1608 1659/1370/1609
f 1659/1370/1609 1333/1371/1610 1407/1358/1597
f 1337/1372/1611 1585/1373/1612 1580/1374/1613
f 1585/1373/1612 1342/1375/1614 1586/1376/1615
f 1580/1374/1613 1586/1376/1615 1336/1364/1603
f 1587/1377/1616 1341/1378/1617 1335/1366/1605
f 1586/1376/1615 1584/1379/1618 1578/1369/1608
f 1578/1369/1608 1338/1380/1619 1333/1371/1610
f 1333/1371/1610 1853/1381/1620 1579/1359/1598
f 1333/1371/1610 1339/1382/1621 1853/1381/1620
f 1853/1381/1620 1339/1382/1621 1587/1377/1616
f 1579/1359/1598 1587/1377/1616 1334/1361/1600
f 1596/1383/1622 1410/1384/1623 1398/1385/1624
f 1343/1386/1625 1345/1387/1626 1663/1388/1627
f 1663/1388/1627 1418/1389/1628 1419/1390/1629
f 1421/1391/1630 1854/1392/1631 1664/1393/1632
f 1680/1394/1633 1594/1395/1634 1854/1392/1631
f 1854/1392/1631 1348/1396/1635 1590/1397/1636
f 1664/1393/1632 1590/1397/1636 1349/1398/1637
f 1345/1387/1626 1422/1399/1638 1418/1389/1628
f 1647/1400/1639 1658/1401/1640 1411/1402/1641
f 1369/1403/1642 1855/1404/1643 1647/1400/1644
f 1365/1405/1645 1613/1406/1646 1855/1404/1643
f 1855/1404/1647 1400/1407/1648 1658/1401/1640
f 1344/1408/1649 1663/1388/1627 1423/1409/1650
f 1663/1388/1627 1419/1390/1629 1679/1410/1651
f 1678/1411/1652 1349/1398/1637 1591/1412/1653
f 1678/1411/1652 1350/1413/1654 1424/1414/1655
f 1677/1415/1656 1346/1416/1657 1588/1417/1658
f 1425/1418/1659 1588/1417/1658 1347/1419/1660
f 1344/1408/1649 1423/1409/1650 1676/1420/1661
f 1424/1414/1655 1592/1421/1662 1675/1422/1663
f 1675/1422/1663 1351/1423/1664 1417/1424/1665
f 1420/1425/1666 1589/1426/1667 1594/1395/1634
f 1674/1427/1668 1425/1418/1659 1589/1426/1667
f 1594/1395/1634 1589/1426/1667 1348/1396/1635
f 1368/1428/1669 1646/1429/1670 1596/1383/1671
f 1645/1430/1672 1398/1385/1624 1409/1431/1673
f 1361/1432/1674 1596/1383/1671 1645/1430/1675
f 1646/1429/1676 1399/1433/1677 1410/1384/1623
f 1602/1434/1678 1601/1435/1679 1646/1429/1670
f 1574/1436/1680 1595/1437/1681 1328/1438/1682
f 1574/1436/1680 1497/1439/1683 1752/1440/1684
f 1595/1437/1681 1752/1440/1684 1421/1391/1630
f 1612/1441/1685 1429/1442/1686 1433/1443/1687
f 1370/1444/1688 1856/1445/1689 1612/1441/1685
f 1605/1446/1690 1667/1447/1691 1856/1445/1689
f 1430/1448/1692 1367/1449/1693 1668/1450/1694
f 1758/1451/1695 1431/1452/1696 1367/1449/1693
f 1668/1450/1694 1608/1453/1697 1365/1405/1645
f 1365/1405/1645 1611/1454/1698 1668/1450/1694
f 1668/1450/1694 1432/1455/1699 1430/1448/1692
f 1369/1403/1642 1612/1441/1685 1611/1454/1698
f 1611/1454/1698 1433/1443/1687 1432/1455/1699
f 1412/1456/1700 1401/1457/1701 1648/1458/1702
f 1401/1457/1703 1362/1459/1704 1603/1460/1705
f 1648/1458/1706 1603/1460/1707 1363/1461/1708
f 1649/1462/1709 1411/1402/1641 1413/1463/1710
f 1369/1403/1642 1647/1400/1644 1649/1462/1711
f 1648/1458/1702 1402/1464/1712 1412/1456/1700
f 1363/1461/1708 1857/1465/1713 1648/1458/1706
f 1604/1466/1714 1618/1467/1715 1857/1465/1713
f 1760/1468/1716 1366/1469/1717 1403/1470/1718
f 1618/1467/1719 1657/1471/1720 1402/1464/1712
f 1605/1446/1690 1649/1462/1711 1618/1467/1715
f 1618/1467/1719 1413/1463/1710 1657/1471/1720
f 1613/1406/1721 1656/1472/1722 1400/1407/1648
f 1365/1405/1645 1656/1472/1723 1613/1406/1646
f 1608/1453/1697 1414/1473/1724 1656/1472/1723
f 1417/1424/1665 1352/1474/1725 1673/1475/1726
f 1673/1475/1726 1352/1474/1725 1434/1476/1727
f 1403/1470/1728 1609/1477/1729 1655/1478/1730
f 1609/1477/1731 1645/1430/1675 1655/1478/1732
f 1672/1479/1733 1619/1480/1734 1435/1481/1735
f 1434/1476/1727 1858/1482/1736 1672/1479/1733
f 1434/1476/1727 1593/1483/1737 1858/1482/1736
f 1858/1482/1736 1358/1484/1738 1619/1480/1734
f 1435/1481/1735 1620/1485/1739 1671/1486/1740
f 1619/1480/1734 1357/1487/1741 1620/1485/1739
f 1671/1486/1740 1620/1485/1739 1436/1488/1742
f 1620/1485/1739 1353/1489/1743 1436/1488/1742
f 1436/1488/1742 1355/1490/1744 1427/1491/1745
f 1405/1492/1746 1625/1493/1747 1415/1494/1748
f 1650/1495/1749 1622/1496/1750 1373/1497/1751
f 1654/1498/1752 1651/1499/1753 1416/1500/1754
f 1406/1501/1755 1651/1499/1753 1654/1498/1752
f 1627/1502/1756 1372/1503/1757 1651/1499/1753
f 1601/1435/1679 1628/1504/1758 1405/1492/1746
f 1405/1492/1746 1374/1505/1759 1625/1493/1747
f 1653/1506/1760 1627/1502/1756 1406/1501/1755
f 1415/1494/1748 1627/1502/1756 1653/1506/1760
f 1650/1495/1749 1621/1507/1761 1627/1502/1756
f 1652/1508/1762 1580/1374/1613 1408/1363/1602
f 1416/1500/1754 1337/1372/1763 1652/1508/1762
f 1651/1499/1753 1371/1509/1764 1337/1372/1611
f 1325/1510/1765 1859/1511/1766 1583/1512/1767
f 1626/1513/1768 1379/1514/1769 1859/1511/1770
f 1859/1511/1770 1379/1514/1769 1583/1512/1771
f 1574/1436/1680 1636/1515/1772 1327/1516/1773
f 1328/1438/1682 1860/1517/1774 1574/1436/1680
f 1624/1518/1775 1637/1519/1776 1860/1517/1777
f 1860/1517/1777 1395/1520/1778 1636/1515/1779
f 1576/1521/1780 1635/1522/1781 1329/1523/1782
f 1330/1524/1783 1861/1525/1784 1576/1521/1780
f 1631/1526/1785 1383/1527/1786 1861/1525/1787
f 1861/1525/1787 1393/1528/1788 1635/1522/1789
f 1573/1529/1790 1626/1513/1791 1326/1530/1792
f 1327/1516/1773 1862/1531/1793 1573/1529/1790
f 1636/1515/1779 1638/1532/1794 1862/1531/1795
f 1862/1531/1795 1394/1533/1796 1626/1513/1768
f 1575/1534/1797 1624/1518/1798 1328/1438/1682
f 1329/1523/1782 1863/1535/1799 1575/1534/1797
f 1635/1522/1789 1393/1528/1788 1863/1535/1800
f 1863/1535/1800 1392/1536/1801 1624/1518/1775
f 1390/1537/1802 1599/1538/1803 1354/1539/1804
f 1599/1538/1805 1380/1540/1806 1332/1541/1807
f 1353/1489/1743 1640/1542/1808 1598/1543/1809
f 1598/1543/1809 1391/1544/1810 1355/1490/1811
f 1352/1474/1725 1864/1545/1812 1593/1483/1737
f 1634/1546/1813 1388/1547/1814 1864/1545/1815
f 1864/1545/1815 1388/1547/1814 1617/1548/1816
f 1593/1483/1737 1617/1548/1817 1358/1484/1738
f 1489/1549/1818 1390/1537/1819 1354/1539/1820
f 1351/1423/1664 1634/1546/1821 1352/1474/1725
f 1616/1550/1822 1389/1551/1823 1634/1546/1813
f 1358/1484/1738 1614/1552/1824 1357/1487/1741
f 1617/1548/1816 1385/1553/1825 1614/1552/1826
f 1592/1421/1662 1616/1550/1822 1351/1423/1664
f 1350/1413/1654 1865/1554/1827 1592/1421/1662
f 1633/1555/1828 1386/1556/1829 1865/1554/1827
f 1865/1554/1827 1387/1557/1830 1616/1550/1822
f 1331/1558/1831 1866/1559/1832 1577/1560/1833
f 1600/1561/1834 1641/1562/1835 1866/1559/1836
f 1866/1559/1836 1383/1527/1786 1631/1526/1785
f 1577/1560/1833 1631/1526/1837 1330/1524/1783
f 1332/1541/1807 1630/1563/1838 1356/1564/1839
f 1380/1540/1840 1381/1565/1841 1630/1563/1842
f 1357/1487/1741 1867/1566/1843 1353/1489/1743
f 1614/1552/1826 1642/1567/1844 1867/1566/1845
f 1867/1566/1845 1384/1568/1846 1632/1569/1847
f 1630/1563/1842 1382/1570/1848 1600/1561/1834
f 1356/1564/1839 1600/1561/1849 1331/1558/1831
f 1629/1571/1850 1321/1572/1851 1324/1573/1852
f 1629/1571/1853 1643/1574/1854 1868/1575/1855
f 1868/1575/1855 1377/1576/1856 1582/1577/1857
f 1623/1578/1858 1323/1579/1859 1322/1580/1860
f 1623/1578/1861 1375/1581/1862 1581/1582/1863
f 1583/1512/1767 1324/1573/1852 1325/1510/1765
f 1583/1512/1771 1378/1583/1864 1629/1571/1853
f 1582/1577/1865 1322/1580/1860 1321/1572/1851
f 1582/1577/1857 1376/1584/1866 1623/1578/1861
f 1581/1582/1867 1572/1585/1868 1323/1579/1859
f 1394/1533/1869 1652/1508/1870 1379/1514/1871
f 1637/1519/1872 1406/1501/1755 1395/1520/1873
f 1392/1536/1874 1653/1506/1760 1637/1519/1872
f 1383/1527/1786 1405/1492/1746 1393/1528/1788
f 1638/1532/1875 1416/1500/1876 1394/1533/1869
f 1395/1520/1873 1654/1498/1752 1638/1532/1875
f 1393/1528/1788 1415/1494/1748 1392/1536/1874
f 1390/1537/1877 1655/1478/1878 1639/1586/1879
f 1655/1478/1880 1380/1540/1840 1639/1586/1881
f 1400/1407/1648 1656/1472/1722 1640/1542/1882
f 1640/1542/1882 1414/1473/1883 1391/1544/1810
f 1402/1464/1712 1388/1547/1814 1389/1551/1823
f 1493/1587/1884 1403/1470/1718 1390/1537/1819
f 1412/1456/1700 1389/1551/1823 1387/1557/1830
f 1413/1463/1710 1411/1402/1641 1385/1553/1825
f 1387/1557/1830 1386/1556/1829 1412/1456/1700
f 1382/1570/1848 1399/1433/1677 1641/1562/1835
f 1641/1562/1835 1399/1433/1677 1383/1527/1786
f 1409/1431/1673 1381/1565/1841 1380/1540/1840
f 1385/1553/1825 1658/1401/1640 1642/1567/1844
f 1642/1567/1844 1400/1407/1648 1384/1568/1846
f 1398/1385/1624 1382/1570/1848 1381/1565/1841
f 1378/1583/1864 1659/1370/1609 1643/1574/1854
f 1643/1574/1854 1407/1358/1597 1377/1576/1856
f 1376/1584/1866 1404/1368/1607 1375/1581/1862
f 1379/1514/1871 1408/1363/1602 1378/1583/1864
f 1377/1576/1856 1660/1360/1599 1644/1588/1885
f 1644/1588/1885 1396/1362/1601 1376/1584/1866
f 1391/1544/1810 1438/1589/1886 1437/1590/1887
f 1391/1544/1810 1427/1491/1888 1355/1490/1811
f 1749/1591/1889 1427/1491/1745 1489/1549/1890
f 1671/1486/1740 1436/1488/1742 1503/1592/1891
f 1502/1593/1892 1671/1486/1740 1503/1592/1891
f 1501/1594/1893 1435/1481/1735 1502/1593/1892
f 1501/1594/1893 1672/1479/1733 1435/1481/1735
f 1495/1595/1894 1673/1475/1726 1759/1596/1895
f 1673/1475/1726 1434/1476/1727 1501/1594/1893
f 1414/1473/1724 1431/1452/1896 1438/1589/1886
f 1669/1597/1897 1500/1598/1898 1499/1599/1899
f 1432/1455/1699 1670/1600/1900 1669/1597/1897
f 1743/1601/1901 1499/1599/1899 1491/1602/1902
f 1430/1448/1692 1669/1597/1897 1743/1601/1901
f 1491/1602/1902 1758/1451/1695 1743/1601/1901
f 1743/1601/1901 1758/1451/1695 1430/1448/1692
f 1670/1600/1900 1490/1603/1903 1500/1598/1898
f 1433/1443/1687 1715/1604/1904 1670/1600/1900
f 1496/1605/1905 1744/1606/1906 1468/1607/1907
f 1468/1607/1907 1324/1573/1852 1321/1572/1851
f 1716/1608/1908 1488/1609/1909 1572/1585/1868
f 1497/1439/1683 1674/1427/1668 1420/1425/1666
f 1757/1610/1910 1417/1424/1665 1495/1595/1894
f 1486/1611/1911 1675/1422/1663 1757/1610/1910
f 1716/1608/1908 1756/1612/1912 1488/1609/1909
f 1426/1613/1913 1869/1614/1914 1716/1608/1908
f 1676/1420/1661 1739/1615/1915 1869/1614/1914
f 1869/1614/1914 1485/1616/1916 1756/1612/1912
f 1487/1617/1917 1677/1415/1656 1719/1618/1918
f 1755/1619/1919 1665/1620/1920 1677/1415/1656
f 1719/1618/1918 1677/1415/1656 1425/1418/1659
f 1754/1621/1921 1421/1391/1630 1678/1411/1652
f 1754/1621/1921 1424/1414/1655 1486/1611/1911
f 1739/1615/1915 1753/1622/1922 1485/1616/1916
f 1423/1409/1650 1666/1623/1923 1739/1615/1915
f 1666/1623/1923 1468/1607/1907 1753/1622/1922
f 1662/1624/1924 1744/1606/1906 1496/1605/1905
f 1418/1389/1628 1665/1620/1920 1662/1624/1924
f 1665/1620/1920 1498/1625/1925 1744/1606/1906
f 1752/1440/1684 1420/1425/1666 1680/1394/1633
f 1666/1623/1923 1496/1605/1905 1468/1607/1907
f 1419/1390/1629 1662/1624/1924 1666/1623/1923
f 1386/1556/1829 1442/1626/1926 1401/1457/1701
f 1615/1627/1927 1683/1628/1928 1362/1459/1704
f 1401/1457/1701 1870/1629/1929 1615/1627/1930
f 1442/1626/1926 1681/1630/1931 1870/1629/1929
f 1870/1629/1932 1441/1631/1933 1683/1628/1928
f 1350/1413/1654 1684/1632/1934 1685/1633/1935
f 1349/1398/1637 1684/1632/1934 1591/1412/1653
f 1685/1633/1935 1439/1634/1936 1440/1635/1937
f 1633/1555/1828 1685/1633/1935 1682/1636/1938
f 1685/1633/1935 1440/1635/1937 1682/1636/1938
f 1801/1637/1939 1450/1638/1940 1517/1639/1941
f 1512/1640/1942 1692/1641/1943 1801/1637/1939
f 1518/1642/1944 1686/1643/1945 1446/1644/1946
f 1800/1645/1947 1443/1646/1948 1686/1643/1945
f 1513/1647/1949 1687/1648/1950 1443/1646/1948
f 1799/1649/1951 1444/1650/1952 1687/1648/1950
f 1514/1651/1953 1445/1652/1954 1444/1650/1952
f 1798/1653/1955 1451/1654/1956 1519/1655/1957
f 1517/1639/1941 1695/1656/1958 1798/1653/1955
f 1520/1657/1959 1693/1658/1960 1452/1659/1961
f 1797/1660/1962 1451/1654/1956 1693/1658/1963
f 1515/1661/1964 1688/1662/1965 1445/1652/1954
f 1521/1663/1966 1694/1664/1967 1453/1665/1968
f 1711/1666/1969 1455/1667/1970 1694/1664/1971
f 1522/1668/1972 1689/1669/1973 1447/1670/1974
f 1795/1671/1975 1446/1644/1946 1689/1669/1973
f 1520/1657/1959 1452/1659/1961 1454/1672/1976
f 1523/1673/1977 1690/1674/1978 1448/1675/1979
f 1794/1676/1980 1447/1670/1974 1690/1674/1978
f 1516/1677/1981 1454/1672/1976 1455/1667/1982
f 1793/1678/1983 1449/1679/1984 1512/1640/1942
f 1448/1675/1979 1691/1680/1985 1793/1678/1983
f 1348/1396/1635 1871/1681/1986 1703/1682/1987
f 1589/1426/1667 1702/1683/1988 1871/1681/1986
f 1871/1681/1986 1467/1684/1989 1708/1685/1990
f 1703/1682/1987 1708/1685/1990 1456/1686/1991
f 1440/1635/1937 1707/1687/1992 1442/1626/1926
f 1699/1688/1993 1464/1689/1994 1707/1687/1992
f 1347/1419/1660 1872/1690/1995 1702/1683/1988
f 1588/1417/1658 1701/1691/1996 1872/1690/1995
f 1872/1690/1995 1466/1692/1997 1709/1693/1998
f 1702/1683/1988 1709/1693/1998 1467/1684/1989
f 1346/1416/1657 1873/1694/1999 1701/1691/1996
f 1345/1387/1626 1697/1695/2000 1873/1694/1999
f 1873/1694/1999 1459/1696/2001 1710/1697/2002
f 1701/1691/1996 1710/1697/2002 1466/1692/1997
f 1681/1630/2003 1700/1698/2004 1441/1631/1933
f 1442/1626/1926 1874/1699/2005 1681/1630/1931
f 1707/1687/1992 1711/1666/1969 1874/1699/2005
f 1874/1699/2006 1465/1700/2007 1700/1698/2004
f 1440/1635/1937 1875/1701/2008 1699/1688/1993
f 1439/1634/1936 1698/1702/2009 1875/1701/2008
f 1875/1701/2008 1462/1703/2010 1712/1704/2011
f 1699/1688/1993 1712/1704/2011 1463/1705/2012
f 1684/1632/1934 1696/1706/2013 1698/1702/2009
f 1698/1702/2009 1457/1707/2014 1462/1703/2010
f 1344/1408/1649 1706/1708/2015 1705/1709/2016
f 1706/1708/2015 1460/1710/2017 1705/1709/2016
f 1343/1386/1625 1705/1709/2016 1704/1711/2018
f 1345/1387/1626 1704/1711/2018 1697/1695/2000
f 1704/1711/2018 1458/1712/2019 1713/1713/2020
f 1697/1695/2000 1713/1713/2020 1459/1696/2001
f 1349/1398/1637 1876/1714/2021 1696/1706/2013
f 1590/1397/1636 1703/1682/1987 1876/1714/2021
f 1876/1714/2021 1456/1686/1991 1714/1715/2022
f 1696/1706/2013 1714/1715/2022 1457/1707/2014
f 1326/1530/1792 1755/1619/1919 1487/1617/1917
f 1326/1530/1792 1498/1625/1925 1755/1619/1919
f 1510/1716/2023 1792/1717/2024 1535/1718/2025
f 1718/1719/2026 1524/1720/2027 1792/1717/2024
f 1791/1721/2028 1783/1722/2029 1526/1723/2030
f 1476/1724/2031 1475/1725/2032 1791/1721/2028
f 1791/1721/2028 1475/1725/2032 1783/1722/2029
f 1527/1726/2033 1722/1727/2034 1790/1728/2035
f 1790/1728/2035 1474/1729/2036 1528/1730/2037
f 1789/1731/2038 1785/1732/2039 1529/1733/2040
f 1526/1723/2030 1877/1734/2041 1789/1731/2038
f 1783/1722/2029 1720/1735/2042 1877/1734/2041
f 1877/1734/2041 1472/1736/2043 1785/1732/2039
f 1528/1730/2037 1723/1737/2044 1530/1738/2045
f 1785/1732/2039 1473/1739/2046 1527/1726/2033
f 1525/1740/2047 1782/1741/2048 1532/1742/2049
f 1782/1741/2048 1480/1743/2050 1730/1744/2051
f 1532/1742/2049 1728/1745/2052 1531/1746/2053
f 1730/1744/2051 1478/1747/2054 1728/1745/2055
f 1372/1503/1757 1731/1748/2056 1371/1509/1764
f 1732/1749/2057 1480/1743/2050 1731/1748/2056
f 1621/1507/1761 1732/1749/2057 1372/1503/1757
f 1621/1507/1761 1735/1750/2058 1734/1751/2059
f 1734/1751/2059 1478/1747/2054 1732/1749/2057
f 1742/1752/2060 1736/1753/2061 1484/1754/2062
f 1504/1755/2063 1878/1756/2064 1742/1752/2060
f 1766/1757/2065 1741/1758/2066 1878/1756/2064
f 1878/1756/2064 1483/1759/2067 1736/1753/2061
f 1788/1760/2068 1717/1761/2069 1524/1720/2070
f 1531/1746/2053 1879/1762/2071 1788/1760/2068
f 1728/1745/2055 1734/1751/2059 1879/1762/2072
f 1879/1762/2072 1471/1763/2073 1717/1761/2074
f 1802/1764/2075 1804/1765/2076 1359/1766/2077
f 1751/1767/2078 1742/1752/2060 1802/1764/2075
f 1802/1764/2075 1484/1754/2062 1804/1765/2076
f 1805/1768/2079 1751/1767/2078 1537/1769/2080
f 1536/1770/2081 1880/1771/2082 1805/1768/2079
f 1803/1772/2083 1750/1773/2084 1880/1771/2082
f 1880/1771/2082 1504/1755/2063 1751/1767/2078
f 1756/1612/1912 1322/1580/1860 1323/1579/1859
f 1744/1606/1906 1325/1510/1765 1324/1573/1852
f 1753/1622/1922 1321/1572/1851 1322/1580/1860
f 1806/1774/2085 1803/1772/2083 1536/1770/2081
f 1428/1775/2086 1740/1776/2087 1806/1774/2085
f 1806/1774/2085 1469/1777/2088 1803/1772/2083
f 1575/1534/1797 1597/1778/2089 1329/1523/1782
f 1328/1438/1682 1881/1779/2090 1575/1534/1797
f 1595/1437/1681 1754/1621/1921 1881/1779/2090
f 1881/1779/2090 1486/1611/1911 1597/1778/2089
f 1576/1521/1780 1495/1595/1894 1330/1524/1783
f 1329/1523/1782 1757/1610/1910 1576/1521/1780
f 1327/1516/1773 1573/1529/1790 1497/1439/1683
f 1573/1529/1790 1487/1617/1917 1719/1618/1918
f 1746/1780/2091 1360/1781/2092 1368/1428/1669
f 1490/1603/1903 1606/1782/2093 1746/1780/2091
f 1361/1432/1674 1882/1783/2094 1607/1784/2095
f 1366/1469/2096 1882/1783/2094 1609/1477/1731
f 1492/1785/2097 1758/1451/1695 1882/1783/2094
f 1607/1784/2095 1758/1451/1695 1491/1602/1902
f 1607/1784/2095 1610/1786/2098 1361/1432/1674
f 1491/1602/1902 1883/1787/2099 1607/1784/2095
f 1499/1599/1899 1745/1788/2100 1883/1787/2099
f 1883/1787/2099 1368/1428/1669 1610/1786/2098
f 1500/1598/1898 1746/1780/2091 1745/1788/2100
f 1577/1560/1833 1747/1789/2101 1331/1558/1831
f 1330/1524/1783 1759/1596/1895 1577/1560/1833
f 1759/1596/1895 1501/1594/1893 1747/1789/2101
f 1747/1789/2101 1502/1593/1892 1748/1790/2102
f 1331/1558/1831 1748/1790/2102 1356/1564/1839
f 1356/1564/1839 1749/1591/1889 1332/1541/1807
f 1354/1539/2103 1749/1591/1889 1489/1549/1890
f 1332/1541/1807 1749/1591/1889 1599/1538/2104
f 1437/1590/1887 1494/1791/2105 1493/1587/1884
f 1437/1590/1887 1489/1549/1818 1427/1491/1888
f 1438/1589/1886 1760/1468/1716 1494/1791/2105
f 1438/1589/1886 1492/1785/2106 1760/1468/1716
f 1359/1766/2077 1761/1792/2107 1628/1504/1758
f 1761/1792/2107 1804/1765/2076 1484/1754/2062
f 1750/1773/2084 1766/1757/2065 1504/1755/2063
f 1469/1777/2088 1884/1793/2108 1750/1773/2084
f 1765/1794/2109 1764/1795/2110 1884/1793/2108
f 1884/1793/2108 1507/1796/2111 1766/1757/2065
f 1740/1776/2087 1765/1794/2109 1469/1777/2088
f 1428/1775/2086 1885/1797/2112 1740/1776/2087
f 1767/1798/2113 1763/1799/2114 1885/1797/2112
f 1765/1794/2109 1763/1799/2114 1506/1800/2115
f 1761/1792/2107 1622/1496/1750 1374/1505/1759
f 1484/1754/2062 1886/1801/2116 1761/1792/2107
f 1736/1753/2061 1768/1802/2117 1886/1801/2116
f 1886/1801/2116 1373/1497/1751 1622/1496/1750
f 1735/1750/2058 1769/1803/2118 1471/1763/2073
f 1768/1802/2117 1735/1750/2058 1373/1497/1751
f 1483/1759/2067 1887/1804/2119 1768/1802/2117
f 1770/1805/2120 1683/1628/1928 1441/1631/1933
f 1505/1806/2121 1888/1807/2122 1770/1805/2120
f 1767/1798/2113 1762/1808/2123 1888/1807/2122
f 1888/1807/2122 1362/1459/2124 1683/1628/1928
f 1508/1809/2125 1787/1810/2126 1534/1811/2127
f 1771/1812/2128 1533/1813/2129 1787/1810/2126
f 1453/1665/1968 1786/1814/2130 1521/1663/1966
f 1773/1815/2131 1534/1811/2127 1786/1814/2130
f 1481/1816/2132 1535/1718/2025 1533/1813/2129
f 1776/1817/2133 1510/1716/2023 1535/1718/2025
f 1507/1796/2111 1889/1818/2134 1741/1758/2066
f 1781/1819/2135 1777/1820/2136 1889/1818/2134
f 1889/1818/2134 1471/1763/2073 1769/1803/2118
f 1741/1758/2066 1769/1803/2118 1483/1759/2067
f 1441/1631/1933 1890/1821/2137 1770/1805/2120
f 1700/1698/2004 1774/1822/2138 1890/1821/2137
f 1774/1822/2138 1779/1823/2139 1890/1821/2137
f 1770/1805/2120 1779/1823/2139 1505/1806/2121
f 1779/1823/2139 1763/1799/2114 1505/1806/2121
f 1509/1824/2140 1891/1825/2141 1779/1823/2139
f 1772/1826/2142 1780/1827/2143 1891/1825/2141
f 1891/1825/2141 1506/1800/2115 1763/1799/2114
f 1506/1800/2115 1511/1828/2144 1764/1795/2110
f 1780/1827/2143 1737/1829/2145 1511/1828/2144
f 1764/1795/2110 1781/1819/2135 1507/1796/2111
f 1738/1830/2146 1737/1829/2145 1482/1831/2147
f 1533/1813/2129 1778/1832/2148 1738/1830/2146
f 1737/1829/2145 1778/1832/2148 1511/1828/2144
f 1521/1663/1966 1774/1822/2138 1465/1700/2007
f 1786/1814/2149 1509/1824/2140 1774/1822/2138
f 1775/1833/2150 1772/1826/2142 1509/1824/2140
f 1534/1811/2127 1892/1834/2151 1775/1833/2152
f 1787/1810/2126 1738/1830/2146 1892/1834/2151
f 1892/1834/2151 1482/1831/2147 1772/1826/2142
f 1477/1835/2153 1788/1760/2068 1733/1836/2154
f 1470/1837/2155 1788/1760/2068 1524/1720/2070
f 1479/1838/2156 1532/1742/2049 1729/1839/2157
f 1729/1839/2157 1531/1746/2053 1477/1835/2153
f 1476/1724/2031 1532/1742/2049 1727/1840/2158
f 1338/1380/1619 1725/1841/2159 1339/1382/1621
f 1725/1841/2159 1527/1726/2033 1784/1842/2160
f 1341/1378/1617 1726/1843/2161 1340/1844/2162
f 1724/1845/2163 1530/1738/2045 1726/1843/2161
f 1584/1379/1618 1725/1841/2159 1338/1380/1619
f 1342/1375/1614 1789/1731/2038 1584/1379/1618
f 1584/1379/1618 1529/1733/2040 1725/1841/2159
f 1339/1382/1621 1784/1842/2160 1341/1378/1617
f 1784/1842/2160 1528/1730/2037 1724/1845/2163
f 1480/1743/2050 1893/1846/2164 1585/1373/1612
f 1782/1741/2048 1791/1721/2028 1893/1846/2164
f 1893/1846/2164 1526/1723/2030 1342/1375/1614
f 1511/1828/2144 1894/1847/2165 1777/1820/2136
f 1535/1718/2025 1894/1847/2165 1778/1832/2148
f 1894/1847/2165 1524/1720/2027 1717/1761/2074
f 1777/1820/2136 1717/1761/2074 1471/1763/2073
f 1456/1686/2166 1793/1678/1983 1512/1640/1942
f 1708/1685/2167 1523/1673/1977 1793/1678/1983
f 1463/1705/2168 1516/1677/1981 1464/1689/2169
f 1467/1684/2170 1794/1676/1980 1523/1673/1977
f 1709/1693/2171 1522/1668/1972 1794/1676/1980
f 1466/1692/2172 1795/1671/1975 1522/1668/1972
f 1710/1697/2173 1518/1642/1944 1795/1671/1975
f 1711/1666/2174 1521/1663/1966 1465/1700/2007
f 1463/1705/2168 1797/1660/2175 1520/1657/1959
f 1712/1704/2011 1519/1655/1957 1797/1660/1962
f 1462/1703/2010 1798/1653/1955 1519/1655/1957
f 1462/1703/2010 1517/1639/1941 1798/1653/1955
f 1461/1848/2176 1515/1661/1964 1460/1710/2177
f 1460/1710/2177 1799/1649/1951 1458/1712/2178
f 1459/1696/2179 1800/1645/1947 1518/1642/1944
f 1713/1713/2180 1513/1647/1949 1800/1645/1947
f 1457/1707/2014 1801/1637/1939 1517/1639/1941
f 1714/1715/2181 1512/1640/1942 1801/1637/1939
f 1667/1447/1691 1536/1770/2081 1429/1442/1686
f 1604/1466/1714 1806/1774/2085 1667/1447/1691
f 1715/1604/1904 1537/1769/2080 1490/1603/1903
f 1429/1442/1686 1805/1768/2079 1715/1604/1904
f 1606/1782/2093 1602/1434/1678 1360/1781/2092
f 1537/1769/2080 1802/1764/2075 1606/1782/2093
f 1606/1782/2093 1359/1766/2077 1602/1434/1678
f 1762/1808/2123 1603/1460/1707 1362/1459/2124
f 1428/1775/2086 1895/1849/2182 1762/1808/2123
f 1363/1461/1708 1895/1849/2182 1428/1775/2086
f 1825/1850/2183 1554/1851/2184 1821/1852/2185
f 1551/1853/2186 1825/1850/2183 1896/1854/2187
f 1807/1855/2188 1896/1854/2187 1808/1856/2189
f 1896/1854/2187 1821/1852/2185 1544/1857/2190
f 1552/1858/2191 1824/1859/2192 1897/1860/2193
f 1819/1861/2194 1897/1860/2193 1540/1862/2195
f 1823/1863/2196 1552/1858/2191 1819/1861/2194
f 1553/1864/2197 1823/1863/2196 1819/1861/2194
f 1820/1865/2198 1819/1861/2194 1812/1866/2199
f 1822/1867/2200 1553/1864/2197 1820/1865/2198
f 1554/1851/2184 1822/1867/2200 1820/1865/2198
f 1821/1852/2185 1820/1865/2198 1542/1868/2201
f 1545/1869/2202 1543/1870/2203 1813/2/2204
f 1810/1871/2205 1541/1872/2206 1811/1873/2207
f 1543/1870/2203 1810/1871/2205 1811/1873/2207
f 1813/2/2204 1811/1873/2207 1548/1874/2208
f 1541/1872/2206 1809/1875/2209 1815/1876/2210
f 1811/1873/2207 1815/1876/2210 1546/1877/2211
f 1539/1878/2212 1545/1869/2202 1814/1/2213
f 1816/1879/2214 1814/1/2213 1550/4/2215
f 1550/4/2215 1549/3/2216 1822/1867/2200
f 1549/3/2216 1548/1874/2208 1823/1863/2196
f 1548/1874/2208 1546/1877/2211 1824/1859/2192
f 1547/1880/2217 1550/4/2215 1818/1881/2218
f 1818/1881/2218 1817/1882/2219 1554/1851/2184
f 1555/1883/2220 1842/1884/2221 1826/1885/2222
f 1842/1884/2221 1571/1886/2223 1568/1887/2224
f 1827/1888/2225 1898/1889/2226 1840/1890/2227
f 1898/1889/2226 1843/1891/2228 1569/1892/2229
f 1829/1893/2230 1840/1890/2227 1841/1894/2231
f 1840/1890/2227 1569/1892/2229 1570/1895/2232
f 1831/1896/2233 1841/1894/2231 1842/1884/2221
f 1841/1894/2231 1570/1895/2232 1571/1886/2223
f 1567/1897/2234 1832/1898/2235 1833/1899/2236
f 1832/1898/2235 1561/1900/2237 1562/1901/2238
f 1830/1902/2239 1560/1903/2240 1561/1900/2237
f 1566/1904/2241 1830/1902/2239 1832/1898/2235
f 1828/1905/2242 1558/1906/2243 1560/1903/2240
f 1565/1907/2244 1828/1905/2242 1830/1902/2239
f 1563/1908/2245 1899/1909/2246 1828/1905/2242
f 1567/1897/2234 1833/1899/2236 1900/1910/2247
f 1838/1911/2248 1900/1910/2247 1834/1912/2249
f 1900/1910/2247 1562/1901/2238 1556/1913/2250
f 1570/1895/2232 1836/1914/2251 1837/1915/2252
f 1836/1914/2251 1566/1904/2241 1567/1897/2234
f 1569/1892/2229 1835/1916/2253 1836/1914/2251
f 1835/1916/2253 1565/1907/2244 1566/1904/2241
f 1843/1891/2228 1901/1917/2254 1835/1916/2253
f 1901/1917/2254 1563/1908/2245 1565/1907/2244
f 1837/1915/2252 1567/1897/2234 1838/1911/2248
f 1571/1886/2223 1837/1915/2252 1839/1918/2255
f 1839/1918/2255 1838/1911/2248 1564/1919/2256
f 1545/1869/2202 1539/1878/2212 1844/1920/2257
f 1845/1921/2258 1556/1913/2250 1562/1901/2238
f 1812/1866/2259 1540/1862/2260 1847/1922/2261
f 1542/1868/2262 1812/1866/2259 1902/1923/2263
f 1846/1924/2264 1902/1923/2265 1829/1893/2266
f 1902/1923/2265 1847/1922/2267 1557/1925/2268
f 1543/1870/2203 1545/1869/2202 1849/1926/2269
f 1848/1927/2270 1561/1900/2237 1560/1903/2240
f 1808/1856/2189 1544/1857/2271 1851/1928/2272
f 1538/1929/2273 1808/1856/2189 1850/1930/2274
f 1850/1930/2275 1851/1928/2276 1555/1883/2277
f 1544/1857/2271 1542/1868/2262 1846/1924/2278
f 1851/1928/2276 1846/1924/2264 1831/1896/2279
f 1541/1872/2206 1852/1931/2280 1903/1932/2281
f 1844/1920/2282 1562/1901/2238 1561/1900/2237
f 1847/1922/2267 1904/1933/2283 1827/1888/2284
f 1810/1871/2205 1543/1870/2203 1848/1927/2285
f 1810/1871/2205 1905/1934/2286 1852/1931/2280
f 1905/1934/2287 1560/1903/2240 1558/1906/2243
f 1407/1358/1597 1333/1371/1610 1579/1359/1598
f 1660/1360/1599 1579/1359/1598 1334/1361/1600
f 1408/1363/1602 1580/1374/1613 1336/1364/1603
f 1396/1362/1601 1334/1361/1600 1661/1367/1606
f 1397/1365/1604 1336/1364/1603 1659/1370/1609
f 1659/1370/1609 1578/1369/1608 1333/1371/1610
f 1337/1372/1611 1731/1748/2056 1585/1373/1612
f 1731/1748/2056 1480/1743/2050 1585/1373/1612
f 1580/1374/1613 1585/1373/1612 1586/1376/1615
f 1587/1377/1616 1339/1382/1621 1341/1378/1617
f 1334/1361/1600 1587/1377/1616 1335/1366/1605
f 1336/1364/1603 1586/1376/1615 1578/1369/1608
f 1586/1376/1615 1342/1375/1614 1584/1379/1618
f 1578/1369/1608 1584/1379/1618 1338/1380/1619
f 1335/1366/1605 1341/1378/1617 1340/1844/2162
f 1333/1371/1610 1338/1380/1619 1339/1382/1621
f 1579/1359/1598 1853/1381/1620 1587/1377/1616
f 1663/1388/1627 1345/1387/1626 1418/1389/1628
f 1421/1391/1630 1680/1394/1633 1854/1392/1631
f 1680/1394/1633 1420/1425/1666 1594/1395/1634
f 1854/1392/1631 1594/1395/1634 1348/1396/1635
f 1664/1393/1632 1854/1392/1631 1590/1397/1636
f 1345/1387/1626 1346/1416/1657 1422/1399/1638
f 1647/1400/1639 1855/1404/1647 1658/1401/1640
f 1369/1403/1642 1365/1405/1645 1855/1404/1643
f 1855/1404/1647 1613/1406/1721 1400/1407/1648
f 1423/1409/1650 1663/1388/1627 1679/1410/1651
f 1344/1408/1649 1343/1386/1625 1663/1388/1627
f 1678/1411/1652 1421/1391/1630 1664/1393/1632
f 1678/1411/1652 1664/1393/1632 1349/1398/1637
f 1678/1411/1652 1591/1412/1653 1350/1413/1654
f 1425/1418/1659 1677/1415/1656 1588/1417/1658
f 1677/1415/1656 1422/1399/1638 1346/1416/1657
f 1424/1414/1655 1350/1413/1654 1592/1421/1662
f 1675/1422/1663 1592/1421/1662 1351/1423/1664
f 1420/1425/1666 1674/1427/1668 1589/1426/1667
f 1589/1426/1667 1425/1418/1659 1347/1419/1660
f 1596/1383/1622 1646/1429/1676 1410/1384/1623
f 1368/1428/1669 1360/1781/2092 1646/1429/1670
f 1645/1430/1672 1596/1383/1622 1398/1385/1624
f 1361/1432/1674 1610/1786/2098 1596/1383/1671
f 1610/1786/2098 1368/1428/1669 1596/1383/1671
f 1360/1781/2092 1602/1434/1678 1646/1429/1670
f 1602/1434/1678 1359/1766/2077 1601/1435/1679
f 1399/1433/1677 1646/1429/1676 1601/1435/1679
f 1574/1436/1680 1752/1440/1684 1595/1437/1681
f 1574/1436/1680 1327/1516/1773 1497/1439/1683
f 1612/1441/1685 1856/1445/1689 1429/1442/1686
f 1370/1444/1688 1605/1446/1690 1856/1445/1689
f 1605/1446/1690 1364/1935/2288 1667/1447/1691
f 1856/1445/1689 1667/1447/1691 1429/1442/1686
f 1430/1448/1692 1758/1451/1695 1367/1449/1693
f 1668/1450/1694 1367/1449/1693 1608/1453/1697
f 1365/1405/1645 1369/1403/1642 1611/1454/1698
f 1668/1450/1694 1611/1454/1698 1432/1455/1699
f 1369/1403/1642 1370/1444/1688 1612/1441/1685
f 1611/1454/1698 1612/1441/1685 1433/1443/1687
f 1401/1457/1703 1615/1627/1927 1362/1459/1704
f 1648/1458/2289 1401/1457/1703 1603/1460/1705
f 1370/1444/1688 1369/1403/1642 1649/1462/1711
f 1649/1462/1709 1647/1400/1639 1411/1402/1641
f 1648/1458/1702 1857/1465/2290 1402/1464/1712
f 1363/1461/1708 1604/1466/1714 1857/1465/1713
f 1604/1466/1714 1364/1935/2288 1618/1467/1715
f 1857/1465/2290 1618/1467/1719 1402/1464/1712
f 1760/1468/1716 1492/1785/2106 1366/1469/1717
f 1364/1935/2288 1605/1446/1690 1618/1467/1715
f 1605/1446/1690 1370/1444/1688 1649/1462/1711
f 1618/1467/1719 1649/1462/1709 1413/1463/1710
f 1365/1405/1645 1608/1453/1697 1656/1472/1723
f 1608/1453/1697 1367/1449/2291 1414/1473/1724
f 1417/1424/1665 1351/1423/1664 1352/1474/1725
f 1403/1470/1728 1366/1469/2292 1609/1477/1729
f 1609/1477/1731 1361/1432/1674 1645/1430/1675
f 1655/1478/1880 1645/1430/1672 1409/1431/1673
f 1672/1479/1733 1858/1482/1736 1619/1480/1734
f 1434/1476/1727 1352/1474/1725 1593/1483/1737
f 1858/1482/1736 1593/1483/1737 1358/1484/1738
f 1435/1481/1735 1619/1480/1734 1620/1485/1739
f 1619/1480/1734 1358/1484/1738 1357/1487/1741
f 1620/1485/1739 1357/1487/1741 1353/1489/1743
f 1436/1488/1742 1353/1489/1743 1598/1543/1809
f 1436/1488/1742 1598/1543/1809 1355/1490/1744
f 1415/1494/1748 1625/1493/1747 1650/1495/1749
f 1625/1493/1747 1374/1505/1759 1622/1496/1750
f 1650/1495/1749 1625/1493/1747 1622/1496/1750
f 1406/1501/1755 1627/1502/1756 1651/1499/1753
f 1651/1499/1753 1372/1503/1757 1371/1509/1764
f 1399/1433/1677 1601/1435/1679 1405/1492/1746
f 1601/1435/1679 1359/1766/2077 1628/1504/1758
f 1405/1492/1746 1628/1504/1758 1374/1505/1759
f 1415/1494/1748 1650/1495/1749 1627/1502/1756
f 1650/1495/1749 1373/1497/1751 1621/1507/1761
f 1627/1502/1756 1621/1507/1761 1372/1503/1757
f 1652/1508/1762 1337/1372/1763 1580/1374/1613
f 1416/1500/1754 1651/1499/1753 1337/1372/1763
f 1325/1510/1765 1326/1530/1792 1859/1511/1766
f 1326/1530/1792 1626/1513/1791 1859/1511/1766
f 1626/1513/1768 1394/1533/1796 1379/1514/1769
f 1574/1436/1680 1860/1517/1774 1636/1515/1772
f 1328/1438/1682 1624/1518/1798 1860/1517/1774
f 1624/1518/1775 1392/1536/1801 1637/1519/1776
f 1860/1517/1777 1637/1519/1776 1395/1520/1778
f 1576/1521/1780 1861/1525/1784 1635/1522/1781
f 1330/1524/1783 1631/1526/1837 1861/1525/1784
f 1861/1525/1787 1383/1527/1786 1393/1528/1788
f 1573/1529/1790 1862/1531/1793 1626/1513/1791
f 1327/1516/1773 1636/1515/1772 1862/1531/1793
f 1636/1515/1779 1395/1520/1778 1638/1532/1794
f 1862/1531/1795 1638/1532/1794 1394/1533/1796
f 1575/1534/1797 1863/1535/1799 1624/1518/1798
f 1329/1523/1782 1635/1522/1781 1863/1535/1799
f 1863/1535/1800 1393/1528/1788 1392/1536/1801
f 1390/1537/1802 1639/1586/2293 1599/1538/1803
f 1599/1538/1805 1639/1586/2294 1380/1540/1806
f 1353/1489/1743 1632/1569/2295 1640/1542/1808
f 1632/1569/1847 1384/1568/1846 1640/1542/1882
f 1598/1543/1809 1640/1542/1808 1391/1544/1810
f 1352/1474/1725 1634/1546/1821 1864/1545/1812
f 1634/1546/1813 1389/1551/1823 1388/1547/1814
f 1593/1483/1737 1864/1545/1812 1617/1548/1817
f 1489/1549/1818 1493/1587/1884 1390/1537/1819
f 1351/1423/1664 1616/1550/1822 1634/1546/1821
f 1616/1550/1822 1387/1557/1830 1389/1551/1823
f 1358/1484/1738 1617/1548/1817 1614/1552/1824
f 1617/1548/1816 1388/1547/1814 1385/1553/1825
f 1592/1421/1662 1865/1554/1827 1616/1550/1822
f 1350/1413/1654 1633/1555/1828 1865/1554/1827
f 1865/1554/1827 1386/1556/1829 1387/1557/1830
f 1331/1558/1831 1600/1561/1849 1866/1559/1832
f 1600/1561/1834 1382/1570/1848 1641/1562/1835
f 1866/1559/1836 1641/1562/1835 1383/1527/1786
f 1577/1560/1833 1866/1559/1832 1631/1526/1837
f 1332/1541/1807 1380/1540/1806 1630/1563/1838
f 1357/1487/1741 1614/1552/1824 1867/1566/1843
f 1614/1552/1826 1385/1553/1825 1642/1567/1844
f 1867/1566/1845 1642/1567/1844 1384/1568/1846
f 1353/1489/1743 1867/1566/1843 1632/1569/2295
f 1356/1564/1839 1630/1563/1838 1600/1561/1849
f 1630/1563/1842 1381/1565/1841 1382/1570/1848
f 1629/1571/1850 1868/1575/2296 1321/1572/1851
f 1629/1571/1853 1378/1583/1864 1643/1574/1854
f 1868/1575/1855 1643/1574/1854 1377/1576/1856
f 1868/1575/2296 1582/1577/1865 1321/1572/1851
f 1623/1578/1861 1376/1584/1866 1375/1581/1862
f 1623/1578/1858 1581/1582/1867 1323/1579/1859
f 1583/1512/1767 1629/1571/1850 1324/1573/1852
f 1583/1512/1771 1379/1514/1769 1378/1583/1864
f 1582/1577/1857 1377/1576/1856 1644/1588/1885
f 1582/1577/1857 1644/1588/1885 1376/1584/1866
f 1582/1577/1865 1623/1578/1858 1322/1580/1860
f 1379/1514/1871 1652/1508/1870 1408/1363/1602
f 1394/1533/1869 1416/1500/1876 1652/1508/1870
f 1637/1519/1872 1653/1506/1760 1406/1501/1755
f 1392/1536/1874 1415/1494/1748 1653/1506/1760
f 1383/1527/1786 1399/1433/1677 1405/1492/1746
f 1638/1532/1875 1654/1498/1752 1416/1500/1876
f 1395/1520/1873 1406/1501/1755 1654/1498/1752
f 1393/1528/1788 1405/1492/1746 1415/1494/1748
f 1390/1537/1877 1403/1470/2297 1655/1478/1878
f 1655/1478/1880 1409/1431/1673 1380/1540/1840
f 1384/1568/1846 1400/1407/1648 1640/1542/1882
f 1640/1542/1882 1656/1472/1722 1414/1473/1883
f 1402/1464/1712 1657/1471/1720 1388/1547/1814
f 1657/1471/1720 1413/1463/1710 1388/1547/1814
f 1493/1587/1884 1494/1791/2105 1760/1468/1716
f 1493/1587/1884 1760/1468/1716 1403/1470/1718
f 1412/1456/1700 1402/1464/1712 1389/1551/1823
f 1388/1547/1814 1413/1463/1710 1385/1553/1825
f 1412/1456/1700 1386/1556/1829 1401/1457/1701
f 1382/1570/1848 1410/1384/1623 1399/1433/1677
f 1409/1431/1673 1398/1385/1624 1381/1565/1841
f 1385/1553/1825 1411/1402/1641 1658/1401/1640
f 1642/1567/1844 1658/1401/1640 1400/1407/1648
f 1398/1385/1624 1410/1384/1623 1382/1570/1848
f 1378/1583/1864 1397/1365/1604 1659/1370/1609
f 1643/1574/1854 1659/1370/1609 1407/1358/1597
f 1376/1584/1866 1396/1362/1601 1404/1368/1607
f 1378/1583/1864 1408/1363/1602 1397/1365/1604
f 1377/1576/1856 1407/1358/1597 1660/1360/1599
f 1644/1588/1885 1660/1360/1599 1396/1362/1601
f 1375/1581/1862 1404/1368/1607 1661/1367/1606
f 1391/1544/1810 1414/1473/1883 1438/1589/1886
f 1391/1544/1810 1437/1590/1887 1427/1491/1888
f 1503/1592/1891 1436/1488/1742 1749/1591/1889
f 1749/1591/1889 1436/1488/1742 1427/1491/1745
f 1502/1593/1892 1435/1481/1735 1671/1486/1740
f 1501/1594/1893 1434/1476/1727 1672/1479/1733
f 1759/1596/1895 1673/1475/1726 1501/1594/1893
f 1495/1595/1894 1417/1424/1665 1673/1475/1726
f 1414/1473/1724 1367/1449/2291 1431/1452/1896
f 1432/1455/1699 1433/1443/1687 1670/1600/1900
f 1669/1597/1897 1670/1600/1900 1500/1598/1898
f 1430/1448/1692 1432/1455/1699 1669/1597/1897
f 1743/1601/1901 1669/1597/1897 1499/1599/1899
f 1758/1451/1695 1492/1785/2097 1431/1452/1696
f 1670/1600/1900 1715/1604/1904 1490/1603/1903
f 1433/1443/1687 1429/1442/1686 1715/1604/1904
f 1468/1607/1907 1744/1606/1906 1324/1573/1852
f 1497/1439/1683 1719/1618/1918 1674/1427/1668
f 1674/1427/1668 1719/1618/1918 1425/1418/1659
f 1486/1611/1911 1424/1414/1655 1675/1422/1663
f 1757/1610/1910 1675/1422/1663 1417/1424/1665
f 1716/1608/1908 1869/1614/1914 1756/1612/1912
f 1426/1613/1913 1676/1420/1661 1869/1614/1914
f 1676/1420/1661 1423/1409/1650 1739/1615/1915
f 1869/1614/1914 1739/1615/1915 1485/1616/1916
f 1487/1617/1917 1755/1619/1919 1677/1415/1656
f 1755/1619/1919 1498/1625/1925 1665/1620/1920
f 1677/1415/1656 1665/1620/1920 1422/1399/1638
f 1754/1621/1921 1678/1411/1652 1424/1414/1655
f 1739/1615/1915 1666/1623/1923 1753/1622/1922
f 1423/1409/1650 1679/1410/1651 1666/1623/1923
f 1679/1410/1651 1419/1390/1629 1666/1623/1923
f 1662/1624/1924 1665/1620/1920 1744/1606/1906
f 1418/1389/1628 1422/1399/1638 1665/1620/1920
f 1421/1391/1630 1752/1440/1684 1680/1394/1633
f 1752/1440/1684 1497/1439/1683 1420/1425/1666
f 1666/1623/1923 1662/1624/1924 1496/1605/1905
f 1419/1390/1629 1418/1389/1628 1662/1624/1924
f 1386/1556/1829 1682/1636/1938 1442/1626/1926
f 1682/1636/1938 1440/1635/1937 1442/1626/1926
f 1615/1627/1927 1870/1629/1932 1683/1628/1928
f 1401/1457/1701 1442/1626/1926 1870/1629/1929
f 1870/1629/1932 1681/1630/2003 1441/1631/1933
f 1350/1413/1654 1591/1412/1653 1684/1632/1934
f 1685/1633/1935 1684/1632/1934 1439/1634/1936
f 1386/1556/1829 1633/1555/1828 1682/1636/1938
f 1633/1555/1828 1350/1413/1654 1685/1633/1935
f 1801/1637/1939 1692/1641/1943 1450/1638/1940
f 1512/1640/1942 1449/1679/1984 1692/1641/1943
f 1518/1642/1944 1800/1645/1947 1686/1643/1945
f 1800/1645/1947 1513/1647/1949 1443/1646/1948
f 1513/1647/1949 1799/1649/1951 1687/1648/1950
f 1799/1649/1951 1514/1651/1953 1444/1650/1952
f 1514/1651/1953 1515/1661/1964 1445/1652/1954
f 1798/1653/1955 1695/1656/1958 1451/1654/1956
f 1517/1639/1941 1450/1638/1940 1695/1656/1958
f 1520/1657/1959 1797/1660/2175 1693/1658/1960
f 1797/1660/1962 1519/1655/1957 1451/1654/1956
f 1515/1661/1964 1796/1936/2298 1688/1662/1965
f 1521/1663/1966 1711/1666/2174 1694/1664/1967
f 1711/1666/1969 1516/1677/2299 1455/1667/1970
f 1522/1668/1972 1795/1671/1975 1689/1669/1973
f 1795/1671/1975 1518/1642/1944 1446/1644/1946
f 1523/1673/1977 1794/1676/1980 1690/1674/1978
f 1794/1676/1980 1522/1668/1972 1447/1670/1974
f 1516/1677/1981 1520/1657/1959 1454/1672/1976
f 1523/1673/1977 1448/1675/1979 1793/1678/1983
f 1793/1678/1983 1691/1680/1985 1449/1679/1984
f 1348/1396/1635 1589/1426/1667 1871/1681/1986
f 1589/1426/1667 1347/1419/1660 1702/1683/1988
f 1871/1681/1986 1702/1683/1988 1467/1684/1989
f 1703/1682/1987 1871/1681/1986 1708/1685/1990
f 1440/1635/1937 1699/1688/1993 1707/1687/1992
f 1699/1688/1993 1463/1705/2012 1464/1689/1994
f 1347/1419/1660 1588/1417/1658 1872/1690/1995
f 1588/1417/1658 1346/1416/1657 1701/1691/1996
f 1872/1690/1995 1701/1691/1996 1466/1692/1997
f 1702/1683/1988 1872/1690/1995 1709/1693/1998
f 1346/1416/1657 1345/1387/1626 1873/1694/1999
f 1873/1694/1999 1697/1695/2000 1459/1696/2001
f 1701/1691/1996 1873/1694/1999 1710/1697/2002
f 1681/1630/2003 1874/1699/2006 1700/1698/2004
f 1442/1626/1926 1707/1687/1992 1874/1699/2005
f 1707/1687/1992 1464/1689/2300 1711/1666/1969
f 1874/1699/2006 1711/1666/2174 1465/1700/2007
f 1440/1635/1937 1439/1634/1936 1875/1701/2008
f 1875/1701/2008 1698/1702/2009 1462/1703/2010
f 1699/1688/1993 1875/1701/2008 1712/1704/2011
f 1439/1634/1936 1684/1632/1934 1698/1702/2009
f 1684/1632/1934 1349/1398/1637 1696/1706/2013
f 1698/1702/2009 1696/1706/2013 1457/1707/2014
f 1706/1708/2015 1461/1848/2301 1460/1710/2017
f 1343/1386/1625 1344/1408/1649 1705/1709/2016
f 1705/1709/2016 1460/1710/2017 1458/1712/2019
f 1704/1711/2018 1705/1709/2016 1458/1712/2019
f 1345/1387/1626 1343/1386/1625 1704/1711/2018
f 1697/1695/2000 1704/1711/2018 1713/1713/2020
f 1349/1398/1637 1590/1397/1636 1876/1714/2021
f 1590/1397/1636 1348/1396/1635 1703/1682/1987
f 1876/1714/2021 1703/1682/1987 1456/1686/1991
f 1696/1706/2013 1876/1714/2021 1714/1715/2022
f 1326/1530/1792 1325/1510/1765 1498/1625/1925
f 1510/1716/2023 1718/1719/2026 1792/1717/2024
f 1718/1719/2026 1470/1837/2302 1524/1720/2027
f 1525/1740/2047 1476/1724/2031 1791/1721/2028
f 1527/1726/2033 1473/1739/2046 1722/1727/2034
f 1790/1728/2035 1722/1727/2034 1474/1729/2036
f 1789/1731/2038 1877/1734/2041 1785/1732/2039
f 1526/1723/2030 1783/1722/2029 1877/1734/2041
f 1783/1722/2029 1475/1725/2032 1720/1735/2042
f 1877/1734/2041 1720/1735/2042 1472/1736/2043
f 1528/1730/2037 1474/1729/2036 1723/1737/2044
f 1529/1733/2040 1785/1732/2039 1527/1726/2033
f 1785/1732/2039 1472/1736/2043 1721/1937/2303
f 1785/1732/2039 1721/1937/2303 1473/1739/2046
f 1532/1742/2049 1782/1741/2048 1730/1744/2051
f 1532/1742/2049 1730/1744/2051 1728/1745/2052
f 1730/1744/2051 1480/1743/2050 1478/1747/2054
f 1731/1748/2056 1337/1372/1611 1371/1509/1764
f 1372/1503/1757 1732/1749/2057 1731/1748/2056
f 1732/1749/2057 1478/1747/2054 1480/1743/2050
f 1621/1507/1761 1734/1751/2059 1732/1749/2057
f 1621/1507/1761 1373/1497/1751 1735/1750/2058
f 1735/1750/2058 1471/1763/2073 1734/1751/2059
f 1742/1752/2060 1878/1756/2064 1736/1753/2061
f 1504/1755/2063 1766/1757/2065 1878/1756/2064
f 1766/1757/2065 1507/1796/2111 1741/1758/2066
f 1878/1756/2064 1741/1758/2066 1483/1759/2067
f 1788/1760/2068 1879/1762/2071 1717/1761/2069
f 1531/1746/2053 1728/1745/2052 1879/1762/2071
f 1728/1745/2055 1478/1747/2054 1734/1751/2059
f 1879/1762/2072 1734/1751/2059 1471/1763/2073
f 1537/1769/2080 1751/1767/2078 1802/1764/2075
f 1751/1767/2078 1504/1755/2063 1742/1752/2060
f 1802/1764/2075 1742/1752/2060 1484/1754/2062
f 1805/1768/2079 1880/1771/2082 1751/1767/2078
f 1536/1770/2081 1803/1772/2083 1880/1771/2082
f 1803/1772/2083 1469/1777/2088 1750/1773/2084
f 1880/1771/2082 1750/1773/2084 1504/1755/2063
f 1488/1609/1909 1756/1612/1912 1323/1579/1859
f 1756/1612/1912 1485/1616/1916 1322/1580/1860
f 1744/1606/1906 1498/1625/1925 1325/1510/1765
f 1485/1616/1916 1753/1622/1922 1322/1580/1860
f 1753/1622/1922 1468/1607/1907 1321/1572/1851
f 1806/1774/2085 1363/1461/1708 1428/1775/2086
f 1806/1774/2085 1740/1776/2087 1469/1777/2088
f 1575/1534/1797 1881/1779/2090 1597/1778/2089
f 1328/1438/1682 1595/1437/1681 1881/1779/2090
f 1595/1437/1681 1421/1391/1630 1754/1621/1921
f 1881/1779/2090 1754/1621/1921 1486/1611/1911
f 1576/1521/1780 1757/1610/1910 1495/1595/1894
f 1329/1523/1782 1597/1778/2089 1757/1610/1910
f 1597/1778/2089 1486/1611/1911 1757/1610/1910
f 1573/1529/1790 1326/1530/1792 1487/1617/1917
f 1497/1439/1683 1573/1529/1790 1719/1618/1918
f 1572/1585/1868 1488/1609/1909 1323/1579/1859
f 1500/1598/1898 1490/1603/1903 1746/1780/2091
f 1746/1780/2091 1606/1782/2093 1360/1781/2092
f 1361/1432/1674 1609/1477/1731 1882/1783/2094
f 1366/1469/2096 1492/1785/2097 1882/1783/2094
f 1607/1784/2095 1882/1783/2094 1758/1451/1695
f 1607/1784/2095 1883/1787/2099 1610/1786/2098
f 1491/1602/1902 1499/1599/1899 1883/1787/2099
f 1883/1787/2099 1745/1788/2100 1368/1428/1669
f 1499/1599/1899 1500/1598/1898 1745/1788/2100
f 1745/1788/2100 1746/1780/2091 1368/1428/1669
f 1577/1560/1833 1759/1596/1895 1747/1789/2101
f 1330/1524/1783 1495/1595/1894 1759/1596/1895
f 1331/1558/1831 1747/1789/2101 1748/1790/2102
f 1747/1789/2101 1501/1594/1893 1502/1593/1892
f 1356/1564/1839 1748/1790/2102 1503/1592/1891
f 1748/1790/2102 1502/1593/1892 1503/1592/1891
f 1356/1564/1839 1503/1592/1891 1749/1591/1889
f 1354/1539/2103 1599/1538/2104 1749/1591/1889
f 1437/1590/1887 1438/1589/1886 1494/1791/2105
f 1437/1590/1887 1493/1587/1884 1489/1549/1818
f 1438/1589/1886 1431/1452/1896 1492/1785/2106
f 1359/1766/2077 1804/1765/2076 1761/1792/2107
f 1374/1505/1759 1628/1504/1758 1761/1792/2107
f 1750/1773/2084 1884/1793/2108 1766/1757/2065
f 1469/1777/2088 1765/1794/2109 1884/1793/2108
f 1765/1794/2109 1506/1800/2115 1764/1795/2110
f 1884/1793/2108 1764/1795/2110 1507/1796/2111
f 1740/1776/2087 1885/1797/2112 1765/1794/2109
f 1428/1775/2086 1767/1798/2113 1885/1797/2112
f 1767/1798/2113 1505/1806/2121 1763/1799/2114
f 1765/1794/2109 1885/1797/2112 1763/1799/2114
f 1761/1792/2107 1886/1801/2116 1622/1496/1750
f 1484/1754/2062 1736/1753/2061 1886/1801/2116
f 1736/1753/2061 1483/1759/2067 1768/1802/2117
f 1886/1801/2116 1768/1802/2117 1373/1497/1751
f 1735/1750/2058 1887/1804/2119 1769/1803/2118
f 1768/1802/2117 1887/1804/2119 1735/1750/2058
f 1483/1759/2067 1769/1803/2118 1887/1804/2119
f 1770/1805/2120 1888/1807/2122 1683/1628/1928
f 1505/1806/2121 1767/1798/2113 1888/1807/2122
f 1767/1798/2113 1428/1775/2086 1762/1808/2123
f 1888/1807/2122 1762/1808/2123 1362/1459/2124
f 1508/1809/2125 1771/1812/2128 1787/1810/2126
f 1771/1812/2128 1481/1816/2132 1533/1813/2129
f 1453/1665/1968 1773/1815/2131 1786/1814/2130
f 1773/1815/2131 1508/1809/2125 1534/1811/2127
f 1481/1816/2132 1776/1817/2133 1535/1718/2025
f 1507/1796/2111 1781/1819/2135 1889/1818/2134
f 1781/1819/2135 1511/1828/2144 1777/1820/2136
f 1889/1818/2134 1777/1820/2136 1471/1763/2073
f 1741/1758/2066 1889/1818/2134 1769/1803/2118
f 1441/1631/1933 1700/1698/2004 1890/1821/2137
f 1700/1698/2004 1465/1700/2007 1774/1822/2138
f 1774/1822/2138 1509/1824/2140 1779/1823/2139
f 1770/1805/2120 1890/1821/2137 1779/1823/2139
f 1779/1823/2139 1891/1825/2141 1763/1799/2114
f 1509/1824/2140 1772/1826/2142 1891/1825/2141
f 1772/1826/2142 1482/1831/2147 1780/1827/2143
f 1891/1825/2141 1780/1827/2143 1506/1800/2115
f 1506/1800/2115 1780/1827/2143 1511/1828/2144
f 1780/1827/2143 1482/1831/2147 1737/1829/2145
f 1764/1795/2110 1511/1828/2144 1781/1819/2135
f 1738/1830/2146 1778/1832/2148 1737/1829/2145
f 1533/1813/2129 1535/1718/2025 1778/1832/2148
f 1521/1663/1966 1786/1814/2149 1774/1822/2138
f 1786/1814/2130 1534/1811/2127 1775/1833/2152
f 1786/1814/2149 1775/1833/2150 1509/1824/2140
f 1775/1833/2150 1892/1834/2151 1772/1826/2142
f 1534/1811/2127 1787/1810/2126 1892/1834/2151
f 1787/1810/2126 1533/1813/2129 1738/1830/2146
f 1892/1834/2151 1738/1830/2146 1482/1831/2147
f 1477/1835/2153 1531/1746/2053 1788/1760/2068
f 1470/1837/2155 1733/1836/2154 1788/1760/2068
f 1729/1839/2157 1532/1742/2049 1531/1746/2053
f 1727/1840/2158 1532/1742/2049 1479/1838/2156
f 1476/1724/2031 1525/1740/2047 1532/1742/2049
f 1339/1382/1621 1725/1841/2159 1784/1842/2160
f 1725/1841/2159 1529/1733/2040 1527/1726/2033
f 1341/1378/1617 1724/1845/2163 1726/1843/2161
f 1724/1845/2163 1528/1730/2037 1530/1738/2045
f 1342/1375/1614 1526/1723/2030 1789/1731/2038
f 1584/1379/1618 1789/1731/2038 1529/1733/2040
f 1341/1378/1617 1784/1842/2160 1724/1845/2163
f 1784/1842/2160 1527/1726/2033 1790/1728/2035
f 1784/1842/2160 1790/1728/2035 1528/1730/2037
f 1585/1373/1612 1893/1846/2164 1342/1375/1614
f 1480/1743/2050 1782/1741/2048 1893/1846/2164
f 1782/1741/2048 1525/1740/2047 1791/1721/2028
f 1893/1846/2164 1791/1721/2028 1526/1723/2030
f 1511/1828/2144 1778/1832/2148 1894/1847/2165
f 1535/1718/2025 1792/1717/2024 1894/1847/2165
f 1894/1847/2165 1792/1717/2024 1524/1720/2027
f 1777/1820/2136 1894/1847/2165 1717/1761/2074
f 1456/1686/2166 1708/1685/2167 1793/1678/1983
f 1708/1685/2167 1467/1684/2170 1523/1673/1977
f 1463/1705/2168 1520/1657/1959 1516/1677/1981
f 1467/1684/2170 1709/1693/2171 1794/1676/1980
f 1709/1693/2171 1466/1692/2172 1522/1668/1972
f 1466/1692/2172 1710/1697/2173 1795/1671/1975
f 1710/1697/2173 1459/1696/2179 1518/1642/1944
f 1464/1689/2300 1516/1677/2299 1711/1666/1969
f 1461/1848/2176 1796/1936/2298 1515/1661/1964
f 1463/1705/2168 1712/1704/2304 1797/1660/2175
f 1712/1704/2011 1462/1703/2010 1519/1655/1957
f 1462/1703/2010 1457/1707/2014 1517/1639/1941
f 1460/1710/2177 1515/1661/1964 1514/1651/1953
f 1458/1712/2178 1799/1649/1951 1513/1647/1949
f 1460/1710/2177 1514/1651/1953 1799/1649/1951
f 1459/1696/2179 1713/1713/2180 1800/1645/1947
f 1713/1713/2180 1458/1712/2178 1513/1647/1949
f 1457/1707/2014 1714/1715/2181 1801/1637/1939
f 1714/1715/2181 1456/1686/2166 1512/1640/1942
f 1364/1935/2288 1604/1466/1714 1667/1447/1691
f 1604/1466/1714 1363/1461/1708 1806/1774/2085
f 1667/1447/1691 1806/1774/2085 1536/1770/2081
f 1715/1604/1904 1805/1768/2079 1537/1769/2080
f 1429/1442/1686 1536/1770/2081 1805/1768/2079
f 1490/1603/1903 1537/1769/2080 1606/1782/2093
f 1606/1782/2093 1802/1764/2075 1359/1766/2077
f 1762/1808/2123 1895/1849/2182 1603/1460/1707
f 1363/1461/1708 1603/1460/1707 1895/1849/2182
f 1825/1850/2183 1821/1852/2185 1896/1854/2187
f 1551/1853/2186 1896/1854/2187 1807/1855/2188
f 1807/1855/2188 1808/1856/2189 1538/1929/2273
f 1896/1854/2187 1544/1857/2190 1808/1856/2189
f 1552/1858/2191 1897/1860/2193 1819/1861/2194
f 1553/1864/2197 1819/1861/2194 1820/1865/2198
f 1820/1865/2198 1812/1866/2199 1542/1868/2201
f 1819/1861/2194 1540/1862/2195 1812/1866/2199
f 1554/1851/2184 1820/1865/2198 1821/1852/2185
f 1821/1852/2185 1542/1868/2201 1544/1857/2190
f 1545/1869/2202 1813/2/2204 1814/1/2213
f 1543/1870/2203 1811/1873/2207 1813/2/2204
f 1813/2/2204 1548/1874/2208 1549/3/2216
f 1541/1872/2206 1815/1876/2210 1811/1873/2207
f 1811/1873/2207 1546/1877/2211 1548/1874/2208
f 1539/1878/2212 1814/1/2213 1816/1879/2214
f 1816/1879/2214 1550/4/2215 1547/1880/2217
f 1549/3/2216 1553/1864/2197 1822/1867/2200
f 1550/4/2215 1822/1867/2200 1817/1882/2219
f 1817/1882/2219 1822/1867/2200 1554/1851/2184
f 1548/1874/2208 1552/1858/2191 1823/1863/2196
f 1549/3/2216 1823/1863/2196 1553/1864/2197
f 1548/1874/2208 1824/1859/2192 1552/1858/2191
f 1550/4/2215 1817/1882/2219 1818/1881/2218
f 1818/1881/2218 1825/1850/2183 1551/1853/2186
f 1818/1881/2218 1554/1851/2184 1825/1850/2183
f 1842/1884/2221 1568/1887/2224 1826/1885/2222
f 1827/1888/2225 1840/1890/2227 1557/1925/2305
f 1898/1889/2226 1569/1892/2229 1840/1890/2227
f 1557/1925/2305 1840/1890/2227 1829/1893/2230
f 1829/1893/2230 1841/1894/2231 1559/1938/2306
f 1840/1890/2227 1570/1895/2232 1841/1894/2231
f 1559/1938/2306 1841/1894/2231 1831/1896/2233
f 1831/1896/2233 1842/1884/2221 1555/1883/2220
f 1841/1894/2231 1571/1886/2223 1842/1884/2221
f 1832/1898/2235 1562/1901/2238 1833/1899/2236
f 1566/1904/2241 1832/1898/2235 1567/1897/2234
f 1830/1902/2239 1561/1900/2237 1832/1898/2235
f 1565/1907/2244 1830/1902/2239 1566/1904/2241
f 1828/1905/2242 1560/1903/2240 1830/1902/2239
f 1563/1908/2245 1828/1905/2242 1565/1907/2244
f 1899/1909/2246 1558/1906/2243 1828/1905/2242
f 1833/1899/2236 1562/1901/2238 1900/1910/2247
f 1567/1897/2234 1900/1910/2247 1838/1911/2248
f 1838/1911/2248 1834/1912/2249 1564/1919/2256
f 1900/1910/2247 1556/1913/2250 1834/1912/2249
f 1570/1895/2232 1837/1915/2252 1571/1886/2223
f 1836/1914/2251 1567/1897/2234 1837/1915/2252
f 1569/1892/2229 1836/1914/2251 1570/1895/2232
f 1835/1916/2253 1566/1904/2241 1836/1914/2251
f 1843/1891/2228 1835/1916/2253 1569/1892/2229
f 1901/1917/2254 1565/1907/2244 1835/1916/2253
f 1837/1915/2252 1838/1911/2248 1839/1918/2255
f 1571/1886/2223 1839/1918/2255 1568/1887/2224
f 1539/1878/2212 1845/1921/2307 1844/1920/2257
f 1845/1921/2258 1562/1901/2238 1844/1920/2282
f 1812/1866/2259 1847/1922/2261 1902/1923/2263
f 1542/1868/2262 1902/1923/2263 1846/1924/2278
f 1846/1924/2264 1829/1893/2266 1559/1938/2308
f 1902/1923/2265 1557/1925/2268 1829/1893/2266
f 1543/1870/2203 1849/1926/2269 1848/1927/2285
f 1849/1926/2309 1561/1900/2237 1848/1927/2270
f 1808/1856/2189 1851/1928/2272 1850/1930/2274
f 1544/1857/2271 1846/1924/2278 1851/1928/2272
f 1851/1928/2276 1831/1896/2279 1555/1883/2277
f 1846/1924/2264 1559/1938/2308 1831/1896/2279
f 1541/1872/2206 1903/1932/2281 1809/1875/2209
f 1852/1931/2310 1558/1906/2243 1903/1932/2311
f 1545/1869/2202 1844/1920/2257 1849/1926/2269
f 1844/1920/2282 1561/1900/2237 1849/1926/2309
f 1540/1862/2260 1904/1933/2312 1847/1922/2261
f 1847/1922/2267 1827/1888/2284 1557/1925/2268
f 1810/1871/2205 1848/1927/2285 1905/1934/2286
f 1810/1871/2205 1852/1931/2280 1541/1872/2206
f 1905/1934/2287 1558/1906/2243 1852/1931/2310
f 1848/1927/2270 1560/1903/2240 1905/1934/2287
f 1914/1939/2313 1917/1940/2314 1916/1941/2315
f 1926/1942/2316 1925/1943/2317 1927/1944/2318
f 1947/1945/2319 1944/1946/2320 1945/1947/2321
f 1933/1948/2322 1930/1949/2323 1931/1950/2324
f 1908/1951/2325 1911/1952/2326 1906/1953/2327
f 1939/1954/2328 1936/1955/2329 1937/1956/2330
f 1941/1957/2331 1928/1958/2332 1929/1959/2332
f 1942/1960/2333 1940/1961/2334 1941/1957/2331
f 1937/1956/2330 1946/1962/2335 1947/1945/2319
f 1935/1963/2336 1944/1946/2320 1934/1964/2337
f 1917/1940/2314 1932/1965/2338 1933/1948/2322
f 1910/1966/2339 1913/1967/2340 1912/1968/2341
f 1920/1969/2342 1923/1970/2343 1922/1971/2344
f 1929/1959/2332 1924/1972/2345 1926/1942/2316
f 1906/1953/2327 1909/1973/2346 1908/1951/2325
f 1907/1974/2347 1919/1975/2348 1909/1973/2346
f 1934/1964/2337 1916/1941/2315 1935/1963/2336
f 1919/1975/2348 1938/1976/2349 1939/1954/2328
f 1920/1969/2342 1912/1968/2341 1921/1977/2350
f 1931/1950/2324 1943/1978/2351 1942/1960/2333
f 1927/1944/2318 1922/1971/2344 1923/1970/2343
f 1914/1939/2313 1915/1979/2352 1917/1940/2314
f 1926/1942/2316 1924/1972/2345 1925/1943/2317
f 1947/1945/2319 1946/1962/2335 1944/1946/2320
f 1933/1948/2322 1932/1965/2338 1930/1949/2323
f 1908/1951/2325 1913/1967/2340 1911/1952/2326
f 1939/1954/2328 1938/1976/2349 1936/1955/2329
f 1941/1957/2331 1940/1961/2334 1928/1958/2332
f 1942/1960/2333 1943/1978/2351 1940/1961/2334
f 1937/1956/2330 1936/1955/2329 1946/1962/2335
f 1935/1963/2336 1945/1947/2321 1944/1946/2320
f 1917/1940/2314 1915/1979/2352 1932/1965/2338
f 1910/1966/2339 1911/1952/2326 1913/1967/2340
f 1920/1969/2342 1921/1977/2350 1923/1970/2343
f 1929/1959/2332 1928/1958/2332 1924/1972/2345
f 1906/1953/2327 1907/1974/2347 1909/1973/2346
f 1907/1974/2347 1918/1980/2353 1919/1975/2348
f 1934/1964/2337 1914/1939/2313 1916/1941/2315
f 1919/1975/2348 1918/1980/2353 1938/1976/2349
f 1920/1969/2342 1910/1966/2339 1912/1968/2341
f 1931/1950/2324 1930/1949/2323 1943/1978/2351
f 1927/1944/2318 1925/1943/2317 1922/1971/2344
f 1949/1981/2354 2089/1982/2355 2147/1983/2356
f 2147/1983/2356 1950/1984/2357 1951/1985/2358
f 2032/1986/2359 2139/1987/2360 2026/1988/2361
f 2139/1987/2360 1949/1981/2354 2027/1989/2362
f 1950/1984/2357 2099/1990/2363 2175/1991/2364
f 2175/1991/2364 1952/1992/2365 2028/1993/2366
f 2089/1982/2355 1953/1994/2367 2188/1995/2368
f 2011/1996/2369 2135/1997/2370 1997/1998/2371
f 2072/1999/2372 2013/2000/2373 2136/2001/2374
f 1997/1998/2371 2136/2001/2374 2011/1996/2369
f 1954/2002/2375 2168/2003/2376 2003/2004/2377
f 2162/2005/2378 2007/2006/2379 2030/2007/2380
f 2162/2005/2378 2030/2007/2380 2168/2003/2376
f 2004/2008/2381 2091/2009/2382 2098/2010/2383
f 2098/2010/2383 1954/2002/2375 2003/2004/2377
f 2189/2011/2384 2092/2012/2385 2185/2013/2386
f 1956/2014/2387 2162/2005/2378 2189/2011/2384
f 2162/2005/2378 1954/2002/2375 2092/2012/2385
f 1959/2015/2388 2148/2016/2389 1984/2017/2390
f 2150/2018/2391 1957/2019/2392 2148/2016/2389
f 2060/2020/2393 2149/2021/2394 1978/2022/2395
f 2088/2023/2396 1984/2017/2390 2149/2021/2394
f 2160/2024/2397 1958/2025/2398 2125/2026/2399
f 2033/2027/2400 2125/2026/2399 1957/2019/2392
f 1960/2028/2401 2152/2029/2402 1993/2030/2403
f 2126/2031/2404 1962/2032/2405 2152/2029/2402
f 2024/2033/2406 2132/2034/2407 2013/2000/2373
f 2167/2035/2408 2061/2036/2409 2043/2037/2410
f 2167/2035/2408 1960/2028/2401 2087/2038/2411
f 2163/2039/2412 2026/1988/2361 2080/2040/2413
f 1965/2041/2414 2178/2042/2415 1964/2043/2416
f 2093/2044/2417 2107/2045/2418 2178/2042/2415
f 2178/2042/2415 1967/2046/2419 2068/2047/2420
f 1969/2048/2421 2069/2049/2422 1968/2050/2423
f 2094/2051/2424 1964/2043/2416 2069/2049/2422
f 2108/2052/2425 1971/2053/2426 1970/2054/2427
f 1966/2055/2428 2095/2056/2429 2108/2052/2425
f 2107/2045/2418 1972/2057/2430 1967/2046/2419
f 1966/2055/2428 2151/2058/2431 2107/2045/2418
f 1973/2059/2432 2068/2047/2420 1967/2046/2419
f 1976/2060/2433 2071/2061/2434 1975/2062/2435
f 1976/2060/2433 1977/2063/2436 2071/2061/2434
f 1979/2064/2437 1975/2062/2435 2124/2065/2438
f 1979/2064/2437 2124/2065/2438 1980/2066/2439
f 1979/2064/2437 1981/2067/2440 1976/2060/2433
f 2127/2068/2441 1983/2069/2442 2117/2070/2443
f 1977/2063/2436 2117/2070/2443 1978/2022/2444
f 2149/2021/2394 1975/2062/2445 2071/2061/2446
f 1985/2071/2447 2073/2072/2448 2128/2073/2449
f 2128/2073/2449 1986/2074/2450 1987/2075/2451
f 1985/2071/2447 1989/2076/2452 1988/2077/2453
f 1986/2074/2450 2074/2078/2454 2096/2079/2455
f 2096/2079/2455 1988/2077/2453 1990/2080/2456
f 2128/2073/2449 1987/2075/2451 1992/2081/2457
f 2152/2029/2402 1987/2075/2451 1986/2074/2458
f 2171/2082/2459 2172/2083/2460 2025/2084/2461
f 1994/2085/2462 2179/2086/2463 2171/2082/2459
f 2129/2087/2464 1995/2088/2465 2179/2086/2463
f 2179/2086/2463 1996/2089/2466 2172/2083/2460
f 1963/2090/2467 2172/2083/2468 2135/1997/2370
f 2110/2091/2469 1992/2081/2457 2130/2092/2470
f 1995/2088/2465 2130/2092/2470 1996/2089/2466
f 1995/2088/2465 2129/2087/2464 1999/2093/2471
f 2129/2087/2464 1998/2094/2472 2075/2095/2473
f 2026/1988/2474 2131/2096/2475 2080/2040/2476
f 2131/2096/2475 1994/2085/2462 2171/2082/2459
f 2080/2040/2476 2171/2082/2459 2025/2084/2461
f 2180/2097/2477 2026/1988/2474 2139/1987/2478
f 2001/2098/2479 2139/1987/2478 2027/1989/2480
f 2000/2099/2481 1998/2094/2472 2131/2096/2475
f 2002/2100/2482 2111/2101/2483 2164/2102/2484
f 2111/2101/2483 2027/1989/2480 2164/2102/2484
f 2029/2103/2485 2108/2052/2425 2153/2104/2486
f 2153/2104/2486 1970/2054/2427 2002/2100/2482
f 2003/2004/2487 1967/2046/2419 2098/2010/2488
f 1973/2059/2432 2168/2003/2489 2068/2047/2420
f 1974/2105/2490 2168/2003/2489 2031/2106/2491
f 2028/1993/2366 2173/2107/2492 2157/2108/2493
f 2004/2008/2381 2173/2107/2492 1955/2109/2494
f 2031/2106/2491 2133/2110/2495 1974/2105/2490
f 2154/2111/2496 2006/2112/2497 2133/2110/2495
f 1968/2050/2423 2133/2110/2495 2006/2112/2497
f 2069/2049/2422 1974/2105/2490 2133/2110/2495
f 1982/2113/2498 2123/2114/2499 2127/2068/2441
f 2123/2114/2499 2005/2115/2500 1983/2069/2442
f 2030/2007/2380 2154/2111/2501 2031/2106/2502
f 2112/2116/2503 2008/2117/2504 2154/2111/2501
f 2112/2116/2503 2009/2118/2505 2008/2117/2504
f 2007/2006/2379 2165/2119/2506 2112/2116/2503
f 2052/2120/2507 2166/2121/2508 2011/1996/2369
f 2166/2121/2508 1963/2090/2467 2135/1997/2370
f 2012/2122/2509 2136/2001/2374 2013/2000/2373
f 2012/2122/2509 2011/1996/2369 2136/2001/2374
f 2077/2123/2510 2001/2098/2479 2111/2101/2483
f 2077/2123/2510 1970/2054/2427 1971/2053/2426
f 1999/2093/2471 2075/2095/2473 2100/2124/2511
f 2075/2095/2473 1971/2053/2426 2137/2125/2512
f 2100/2124/2511 2137/2125/2512 2014/2126/2513
f 2110/2091/2469 1999/2093/2471 2101/2127/2514
f 1991/2128/2515 2101/2127/2514 2015/2129/2516
f 2100/2124/2511 2101/2127/2514 1999/2093/2471
f 2014/2126/2513 2138/2130/2517 2100/2124/2511
f 2100/2124/2511 2015/2129/2516 2101/2127/2514
f 2015/2129/2516 1985/2071/2447 1991/2128/2515
f 2017/2131/2518 2079/2132/2519 2018/2133/2520
f 1969/2048/2421 1968/2050/2423 2079/2132/2519
f 2006/2112/2497 2079/2132/2519 1968/2050/2423
f 2123/2114/2499 2018/2133/2520 2079/2132/2519
f 1969/2048/2421 2078/2134/2521 2086/2135/2522
f 2086/2135/2522 2016/2136/2523 2014/2126/2513
f 2113/2137/2524 2019/2138/2525 2017/2131/2518
f 2020/2139/2526 2156/2140/2527 1958/2025/2398
f 2115/2141/2528 2064/2142/2529 2156/2140/2527
f 2155/2143/2530 2023/2144/2531 2022/2145/2532
f 2062/2146/2533 2174/2147/2534 2155/2143/2530
f 2022/2145/2535 2156/2140/2527 2155/2143/2536
f 2155/2143/2536 2064/2142/2529 2062/2146/2537
f 2022/2145/2532 2076/2148/2538 2102/2149/2539
f 2102/2149/2539 1979/2064/2437 1980/2066/2439
f 1984/2017/2390 2124/2065/2540 1975/2062/2445
f 2148/2016/2389 1980/2066/2541 2124/2065/2540
f 2125/2026/2399 2022/2145/2535 2102/2149/2542
f 1957/2019/2392 2102/2149/2542 1980/2066/2541
f 1987/2075/2451 2024/2033/2406 1992/2081/2457
f 1997/1998/2371 2130/2092/2543 2072/1999/2372
f 2072/1999/2372 1992/2081/2457 2024/2033/2406
f 1963/2090/2467 2080/2040/2413 2025/2084/2544
f 2027/1989/2362 2147/1983/2356 2164/2102/2545
f 2164/2102/2545 1951/1985/2358 2002/2100/2546
f 2002/2100/2546 2175/1991/2364 2153/2104/2547
f 2153/2104/2547 2028/1993/2366 2029/2103/2548
f 2151/2058/2549 2004/2008/2381 1972/2057/2550
f 2029/2103/2548 2157/2108/2493 2151/2058/2549
f 1949/1981/2354 2181/2150/2551 2090/2151/2552
f 2158/2152/2553 2103/2153/2554 2181/2150/2551
f 2181/2150/2551 2045/2154/2555 2159/2155/2556
f 2090/2151/2552 2159/2155/2556 1953/1994/2367
f 2091/2009/2382 2092/2012/2385 1954/2002/2375
f 1955/2109/2494 2118/2156/2557 2091/2009/2382
f 2118/2156/2557 2185/2013/2386 2092/2012/2385
f 1959/2015/2558 2119/2157/2559 2150/2018/2560
f 2150/2018/2560 2035/2158/2561 2033/2027/2562
f 2160/2024/2563 2035/2158/2561 2140/2159/2564
f 2020/2139/2565 2140/2159/2564 2036/2160/2566
f 2037/2161/2567 2122/2162/2568 2088/2023/2569
f 2088/2023/2569 2034/2163/2570 1959/2015/2558
f 1960/2028/2571 2120/2164/2572 2126/2031/2573
f 2126/2031/2573 2040/2165/2574 2038/2166/2575
f 2038/2166/2575 2141/2167/2576 2081/2168/2577
f 2081/2168/2577 2042/2169/2578 2041/2170/2579
f 2167/2035/2580 2044/2171/2581 2116/2172/2582
f 1960/2028/2571 2116/2172/2583 2039/2173/2584
f 2103/2153/2554 2161/2174/2585 2045/2154/2555
f 2032/1986/2359 2182/2175/2586 2103/2153/2554
f 2163/2039/2412 2134/2176/2587 2182/2175/2586
f 2182/2175/2586 2186/2177/2588 2161/2174/2585
f 2043/2037/2589 2176/2178/2590 2044/2171/2581
f 2176/2178/2590 2046/2179/2591 2142/2180/2592
f 2115/2141/2593 2036/2160/2566 2169/2181/2594
f 2021/2182/2595 2169/2181/2594 2046/2179/2591
f 2048/2183/2596 2049/2184/2597 2047/2185/2598
f 2049/2184/2599 2082/2186/2600 2047/2185/2601
f 2047/2185/2601 2050/2187/2602 2109/2188/2603
f 2047/2185/2601 2109/2188/2603 2051/2189/2604
f 2009/2118/2505 2070/2190/2605 2177/2191/2606
f 2104/2192/2607 2066/2193/2608 2048/2183/2596
f 2166/2121/2508 2190/2194/2609 2186/2177/2588
f 2052/2120/2507 2183/2195/2610 2166/2121/2508
f 2052/2120/2507 2053/2196/2611 2183/2195/2610
f 2183/2195/2610 2054/2197/2612 2190/2194/2609
f 2053/2196/2611 2083/2198/2613 2054/2197/2612
f 2066/2193/2614 2104/2192/2615 2055/2199/2616
f 2047/2185/2601 2121/2200/2617 2104/2192/2615
f 2146/2201/2618 2037/2161/2567 2060/2020/2619
f 2146/2201/2618 2055/2199/2616 2143/2202/2620
f 2084/2203/2621 2058/2204/2622 1948/2205/2623
f 2056/2206/2624 1948/2205/2623 2059/2207/2625
f 2056/2206/2626 2059/2207/2627 2085/2208/2628
f 2041/2170/2579 2105/2209/2629 2084/2203/2621
f 2084/2203/2621 2105/2209/2629 2057/2210/2630
f 2177/2191/2606 2048/2183/2596 2066/2193/2608
f 2081/2168/2631 1961/2211/2632 2038/2166/2633
f 2132/2034/2407 2081/2168/2631 2013/2000/2373
f 2013/2000/2373 2041/2170/2634 2012/2122/2509
f 2056/2206/2626 2085/2208/2628 2067/2212/2635
f 2085/2208/2628 2083/2198/2613 2067/2212/2635
f 2084/2203/2636 2012/2122/2509 2041/2170/2634
f 2056/2206/2626 2012/2122/2509 2084/2203/2636
f 2061/2036/2409 2096/2079/2637 1990/2080/2638
f 2087/2038/2411 1986/2074/2458 2096/2079/2637
f 2061/2036/2409 2106/2213/2639 2170/2214/2640
f 2170/2214/2640 2062/2146/2537 2064/2142/2529
f 2106/2213/2641 2063/2215/2642 2062/2146/2533
f 1988/2077/2453 2097/2216/2643 2106/2213/2641
f 2021/2182/2644 2170/2214/2640 2064/2142/2529
f 2043/2037/2410 2170/2214/2640 2176/2178/2645
f 2065/2217/2646 2097/2216/2643 1989/2076/2452
f 2019/2138/2525 2174/2147/2534 2144/2218/2647
f 2144/2218/2647 2063/2215/2642 2065/2217/2646
f 2016/2136/2523 1989/2076/2452 2138/2130/2517
f 2138/2130/2517 1989/2076/2452 2015/2129/2516
f 1981/2067/2440 2076/2148/2538 2114/2219/2648
f 2114/2219/2648 2023/2144/2531 2019/2138/2525
f 2095/2056/2429 2137/2125/2512 1971/2053/2426
f 1965/2041/2414 2184/2220/2649 2095/2056/2429
f 2094/2051/2424 2086/2135/2522 2184/2220/2649
f 2184/2220/2649 2014/2126/2513 2137/2125/2512
f 2144/2218/2647 2017/2131/2518 2019/2138/2525
f 2065/2217/2646 2078/2134/2521 2144/2218/2647
f 1981/2067/2440 1982/2113/2498 1977/2063/2436
f 1983/2069/2650 2177/2191/2606 2010/2221/2651
f 1983/2069/2650 2008/2117/2504 2177/2191/2606
f 1978/2022/2395 2146/2201/2652 2060/2020/2393
f 2117/2070/2653 2066/2193/2608 2146/2201/2652
f 2067/2212/2635 2052/2120/2507 2012/2122/2509
f 2187/2222/2654 2165/2119/2506 2145/2223/2655
f 2145/2223/2655 2165/2119/2506 1956/2014/2387
f 2027/1989/2362 1949/1981/2354 2147/1983/2356
f 2147/1983/2356 2089/1982/2355 1950/1984/2357
f 2032/1986/2359 2158/2152/2553 2139/1987/2360
f 2139/1987/2360 2158/2152/2553 1949/1981/2354
f 1951/1985/2358 1950/1984/2357 2175/1991/2364
f 2175/1991/2364 2099/1990/2363 1952/1992/2365
f 2089/1982/2355 1949/1981/2354 2090/2151/2552
f 2089/1982/2355 2090/2151/2552 1953/1994/2367
f 2089/1982/2355 2188/1995/2368 1950/1984/2357
f 2072/1999/2372 2024/2033/2406 2013/2000/2373
f 1997/1998/2371 2072/1999/2372 2136/2001/2374
f 1954/2002/2375 2162/2005/2378 2168/2003/2376
f 2004/2008/2381 1955/2109/2494 2091/2009/2382
f 2098/2010/2383 2091/2009/2382 1954/2002/2375
f 2189/2011/2384 2162/2005/2378 2092/2012/2385
f 1956/2014/2387 2007/2006/2379 2162/2005/2378
f 1959/2015/2388 2150/2018/2391 2148/2016/2389
f 2150/2018/2391 2033/2027/2400 1957/2019/2392
f 2060/2020/2393 2088/2023/2396 2149/2021/2394
f 2088/2023/2396 1959/2015/2388 1984/2017/2390
f 2160/2024/2397 2020/2139/2526 1958/2025/2398
f 2033/2027/2400 2160/2024/2397 2125/2026/2399
f 1960/2028/2401 2126/2031/2404 2152/2029/2402
f 2126/2031/2404 1961/2211/2632 1962/2032/2405
f 2132/2034/2407 1962/2032/2405 1961/2211/2632
f 2038/2166/2633 1961/2211/2632 2126/2031/2404
f 2167/2035/2408 2087/2038/2411 2061/2036/2409
f 2087/2038/2411 1960/2028/2401 1993/2030/2403
f 1963/2090/2467 2163/2039/2412 2080/2040/2413
f 2163/2039/2412 2032/1986/2359 2026/1988/2361
f 1964/2043/2416 2178/2042/2415 2068/2047/2420
f 1965/2041/2414 2093/2044/2417 2178/2042/2415
f 2093/2044/2417 1966/2055/2428 2107/2045/2418
f 2178/2042/2415 2107/2045/2418 1967/2046/2419
f 1969/2048/2421 2094/2051/2424 2069/2049/2422
f 2094/2051/2424 1965/2041/2414 1964/2043/2416
f 2108/2052/2425 2095/2056/2429 1971/2053/2426
f 1966/2055/2428 2093/2044/2417 2095/2056/2429
f 2093/2044/2417 1965/2041/2414 2095/2056/2429
f 1966/2055/2428 2029/2103/2485 2151/2058/2431
f 2107/2045/2418 2151/2058/2431 1972/2057/2430
f 2068/2047/2420 1974/2105/2490 1964/2043/2416
f 2071/2061/2434 1977/2063/2436 1978/2022/2444
f 1979/2064/2437 1976/2060/2433 1975/2062/2435
f 1977/2063/2436 1976/2060/2433 1981/2067/2440
f 1977/2063/2436 1982/2113/2498 2127/2068/2441
f 1977/2063/2436 2127/2068/2441 2117/2070/2443
f 1978/2022/2395 2149/2021/2394 2071/2061/2446
f 2149/2021/2394 1984/2017/2390 1975/2062/2445
f 2128/2073/2449 2073/2072/2448 1986/2074/2450
f 2074/2078/2454 1985/2071/2447 1988/2077/2453
f 1986/2074/2450 2073/2072/2448 2074/2078/2454
f 2073/2072/2448 1985/2071/2447 2074/2078/2454
f 2096/2079/2455 2074/2078/2454 1988/2077/2453
f 1991/2128/2515 1985/2071/2447 2128/2073/2449
f 1993/2030/2403 2152/2029/2402 1986/2074/2458
f 2152/2029/2402 1962/2032/2405 1987/2075/2451
f 2171/2082/2459 2179/2086/2463 2172/2083/2460
f 1994/2085/2462 2129/2087/2464 2179/2086/2463
f 2179/2086/2463 1995/2088/2465 1996/2089/2466
f 1963/2090/2467 2025/2084/2544 2172/2083/2468
f 2172/2083/2468 1996/2089/2656 1997/1998/2371
f 2135/1997/2370 2172/2083/2468 1997/1998/2371
f 2110/2091/2469 1991/2128/2515 2128/2073/2449
f 2110/2091/2469 2128/2073/2449 1992/2081/2457
f 1995/2088/2465 2110/2091/2469 2130/2092/2470
f 2129/2087/2464 1994/2085/2462 1998/2094/2472
f 1999/2093/2471 2129/2087/2464 2075/2095/2473
f 2026/1988/2474 2000/2099/2481 2131/2096/2475
f 2080/2040/2476 2131/2096/2475 2171/2082/2459
f 2001/2098/2479 2000/2099/2481 2180/2097/2477
f 2180/2097/2477 2000/2099/2481 2026/1988/2474
f 2001/2098/2479 2180/2097/2477 2139/1987/2478
f 2131/2096/2475 1998/2094/2472 1994/2085/2462
f 2000/2099/2481 2001/2098/2479 1998/2094/2472
f 2002/2100/2482 1970/2054/2427 2111/2101/2483
f 2111/2101/2483 2001/2098/2479 2027/1989/2480
f 2029/2103/2485 1966/2055/2428 2108/2052/2425
f 2153/2104/2486 2108/2052/2425 1970/2054/2427
f 2003/2004/2487 1973/2059/2432 1967/2046/2419
f 2098/2010/2488 1967/2046/2419 1972/2057/2430
f 1973/2059/2432 2003/2004/2487 2168/2003/2489
f 1974/2105/2490 2068/2047/2420 2168/2003/2489
f 2028/1993/2366 1952/1992/2365 2173/2107/2492
f 2004/2008/2381 2157/2108/2493 2173/2107/2492
f 2031/2106/2491 2154/2111/2496 2133/2110/2495
f 2154/2111/2496 2005/2115/2500 2006/2112/2497
f 1968/2050/2423 2069/2049/2422 2133/2110/2495
f 2069/2049/2422 1964/2043/2416 1974/2105/2490
f 2123/2114/2499 2006/2112/2497 2005/2115/2500
f 2127/2068/2441 2123/2114/2499 1983/2069/2442
f 2030/2007/2380 2112/2116/2503 2154/2111/2501
f 2154/2111/2501 2008/2117/2504 2005/2115/2657
f 2030/2007/2380 2007/2006/2379 2112/2116/2503
f 2007/2006/2379 1956/2014/2387 2165/2119/2506
f 2112/2116/2503 2165/2119/2506 2009/2118/2505
f 2008/2117/2504 2009/2118/2505 2177/2191/2606
f 2177/2191/2606 2066/2193/2608 2010/2221/2651
f 2166/2121/2508 2186/2177/2588 2134/2176/2587
f 2166/2121/2508 2134/2176/2587 1963/2090/2467
f 2011/1996/2369 2166/2121/2508 2135/1997/2370
f 2012/2122/2509 2052/2120/2507 2011/1996/2369
f 2077/2123/2510 1998/2094/2472 2001/2098/2479
f 2077/2123/2510 2111/2101/2483 1970/2054/2427
f 2075/2095/2473 1998/2094/2472 2077/2123/2510
f 2075/2095/2473 2077/2123/2510 1971/2053/2426
f 2100/2124/2511 2075/2095/2473 2137/2125/2512
f 1991/2128/2515 2110/2091/2469 2101/2127/2514
f 2110/2091/2469 1995/2088/2465 1999/2093/2471
f 2014/2126/2513 2016/2136/2523 2138/2130/2517
f 2100/2124/2511 2138/2130/2517 2015/2129/2516
f 2015/2129/2516 1989/2076/2452 1985/2071/2447
f 2017/2131/2518 1969/2048/2421 2079/2132/2519
f 2006/2112/2497 2123/2114/2499 2079/2132/2519
f 2123/2114/2499 1982/2113/2498 2018/2133/2520
f 1969/2048/2421 2017/2131/2518 2078/2134/2521
f 2086/2135/2522 2078/2134/2521 2016/2136/2523
f 2113/2137/2524 1981/2067/2440 2114/2219/2648
f 2113/2137/2524 2114/2219/2648 2019/2138/2525
f 2018/2133/2520 2113/2137/2524 2017/2131/2518
f 2020/2139/2526 2115/2141/2528 2156/2140/2527
f 2115/2141/2528 2021/2182/2644 2064/2142/2529
f 2155/2143/2530 2174/2147/2534 2023/2144/2531
f 2062/2146/2533 2063/2215/2642 2174/2147/2534
f 2022/2145/2535 1958/2025/2398 2156/2140/2527
f 2155/2143/2536 2156/2140/2527 2064/2142/2529
f 2022/2145/2532 2023/2144/2531 2076/2148/2538
f 2102/2149/2539 2076/2148/2538 1979/2064/2437
f 2117/2070/2653 1983/2069/2650 2010/2221/2651
f 1984/2017/2390 2148/2016/2389 2124/2065/2540
f 2148/2016/2389 1957/2019/2392 1980/2066/2541
f 2125/2026/2399 1958/2025/2398 2022/2145/2535
f 1957/2019/2392 2125/2026/2399 2102/2149/2542
f 1987/2075/2451 1962/2032/2405 2024/2033/2406
f 1962/2032/2405 2132/2034/2407 2024/2033/2406
f 1997/1998/2371 1996/2089/2656 2130/2092/2543
f 2072/1999/2372 2130/2092/2543 1992/2081/2457
f 2164/2102/2545 2147/1983/2356 1951/1985/2358
f 2002/2100/2546 1951/1985/2358 2175/1991/2364
f 2153/2104/2547 2175/1991/2364 2028/1993/2366
f 2151/2058/2549 2157/2108/2493 2004/2008/2381
f 2029/2103/2548 2028/1993/2366 2157/2108/2493
f 1972/2057/2550 2004/2008/2381 2098/2010/2383
f 2168/2003/2376 2030/2007/2380 2031/2106/2502
f 1949/1981/2354 2158/2152/2553 2181/2150/2551
f 2158/2152/2553 2032/1986/2359 2103/2153/2554
f 2181/2150/2551 2103/2153/2554 2045/2154/2555
f 2090/2151/2552 2181/2150/2551 2159/2155/2556
f 2091/2009/2382 2118/2156/2557 2092/2012/2385
f 1959/2015/2558 2034/2163/2570 2119/2157/2559
f 2150/2018/2560 2119/2157/2559 2035/2158/2561
f 2160/2024/2563 2033/2027/2562 2035/2158/2561
f 2020/2139/2565 2160/2024/2563 2140/2159/2564
f 2060/2020/2619 2037/2161/2567 2088/2023/2569
f 2088/2023/2569 2122/2162/2568 2034/2163/2570
f 1960/2028/2571 2039/2173/2584 2120/2164/2572
f 2126/2031/2573 2120/2164/2572 2040/2165/2574
f 2038/2166/2575 2040/2165/2574 2141/2167/2576
f 2081/2168/2577 2141/2167/2576 2042/2169/2578
f 2167/2035/2580 2116/2172/2582 1960/2028/2658
f 2167/2035/2580 2043/2037/2589 2044/2171/2581
f 2103/2153/2554 2182/2175/2586 2161/2174/2585
f 2032/1986/2359 2163/2039/2412 2182/2175/2586
f 2163/2039/2412 1963/2090/2467 2134/2176/2587
f 2182/2175/2586 2134/2176/2587 2186/2177/2588
f 2176/2178/2590 2021/2182/2595 2046/2179/2591
f 2044/2171/2581 2176/2178/2590 2142/2180/2592
f 2115/2141/2593 2020/2139/2565 2036/2160/2566
f 2021/2182/2595 2115/2141/2593 2169/2181/2594
f 2047/2185/2601 2082/2186/2600 2050/2187/2602
f 2009/2118/2505 2187/2222/2654 2070/2190/2605
f 2070/2190/2605 2049/2184/2597 2048/2183/2596
f 2177/2191/2606 2070/2190/2605 2048/2183/2596
f 2047/2185/2598 2104/2192/2607 2048/2183/2596
f 2166/2121/2508 2183/2195/2610 2190/2194/2609
f 2183/2195/2610 2053/2196/2611 2054/2197/2612
f 2053/2196/2611 2067/2212/2635 2083/2198/2613
f 2047/2185/2601 2051/2189/2604 2121/2200/2617
f 2104/2192/2615 2121/2200/2617 2055/2199/2616
f 2146/2201/2618 2143/2202/2620 2037/2161/2567
f 2146/2201/2618 2066/2193/2614 2055/2199/2616
f 2056/2206/2624 2084/2203/2621 1948/2205/2623
f 2084/2203/2621 2057/2210/2630 2058/2204/2622
f 2041/2170/2579 2042/2169/2578 2105/2209/2629
f 2132/2034/2407 1961/2211/2632 2081/2168/2631
f 2013/2000/2373 2081/2168/2631 2041/2170/2634
f 2085/2208/2628 2059/2207/2627 2083/2198/2613
f 2056/2206/2626 2067/2212/2635 2012/2122/2509
f 2061/2036/2409 2087/2038/2411 2096/2079/2637
f 2087/2038/2411 1993/2030/2403 1986/2074/2458
f 2061/2036/2409 1990/2080/2638 2106/2213/2639
f 2170/2214/2640 2106/2213/2639 2062/2146/2537
f 1990/2080/2456 1988/2077/2453 2106/2213/2641
f 2106/2213/2641 2097/2216/2643 2063/2215/2642
f 2021/2182/2644 2176/2178/2645 2170/2214/2640
f 2043/2037/2410 2061/2036/2409 2170/2214/2640
f 2065/2217/2646 2063/2215/2642 2097/2216/2643
f 1989/2076/2452 2097/2216/2643 1988/2077/2453
f 2019/2138/2525 2023/2144/2531 2174/2147/2534
f 2144/2218/2647 2174/2147/2534 2063/2215/2642
f 2016/2136/2523 2065/2217/2646 1989/2076/2452
f 1981/2067/2440 1979/2064/2437 2076/2148/2538
f 2114/2219/2648 2076/2148/2538 2023/2144/2531
f 2095/2056/2429 2184/2220/2649 2137/2125/2512
f 1965/2041/2414 2094/2051/2424 2184/2220/2649
f 2094/2051/2424 1969/2048/2421 2086/2135/2522
f 2184/2220/2649 2086/2135/2522 2014/2126/2513
f 2144/2218/2647 2078/2134/2521 2017/2131/2518
f 2065/2217/2646 2016/2136/2523 2078/2134/2521
f 1981/2067/2440 2113/2137/2524 1982/2113/2498
f 2113/2137/2524 2018/2133/2520 1982/2113/2498
f 1983/2069/2650 2005/2115/2657 2008/2117/2504
f 1978/2022/2395 2117/2070/2653 2146/2201/2652
f 2117/2070/2653 2010/2221/2651 2066/2193/2608
f 2053/2196/2611 2052/2120/2507 2067/2212/2635
f 2187/2222/2654 2009/2118/2505 2165/2119/2506
f 2191/2224/2659 2455/2225/2660 2315/2226/2661
f 2339/2227/2662 2330/2228/2663 2455/2225/2660
f 2421/2229/2664 2408/2230/2665 2193/2231/2666
f 2456/2232/2667 2194/2233/2668 2408/2230/2665
f 2195/2234/2669 2394/2235/2670 2379/2236/2671
f 2197/2237/2672 2457/2238/2673 2410/2239/2674
f 2332/2240/2675 2426/2241/2676 2457/2238/2673
f 2398/2242/2677 2199/2243/2678 2200/2244/2679
f 2201/2245/2680 2458/2246/2681 2429/2247/2682
f 2202/2248/2683 2317/2249/2684 2458/2246/2681
f 2346/2250/2685 2196/2251/2686 2195/2234/2669
f 2203/2252/2687 2459/2253/2688 2346/2250/2685
f 2399/2254/2689 2204/2255/2690 2459/2253/2688
f 2430/2256/2691 2204/2255/2690 2399/2254/2689
f 2205/2257/2692 2399/2254/2689 2203/2252/2687
f 2207/2258/2693 2204/2255/2690 2333/2259/2694
f 2333/2259/2694 2204/2255/2690 2208/2260/2695
f 2209/2261/2696 2346/2250/2697 2195/2234/2698
f 2365/2262/2699 2203/2252/2687 2346/2250/2697
f 2193/2231/2666 2408/2230/2665 2411/2263/2700
f 2408/2230/2665 2212/2264/2701 2211/2265/2702
f 2381/2266/2703 2194/2233/2668 2202/2248/2683
f 2213/2267/2704 2432/2268/2705 2381/2266/2703
f 2191/2224/2659 2460/2269/2706 2347/2270/2707
f 2340/2271/2708 2411/2263/2700 2460/2269/2706
f 2460/2269/2706 2211/2265/2702 2400/2272/2709
f 2347/2270/2707 2400/2272/2709 2214/2273/2710
f 2216/2274/2711 2401/2275/2712 2412/2276/2713
f 2412/2276/2713 2211/2265/2702 2212/2264/2701
f 2347/2270/2707 2339/2227/2662 2191/2224/2659
f 2214/2273/2710 2319/2277/2714 2347/2270/2707
f 2319/2277/2714 2192/2278/2715 2339/2227/2662
f 2218/2279/2716 2366/2280/2717 2382/2281/2718
f 2366/2280/2717 2217/2282/2719 2367/2283/2720
f 2382/2281/2718 2367/2283/2720 2219/2284/2721
f 2220/2285/2722 2461/2286/2723 2214/2273/2710
f 2413/2287/2724 2217/2282/2719 2461/2286/2723
f 2461/2286/2723 2217/2282/2719 2319/2277/2714
f 2222/2288/2725 2433/2289/2726 2321/2290/2727
f 2321/2290/2727 2223/2291/2728 2224/2292/2729
f 2200/2244/2679 2414/2293/2730 2433/2289/2726
f 2433/2289/2726 2225/2294/2731 2223/2291/2728
f 2197/2237/2732 2321/2290/2727 2335/2295/2733
f 2335/2295/2733 2224/2292/2729 2226/2296/2734
f 2227/2297/2735 2349/2298/2736 2336/2299/2737
f 2336/2299/2737 2224/2292/2729 2223/2291/2728
f 2383/2300/2738 2200/2244/2679 2222/2288/2725
f 2462/2301/2739 2193/2231/2666 2340/2271/2708
f 2315/2226/2661 2340/2271/2708 2191/2224/2659
f 2226/2296/2740 2463/2302/2741 2335/2295/2742
f 2384/2303/2743 2350/2304/2744 2463/2302/2741
f 2463/2302/2741 2198/2305/2745 2332/2240/2675
f 2335/2295/2742 2332/2240/2675 2197/2237/2672
f 2230/2306/2746 2464/2307/2747 2385/2308/2748
f 2322/2309/2749 2434/2310/2750 2464/2307/2747
f 2464/2307/2747 2229/2311/2751 2384/2303/2743
f 2385/2308/2748 2384/2303/2743 2226/2296/2740
f 2221/2312/2752 2465/2313/2753 2435/2314/2754
f 2413/2287/2724 2415/2315/2755 2465/2313/2753
f 2465/2313/2753 2232/2316/2756 2351/2317/2757
f 2435/2314/2754 2351/2317/2757 2233/2318/2758
f 2220/2285/2722 2466/2319/2759 2415/2315/2755
f 2348/2320/2760 2370/2321/2761 2466/2319/2759
f 2466/2319/2759 2234/2322/2762 2352/2323/2763
f 2415/2315/2755 2352/2323/2763 2232/2316/2756
f 2235/2324/2764 2467/2325/2765 2368/2326/2766
f 2436/2327/2767 2435/2314/2754 2467/2325/2765
f 2467/2325/2765 2233/2318/2758 2368/2326/2766
f 2233/2318/2758 2468/2328/2768 2369/2329/2769
f 2351/2317/2757 2353/2330/2770 2468/2328/2768
f 2468/2328/2768 2237/2331/2771 2437/2332/2772
f 2369/2329/2769 2437/2332/2772 2238/2333/2773
f 2430/2256/2691 2244/2334/2774 2239/2335/2775
f 2206/2336/2776 2239/2335/2775 2241/2337/2777
f 2438/2338/2778 2243/2339/2779 2354/2340/2780
f 2205/2257/2692 2354/2340/2780 2244/2334/2774
f 2446/2341/2781 2216/2274/2711 2215/2342/2782
f 2355/2343/2783 2370/2321/2761 2446/2341/2781
f 2424/2344/2784 2446/2341/2781 2215/2342/2782
f 2246/2345/2785 2372/2346/2786 2424/2344/2784
f 2248/2347/2787 2234/2322/2762 2355/2343/2783
f 2228/2348/2788 2403/2349/2789 2416/2350/2790
f 2403/2349/2789 2250/2351/2791 2440/2352/2792
f 2416/2350/2790 2440/2352/2792 2251/2353/2793
f 2227/2297/2735 2404/2354/2794 2403/2349/2789
f 2404/2354/2794 2253/2355/2795 2441/2356/2796
f 2403/2349/2789 2441/2356/2796 2250/2351/2791
f 2230/2306/2797 2416/2350/2790 2323/2357/2798
f 2323/2357/2798 2251/2353/2793 2254/2358/2799
f 2251/2353/2793 2469/2359/2800 2324/2360/2801
f 2440/2352/2792 2250/2351/2791 2469/2359/2800
f 2469/2359/2800 2255/2361/2802 2427/2362/2803
f 2324/2360/2801 2427/2362/2803 2256/2363/2804
f 2470/2364/2805 2192/2278/2715 2366/2280/2717
f 2320/2365/2806 2366/2280/2717 2218/2279/2716
f 2397/2366/2807 2218/2279/2716 2199/2243/2678
f 2254/2358/2808 2471/2367/2809 2323/2357/2810
f 2374/2368/2811 2337/2369/2812 2471/2367/2809
f 2471/2367/2809 2231/2370/2813 2322/2309/2749
f 2323/2357/2810 2322/2309/2749 2230/2306/2746
f 2258/2371/2814 2472/2372/2815 2375/2373/2816
f 2442/2374/2817 2418/2375/2818 2472/2372/2815
f 2472/2372/2815 2257/2376/2819 2374/2368/2811
f 2375/2373/2816 2374/2368/2811 2254/2358/2808
f 2441/2356/2796 2253/2355/2795 2356/2377/2820
f 2250/2351/2791 2356/2377/2820 2255/2361/2802
f 2260/2378/2821 2356/2377/2820 2253/2355/2795
f 2405/2379/2822 2258/2371/2814 2263/2380/2823
f 2405/2379/2822 2326/2381/2824 2442/2374/2817
f 2264/2382/2825 2405/2379/2822 2419/2383/2826
f 2419/2383/2826 2265/2384/2827 2266/2385/2828
f 2263/2380/2829 2256/2363/2804 2267/2386/2830
f 2376/2387/2831 2268/2388/2832 2357/2389/2833
f 2267/2386/2830 2357/2389/2833 2269/2390/2834
f 2261/2391/2835 2427/2362/2803 2255/2361/2802
f 2376/2387/2831 2256/2363/2804 2427/2362/2803
f 2270/2392/2836 2356/2377/2820 2260/2378/2821
f 2358/2393/2837 2261/2391/2835 2356/2377/2820
f 2268/2388/2838 2406/2394/2839 2357/2389/2840
f 2357/2389/2840 2272/2395/2841 2269/2390/2842
f 2265/2384/2843 2267/2386/2830 2443/2396/2844
f 2443/2396/2844 2267/2386/2830 2269/2390/2834
f 2325/2397/2845 2273/2398/2846 2274/2399/2847
f 2275/2400/2848 2437/2332/2772 2237/2331/2771
f 2444/2401/2849 2238/2333/2773 2437/2332/2772
f 2236/2402/2850 2325/2397/2845 2417/2403/2851
f 2368/2326/2766 2369/2329/2769 2325/2397/2845
f 2417/2403/2851 2325/2397/2845 2262/2404/2852
f 2274/2399/2847 2260/2378/2821 2262/2404/2852
f 2260/2378/2821 2253/2355/2795 2262/2404/2852
f 2274/2399/2847 2445/2405/2853 2276/2406/2854
f 2274/2399/2847 2302/2407/2855 2445/2405/2853
f 2439/2408/2856 2277/2409/2857 2338/2410/2858
f 2237/2331/2771 2338/2410/2858 2275/2400/2848
f 2232/2316/2756 2473/2411/2859 2353/2330/2770
f 2352/2323/2763 2234/2322/2762 2473/2411/2859
f 2473/2411/2859 2249/2412/2860 2439/2408/2856
f 2353/2330/2770 2439/2408/2856 2237/2331/2771
f 2387/2413/2861 2249/2412/2860 2407/2414/2862
f 2407/2414/2862 2249/2412/2860 2248/2347/2787
f 2275/2400/2848 2448/2415/2863 2279/2416/2864
f 2338/2410/2858 2296/2417/2865 2448/2415/2863
f 2431/2418/2866 2195/2234/2698 2379/2236/2867
f 2280/2419/2868 2328/2420/2869 2329/2421/2870
f 2329/2421/2870 2244/2334/2871 2281/2422/2872
f 2281/2422/2873 2354/2340/2780 2243/2339/2779
f 2328/2420/2869 2282/2423/2874 2359/2424/2875
f 2245/2425/2876 2359/2424/2875 2283/2426/2877
f 2284/2427/2878 2377/2428/2879 2388/2429/2880
f 2388/2429/2880 2286/2430/2881 2287/2431/2882
f 2288/2432/2883 2378/2433/2884 2389/2434/2885
f 2389/2434/2885 2285/2435/2886 2284/2427/2878
f 2287/2431/2882 2420/2436/2887 2454/2437/2888
f 2454/2437/2888 2290/2438/2889 2310/2439/2890
f 2310/2439/2890 2360/2440/2891 2447/2441/2892
f 2447/2441/2892 2291/2442/2893 2390/2443/2894
f 2447/2441/2892 2390/2443/2894 2292/2444/2895
f 2391/2445/2896 2422/2446/2897 2390/2443/2894
f 2292/2444/2895 2422/2446/2897 2294/2447/2898
f 2295/2448/2899 2422/2446/2897 2423/2449/2900
f 2422/2446/2897 2313/2450/2901 2294/2447/2898
f 2296/2417/2902 2452/2451/2903 2448/2415/2904
f 2361/2452/2905 2341/2453/2906 2452/2451/2903
f 2452/2451/2903 2279/2416/2907 2448/2415/2904
f 2425/2454/2908 2342/2455/2909 2361/2452/2905
f 2299/2456/2910 2361/2452/2905 2296/2417/2902
f 2452/2451/2903 2451/2457/2911 2279/2416/2907
f 2452/2451/2903 2343/2458/2912 2451/2457/2911
f 2451/2457/2911 2301/2459/2913 2302/2407/2914
f 2302/2407/2914 2331/2460/2915 2276/2406/2916
f 2303/2461/2917 2270/2392/2918 2276/2406/2916
f 2270/2392/2918 2380/2462/2919 2358/2393/2920
f 2358/2393/2920 2271/2463/2921 2268/2388/2838
f 2359/2424/2875 2289/2464/2922 2288/2432/2883
f 2305/2465/2923 2283/2426/2924 2288/2432/2925
f 2240/2466/2926 2241/2337/2777 2395/2467/2927
f 2306/2468/2928 2395/2467/2927 2305/2465/2923
f 2307/2469/2929 2240/2466/2926 2306/2468/2928
f 2305/2465/2923 2363/2470/2930 2306/2468/2928
f 2334/2471/2931 2309/2472/2932 2363/2470/2930
f 2201/2245/2680 2333/2259/2694 2344/2473/2933
f 2333/2259/2694 2208/2260/2695 2362/2474/2934
f 2344/2473/2933 2362/2474/2934 2307/2469/2929
f 2202/2248/2683 2344/2473/2933 2381/2266/2703
f 2381/2266/2703 2307/2469/2929 2409/2475/2935
f 2381/2266/2703 2409/2475/2935 2213/2267/2704
f 2429/2247/2682 2207/2258/2693 2201/2245/2680
f 2284/2427/2936 2345/2476/2937 2308/2477/2938
f 2388/2429/2939 2246/2345/2785 2345/2476/2937
f 2372/2346/2786 2287/2431/2940 2454/2437/2941
f 2247/2478/2942 2454/2437/2941 2310/2439/2943
f 2288/2432/2925 2334/2471/2931 2305/2465/2923
f 2389/2434/2944 2308/2477/2938 2334/2471/2931
f 2316/2479/2945 2309/2472/2932 2424/2344/2784
f 2424/2344/2784 2308/2477/2938 2345/2476/2937
f 2424/2344/2784 2345/2476/2937 2246/2345/2785
f 2292/2444/2946 2396/2480/2947 2447/2441/2948
f 2447/2441/2948 2247/2478/2942 2310/2439/2943
f 2311/2481/2949 2355/2343/2783 2396/2480/2947
f 2294/2447/2950 2364/2482/2951 2292/2444/2946
f 2314/2483/2952 2425/2454/2908 2295/2448/2953
f 2313/2450/2954 2453/2484/2955 2294/2447/2950
f 2299/2456/2956 2387/2413/2861 2278/2485/2957
f 2299/2456/2956 2277/2409/2857 2387/2413/2861
f 2299/2456/2956 2278/2485/2957 2312/2486/2958
f 2279/2416/2864 2444/2401/2849 2275/2400/2848
f 2451/2457/2959 2273/2398/2846 2444/2401/2849
f 2254/2358/2799 2324/2360/2801 2375/2373/2960
f 2375/2373/2960 2256/2363/2804 2258/2371/2961
f 2410/2239/2962 2222/2288/2725 2197/2237/2732
f 2199/2243/2678 2382/2281/2718 2414/2293/2730
f 2414/2293/2730 2219/2284/2721 2225/2294/2731
f 2235/2324/2764 2373/2487/2963 2219/2284/2721
f 2371/2488/2964 2368/2326/2766 2474/2489/2965
f 2474/2489/2965 2236/2402/2850 2417/2403/2851
f 2252/2490/2966 2417/2403/2851 2253/2355/2795
f 2276/2406/2854 2260/2378/2821 2274/2399/2847
f 2202/2248/2683 2475/2491/2967 2317/2249/2684
f 2194/2233/2668 2392/2492/2968 2475/2491/2967
f 2226/2296/2734 2349/2298/2736 2385/2308/2969
f 2385/2308/2969 2228/2348/2788 2230/2306/2797
f 2252/2490/2966 2476/2493/2970 2373/2487/2963
f 2404/2354/2794 2336/2299/2737 2476/2493/2970
f 2476/2493/2970 2223/2291/2728 2225/2294/2731
f 2221/2312/2752 2367/2283/2720 2217/2282/2719
f 2436/2327/2767 2219/2284/2721 2367/2283/2720
f 2216/2274/2711 2400/2272/2709 2401/2275/2712
f 2348/2320/2760 2214/2273/2710 2400/2272/2709
f 2401/2275/2712 2400/2272/2709 2211/2265/2702
f 2412/2276/2713 2316/2479/2945 2215/2342/2782
f 2212/2264/2701 2477/2494/2971 2412/2276/2713
f 2212/2264/2701 2213/2267/2704 2477/2494/2971
f 2477/2494/2971 2309/2472/2932 2316/2479/2945
f 2306/2468/2928 2409/2475/2935 2307/2469/2929
f 2363/2470/2930 2213/2267/2704 2409/2475/2935
f 2203/2252/2687 2438/2338/2778 2205/2257/2692
f 2203/2252/2687 2386/2495/2972 2438/2338/2778
f 2327/2496/2973 2269/2390/2842 2272/2395/2841
f 2266/2385/2974 2443/2396/2975 2327/2496/2976
f 2312/2486/2977 2425/2454/2908 2299/2456/2910
f 2278/2485/2957 2407/2414/2862 2364/2482/2951
f 2364/2482/2951 2248/2347/2787 2311/2481/2949
f 2241/2337/2777 2245/2425/2978 2283/2426/2924
f 2208/2260/2695 2206/2336/2776 2240/2466/2926
f 2318/2497/2979 2196/2251/2686 2207/2258/2693
f 2191/2224/2659 2339/2227/2662 2455/2225/2660
f 2339/2227/2662 2192/2278/2715 2330/2228/2663
f 2421/2229/2664 2456/2232/2667 2408/2230/2665
f 2456/2232/2667 2392/2492/2968 2194/2233/2668
f 2195/2234/2669 2196/2251/2686 2394/2235/2670
f 2197/2237/2672 2332/2240/2675 2457/2238/2673
f 2332/2240/2675 2198/2305/2745 2426/2241/2676
f 2398/2242/2677 2397/2366/2807 2199/2243/2678
f 2201/2245/2680 2202/2248/2683 2458/2246/2681
f 2346/2250/2685 2459/2253/2688 2196/2251/2686
f 2203/2252/2687 2399/2254/2689 2459/2253/2688
f 2459/2253/2688 2204/2255/2690 2196/2251/2686
f 2205/2257/2692 2430/2256/2691 2399/2254/2689
f 2430/2256/2691 2206/2336/2776 2204/2255/2690
f 2207/2258/2693 2196/2251/2686 2204/2255/2690
f 2209/2261/2696 2365/2262/2699 2346/2250/2697
f 2365/2262/2699 2210/2498/2980 2203/2252/2687
f 2411/2263/2700 2408/2230/2665 2211/2265/2702
f 2408/2230/2665 2194/2233/2668 2432/2268/2705
f 2408/2230/2665 2432/2268/2705 2212/2264/2701
f 2381/2266/2703 2432/2268/2705 2194/2233/2668
f 2213/2267/2704 2212/2264/2701 2432/2268/2705
f 2191/2224/2659 2340/2271/2708 2460/2269/2706
f 2340/2271/2708 2193/2231/2666 2411/2263/2700
f 2460/2269/2706 2411/2263/2700 2211/2265/2702
f 2347/2270/2707 2460/2269/2706 2400/2272/2709
f 2215/2342/2782 2216/2274/2711 2412/2276/2713
f 2412/2276/2713 2401/2275/2712 2211/2265/2702
f 2347/2270/2707 2319/2277/2714 2339/2227/2662
f 2319/2277/2714 2217/2282/2719 2192/2278/2715
f 2366/2280/2717 2192/2278/2715 2217/2282/2719
f 2382/2281/2718 2366/2280/2717 2367/2283/2720
f 2220/2285/2722 2413/2287/2724 2461/2286/2723
f 2413/2287/2724 2221/2312/2752 2217/2282/2719
f 2214/2273/2710 2461/2286/2723 2319/2277/2714
f 2222/2288/2725 2200/2244/2679 2433/2289/2726
f 2321/2290/2727 2433/2289/2726 2223/2291/2728
f 2200/2244/2679 2199/2243/2678 2414/2293/2730
f 2433/2289/2726 2414/2293/2730 2225/2294/2731
f 2197/2237/2732 2222/2288/2725 2321/2290/2727
f 2335/2295/2733 2321/2290/2727 2224/2292/2729
f 2227/2297/2735 2228/2348/2788 2349/2298/2736
f 2336/2299/2737 2349/2298/2736 2224/2292/2729
f 2383/2300/2738 2398/2242/2677 2200/2244/2679
f 2462/2301/2739 2421/2229/2664 2193/2231/2666
f 2315/2226/2661 2462/2301/2739 2340/2271/2708
f 2226/2296/2740 2384/2303/2743 2463/2302/2741
f 2384/2303/2743 2229/2311/2751 2350/2304/2744
f 2463/2302/2741 2350/2304/2744 2198/2305/2745
f 2335/2295/2742 2463/2302/2741 2332/2240/2675
f 2230/2306/2746 2322/2309/2749 2464/2307/2747
f 2322/2309/2749 2231/2370/2813 2434/2310/2750
f 2464/2307/2747 2434/2310/2750 2229/2311/2751
f 2385/2308/2748 2464/2307/2747 2384/2303/2743
f 2221/2312/2752 2413/2287/2724 2465/2313/2753
f 2413/2287/2724 2220/2285/2722 2415/2315/2755
f 2465/2313/2753 2415/2315/2755 2232/2316/2756
f 2435/2314/2754 2465/2313/2753 2351/2317/2757
f 2220/2285/2722 2348/2320/2760 2466/2319/2759
f 2348/2320/2760 2216/2274/2711 2370/2321/2761
f 2466/2319/2759 2370/2321/2761 2234/2322/2762
f 2415/2315/2755 2466/2319/2759 2352/2323/2763
f 2235/2324/2764 2436/2327/2767 2467/2325/2765
f 2436/2327/2767 2221/2312/2752 2435/2314/2754
f 2467/2325/2765 2435/2314/2754 2233/2318/2758
f 2233/2318/2758 2351/2317/2757 2468/2328/2768
f 2351/2317/2757 2232/2316/2756 2353/2330/2770
f 2468/2328/2768 2353/2330/2770 2237/2331/2771
f 2369/2329/2769 2468/2328/2768 2437/2332/2772
f 2206/2336/2776 2430/2256/2691 2239/2335/2775
f 2430/2256/2691 2205/2257/2692 2244/2334/2774
f 2240/2466/2926 2206/2336/2776 2241/2337/2777
f 2438/2338/2778 2242/2499/2981 2402/2500/2982
f 2438/2338/2778 2402/2500/2982 2243/2339/2779
f 2205/2257/2692 2438/2338/2778 2354/2340/2780
f 2244/2334/2774 2245/2425/2978 2239/2335/2775
f 2247/2478/2942 2355/2343/2783 2446/2341/2781
f 2355/2343/2783 2234/2322/2762 2370/2321/2761
f 2446/2341/2781 2370/2321/2761 2216/2274/2711
f 2424/2344/2784 2372/2346/2786 2446/2341/2781
f 2446/2341/2781 2372/2346/2786 2247/2478/2942
f 2248/2347/2787 2249/2412/2860 2234/2322/2762
f 2228/2348/2788 2227/2297/2735 2403/2349/2789
f 2416/2350/2790 2403/2349/2789 2440/2352/2792
f 2404/2354/2794 2252/2490/2966 2253/2355/2795
f 2403/2349/2789 2404/2354/2794 2441/2356/2796
f 2230/2306/2797 2228/2348/2788 2416/2350/2790
f 2323/2357/2798 2416/2350/2790 2251/2353/2793
f 2251/2353/2793 2440/2352/2792 2469/2359/2800
f 2469/2359/2800 2250/2351/2791 2255/2361/2802
f 2324/2360/2801 2469/2359/2800 2427/2362/2803
f 2470/2364/2805 2330/2228/2663 2192/2278/2715
f 2320/2365/2806 2470/2364/2805 2366/2280/2717
f 2397/2366/2807 2320/2365/2806 2218/2279/2716
f 2254/2358/2808 2374/2368/2811 2471/2367/2809
f 2374/2368/2811 2257/2376/2819 2337/2369/2812
f 2471/2367/2809 2337/2369/2812 2231/2370/2813
f 2323/2357/2810 2471/2367/2809 2322/2309/2749
f 2258/2371/2814 2442/2374/2817 2472/2372/2815
f 2442/2374/2817 2259/2501/2983 2418/2375/2818
f 2472/2372/2815 2418/2375/2818 2257/2376/2819
f 2375/2373/2816 2472/2372/2815 2374/2368/2811
f 2250/2351/2791 2441/2356/2796 2356/2377/2820
f 2356/2377/2820 2261/2391/2835 2255/2361/2802
f 2253/2355/2795 2417/2403/2851 2262/2404/2852
f 2405/2379/2822 2442/2374/2817 2258/2371/2814
f 2405/2379/2822 2264/2382/2825 2326/2381/2824
f 2442/2374/2817 2326/2381/2824 2259/2501/2983
f 2405/2379/2822 2263/2380/2823 2265/2384/2827
f 2419/2383/2826 2405/2379/2822 2265/2384/2827
f 2263/2380/2829 2258/2371/2961 2256/2363/2804
f 2376/2387/2831 2261/2391/2835 2268/2388/2832
f 2267/2386/2830 2376/2387/2831 2357/2389/2833
f 2261/2391/2835 2376/2387/2831 2427/2362/2803
f 2376/2387/2831 2267/2386/2830 2256/2363/2804
f 2270/2392/2836 2358/2393/2837 2356/2377/2820
f 2358/2393/2837 2268/2388/2832 2261/2391/2835
f 2268/2388/2838 2271/2463/2921 2406/2394/2839
f 2357/2389/2840 2406/2394/2839 2272/2395/2841
f 2265/2384/2843 2263/2380/2829 2267/2386/2830
f 2325/2397/2845 2238/2333/2773 2273/2398/2846
f 2262/2404/2852 2325/2397/2845 2274/2399/2847
f 2275/2400/2848 2444/2401/2849 2437/2332/2772
f 2444/2401/2849 2273/2398/2846 2238/2333/2773
f 2236/2402/2850 2368/2326/2766 2325/2397/2845
f 2368/2326/2766 2233/2318/2758 2369/2329/2769
f 2325/2397/2845 2369/2329/2769 2238/2333/2773
f 2274/2399/2847 2273/2398/2846 2302/2407/2855
f 2439/2408/2856 2249/2412/2860 2277/2409/2857
f 2237/2331/2771 2439/2408/2856 2338/2410/2858
f 2232/2316/2756 2352/2323/2763 2473/2411/2859
f 2473/2411/2859 2234/2322/2762 2249/2412/2860
f 2353/2330/2770 2473/2411/2859 2439/2408/2856
f 2278/2485/2957 2387/2413/2861 2407/2414/2862
f 2387/2413/2861 2277/2409/2857 2249/2412/2860
f 2275/2400/2848 2338/2410/2858 2448/2415/2863
f 2338/2410/2858 2277/2409/2857 2296/2417/2865
f 2431/2418/2866 2209/2261/2696 2195/2234/2698
f 2328/2420/2869 2245/2425/2876 2244/2334/2871
f 2329/2421/2870 2328/2420/2869 2244/2334/2871
f 2281/2422/2873 2244/2334/2774 2354/2340/2780
f 2328/2420/2869 2280/2419/2868 2393/2502/2984
f 2328/2420/2869 2393/2502/2984 2282/2423/2874
f 2245/2425/2876 2328/2420/2869 2359/2424/2875
f 2284/2427/2878 2285/2435/2886 2377/2428/2879
f 2388/2429/2880 2377/2428/2879 2286/2430/2881
f 2288/2432/2883 2289/2464/2922 2378/2433/2884
f 2389/2434/2885 2378/2433/2884 2285/2435/2886
f 2287/2431/2882 2286/2430/2881 2420/2436/2887
f 2454/2437/2888 2420/2436/2887 2290/2438/2889
f 2310/2439/2890 2290/2438/2889 2360/2440/2891
f 2447/2441/2892 2360/2440/2891 2291/2442/2893
f 2390/2443/2894 2291/2442/2893 2391/2445/2896
f 2391/2445/2896 2293/2503/2985 2422/2446/2897
f 2292/2444/2895 2390/2443/2894 2422/2446/2897
f 2293/2503/2985 2423/2449/2900 2422/2446/2897
f 2295/2448/2899 2313/2450/2901 2422/2446/2897
f 2296/2417/2902 2361/2452/2905 2452/2451/2903
f 2361/2452/2905 2297/2504/2986 2341/2453/2906
f 2452/2451/2903 2341/2453/2906 2298/2505/2987
f 2299/2456/2910 2425/2454/2908 2361/2452/2905
f 2425/2454/2908 2300/2506/2988 2342/2455/2909
f 2361/2452/2905 2342/2455/2909 2297/2504/2986
f 2452/2451/2903 2298/2505/2987 2343/2458/2912
f 2451/2457/2911 2343/2458/2912 2301/2459/2913
f 2302/2407/2914 2276/2406/2916 2445/2405/2989
f 2302/2407/2914 2301/2459/2913 2331/2460/2915
f 2331/2460/2915 2303/2461/2917 2276/2406/2916
f 2303/2461/2917 2449/2507/2990 2270/2392/2918
f 2449/2507/2990 2304/2508/2991 2270/2392/2918
f 2270/2392/2918 2304/2508/2991 2380/2462/2919
f 2358/2393/2920 2380/2462/2919 2271/2463/2921
f 2359/2424/2875 2282/2423/2874 2450/2509/2992
f 2359/2424/2875 2450/2509/2992 2289/2464/2922
f 2283/2426/2877 2359/2424/2875 2288/2432/2883
f 2305/2465/2923 2395/2467/2927 2283/2426/2924
f 2395/2467/2927 2241/2337/2777 2283/2426/2924
f 2306/2468/2928 2240/2466/2926 2395/2467/2927
f 2362/2474/2934 2208/2260/2695 2240/2466/2926
f 2307/2469/2929 2362/2474/2934 2240/2466/2926
f 2305/2465/2923 2334/2471/2931 2363/2470/2930
f 2334/2471/2931 2308/2477/2938 2309/2472/2932
f 2201/2245/2680 2207/2258/2693 2333/2259/2694
f 2344/2473/2933 2333/2259/2694 2362/2474/2934
f 2202/2248/2683 2201/2245/2680 2344/2473/2933
f 2381/2266/2703 2344/2473/2933 2307/2469/2929
f 2429/2247/2682 2318/2497/2979 2207/2258/2693
f 2284/2427/2936 2388/2429/2939 2345/2476/2937
f 2388/2429/2939 2287/2431/2940 2246/2345/2785
f 2372/2346/2786 2246/2345/2785 2287/2431/2940
f 2247/2478/2942 2372/2346/2786 2454/2437/2941
f 2288/2432/2925 2389/2434/2944 2334/2471/2931
f 2389/2434/2944 2284/2427/2936 2308/2477/2938
f 2215/2342/2782 2316/2479/2945 2424/2344/2784
f 2424/2344/2784 2309/2472/2932 2308/2477/2938
f 2292/2444/2946 2311/2481/2949 2396/2480/2947
f 2447/2441/2948 2396/2480/2947 2247/2478/2942
f 2311/2481/2949 2248/2347/2787 2355/2343/2783
f 2396/2480/2947 2355/2343/2783 2247/2478/2942
f 2294/2447/2950 2453/2484/2955 2364/2482/2951
f 2453/2484/2955 2278/2485/2957 2364/2482/2951
f 2292/2444/2946 2364/2482/2951 2311/2481/2949
f 2425/2454/2908 2312/2486/2977 2313/2450/2993
f 2295/2448/2953 2425/2454/2908 2313/2450/2993
f 2313/2450/2954 2312/2486/2958 2453/2484/2955
f 2312/2486/2958 2278/2485/2957 2453/2484/2955
f 2299/2456/2956 2296/2417/2865 2277/2409/2857
f 2279/2416/2864 2451/2457/2959 2444/2401/2849
f 2451/2457/2959 2302/2407/2855 2273/2398/2846
f 2254/2358/2799 2251/2353/2793 2324/2360/2801
f 2375/2373/2960 2324/2360/2801 2256/2363/2804
f 2410/2239/2962 2383/2300/2738 2222/2288/2725
f 2199/2243/2678 2218/2279/2716 2382/2281/2718
f 2414/2293/2730 2382/2281/2718 2219/2284/2721
f 2235/2324/2764 2371/2488/2964 2373/2487/2963
f 2371/2488/2964 2252/2490/2966 2373/2487/2963
f 2219/2284/2721 2373/2487/2963 2225/2294/2731
f 2252/2490/2966 2371/2488/2964 2474/2489/2965
f 2371/2488/2964 2235/2324/2764 2368/2326/2766
f 2474/2489/2965 2368/2326/2766 2236/2402/2850
f 2252/2490/2966 2474/2489/2965 2417/2403/2851
f 2276/2406/2854 2270/2392/2836 2260/2378/2821
f 2202/2248/2683 2194/2233/2668 2475/2491/2967
f 2226/2296/2734 2224/2292/2729 2349/2298/2736
f 2385/2308/2969 2349/2298/2736 2228/2348/2788
f 2373/2487/2963 2476/2493/2970 2225/2294/2731
f 2252/2490/2966 2404/2354/2794 2476/2493/2970
f 2404/2354/2794 2227/2297/2735 2336/2299/2737
f 2476/2493/2970 2336/2299/2737 2223/2291/2728
f 2221/2312/2752 2436/2327/2767 2367/2283/2720
f 2436/2327/2767 2235/2324/2764 2219/2284/2721
f 2216/2274/2711 2348/2320/2760 2400/2272/2709
f 2348/2320/2760 2220/2285/2722 2214/2273/2710
f 2412/2276/2713 2477/2494/2971 2316/2479/2945
f 2477/2494/2971 2213/2267/2704 2309/2472/2932
f 2306/2468/2928 2363/2470/2930 2409/2475/2935
f 2363/2470/2930 2309/2472/2932 2213/2267/2704
f 2203/2252/2687 2210/2498/2980 2386/2495/2972
f 2438/2338/2778 2386/2495/2972 2242/2499/2981
f 2327/2496/2973 2443/2396/2994 2269/2390/2842
f 2266/2385/2974 2265/2384/2995 2443/2396/2975
f 2425/2454/2908 2314/2483/2952 2428/2510/2996
f 2425/2454/2908 2428/2510/2996 2300/2506/2988
f 2364/2482/2951 2407/2414/2862 2248/2347/2787
f 2241/2337/2777 2239/2335/2775 2245/2425/2978
f 2208/2260/2695 2204/2255/2690 2206/2336/2776
f 2318/2497/2979 2394/2235/2670 2196/2251/2686
f 2480/2511/2997 2478/2512/2998 2482/2513/2999
f 2479/2514/3000 2482/2513/2999 2478/2512/2998
f 2484/2515/3001 2483/2516/3002 2481/2517/3003
f 2485/2518/3004 2481/2517/3003 2480/2511/2997
f 2485/2518/3004 2480/2511/2997 2482/2513/2999
f 2486/2519/3005 2482/2513/2999 2479/2514/3000
f 2484/2515/3001 2487/2520/3006 2483/2516/3002
f 2484/2515/3001 2481/2517/3003 2488/2521/3007
f 2485/2518/3004 2488/2521/3007 2481/2517/3003
f 2484/2515/3001 2489/2522/3008 2487/2520/3006
f 2490/2523/3009 2487/2520/3006 2491/2524/3010
f 2491/2524/3010 2487/2520/3006 2489/2522/3008
f 2492/2525/3011 2484/2515/3001 2488/2521/3007
f 2492/2525/3011 2489/2522/3008 2484/2515/3001
f 2493/2526/3012 2488/2521/3007 2485/2518/3004
f 2493/2526/3012 2485/2518/3004 2482/2513/2999
f 2491/2524/3010 2489/2522/3008 2494/2527/3013
f 2494/2527/3013 2489/2522/3008 2495/2528/3014
f 2492/2525/3011 2495/2528/3014 2489/2522/3008
f 2496/2529/3015 2493/2526/3012 2482/2513/2999
f 2496/2529/3015 2482/2513/2999 2486/2519/3005
f 2490/2523/3009 2491/2524/3010 2498/2530/3016
f 2490/2523/3009 2498/2530/3016 2497/2531/3017
f 2491/2524/3010 2494/2527/3013 2499/2532/3018
f 2491/2524/3010 2499/2532/3018 2498/2530/3016
f 2492/2525/3011 2500/2533/3019 2495/2528/3014
f 2492/2525/3011 2488/2521/3007 2501/2534/3020
f 2492/2525/3011 2501/2534/3020 2500/2533/3019
f 2493/2526/3012 2501/2534/3020 2488/2521/3007
f 2493/2526/3012 2502/2535/3021 2501/2534/3020
f 2493/2526/3012 2503/2536/3022 2502/2535/3021
f 2496/2529/3015 2503/2536/3022 2493/2526/3012
f 2494/2527/3013 2504/2537/3023 2499/2532/3018
f 2494/2527/3013 2505/2538/3024 2504/2537/3023
f 2494/2527/3013 2495/2528/3014 2505/2538/3024
f 2496/2529/3015 2506/2539/3025 2503/2536/3022
f 2508/2540/3026 2507/2541/3027 2497/2531/3017
f 2508/2540/3026 2497/2531/3017 2498/2530/3016
f 2509/2542/3028 2508/2540/3026 2498/2530/3016
f 2509/2542/3028 2498/2530/3016 2499/2532/3018
f 2509/2542/3028 2499/2532/3018 2510/2543/3029
f 2510/2543/3029 2499/2532/3018 2504/2537/3023
f 2500/2533/3019 2511/2544/3030 2495/2528/3014
f 2505/2538/3024 2495/2528/3014 2511/2544/3030
f 2512/2545/3031 2503/2536/3022 2506/2539/3025
f 2512/2545/3031 2513/2546/3032 2503/2536/3022
f 2502/2535/3021 2503/2536/3022 2513/2546/3032
f 2510/2543/3029 2504/2537/3023 2514/2547/3033
f 2514/2547/3033 2504/2537/3023 2515/2548/3034
f 2505/2538/3024 2515/2548/3034 2504/2537/3023
f 2508/2540/3026 2516/2549/3035 2507/2541/3027
f 2508/2540/3026 2520/2550/3036 2516/2549/3035
f 2508/2540/3026 2521/2551/3037 2520/2550/3036
f 2509/2542/3028 2521/2551/3037 2508/2540/3026
f 2509/2542/3028 2510/2543/3029 2522/2552/3038
f 2509/2542/3028 2522/2552/3038 2521/2551/3037
f 2510/2543/3029 2514/2547/3033 2523/2553/3039
f 2510/2543/3029 2523/2553/3039 2522/2552/3038
f 2500/2533/3019 2501/2534/3020 2524/2554/3040
f 2502/2535/3021 2524/2554/3040 2501/2534/3020
f 2500/2533/3019 2524/2554/3040 2525/2555/3041
f 2500/2533/3019 2525/2555/3041 2511/2544/3030
f 2505/2538/3024 2526/2556/3042 2515/2548/3034
f 2505/2538/3024 2511/2544/3030 2526/2556/3042
f 2502/2535/3021 2527/2557/3043 2524/2554/3040
f 2502/2535/3021 2513/2546/3032 2527/2557/3043
f 2512/2545/3031 2528/2558/3044 2513/2546/3032
f 2514/2547/3033 2515/2548/3034 2529/2559/3045
f 2514/2547/3033 2529/2559/3045 2530/2560/3046
f 2514/2547/3033 2530/2560/3046 2523/2553/3039
f 2531/2561/3047 2517/2562/3048 2516/2549/3035
f 2531/2561/3047 2516/2549/3035 2532/2563/3049
f 2533/2564/3050 2532/2563/3049 2516/2549/3035
f 2533/2564/3050 2516/2549/3035 2520/2550/3036
f 2518/2565/3051 2517/2562/3048 2531/2561/3047
f 2534/2566/3052 2520/2550/3036 2521/2551/3037
f 2534/2566/3052 2533/2564/3050 2520/2550/3036
f 2535/2567/3053 2534/2566/3052 2521/2551/3037
f 2535/2567/3053 2521/2551/3037 2522/2552/3038
f 2536/2568/3054 2522/2552/3038 2523/2553/3039
f 2535/2567/3053 2522/2552/3038 2536/2568/3054
f 2536/2568/3054 2523/2553/3039 2537/2569/3055
f 2537/2569/3055 2523/2553/3039 2530/2560/3046
f 2526/2556/3042 2511/2544/3030 2538/2570/3056
f 2525/2555/3041 2538/2570/3056 2511/2544/3030
f 2529/2559/3045 2515/2548/3034 2582/2571/3057
f 2526/2556/3042 2582/2571/3057 2515/2548/3034
f 2583/2572/3058 2513/2546/3032 2528/2558/3044
f 2583/2572/3058 2584/2573/3059 2513/2546/3032
f 2527/2557/3043 2513/2546/3032 2584/2573/3059
f 2537/2569/3055 2530/2560/3046 2585/2574/3060
f 2518/2565/3051 2586/2575/3061 2519/2576/3062
f 2531/2561/3047 2532/2563/3049 2587/2577/3063
f 2533/2564/3050 2587/2577/3063 2532/2563/3049
f 2531/2561/3047 2587/2577/3063 2588/2578/3064
f 2531/2561/3047 2588/2578/3064 2589/2579/3065
f 2518/2565/3051 2531/2561/3047 2589/2579/3065
f 2534/2566/3052 2590/2580/3066 2533/2564/3050
f 2533/2564/3050 2590/2580/3066 2587/2577/3063
f 2518/2565/3051 2591/2581/3067 2586/2575/3061
f 2518/2565/3051 2589/2579/3065 2591/2581/3067
f 2534/2566/3052 2592/2582/3068 2590/2580/3066
f 2535/2567/3053 2592/2582/3068 2534/2566/3052
f 2535/2567/3053 2536/2568/3054 2593/2583/3069
f 2536/2568/3054 2594/2584/3070 2593/2583/3069
f 2536/2568/3054 2537/2569/3055 2594/2584/3070
f 2537/2569/3055 2585/2574/3060 2595/2585/3071
f 2537/2569/3055 2595/2585/3071 2594/2584/3070
f 2525/2555/3041 2524/2554/3040 2596/2586/3072
f 2527/2557/3043 2596/2586/3072 2524/2554/3040
f 2525/2555/3041 2596/2586/3072 2597/2587/3073
f 2525/2555/3041 2597/2587/3073 2538/2570/3056
f 2527/2557/3043 2584/2573/3059 2598/2588/3074
f 2527/2557/3043 2598/2588/3074 2596/2586/3072
f 2529/2559/3045 2582/2571/3057 2599/2589/3075
f 2529/2559/3045 2599/2589/3075 2600/2590/3076
f 2529/2559/3045 2600/2590/3076 2530/2560/3046
f 2585/2574/3060 2530/2560/3046 2600/2590/3076
f 2585/2574/3060 2600/2590/3076 2601/2591/3077
f 2585/2574/3060 2601/2591/3077 2574/2592/3078
f 2585/2574/3060 2574/2592/3078 2595/2585/3071
f 2602/2593/3079 2577/2594/3080 2586/2575/3061
f 2602/2593/3079 2591/2581/3067 2589/2579/3065
f 2602/2593/3079 2586/2575/3061 2591/2581/3067
f 2575/2595/3081 2589/2579/3065 2588/2578/3064
f 2603/2596/3082 2590/2580/3066 2592/2582/3068
f 2604/2597/3083 2592/2582/3068 2535/2567/3053
f 2604/2597/3083 2535/2567/3053 2593/2583/3069
f 2604/2597/3083 2605/2598/3084 2592/2582/3068
f 2603/2596/3082 2592/2582/3068 2605/2598/3084
f 2606/2599/3085 2593/2583/3069 2594/2584/3070
f 2606/2599/3085 2607/2600/3086 2593/2583/3069
f 2604/2597/3083 2593/2583/3069 2607/2600/3086
f 2606/2599/3085 2594/2584/3070 2608/2601/3087
f 2609/2602/3088 2594/2584/3070 2595/2585/3071
f 2610/2603/3089 2597/2587/3073 2596/2586/3072
f 2611/2604/3090 2526/2556/3042 2538/2570/3056
f 2611/2604/3090 2582/2571/3057 2526/2556/3042
f 2601/2591/3077 2612/2605/3091 2574/2592/3078
f 2576/2606/3092 2574/2592/3078 2612/2605/3091
f 2575/2595/3081 2577/2594/3080 2602/2593/3079
f 2575/2595/3081 2602/2593/3079 2589/2579/3065
f 2575/2595/3081 2588/2578/3064 2587/2577/3063
f 2575/2595/3081 2587/2577/3063 2613/2607/3093
f 2575/2595/3081 2613/2607/3093 2614/2608/3094
f 2575/2595/3081 2614/2608/3094 2578/2609/3095
f 2603/2596/3082 2615/2610/3096 2590/2580/3066
f 2616/2611/3097 2590/2580/3066 2615/2610/3096
f 2616/2611/3097 2613/2607/3093 2587/2577/3063
f 2616/2611/3097 2614/2608/3094 2613/2607/3093
f 2616/2611/3097 2587/2577/3063 2590/2580/3066
f 2609/2602/3088 2608/2601/3087 2594/2584/3070
f 2609/2602/3088 2595/2585/3071 2617/2612/3098
f 2618/2613/3099 2617/2612/3098 2595/2585/3071
f 2618/2613/3099 2595/2585/3071 2574/2592/3078
f 2610/2603/3089 2596/2586/3072 2619/2614/3100
f 2598/2588/3074 2619/2614/3100 2596/2586/3072
f 2611/2604/3090 2620/2615/3101 2582/2571/3057
f 2599/2589/3075 2582/2571/3057 2620/2615/3101
f 2611/2604/3090 2538/2570/3056 2621/2616/3102
f 2610/2603/3089 2621/2616/3102 2538/2570/3056
f 2599/2589/3075 2620/2615/3101 2622/2617/3103
f 2601/2591/3077 2600/2590/3076 2623/2618/3104
f 2601/2591/3077 2623/2618/3104 2624/2619/3105
f 2601/2591/3077 2624/2619/3105 2612/2605/3091
f 2618/2613/3099 2574/2592/3078 2579/2620/3106
f 2616/2611/3097 2625/2621/3107 2614/2608/3094
f 2610/2603/3089 2619/2614/3100 2626/2622/3108
f 2627/2623/3109 2626/2622/3108 2619/2614/3100
f 2627/2623/3109 2619/2614/3100 2628/2624/3110
f 2629/2625/3111 2628/2624/3110 2619/2614/3100
f 2598/2588/3074 2629/2625/3111 2619/2614/3100
f 2611/2604/3090 2622/2617/3103 2620/2615/3101
f 2611/2604/3090 2621/2616/3102 2630/2626/3112
f 2610/2603/3089 2630/2626/3112 2621/2616/3102
f 2610/2603/3089 2626/2622/3108 2631/2627/3113
f 2627/2623/3109 2631/2627/3113 2626/2622/3108
f 2610/2603/3089 2538/2570/3056 2597/2587/3073
f 2599/2589/3075 2623/2618/3104 2600/2590/3076
f 2611/2604/3090 2632/2628/3114 2622/2617/3103
f 2611/2604/3090 2630/2626/3112 2632/2628/3114
f 2633/2629/3115 2622/2617/3103 2632/2628/3114
f 2633/2629/3115 2632/2628/3114 2630/2626/3112
f 2633/2629/3115 2634/2630/3116 2622/2617/3103
f 2635/2631/3117 2622/2617/3103 2634/2630/3116
f 2635/2631/3117 2636/2632/3118 2622/2617/3103
f 2599/2589/3075 2622/2617/3103 2636/2632/3118
f 2635/2631/3117 2623/2618/3104 2636/2632/3118
f 2599/2589/3075 2636/2632/3118 2623/2618/3104
f 2637/2633/3119 2624/2619/3105 2623/2618/3104
f 2637/2633/3119 2612/2605/3091 2624/2619/3105
f 2637/2633/3119 2623/2618/3104 2638/2634/3120
f 2635/2631/3117 2638/2634/3120 2623/2618/3104
f 2639/2635/3121 2612/2605/3091 2637/2633/3119
f 2639/2635/3121 2576/2606/3092 2612/2605/3091
f 2627/2623/3109 2628/2624/3110 2641/2636/3122
f 2627/2623/3109 2641/2636/3122 2640/2637/3123
f 2629/2625/3111 2641/2636/3122 2628/2624/3110
f 2598/2588/3074 2642/2638/3124 2629/2625/3111
f 2629/2625/3111 2642/2638/3124 2643/2639/3125
f 2629/2625/3111 2644/2640/3126 2641/2636/3122
f 2629/2625/3111 2643/2639/3125 2644/2640/3126
f 2598/2588/3074 2584/2573/3059 2642/2638/3124
f 2633/2629/3115 2630/2626/3112 2645/2641/3127
f 2646/2642/3128 2645/2641/3127 2630/2626/3112
f 2646/2642/3128 2630/2626/3112 2610/2603/3089
f 2646/2642/3128 2610/2603/3089 2631/2627/3113
f 2647/2643/3129 2631/2627/3113 2627/2623/3109
f 2647/2643/3129 2627/2623/3109 2640/2637/3123
f 2633/2629/3115 2648/2644/3130 2634/2630/3131
f 2635/2631/3132 2634/2630/3131 2648/2644/3130
f 2633/2629/3115 2649/2645/3133 2648/2644/3130
f 2633/2629/3115 2645/2641/3127 2650/2646/3134
f 2633/2629/3115 2650/2646/3134 2649/2645/3133
f 2646/2642/3128 2650/2646/3134 2645/2641/3127
f 2635/2631/3132 2648/2644/3130 2651/2647/3135
f 2635/2631/3132 2651/2647/3135 2652/2648/3136
f 2635/2631/3132 2652/2648/3136 2638/2634/3137
f 2637/2633/3119 2638/2634/3137 2652/2648/3136
f 2637/2633/3119 2652/2648/3136 2653/2649/3138
f 2639/2635/3121 2637/2633/3119 2653/2649/3138
f 2639/2635/3121 2653/2649/3138 2654/2650/3139
f 2655/2651/3140 2640/2637/3123 2641/2636/3122
f 2655/2651/3140 2539/2652/3141 2640/2637/3123
f 2647/2643/3129 2640/2637/3123 2656/2653/3142
f 2656/2653/3142 2640/2637/3123 2539/2652/3141
f 2657/2654/3143 2643/2639/3125 2642/2638/3124
f 2657/2654/3143 2642/2638/3124 2658/2655/3144
f 2659/2656/3145 2658/2655/3144 2642/2638/3124
f 2659/2656/3145 2642/2638/3124 2584/2573/3059
f 2657/2654/3143 2660/2657/3146 2643/2639/3125
f 2661/2658/3147 2643/2639/3125 2660/2657/3146
f 2661/2658/3147 2662/2659/3148 2643/2639/3125
f 2644/2640/3126 2643/2639/3125 2662/2659/3148
f 2659/2656/3145 2584/2573/3059 2583/2572/3058
f 2646/2642/3128 2663/2660/3149 2650/2646/3134
f 2646/2642/3128 2631/2627/3113 2664/2661/3150
f 2647/2643/3129 2664/2661/3150 2631/2627/3113
f 2646/2642/3128 2664/2661/3150 2665/2662/3151
f 2646/2642/3128 2665/2662/3151 2663/2660/3149
f 2647/2643/3129 2656/2653/3142 2580/2663/3152
f 2647/2643/3129 2580/2663/3152 2664/2661/3150
f 2666/2664/3153 2651/2647/3135 2648/2644/3130
f 2666/2664/3153 2652/2648/3136 2651/2647/3135
f 2666/2664/3153 2648/2644/3130 2667/2665/3154
f 2668/2666/3155 2667/2665/3154 2648/2644/3130
f 2668/2666/3155 2648/2644/3130 2649/2645/3133
f 2668/2666/3155 2649/2645/3133 2650/2646/3134
f 2668/2666/3155 2650/2646/3134 2669/2667/3156
f 2663/2660/3149 2669/2667/3156 2650/2646/3134
f 2666/2664/3153 2670/2668/3157 2652/2648/3136
f 2670/2668/3157 2653/2649/3158 2652/2648/3136
f 2671/2669/3159 2654/2650/3160 2653/2649/3158
f 2671/2669/3159 2653/2649/3158 2670/2668/3157
f 2655/2651/3140 2641/2636/3122 2672/2670/3161
f 2644/2640/3126 2672/2670/3161 2641/2636/3122
f 2644/2640/3126 2662/2659/3148 2551/2671/3162
f 2644/2640/3126 2551/2671/3162 2672/2670/3161
f 2661/2658/3147 2673/2672/3163 2662/2659/3148
f 2540/2673/3164 2665/2662/3151 2664/2661/3150
f 2540/2673/3164 2664/2661/3150 2580/2663/3152
f 2663/2660/3149 2665/2662/3151 2543/2674/3165
f 2541/2675/3166 2543/2674/3165 2665/2662/3151
f 2541/2675/3166 2665/2662/3151 2546/2676/3167
f 2540/2673/3164 2546/2676/3167 2665/2662/3151
f 2580/2663/3152 2656/2653/3142 2542/2677/3168
f 2542/2677/3168 2656/2653/3142 2539/2652/3141
f 2666/2664/3153 2667/2665/3154 2674/2678/3169
f 2668/2666/3155 2674/2678/3169 2667/2665/3154
f 2666/2664/3153 2674/2678/3169 2675/2679/3170
f 2666/2664/3153 2675/2679/3170 2676/2680/3171
f 2666/2664/3153 2676/2680/3171 2670/2668/3157
f 2668/2666/3155 2677/2681/3172 2674/2678/3169
f 2668/2666/3155 2669/2667/3156 2677/2681/3172
f 2663/2660/3149 2678/2682/3173 2669/2667/3156
f 2663/2660/3149 2543/2674/3165 2678/2682/3173
f 2670/2668/3157 2676/2680/3171 2679/2683/3174
f 2671/2669/3159 2670/2668/3157 2679/2683/3174
f 2544/2684/3175 2539/2652/3141 2655/2651/3140
f 2680/2685/3176 2662/2659/3148 2673/2672/3163
f 2680/2685/3176 2681/2686/3177 2662/2659/3148
f 2580/2663/3152 2542/2677/3168 2581/2687/3178
f 2540/2673/3164 2580/2663/3152 2545/2688/3179
f 2542/2677/3168 2682/2689/3180 2581/2687/3178
f 2542/2677/3168 2683/2690/3181 2682/2689/3180
f 2542/2677/3168 2548/2691/3182 2683/2690/3181
f 2544/2684/3175 2683/2690/3181 2548/2691/3182
f 2684/2692/3183 2675/2679/3170 2674/2678/3169
f 2684/2692/3183 2676/2680/3171 2675/2679/3170
f 2685/2693/3184 2674/2678/3169 2677/2681/3172
f 2544/2684/3175 2655/2651/3140 2672/2670/3161
f 2680/2685/3176 2549/2694/3185 2681/2686/3177
f 2680/2685/3176 2550/2695/3186 2549/2694/3185
f 2551/2671/3162 2662/2659/3148 2681/2686/3177
f 2551/2671/3162 2681/2686/3177 2549/2694/3185
f 2552/2696/3187 2545/2688/3179 2581/2687/3178
f 2553/2697/3188 2541/2675/3166 2546/2676/3167
f 2553/2697/3188 2547/2698/3189 2541/2675/3166
f 2687/2699/3190 2682/2689/3180 2683/2690/3181
f 2687/2699/3190 2581/2687/3178 2682/2689/3180
f 2684/2692/3183 2674/2678/3169 2688/2700/3191
f 2685/2693/3184 2688/2700/3191 2674/2678/3169
f 2685/2693/3184 2677/2681/3172 2669/2667/3156
f 2685/2693/3184 2669/2667/3156 2689/2701/3192
f 2678/2682/3173 2689/2701/3192 2669/2667/3156
f 2678/2682/3173 2690/2702/3193 2689/2701/3192
f 2678/2682/3173 2543/2674/3165 2554/2703/3194
f 2554/2703/3194 2543/2674/3165 2555/2704/3195
f 2691/2705/3196 2686/2706/3197 2679/2683/3174
f 2551/2671/3162 2692/2707/3198 2672/2670/3161
f 2551/2671/3162 2556/2708/3199 2692/2707/3198
f 2687/2699/3190 2552/2696/3187 2581/2687/3178
f 2687/2699/3190 2557/2709/3200 2552/2696/3187
f 2553/2697/3188 2546/2676/3167 2693/2710/3201
f 2553/2697/3188 2693/2710/3201 2558/2711/3202
f 2559/2712/3203 2693/2710/3201 2546/2676/3167
f 2559/2712/3203 2558/2711/3202 2693/2710/3201
f 2687/2699/3190 2683/2690/3181 2694/2713/3204
f 2560/2714/3205 2694/2713/3204 2683/2690/3181
f 2560/2714/3205 2683/2690/3181 2561/2715/3206
f 2690/2702/3193 2571/2716/3207 2689/2701/3192
f 2562/2717/3208 2689/2701/3192 2571/2716/3207
f 2562/2717/3208 2695/2718/3209 2689/2701/3192
f 2691/2705/3196 2788/2719/3210 2686/2706/3197
f 2544/2684/3175 2672/2670/3161 2692/2707/3198
f 2544/2684/3175 2692/2707/3198 2556/2708/3199
f 2544/2684/3175 2556/2708/3199 2564/2720/3211
f 2566/2721/3212 2553/2697/3188 2558/2711/3202
f 2567/2722/3213 2558/2711/3202 2568/2723/3214
f 2566/2721/3212 2569/2724/3215 2553/2697/3188
f 2560/2714/3205 2570/2725/3216 2694/2713/3204
f 2687/2699/3190 2694/2713/3204 2570/2725/3216
f 2544/2684/3175 2561/2715/3206 2683/2690/3181
f 2562/2717/3208 2696/2726/3217 2695/2718/3209
f 2562/2717/3208 2572/2727/3218 2696/2726/3217
f 2685/2693/3184 2689/2701/3192 2695/2718/3209
f 2685/2693/3184 2695/2718/3209 2696/2726/3217
f 2678/2682/3173 2554/2703/3194 2563/2728/3219
f 2686/2706/3197 2788/2719/3210 2573/2729/3220
f 2544/2684/3175 2564/2720/3211 2697/2730/3221
f 2564/2720/3211 2556/2708/3199 2785/2731/3222
f 2565/2732/3223 2785/2731/3222 2556/2708/3199
f 2564/2720/3211 2785/2731/3222 2698/2733/3224
f 2565/2732/3223 2703/2734/3225 2785/2731/3222
f 2565/2732/3223 2699/2735/3226 2703/2734/3225
f 2566/2721/3212 2786/2736/3227 2569/2724/3215
f 2567/2722/3213 2700/2737/3228 2558/2711/3202
f 2701/2738/3229 2569/2724/3215 2786/2736/3227
f 2701/2738/3229 2707/2739/3230 2569/2724/3215
f 2687/2699/3190 2570/2725/3216 2557/2709/3200
f 2702/2740/3231 2696/2726/3217 2572/2727/3218
f 2702/2740/3231 2787/2741/3232 2696/2726/3217
f 2684/2692/3183 2696/2726/3217 2787/2741/3232
f 2684/2692/3183 2688/2700/3191 2696/2726/3217
f 2685/2693/3184 2696/2726/3217 2688/2700/3191
f 2678/2682/3173 2563/2728/3219 2690/2702/3193
f 2701/2738/3229 2786/2736/3227 2705/2742/3233
f 2704/2743/3234 2705/2742/3233 2786/2736/3227
f 2701/2738/3229 2705/2742/3233 2706/2744/3235
f 2702/2740/3231 2788/2719/3210 2787/2741/3232
f 2684/2692/3183 2787/2741/3232 2788/2719/3210
f 2684/2692/3183 2788/2719/3210 2691/2705/3196
f 2684/2692/3183 2691/2705/3196 2676/2680/3171
f 2690/2702/3193 2563/2728/3219 2782/2745/3236
f 2690/2702/3193 2782/2745/3236 2571/2716/3207
f 2563/2728/3219 2789/2746/3237 2782/2745/3236
f 2698/2733/3224 2785/2731/3222 2790/2747/3238
f 2703/2734/3225 2790/2747/3238 2785/2731/3222
f 2698/2733/3224 2790/2747/3238 2791/2748/3239
f 2703/2734/3225 2791/2748/3239 2790/2747/3238
f 2698/2733/3224 2791/2748/3239 2792/2749/3240
f 2698/2733/3224 2792/2749/3240 2793/2750/3241
f 2698/2733/3224 2793/2750/3241 2709/2751/3242
f 2703/2734/3225 2710/2752/3243 2791/2748/3239
f 2704/2743/3234 2711/2753/3244 2712/2754/3245
f 2794/2755/3246 2704/2743/3234 2786/2736/3227
f 2794/2755/3246 2711/2753/3244 2704/2743/3234
f 2707/2739/3230 2713/2756/3247 2714/2757/3248
f 2701/2738/3229 2713/2756/3247 2707/2739/3230
f 2795/2758/3249 2571/2716/3207 2782/2745/3236
f 2795/2758/3249 2782/2745/3236 2783/2759/3250
f 2715/2760/3251 2571/2716/3207 2795/2758/3249
f 2716/2761/3252 2789/2746/3237 2563/2728/3219
f 2717/2762/3253 2791/2748/3239 2710/2752/3243
f 2718/2763/3254 2709/2751/3255 2793/2750/3241
f 2717/2762/3253 2710/2752/3243 2719/2764/3256
f 2772/2765/3257 2724/2766/3258 2711/2753/3244
f 2794/2755/3246 2786/2736/3227 2566/2721/3212
f 2691/2705/3196 2679/2683/3174 2676/2680/3171
f 2715/2760/3251 2795/2758/3249 2720/2767/3259
f 2795/2758/3249 2721/2768/3260 2720/2767/3259
f 2795/2758/3249 2783/2759/3250 2721/2768/3260
f 2715/2760/3251 2720/2767/3259 2722/2769/3261
f 2716/2761/3252 2714/2757/3248 2789/2746/3237
f 2783/2759/3250 2782/2745/3236 2789/2746/3237
f 2717/2762/3253 2797/2770/3262 2791/2748/3239
f 2717/2762/3253 2723/2771/3263 2797/2770/3262
f 2798/2772/3264 2791/2748/3239 2797/2770/3262
f 2798/2772/3264 2797/2770/3262 2723/2771/3263
f 2772/2765/3257 2711/2753/3244 2773/2773/3265
f 2794/2755/3246 2773/2773/3265 2711/2753/3244
f 2772/2765/3257 2774/2774/3266 2724/2766/3258
f 2794/2755/3246 2566/2721/3212 2700/2737/3228
f 2566/2721/3212 2558/2711/3202 2700/2737/3228
f 2725/2775/3267 2788/2719/3210 2796/2776/3268
f 2702/2740/3231 2796/2776/3268 2788/2719/3210
f 2799/2777/3269 2789/2746/3237 2714/2757/3248
f 2799/2777/3269 2783/2759/3250 2789/2746/3237
f 2726/2778/3270 2799/2777/3269 2714/2757/3248
f 2798/2772/3264 2723/2771/3263 2800/2779/3271
f 2798/2772/3264 2801/2780/3272 2791/2748/3239
f 2802/2781/3273 2791/2748/3239 2801/2780/3272
f 2725/2775/3267 2796/2776/3268 2803/2782/3274
f 2702/2740/3231 2803/2782/3274 2796/2776/3268
f 2702/2740/3231 2804/2783/3275 2803/2782/3274
f 2702/2740/3231 2728/2784/3276 2804/2783/3275
f 2799/2777/3269 2805/2785/3277 2783/2759/3250
f 2799/2777/3269 2729/2786/3278 2805/2785/3277
f 2726/2778/3270 2729/2786/3278 2799/2777/3269
f 2726/2778/3270 2730/2787/3279 2729/2786/3278
f 2802/2781/3273 2801/2780/3272 2806/2788/3280
f 2798/2772/3264 2806/2788/3280 2801/2780/3272
f 2802/2781/3273 2792/2749/3240 2791/2748/3239
f 2802/2781/3273 2793/2750/3241 2792/2749/3240
f 2727/2789/3281 2807/2790/3282 2700/2737/3228
f 2794/2755/3246 2700/2737/3228 2807/2790/3282
f 2727/2789/3281 2737/2791/3283 2807/2790/3282
f 2727/2789/3281 2732/2792/3284 2737/2791/3283
f 2727/2789/3281 2733/2793/3285 2732/2792/3284
f 2808/2794/3286 2734/2795/3287 2803/2782/3274
f 2808/2794/3286 2804/2783/3275 2728/2784/3276
f 2808/2794/3286 2803/2782/3274 2804/2783/3275
f 2735/2796/3288 2805/2785/3277 2729/2786/3278
f 2736/2797/3289 2729/2786/3278 2730/2787/3279
f 2798/2772/3264 2809/2798/3290 2806/2788/3280
f 2794/2755/3246 2807/2790/3282 2776/2799/3291
f 2776/2799/3291 2807/2790/3282 2810/2800/3292
f 2794/2755/3246 2776/2799/3291 2773/2773/3265
f 2737/2791/3283 2810/2800/3292 2807/2790/3282
f 2808/2794/3286 2738/2801/3293 2734/2795/3287
f 2734/2795/3287 2738/2801/3293 2739/2802/3294
f 2808/2794/3286 2728/2784/3276 2811/2803/3295
f 2808/2794/3286 2811/2803/3295 2812/2804/3296
f 2808/2794/3286 2812/2804/3296 2813/2805/3297
f 2715/2760/3251 2811/2803/3295 2728/2784/3276
f 2715/2760/3251 2812/2804/3296 2811/2803/3295
f 2715/2760/3251 2728/2784/3276 2562/2717/3208
f 2736/2797/3289 2740/2806/3298 2741/2807/3299
f 2742/2808/3300 2736/2797/3289 2730/2787/3279
f 2742/2808/3300 2740/2806/3298 2736/2797/3289
f 2742/2808/3300 2730/2787/3279 2743/2809/3301
f 2776/2799/3291 2810/2800/3292 2745/2810/3302
f 2737/2791/3283 2745/2810/3303 2810/2800/3292
f 2776/2799/3291 2745/2810/3302 2815/2811/3304
f 2776/2799/3291 2815/2811/3304 2777/2812/3305
f 2737/2791/3283 2746/2813/3306 2745/2810/3303
f 2737/2791/3283 2747/2814/3307 2746/2813/3306
f 2808/2794/3286 2813/2805/3297 2738/2801/3293
f 2748/2815/3308 2738/2801/3293 2813/2805/3297
f 2748/2815/3308 2813/2805/3297 2812/2804/3296
f 2748/2815/3308 2749/2816/3309 2738/2801/3293
f 2715/2760/3251 2816/2817/3310 2812/2804/3296
f 2715/2760/3251 2722/2769/3261 2816/2817/3310
f 2742/2808/3300 2751/2818/3311 2740/2806/3298
f 2750/2819/3312 2740/2806/3298 2751/2818/3311
f 2744/2820/3313 2817/2821/3314 2814/2822/3315
f 2818/2823/3316 2814/2822/3317 2817/2821/3318
f 2752/2824/3319 2815/2811/3304 2745/2810/3302
f 2752/2824/3319 2777/2812/3305 2815/2811/3304
f 2752/2824/3319 2745/2810/3302 2753/2825/3320
f 2752/2824/3319 2819/2826/3321 2777/2812/3305
f 3329/2827/3322 2777/2812/3305 2819/2826/3321
f 2748/2815/3308 2812/2804/3296 2820/2828/3323
f 2816/2817/3310 2820/2828/3324 2812/2804/3296
f 2744/2820/3313 2820/2828/3323 2817/2821/3314
f 2818/2823/3316 2817/2821/3318 2820/2828/3324
f 2816/2817/3310 2722/2769/3261 2821/2829/3325
f 2816/2817/3310 2821/2829/3325 2822/2830/3326
f 2823/2831/3327 2821/2829/3325 2722/2769/3261
f 2823/2831/3327 2822/2830/3326 2821/2829/3325
f 2823/2831/3327 2722/2769/3261 2754/2832/3328
f 2755/2833/3329 2740/2806/3298 2750/2819/3312
f 2744/2820/3313 2748/2815/3308 2820/2828/3323
f 2818/2823/3316 2820/2828/3324 2824/2834/3330
f 2818/2823/3316 2824/2834/3330 2822/2830/3326
f 2818/2823/3316 2822/2830/3326 2825/2835/3331
f 2752/2824/3319 2756/2836/3332 2819/2826/3321
f 3329/2827/3322 2819/2826/3321 2778/2837/3333
f 3329/2827/3322 2778/2837/3333 2779/2838/3334
f 3329/2827/3322 2779/2838/3334 2780/2839/3335
f 2747/2814/3307 2757/2840/3336 2746/2813/3306
f 2758/2841/3337 2746/2813/3306 2757/2840/3338
f 2816/2817/3310 2824/2834/3330 2820/2828/3324
f 2816/2817/3310 2822/2830/3326 2824/2834/3330
f 2826/2842/3339 2825/2835/3331 2822/2830/3326
f 2826/2842/3339 2822/2830/3326 2827/2843/3340
f 2823/2831/3327 2827/2843/3340 2822/2830/3326
f 2823/2831/3327 2828/2844/3341 2827/2843/3340
f 2826/2842/3339 2827/2843/3340 2828/2844/3341
f 2755/2833/3329 2760/2845/3342 2761/2846/3343
f 2826/2842/3339 2829/2847/3344 2825/2835/3331
f 2818/2823/3316 2825/2835/3331 2829/2847/3344
f 2763/2848/3345 2819/2826/3321 2756/2836/3332
f 2763/2848/3345 2764/2849/3346 2819/2826/3321
f 2778/2837/3333 2819/2826/3321 2764/2849/3346
f 2758/2841/3337 2757/2840/3338 2830/2850/3347
f 2758/2841/3337 2830/2850/3348 2831/2851/3349
f 2826/2842/3339 2828/2844/3341 2832/2852/3350
f 2826/2842/3339 2832/2852/3350 2833/2853/3351
f 2826/2842/3339 2833/2853/3351 2834/2854/3352
f 2826/2842/3339 2834/2854/3352 2829/2847/3344
f 2835/2855/3353 2832/2852/3350 2828/2844/3341
f 2835/2855/3353 2833/2853/3351 2832/2852/3350
f 2835/2855/3353 2828/2844/3341 2836/2856/3354
f 2765/2857/3355 2836/2856/3354 2828/2844/3341
f 2823/2831/3327 2754/2832/3328 2759/2858/3356
f 2760/2845/3342 2755/2833/3329 2766/2859/3357
f 2778/2837/3333 2764/2849/3346 2767/2860/3358
f 2778/2837/3333 2767/2860/3358 2837/2861/3359
f 2778/2837/3333 2837/2861/3359 2781/2862/3360
f 2768/2863/3361 2769/2864/3362 2831/2851/3349
f 2835/2855/3353 2838/2865/3363 2833/2853/3351
f 2835/2855/3353 2784/2866/3364 2838/2865/3363
f 2765/2857/3355 2839/2867/3365 2836/2856/3354
f 2823/2831/3327 2759/2858/3356 2828/2844/3341
f 2765/2857/3355 2828/2844/3341 2759/2858/3356
f 2765/2857/3355 2759/2858/3356 2770/2868/3366
f 2755/2833/3329 2771/2869/3367 2766/2859/3357
f 2818/2823/3316 2829/2847/3344 2908/2870/3368
f 2840/2871/3369 2767/2860/3358 2841/2872/3370
f 2768/2863/3361 2843/2873/3371 2769/2864/3362
f 2769/2864/3362 2843/2873/3371 2844/2874/3372
f 2765/2857/3355 2845/2875/3373 2839/2867/3365
f 2755/2833/3329 2846/2876/3374 2771/2869/3367
f 2818/2823/3316 2908/2870/3368 2814/2822/3317
f 2837/2861/3359 2854/2877/3375 2781/2862/3360
f 2842/2878/3376 2781/2862/3360 2854/2877/3375
f 2837/2861/3359 2809/2798/3290 2854/2877/3375
f 2837/2861/3359 2767/2860/3358 2806/2788/3280
f 2837/2861/3359 2806/2788/3280 2809/2798/3290
f 2840/2871/3369 2806/2788/3280 2767/2860/3358
f 2840/2871/3377 2841/2872/3378 2847/2879/3379
f 2840/2871/3377 2847/2879/3379 2910/2880/3380
f 2840/2871/3369 2848/2881/3381 2806/2788/3280
f 2840/2871/3382 2910/2880/3383 2849/2882/3384
f 2763/2848/3385 2847/2879/3379 2841/2872/3378
f 2911/2883/3386 2781/2862/3360 2842/2878/3376
f 2912/2884/3387 2844/2874/3372 2843/2873/3371
f 2758/2841/3337 2831/2851/3349 2850/2885/3388
f 2769/2864/3362 2850/2885/3388 2831/2851/3349
f 2913/2886/3389 2839/2867/3365 2845/2875/3373
f 2913/2886/3389 2914/2887/3390 2839/2867/3365
f 2798/2772/3264 2854/2877/3375 2809/2798/3290
f 2798/2772/3264 2800/2779/3271 2854/2877/3375
f 2802/2781/3273 2806/2788/3280 2848/2881/3381
f 2802/2781/3273 2848/2881/3391 2849/2882/3384
f 2915/2888/3392 2849/2882/3384 2910/2880/3383
f 2915/2888/3392 2916/2889/3393 2849/2882/3384
f 2911/2883/3386 2842/2878/3376 2917/2890/3394
f 2769/2864/3362 2852/2891/3395 2850/2885/3388
f 2913/2886/3389 2918/2892/3396 2914/2887/3390
f 2913/2886/3389 2919/2893/3397 2918/2892/3396
f 2900/2894/3398 2914/2887/3390 2918/2892/3396
f 2900/2894/3398 2839/2867/3365 2914/2887/3390
f 2900/2894/3398 2901/2895/3399 2839/2867/3365
f 2835/2855/3353 2839/2867/3365 2901/2895/3399
f 2851/2896/3400 2853/2897/3401 2846/2876/3374
f 2921/2898/3402 2854/2877/3375 2800/2779/3271
f 2921/2898/3402 2800/2779/3271 2723/2771/3263
f 2802/2781/3273 2849/2882/3384 2922/2899/3403
f 2802/2781/3273 2922/2899/3403 2793/2750/3241
f 2915/2888/3392 2910/2880/3383 2847/2879/3404
f 2915/2888/3392 2847/2879/3404 2855/2900/3405
f 2852/2891/3395 2855/2900/3405 2847/2879/3404
f 2923/2901/3406 2849/2882/3384 2916/2889/3393
f 2923/2901/3406 2922/2899/3403 2849/2882/3384
f 2923/2901/3406 2793/2750/3241 2922/2899/3403
f 2923/2901/3406 2916/2889/3393 2924/2902/3407
f 2842/2878/3376 2856/2903/3408 2917/2890/3394
f 2857/2904/3409 2917/2890/3394 2856/2903/3408
f 2902/2905/3410 2912/2884/3387 2843/2873/3371
f 2902/2905/3410 2843/2873/3371 2858/2906/3411
f 2902/2905/3410 2903/2907/3412 2912/2884/3387
f 2852/2891/3395 2847/2879/3404 2859/2908/3413
f 2925/2909/3414 2918/2892/3396 2919/2893/3397
f 2925/2909/3414 2926/2910/3415 2918/2892/3396
f 2925/2909/3414 2919/2893/3397 2927/2911/3416
f 2900/2894/3398 2918/2892/3396 2928/2912/3417
f 2835/2855/3353 2901/2895/3399 2784/2866/3364
f 2835/2855/3353 2836/2856/3354 2839/2867/3365
f 2851/2896/3400 2929/2913/3418 2853/2897/3401
f 2900/2894/3398 2928/2912/3417 2920/2914/3419
f 2930/2915/3420 2920/2914/3419 2928/2912/3417
f 2930/2915/3420 2918/2892/3396 2926/2910/3415
f 2930/2915/3420 2928/2912/3417 2918/2892/3396
f 2921/2898/3402 2723/2771/3263 2864/2916/3421
f 2921/2898/3402 2860/2917/3422 2854/2877/3375
f 2857/2904/3409 2856/2903/3408 2860/2917/3422
f 2921/2898/3402 2861/2918/3423 2860/2917/3422
f 2862/2919/3424 2864/2916/3421 2723/2771/3263
f 2923/2901/3406 2931/2920/3425 2793/2750/3241
f 2718/2763/3254 2793/2750/3241 2931/2920/3425
f 2923/2901/3406 2866/2921/3426 2931/2920/3425
f 2718/2763/3254 2931/2920/3425 2866/2921/3426
f 2923/2901/3406 2904/2922/3427 2866/2921/3426
f 2923/2901/3406 2924/2902/3407 2904/2922/3427
f 2857/2904/3409 2863/2923/3428 2917/2890/3394
f 2912/2884/3387 2903/2907/3412 2924/2902/3407
f 2925/2909/3414 2927/2911/3416 2932/2924/3429
f 2925/2909/3414 2932/2924/3429 2933/2925/3430
f 2930/2915/3420 2926/2910/3415 2933/2925/3430
f 2925/2909/3414 2933/2925/3430 2926/2910/3415
f 2900/2894/3398 2909/2926/3431 2784/2866/3364
f 2900/2894/3398 2920/2914/3419 2909/2926/3431
f 2930/2915/3420 2934/2927/3432 2920/2914/3419
f 2921/2898/3402 2864/2916/3421 2861/2918/3423
f 2718/2763/3254 2866/2921/3426 2865/2928/3433
f 2904/2922/3427 2924/2902/3407 2903/2907/3412
f 2912/2884/3387 2924/2902/3407 2915/2888/3392
f 2912/2884/3387 2915/2888/3392 2844/2874/3372
f 2935/2929/3434 2933/2925/3430 2932/2924/3429
f 2935/2929/3434 2936/2930/3435 2933/2925/3430
f 2937/2931/3436 2933/2925/3430 2936/2930/3435
f 2927/2911/3416 2919/2893/3397 2938/2932/3437
f 2883/2933/3438 2929/2913/3418 2851/2896/3400
f 2883/2933/3438 2939/2934/3439 2929/2913/3418
f 2861/2918/3423 2864/2916/3421 2869/2935/3440
f 2868/2936/3441 2869/2935/3440 2864/2916/3421
f 2868/2936/3441 2864/2916/3421 2862/2919/3424
f 2861/2918/3423 2869/2935/3440 2870/2937/3442
f 2861/2918/3423 2870/2937/3442 2871/2938/3443
f 2872/2939/3444 2718/2763/3254 2865/2928/3433
f 2872/2939/3444 2865/2928/3433 2941/2940/3445
f 2873/2941/3446 2941/2940/3445 2865/2928/3433
f 2904/2922/3427 2874/2942/3447 2866/2921/3426
f 2942/2943/3448 2863/2923/3428 2867/2944/3449
f 2915/2888/3392 2855/2900/3405 2844/2874/3372
f 2944/2945/3450 2943/2946/3451 2935/2929/3434
f 2937/2931/3436 2945/2947/3452 2933/2925/3430
f 2930/2915/3420 2933/2925/3430 2945/2947/3452
f 2930/2915/3420 2945/2947/3452 2940/2948/3453
f 2883/2933/3438 2946/2949/3454 2939/2934/3439
f 2937/2931/3436 2947/2950/3455 2940/2948/3453
f 2937/2931/3436 2940/2948/3453 2945/2947/3452
f 2948/2951/3456 2869/2935/3440 2868/2936/3441
f 2948/2951/3456 2949/2952/3457 2869/2935/3440
f 2872/2939/3444 2941/2940/3445 2950/2953/3458
f 2873/2941/3446 2950/2953/3458 2941/2940/3445
f 2872/2939/3444 2950/2953/3458 2875/2954/3459
f 2873/2941/3446 2876/2955/3460 2950/2953/3458
f 2905/2956/3461 2874/2942/3447 2904/2922/3427
f 2905/2956/3461 2904/2922/3427 2903/2907/3412
f 2915/2888/3392 2924/2902/3407 2916/2889/3393
f 2942/2943/3448 2867/2944/3449 2951/2957/3462
f 2877/2958/3463 2951/2957/3462 2867/2944/3449
f 2944/2945/3450 2952/2959/3464 2943/2946/3451
f 2953/2960/3465 2943/2946/3451 2952/2959/3464
f 2930/2915/3420 2940/2948/3453 2934/2927/3432
f 2878/2961/3466 2946/2949/3454 2954/2962/3467
f 2883/2933/3438 2954/2962/3467 2946/2949/3454
f 2948/2951/3456 2868/2936/3441 2879/2963/3468
f 2870/2937/3442 2869/2935/3440 2949/2952/3457
f 2560/2714/3205 2875/2954/3459 2950/2953/3458
f 2880/2964/3469 2950/2953/3458 2876/2955/3460
f 2906/2965/3470 2951/2957/3462 2877/2958/3463
f 2878/2961/3466 2956/2966/3471 2882/2967/3472
f 2957/2968/3473 2878/2961/3466 2954/2962/3467
f 2957/2968/3473 2956/2966/3471 2878/2961/3466
f 2870/2937/3442 2949/2952/3457 2884/2969/3474
f 2880/2964/3469 2885/2970/3475 2950/2953/3458
f 2906/2965/3470 2877/2958/3463 2886/2971/3476
f 2906/2965/3470 2958/2972/3477 2951/2957/3462
f 2955/2973/3478 2951/2957/3462 2958/2972/3477
f 2955/2973/3478 2942/2943/3448 2951/2957/3462
f 2955/2973/3478 2959/2974/3479 2942/2943/3448
f 2960/2975/3480 2961/2976/3481 2956/2966/3471
f 2961/2976/3481 2882/2967/3472 2956/2966/3471
f 2883/2933/3438 2962/2977/3482 2954/2962/3467
f 2883/2933/3438 2887/2978/3483 2962/2977/3482
f 2888/2979/3484 2963/2980/3485 2947/2950/3455
f 2948/2951/3456 2879/2963/3468 2964/2981/3486
f 2560/2714/3205 2950/2953/3458 2885/2970/3475
f 2560/2714/3205 2885/2970/3475 2570/2725/3216
f 2884/2969/3474 2906/2965/3470 2886/2971/3476
f 2884/2969/3474 2966/2982/3487 2906/2965/3470
f 2942/2943/3448 2959/2974/3479 2967/2983/3488
f 2889/2984/3489 2954/2962/3467 2962/2977/3482
f 2889/2984/3489 2962/2977/3482 2887/2978/3483
f 2969/2985/3490 2957/2968/3473 2954/2962/3467
f 2969/2985/3490 2956/2966/3491 2957/2968/3473
f 2969/2985/3490 2954/2962/3467 2889/2984/3489
f 2889/2984/3489 2887/2978/3483 2890/2986/3492
f 2888/2979/3484 2947/2950/3455 2937/2931/3436
f 2888/2979/3484 2937/2931/3436 2936/2930/3435
f 2888/2979/3484 2936/2930/3435 2891/2987/3493
f 2970/2988/3494 2948/2951/3456 2964/2981/3486
f 2884/2969/3474 2971/2989/3495 2966/2982/3487
f 2965/2990/3496 2958/2972/3477 2972/2991/3497
f 2958/2972/3477 2897/2992/3498 2972/2991/3497
f 2966/2982/3487 2894/2993/3499 2906/2965/3470
f 2958/2972/3477 2906/2965/3470 2894/2993/3499
f 2974/2994/3500 2956/2966/3491 2969/2985/3490
f 2975/2995/3501 2976/2996/3502 2968/2997/3503
f 2969/2985/3490 2889/2984/3489 2892/2998/3504
f 2969/2985/3490 2892/2998/3504 2977/2999/3505
f 2969/2985/3490 2977/2999/3505 2978/3000/3506
f 2974/2994/3500 2969/2985/3490 2978/3000/3506
f 2979/3001/3507 2963/2980/3485 2888/2979/3484
f 2893/3002/3508 2891/2987/3493 2936/2930/3435
f 2970/2988/3494 2949/2952/3457 2948/2951/3456
f 2970/2988/3494 2971/2989/3495 2949/2952/3457
f 2970/2988/3494 2964/2981/3486 2980/3003/3509
f 2970/2988/3494 2981/3004/3510 2971/2989/3495
f 2982/3005/3511 2980/3003/3512 2964/2981/3513
f 2884/2969/3474 2949/2952/3457 2971/2989/3495
f 2958/2972/3477 2894/2993/3499 2897/2992/3498
f 2966/2982/3487 2895/3006/3514 2894/2993/3499
f 2966/2982/3487 2983/3007/3515 2895/3006/3514
f 2974/2994/3500 2960/2975/3516 2956/2966/3491
f 2974/2994/3500 2984/3008/3517 2960/2975/3516
f 2961/2976/3481 2968/2997/3518 2976/2996/3519
f 2985/3009/3520 2977/2999/3505 2892/2998/3504
f 2985/3009/3520 2978/3000/3506 2977/2999/3505
f 2985/3009/3520 2892/2998/3504 2986/3010/3521
f 2979/3001/3507 2988/3011/3522 2963/2980/3485
f 2979/3001/3507 2888/2979/3484 2891/2987/3493
f 2893/3002/3508 2936/2930/3435 2943/2946/3451
f 2935/2929/3434 2943/2946/3451 2936/2930/3435
f 2970/2988/3494 2980/3003/3509 2981/3004/3510
f 2982/3005/3511 2964/2981/3513 2989/3012/3523
f 2896/3013/3524 2989/3012/3523 2964/2981/3513
f 2897/2992/3498 2894/2993/3499 2898/3014/3525
f 2907/3015/3526 2990/3016/3527 2984/3008/3517
f 2907/3015/3526 2974/2994/3500 3482/3017/3528
f 2907/3015/3526 2984/3008/3517 2974/2994/3500
f 2974/2994/3500 2978/3000/3506 2987/3018/3529
f 2979/3001/3530 2991/3019/3531 2988/3011/3532
f 2992/3020/3533 2979/3001/3507 2891/2987/3493
f 2992/3020/3533 2891/2987/3493 2893/3002/3508
f 2981/3004/3510 2983/3007/3515 2971/2989/3495
f 2981/3004/3510 2993/3021/3534 2983/3007/3515
f 2981/3004/3510 2994/3022/3535 2993/3021/3534
f 2966/2982/3487 2971/2989/3495 2983/3007/3515
f 2896/3013/3524 2964/2981/3513 2879/2963/3536
f 2897/2992/3498 2995/3023/3537 2972/2991/3497
f 2996/3024/3538 2972/2991/3497 2995/3023/3537
f 2996/3024/3538 2965/2990/3496 2972/2991/3497
f 2990/3016/3539 2968/2997/3503 2984/3008/3540
f 2907/3015/3526 2997/3025/3541 2990/3016/3527
f 2998/3026/3542 2976/2996/3502 2975/2995/3501
f 2899/3027/3543 2986/3010/3521 2892/2998/3504
f 2974/2994/3500 2987/3018/3529 2999/3028/3544
f 2974/2994/3500 2999/3028/3544 3482/3017/3528
f 2979/3001/3530 3020/3029/3545 2991/3019/3531
f 2992/3020/3546 3021/3030/3547 2979/3001/3530
f 2993/3021/3534 3022/3031/3548 2983/3007/3515
f 2895/3006/3514 2983/3007/3515 3022/3031/3548
f 3023/3032/3549 2996/3024/3538 2995/3023/3537
f 3023/3032/3549 2995/3023/3537 3024/3033/3550
f 3025/3034/3551 3024/3033/3550 2995/3023/3537
f 2897/2992/3498 3025/3034/3551 2995/3023/3537
f 2960/2975/3480 2984/3008/3552 2968/2997/3518
f 2960/2975/3480 2968/2997/3518 2961/2976/3481
f 2990/3016/3539 2997/3025/3553 3026/3035/3554
f 3027/3036/3555 3026/3035/3554 2997/3025/3553
f 3031/3037/3556 3482/3017/3528 2999/3028/3544
f 2998/3026/3542 2975/2995/3501 3028/3038/3557
f 2998/3026/3542 3028/3038/3557 3029/3039/3558
f 2975/2995/3501 3026/3035/3554 3028/3038/3557
f 3030/3040/3559 3031/3037/3556 2999/3028/3544
f 3032/3041/3560 2991/3019/3531 3020/3029/3545
f 3032/3041/3560 3020/3029/3545 3021/3030/3547
f 2979/3001/3530 3021/3030/3547 3020/3029/3545
f 3032/3041/3560 3033/3042/3561 2991/3019/3531
f 3032/3041/3560 3021/3030/3547 3034/3043/3562
f 3035/3044/3563 3034/3043/3562 3021/3030/3547
f 2953/2960/3465 2893/3002/3508 2943/2946/3451
f 3023/3032/3549 3036/3045/3564 2996/3024/3538
f 3023/3032/3549 3024/3033/3550 3037/3046/3565
f 3025/3034/3551 3038/3047/3566 3024/3033/3550
f 2897/2992/3498 2898/3014/3525 3025/3034/3551
f 2990/3016/3539 3026/3035/3554 2975/2995/3501
f 2990/3016/3539 2975/2995/3501 2968/2997/3503
f 3027/3036/3555 3039/3048/3567 3026/3035/3554
f 3027/3036/3555 2997/3025/3553 3040/3049/3568
f 3027/3036/3555 3040/3049/3568 3041/3050/3569
f 3000/3051/3570 3040/3049/3571 2997/3025/3541
f 3039/3048/3567 3028/3038/3557 3026/3035/3554
f 3039/3048/3567 3042/3052/3572 3028/3038/3557
f 3030/3040/3559 2999/3028/3544 3043/3053/3573
f 2987/3018/3529 3043/3053/3573 2999/3028/3544
f 3035/3044/3563 3021/3030/3547 3044/3054/3574
f 3035/3044/3563 3044/3054/3574 3045/3055/3575
f 2992/3020/3546 3044/3054/3574 3021/3030/3547
f 3046/3056/3576 2893/3002/3508 2953/2960/3465
f 3046/3056/3576 2992/3020/3533 2893/3002/3508
f 3046/3056/3577 3044/3054/3574 2992/3020/3546
f 3048/3057/3578 3037/3046/3565 3024/3033/3550
f 3027/3036/3555 3050/3058/3579 3039/3048/3567
f 3027/3036/3555 3041/3050/3569 3050/3058/3579
f 3041/3050/3569 3040/3049/3568 3051/3059/3580
f 3052/3060/3581 3051/3059/3582 3040/3049/3571
f 3000/3051/3570 2997/3025/3541 2907/3015/3526
f 2987/3018/3529 3053/3061/3583 3043/3053/3573
f 3046/3056/3577 3054/3062/3584 3044/3054/3574
f 3055/3063/3585 3045/3055/3575 3044/3054/3574
f 3055/3063/3585 3044/3054/3574 3054/3062/3584
f 3495/3064/3586 2953/2960/3465 2952/2959/3464
f 3495/3064/3586 3496/3065/3587 2953/2960/3465
f 3495/3064/3586 2952/2959/3464 3499/3066/3588
f 3047/3067/3589 2973/3068/3590 3036/3045/3564
f 2996/3024/3538 3036/3045/3564 2973/3068/3590
f 3047/3067/3589 3056/3069/3591 2973/3068/3590
f 3047/3067/3589 3036/3045/3564 3057/3070/3592
f 3049/3071/3593 3048/3057/3578 3024/3033/3550
f 3025/3034/3551 2898/3014/3525 3038/3047/3566
f 3058/3072/3594 3038/3047/3566 2898/3014/3525
f 3041/3050/3569 3051/3059/3580 3059/3073/3595
f 3052/3060/3581 3040/3049/3571 3000/3051/3570
f 3039/3048/3567 3060/3074/3596 3042/3052/3572
f 2987/3018/3529 3061/3075/3597 3053/3061/3583
f 3055/3063/3585 3054/3062/3584 3062/3076/3598
f 3063/3077/3599 2953/2960/3465 3496/3065/3587
f 3063/3077/3599 3046/3056/3576 2953/2960/3465
f 3063/3077/3600 3054/3062/3584 3046/3056/3577
f 2996/3024/3538 2973/3068/3590 2965/2990/3496
f 3064/3078/3601 2973/3068/3590 3056/3069/3591
f 2965/2990/3496 2973/3068/3590 3064/3078/3601
f 3057/3070/3592 3036/3045/3564 3065/3079/3602
f 3047/3067/3589 3057/3070/3592 3066/3080/3603
f 3067/3081/3604 3066/3080/3603 3057/3070/3592
f 3067/3081/3604 3057/3070/3592 3065/3079/3602
f 3001/3082/3605 3065/3079/3602 3036/3045/3564
f 3001/3082/3605 3036/3045/3564 3023/3032/3549
f 3069/3083/3606 3049/3071/3593 3038/3047/3566
f 3059/3073/3595 3051/3059/3580 3070/3084/3607
f 3039/3048/3567 3050/3058/3579 3060/3074/3596
f 3072/3085/3608 3060/3074/3596 3050/3058/3579
f 2987/3018/3529 2978/3000/3506 3061/3075/3597
f 3063/3077/3600 3004/3086/3609 3054/3062/3584
f 3073/3087/3610 3062/3076/3598 3054/3062/3584
f 3073/3087/3610 3054/3062/3584 3004/3086/3609
f 2965/2990/3496 3064/3078/3601 3074/3088/3611
f 3064/3078/3601 3075/3089/3612 3074/3088/3611
f 3064/3078/3601 3056/3069/3591 3076/3090/3613
f 3077/3091/3614 3075/3089/3612 3064/3078/3601
f 3077/3091/3614 3064/3078/3601 3076/3090/3613
f 2965/2990/3496 3074/3088/3611 2955/2973/3478
f 2965/2990/3496 2955/2973/3478 2958/2972/3477
f 3047/3067/3589 3078/3092/3615 3056/3069/3591
f 3076/3090/3613 3056/3069/3591 3078/3092/3615
f 3001/3082/3605 3003/3093/3616 3065/3079/3602
f 3067/3081/3604 3065/3079/3602 3003/3093/3616
f 3047/3067/3589 3066/3080/3603 3078/3092/3615
f 3079/3094/3617 3078/3092/3615 3066/3080/3618
f 3067/3081/3604 3080/3095/3619 3066/3080/3603
f 3001/3082/3605 3023/3032/3549 3037/3046/3565
f 3048/3057/3578 3081/3096/3620 3037/3046/3565
f 3048/3057/3621 3068/3097/3622 3082/3098/3623
f 3069/3083/3606 3083/3099/3624 3049/3071/3593
f 3052/3060/3581 3000/3051/3570 3002/3100/3625
f 3041/3050/3569 3072/3085/3608 3050/3058/3579
f 3041/3050/3569 3071/3101/3626 3072/3085/3608
f 2985/3009/3520 3061/3075/3597 2978/3000/3506
f 3085/3102/3627 3061/3075/3597 2985/3009/3520
f 3073/3087/3610 3004/3086/3609 3005/3103/3628
f 3079/3094/3617 3086/3104/3629 3078/3092/3615
f 3079/3094/3617 3087/3105/3630 3086/3104/3631
f 3079/3094/3617 3088/3106/3632 3087/3105/3630
f 3080/3095/3619 3089/3107/3633 3066/3080/3618
f 3090/3108/3634 3037/3046/3565 3081/3096/3620
f 3090/3108/3634 3091/3109/3635 3037/3046/3565
f 3001/3082/3605 3037/3046/3565 3091/3109/3635
f 3090/3108/3636 3081/3096/3637 3092/3110/3638
f 3048/3057/3621 3082/3098/3623 3092/3110/3638
f 3049/3071/3593 3068/3097/3622 3048/3057/3621
f 3049/3071/3593 3083/3099/3624 3068/3097/3622
f 3093/3111/3639 3070/3084/3607 3084/3112/3640
f 3052/3060/3581 3002/3100/3625 3094/3113/3641
f 3095/3114/3642 3072/3085/3608 3071/3101/3626
f 3041/3050/3569 3059/3073/3595 3071/3101/3626
f 3085/3102/3627 2985/3009/3520 2986/3010/3521
f 3085/3102/3627 2986/3010/3521 2774/2774/3266
f 3075/3089/3612 2959/2974/3479 3074/3088/3611
f 2955/2973/3478 3074/3088/3611 2959/2974/3479
f 3075/3089/3612 3096/3115/3643 2959/2974/3479
f 3086/3104/3629 3076/3090/3613 3078/3092/3615
f 3076/3090/3613 3086/3104/3629 3097/3116/3644
f 3087/3105/3630 3097/3116/3645 3086/3104/3631
f 3088/3106/3632 3098/3117/3646 3087/3105/3630
f 3079/3094/3617 3089/3107/3633 3088/3106/3632
f 3079/3094/3617 3066/3080/3618 3089/3107/3633
f 3090/3108/3636 3092/3110/3638 3099/3118/3647
f 3001/3082/3605 3091/3109/3635 3007/3119/3648
f 3048/3057/3621 3092/3110/3638 3081/3096/3637
f 3008/3120/3649 3068/3097/3650 3083/3099/3651
f 3082/3098/3652 3068/3097/3650 3008/3120/3649
f 3093/3111/3639 3100/3121/3653 3070/3084/3607
f 3084/3112/3640 3052/3060/3581 3094/3113/3641
f 2724/2766/3258 2774/2774/3266 2986/3010/3521
f 2724/2766/3258 2986/3010/3521 2899/3027/3543
f 2967/2983/3488 2959/2974/3479 3096/3115/3643
f 3087/3105/3630 3101/3122/3654 3097/3116/3645
f 3102/3123/3655 3097/3116/3645 3101/3122/3654
f 3087/3105/3630 3098/3117/3646 3103/3124/3656
f 3087/3105/3630 3103/3124/3656 3101/3122/3654
f 3104/3125/3657 3103/3124/3658 3098/3117/3659
f 3088/3106/3660 3105/3126/3661 3098/3117/3659
f 3088/3106/3660 3106/3127/3662 3105/3126/3661
f 3088/3106/3660 3089/3107/3663 3106/3127/3662
f 3006/3128/3664 3106/3127/3662 3089/3107/3663
f 3006/3128/3664 3089/3107/3663 3107/3129/3665
f 3006/3128/3664 3107/3129/3665 3009/3130/3666
f 3080/3095/3619 3107/3129/3667 3089/3107/3633
f 3080/3095/3619 3009/3130/3666 3107/3129/3667
f 3008/3120/3649 3083/3099/3651 3010/3131/3668
f 3059/3073/3595 3070/3084/3607 3100/3121/3653
f 3059/3073/3595 3108/3132/3669 3071/3101/3626
f 3109/3133/3670 3071/3101/3626 3108/3132/3669
f 3103/3124/3656 3102/3123/3655 3101/3122/3654
f 3103/3124/3656 3110/3134/3671 3102/3123/3655
f 3104/3125/3657 3111/3135/3672 3103/3124/3658
f 3104/3125/3657 3112/3136/3673 3111/3135/3672
f 3011/3137/3674 3106/3127/3662 3006/3128/3664
f 3011/3137/3674 3006/3128/3664 3009/3130/3666
f 3080/3095/3619 3013/3138/3675 3009/3130/3666
f 3113/3139/3676 3092/3110/3677 3082/3098/3652
f 3113/3139/3676 3082/3098/3652 3008/3120/3649
f 3113/3139/3676 3008/3120/3649 3012/3140/3678
f 3109/3133/3670 3095/3114/3642 3071/3101/3626
f 3103/3124/3656 3114/3141/3679 3110/3134/3671
f 3103/3124/3658 3115/3142/3680 3114/3141/3681
f 3103/3124/3658 3111/3135/3672 3115/3142/3680
f 3098/3117/3659 3105/3126/3661 3104/3125/3657
f 3091/3109/3635 3090/3108/3634 3117/3143/3682
f 3113/3139/3676 3118/3144/3683 3092/3110/3677
f 3118/3144/3683 3099/3118/3684 3092/3110/3677
f 3069/3083/3606 3119/3145/3685 3083/3099/3624
f 3121/3146/3686 3072/3085/3608 3095/3114/3642
f 3122/3147/3687 3114/3141/3681 3115/3142/3680
f 3122/3147/3688 3110/3134/3671 3114/3141/3679
f 3116/3148/3689 3110/3134/3671 3122/3147/3688
f 3105/3126/3661 3106/3127/3662 3123/3149/3690
f 3105/3126/3661 3123/3149/3690 3124/3150/3691
f 3014/3151/3692 3123/3149/3690 3106/3127/3662
f 3014/3151/3692 3106/3127/3662 3011/3137/3674
f 3080/3095/3619 3125/3152/3693 3013/3138/3675
f 3118/3144/3683 3126/3153/3694 3099/3118/3684
f 3118/3144/3683 3127/3154/3695 3126/3153/3694
f 3099/3118/3684 3126/3153/3694 3128/3155/3696
f 3010/3131/3668 3083/3099/3651 3119/3145/3697
f 3010/3131/3668 3119/3145/3697 3129/3156/3698
f 3120/3157/3699 3108/3132/3669 3100/3121/3653
f 3059/3073/3595 3100/3121/3653 3108/3132/3669
f 3130/3158/3700 3108/3132/3669 3120/3157/3699
f 3121/3146/3686 3095/3114/3642 3131/3159/3701
f 3121/3146/3686 3132/3160/3702 3072/3085/3608
f 3133/3161/3703 3131/3159/3701 3095/3114/3642
f 3122/3147/3687 3115/3142/3680 3134/3162/3704
f 3135/3163/3705 3134/3162/3704 3115/3142/3680
f 3135/3163/3705 3115/3142/3680 3136/3164/3706
f 3123/3149/3690 3014/3151/3692 3137/3165/3707
f 3124/3150/3691 3123/3149/3690 3138/3166/3708
f 3067/3081/3604 3125/3152/3693 3080/3095/3619
f 3090/3108/3636 3099/3118/3647 3128/3155/3709
f 3130/3158/3700 3120/3157/3699 3141/3167/3710
f 3130/3158/3700 3141/3167/3710 3142/3168/3711
f 3133/3161/3703 3095/3114/3642 3109/3133/3670
f 3135/3163/3705 3143/3169/3712 3134/3162/3704
f 3116/3148/3689 3122/3147/3688 3134/3162/3713
f 3014/3151/3692 3144/3170/3714 3137/3165/3707
f 3137/3165/3707 3144/3170/3714 3015/3171/3715
f 3014/3151/3692 3016/3172/3716 3144/3170/3714
f 3016/3172/3716 3015/3171/3715 3144/3170/3714
f 3003/3093/3616 3125/3152/3693 3067/3081/3604
f 3003/3093/3616 3146/3173/3717 3125/3152/3693
f 3146/3173/3717 3145/3174/3718 3125/3152/3693
f 3145/3174/3718 3013/3138/3675 3125/3152/3693
f 3139/5/3719 3126/3153/3694 3127/3154/3695
f 3140/3175/3720 3129/3156/3698 3119/3145/3697
f 3147/3176/3721 3142/3168/3711 3141/3167/3710
f 3147/3176/3721 3148/3177/3722 3142/3168/3711
f 3116/3148/3689 3134/3162/3713 3149/3178/3723
f 3016/3172/3716 3017/3179/3724 3015/3171/3715
f 3015/3171/3715 3018/3180/3725 3137/3165/3707
f 3150/3181/3726 3137/3165/3707 3018/3180/3725
f 3016/3172/3716 3019/3182/3727 3017/3179/3728
f 3007/3119/3648 3146/3173/3717 3003/3093/3616
f 3128/3155/3709 3117/3143/3729 3090/3108/3636
f 3151/3183/3730 3140/3175/3731 3119/3145/3685
f 3151/3183/3730 3119/3145/3685 3069/3083/3606
f 3151/3183/3730 3152/3184/3732 3140/3175/3731
f 3147/3176/3721 3153/3185/3733 3148/3177/3722
f 3130/3158/3700 3109/3133/3670 3108/3132/3669
f 3154/3186/3734 3109/3133/3670 3130/3158/3700
f 3154/3186/3734 3155/3187/3735 3109/3133/3670
f 3133/3161/3703 3109/3133/3670 3155/3187/3735
f 3156/3188/3736 3149/3178/3723 3134/3162/3713
f 3157/3189/3737 3149/3178/3738 3156/3188/3739
f 3157/3189/3737 3158/3190/3740 3149/3178/3738
f 3150/3181/3726 3018/3180/3725 3159/3191/3741
f 3015/3171/3715 3017/3179/3724 3159/3191/3741
f 3128/3155/3709 3160/3192/3742 3117/3143/3729
f 3151/3183/3730 3069/3083/3606 3161/3193/3743
f 3151/3183/3730 3162/3194/3744 3152/3184/3732
f 3069/3083/3606 3038/3047/3566 3161/3193/3743
f 3140/3175/3720 3152/3184/3745 3163/3195/3746
f 3154/3186/3734 3130/3158/3700 3142/3168/3711
f 3154/3186/3734 3142/3168/3711 3165/3196/3747
f 3156/3188/3736 3134/3162/3713 3143/3169/3748
f 3156/3188/3749 3143/3169/3750 3166/3197/3751
f 3157/3189/3737 3156/3188/3739 3167/3198/3752
f 3019/3182/3727 3159/3191/3741 3017/3179/3753
f 3145/3174/3718 3146/3173/3717 3007/3119/3648
f 3168/3199/3754 3162/3194/3744 3151/3183/3730
f 3169/3200/3755 3163/3195/3756 3152/3184/3757
f 3169/3200/3758 3170/3201/3758 3163/3195/3758
f 3171/3202/3759 3163/3195/3759 3170/3201/3759
f 3156/3188/3749 3166/3197/3751 3167/3198/3760
f 3157/3189/3737 3173/3203/3761 3158/3190/3740
f 3007/3119/3648 3174/3204/3762 3145/3174/3718
f 3013/3138/3675 3145/3174/3718 3175/3205/3763
f 3145/3174/3718 3174/3204/3762 3175/3205/3763
f 3176/3206/3764 3091/3109/3635 3117/3143/3682
f 3176/3206/3764 3007/3119/3648 3091/3109/3635
f 3168/3199/3754 3151/3183/3730 3161/3193/3743
f 3169/3200/3755 3152/3184/3757 3162/3194/3765
f 3177/3207/3766 3140/3175/3720 3163/3195/3746
f 3172/3208/3767 3167/3198/3760 3166/3197/3751
f 3172/3208/3767 3166/3197/3751 3179/3209/3768
f 3172/3208/3769 3179/3209/3770 3180/3210/3771
f 3157/3189/3737 3167/3198/3752 3181/3211/3772
f 3157/3189/3737 3182/3212/3773 3173/3203/3761
f 3183/3213/3774 3174/3204/3762 3007/3119/3648
f 3183/3213/3774 3007/3119/3648 3184/3214/3775
f 3176/3206/3764 3184/3214/3775 3007/3119/3648
f 3183/3213/3774 3185/3215/3776 3174/3204/3762
f 3058/3072/3594 3161/3193/3743 3038/3047/3566
f 3058/3072/3594 3022/3031/3548 3161/3193/3743
f 3177/3207/3766 3129/3156/3698 3140/3175/3720
f 3177/3207/3766 3186/3216/3777 3129/3156/3698
f 3188/3217/3778 3172/3208/3769 3180/3210/3771
f 3189/3218/3779 3190/3219/3780 3181/3211/3772
f 3191/3220/3781 3181/3211/3772 3190/3219/3780
f 3168/3199/3754 3161/3193/3743 3022/3031/3548
f 3193/3221/3782 3129/3156/3698 3186/3216/3777
f 3193/3221/3782 3010/3131/3668 3129/3156/3698
f 3187/3222/3783 3178/3223/3784 3194/3224/3785
f 3187/3222/3783 3194/3224/3785 3195/3225/3786
f 3179/3209/3770 3166/3197/3787 3136/3164/3706
f 3135/3163/3705 3136/3164/3706 3166/3197/3787
f 3135/3163/3705 3166/3197/3787 3143/3169/3712
f 3188/3217/3778 3180/3210/3771 3197/3226/3788
f 3198/3227/3789 3179/3209/3770 3136/3164/3706
f 3198/3227/3789 3180/3210/3771 3179/3209/3770
f 3198/3227/3789 3197/3226/3788 3180/3210/3771
f 3183/3213/3774 3199/3228/3790 3185/3215/3776
f 3175/3205/3791 3174/3204/3792 3016/3172/3716
f 3016/3172/3716 3174/3204/3792 3019/3182/3727
f 3168/3199/3754 2994/3022/3535 3162/3194/3744
f 2993/3021/3534 2994/3022/3535 3168/3199/3754
f 3201/3229/3793 3136/3164/3706 3115/3142/3680
f 3189/3218/3779 3202/3230/3794 3190/3219/3780
f 3203/3231/3795 3190/3219/3780 3202/3230/3794
f 3184/3214/3775 3176/3206/3764 3204/3232/3796
f 3205/3233/3797 3204/3232/3796 3176/3206/3764
f 3205/3233/3797 3176/3206/3764 3192/3234/3798
f 3206/3235/3799 3162/3194/3765 2994/3022/3800
f 3206/3235/3799 2994/3022/3800 3207/3236/3801
f 2993/3021/3534 3168/3199/3754 3022/3031/3548
f 3195/3225/3786 3194/3224/3785 3208/3237/3802
f 3200/3238/3803 3208/3237/3802 3194/3224/3785
f 3195/3225/3786 3208/3237/3802 3209/3239/3804
f 3200/3238/3803 3210/3240/3805 3208/3237/3802
f 3200/3238/3803 3194/3224/3785 3164/3241/3806
f 3201/3229/3793 3115/3142/3680 3111/3135/3672
f 3201/3229/3793 3111/3135/3672 3112/3136/3673
f 3197/3226/3788 3198/3227/3789 3211/3242/3807
f 3124/3150/3691 3211/3242/3807 3198/3227/3789
f 3124/3150/3691 3198/3227/3789 3212/3243/3808
f 3213/3244/3809 3199/3228/3790 3183/3213/3774
f 3184/3214/3775 3204/3232/3796 3214/3245/3810
f 3207/3236/3801 2994/3022/3800 3216/3246/3811
f 2735/2796/3288 3209/3239/3812 3208/3237/3802
f 3217/3247/3813 3208/3237/3802 3210/3240/3805
f 3164/3241/3806 3194/3224/3785 3178/3223/3814
f 3211/3242/3807 3124/3150/3691 3138/3166/3708
f 3211/3242/3807 3138/3166/3708 3150/3181/3726
f 3211/3242/3807 3150/3181/3726 3218/3248/3815
f 3211/3242/3807 3218/3248/3815 3197/3226/3788
f 3124/3150/3691 3212/3243/3808 3112/3136/3673
f 3212/3243/3808 3201/3229/3793 3112/3136/3673
f 3188/3217/3816 3202/3230/3817 3172/3208/3818
f 3197/3226/3788 3225/3249/3819 3188/3217/3778
f 3225/3249/3819 3197/3226/3788 3218/3248/3815
f 3219/3250/3820 3202/3230/3817 3188/3217/3816
f 3219/3250/3820 3188/3217/3816 3225/3249/3819
f 3184/3214/3775 3214/3245/3810 3183/3213/3774
f 3205/3233/3821 3192/3234/3822 3215/3251/3823
f 3205/3233/3821 3215/3251/3823 3220/3252/3824
f 3221/3253/3825 3216/3246/3811 2994/3022/3800
f 2735/2796/3288 3208/3237/3802 3217/3247/3813
f 2735/2796/3288 3217/3247/3813 2805/2785/3277
f 3217/3247/3813 3210/3240/3805 3222/3254/3826
f 3217/3247/3813 3222/3254/3826 3223/3255/3827
f 3217/3247/3813 3223/3255/3827 3224/3256/3828
f 3200/3238/3803 3222/3254/3826 3210/3240/3805
f 3150/3181/3726 3138/3166/3708 3137/3165/3707
f 3219/3250/3829 3226/3257/3830 3202/3230/3794
f 3203/3231/3795 3202/3230/3794 3226/3257/3830
f 3225/3249/3819 3213/3244/3831 3219/3250/3820
f 3203/3231/3795 3226/3257/3830 3227/3258/3832
f 3213/3244/3809 3183/3213/3774 3228/3259/3833
f 3221/3253/3825 2994/3022/3800 2980/3003/3512
f 2981/3004/3510 2980/3003/3509 2994/3022/3535
f 3221/3253/3825 2980/3003/3512 3230/3260/3834
f 3231/3261/3835 3223/3255/3827 3222/3254/3826
f 3231/3261/3835 3224/3256/3828 3223/3255/3827
f 3231/3261/3835 3222/3254/3826 3232/3262/3836
f 3233/3263/3837 3232/3262/3836 3222/3254/3826
f 3233/3263/3837 3222/3254/3826 3234/3264/3838
f 3200/3238/3803 3234/3264/3838 3222/3254/3826
f 3231/3261/3835 3235/3265/3839 3224/3256/3828
f 3150/3181/3726 3159/3191/3741 3218/3248/3815
f 3225/3249/3819 3218/3248/3815 3159/3191/3741
f 3225/3249/3819 3159/3191/3741 3199/3228/3840
f 3124/3150/3691 3112/3136/3673 3104/3125/3657
f 3219/3250/3829 3213/3244/3809 3228/3259/3833
f 3219/3250/3829 3227/3258/3832 3226/3257/3830
f 3228/3259/3833 3227/3258/3832 3219/3250/3829
f 2982/3005/3511 3230/3260/3834 2980/3003/3512
f 3231/3261/3835 3232/3262/3836 3237/3266/3841
f 3233/3263/3837 3237/3266/3842 3232/3262/3836
f 3231/3261/3835 3237/3266/3841 3238/3267/3843
f 3231/3261/3835 3238/3267/3843 3494/3268/3844
f 3233/3263/3837 3141/3167/3710 3237/3266/3842
f 3231/3261/3835 3239/3269/3845 3235/3265/3839
f 3236/3270/3846 3224/3256/3828 3240/3271/3847
f 3217/3247/3813 3224/3256/3828 3236/3270/3846
f 3019/3182/3727 3199/3228/3840 3159/3191/3741
f 3123/3149/3690 3137/3165/3707 3138/3166/3708
f 3105/3126/3661 3124/3150/3691 3104/3125/3657
f 3228/3259/3833 3241/3272/3848 3242/3273/3849
f 3228/3259/3833 3242/3273/3849 3227/3258/3832
f 3243/3274/3850 3227/3258/3832 3242/3273/3849
f 3243/3274/3850 3203/3231/3795 3227/3258/3832
f 3225/3249/3819 3199/3228/3840 3213/3244/3831
f 3214/3245/3810 3204/3232/3796 3245/3275/3851
f 3229/3276/3852 3245/3275/3851 3204/3232/3796
f 3229/3276/3852 3204/3232/3796 3246/3277/3853
f 3247/3278/3854 3246/3277/3853 3204/3232/3796
f 3247/3278/3854 3204/3232/3796 3205/3233/3797
f 3120/3157/3699 3237/3266/3842 3141/3167/3710
f 3231/3261/3835 3494/3268/3844 3239/3269/3845
f 3217/3247/3813 3236/3270/3846 2721/2768/3260
f 3217/3247/3813 2721/2768/3260 2805/2785/3277
f 3019/3182/3727 3185/3215/3855 3199/3228/3840
f 3183/3213/3774 3241/3272/3848 3228/3259/3833
f 3183/3213/3774 3214/3245/3810 3241/3272/3848
f 3214/3245/3810 3245/3275/3851 3241/3272/3848
f 3243/3274/3850 3242/3273/3849 3249/3279/3856
f 3249/3279/3856 3242/3273/3849 3241/3272/3848
f 3243/3274/3850 3249/3279/3856 3250/3280/3857
f 3229/3276/3852 3251/3281/3858 3245/3275/3851
f 3229/3276/3859 3244/3282/3860 3251/3281/3861
f 3252/3283/3862 3251/3281/3861 3244/3282/3860
f 3247/3278/3863 3205/3233/3863 3220/3252/3863
f 3248/3284/3864 3253/3285/3865 3239/3269/3845
f 3248/3284/3864 3254/3286/3866 3253/3285/3865
f 3248/3284/3864 2938/2932/3437 3254/3286/3866
f 3235/3265/3839 3239/3269/3845 3253/3285/3865
f 2783/2759/3250 2805/2785/3277 2721/2768/3260
f 3241/3272/3848 3245/3275/3851 3255/3287/3867
f 3249/3279/3856 3241/3272/3848 3255/3287/3867
f 3251/3281/3858 3255/3287/3867 3245/3275/3851
f 3256/3288/3868 3250/3280/3857 3257/3289/3869
f 3256/3288/3868 3258/3290/3870 3250/3280/3857
f 3243/3274/3850 3250/3280/3857 3258/3290/3870
f 3243/3274/3850 3190/3219/3780 3203/3231/3795
f 3243/3274/3850 3191/3220/3781 3190/3219/3780
f 3243/3274/3850 3258/3290/3870 3191/3220/3781
f 3252/3283/3862 3259/3291/3871 3251/3281/3861
f 3260/3292/3872 3252/3283/3862 3244/3282/3860
f 3238/3267/3843 3237/3266/3841 3100/3121/3653
f 3238/3267/3843 3100/3121/3653 3093/3111/3639
f 3120/3157/3699 3100/3121/3653 3237/3266/3842
f 3235/3265/3839 3253/3285/3865 3262/3293/3873
f 3263/3294/3874 3249/3279/3856 3255/3287/3867
f 3263/3294/3874 3250/3280/3857 3249/3279/3856
f 3263/3294/3874 3255/3287/3867 3264/3295/3875
f 3251/3281/3858 3264/3295/3875 3255/3287/3867
f 3265/3296/3876 3257/3289/3869 3250/3280/3857
f 3265/3296/3876 3250/3280/3857 3263/3294/3874
f 3256/3288/3868 3257/3289/3869 3266/3297/3877
f 3257/3289/3869 3267/3298/3878 3266/3297/3877
f 3265/3296/3876 3267/3298/3878 3257/3289/3869
f 3268/3299/3879 3258/3290/3870 3256/3288/3868
f 3269/3300/3880 3251/3281/3861 3259/3291/3871
f 3260/3292/3872 3244/3282/3860 3246/3277/3881
f 3260/3292/3872 3246/3277/3881 3270/3301/3882
f 3229/3276/3859 3246/3277/3881 3244/3282/3860
f 3261/3302/3883 3220/3252/3884 3215/3251/3885
f 3271/3303/3886 3220/3252/3887 3261/3302/3888
f 3271/3303/3889 3270/3301/3882 3246/3277/3881
f 3254/3286/3866 2938/2932/3437 2919/2893/3397
f 3254/3286/3866 2919/2893/3397 2913/2886/3389
f 3254/3286/3866 2913/2886/3389 2845/2875/3373
f 2927/2911/3416 2938/2932/3437 3272/3304/3890
f 3269/3300/3880 3264/3295/3891 3251/3281/3861
f 3265/3296/3892 3273/3305/3893 3274/3306/3894
f 3268/3299/3879 3256/3288/3868 3266/3297/3877
f 3265/3296/3876 3274/3306/3895 3267/3298/3878
f 3191/3220/3781 3258/3290/3870 3275/3307/3896
f 3269/3300/3880 3276/3308/3897 3264/3295/3891
f 3192/3234/3822 3277/3309/3898 3215/3251/3823
f 3271/3303/3899 3261/3302/3883 3278/3310/3900
f 3271/3303/3889 3246/3277/3881 3247/3278/3901
f 3271/3303/3886 3247/3278/3902 3220/3252/3887
f 2927/2911/3416 3272/3304/3890 3279/3311/3903
f 2927/2911/3416 3279/3311/3903 2932/2924/3429
f 3263/3294/3904 3264/3295/3905 3265/3296/3892
f 3280/3312/3906 3264/3295/3905 3276/3308/3907
f 3280/3312/3906 3265/3296/3892 3264/3295/3905
f 3281/3313/3908 3273/3305/3893 3265/3296/3892
f 3281/3313/3908 3265/3296/3892 3282/3314/3909
f 3280/3312/3906 3282/3314/3909 3265/3296/3892
f 3273/3305/3910 3267/3298/3878 3274/3306/3895
f 3273/3305/3910 3285/3315/3911 3267/3298/3878
f 3192/3234/3822 3160/3192/3742 3277/3309/3898
f 3277/3309/3912 3160/3192/3913 3286/7/3914
f 3192/3234/3822 3117/3143/3729 3160/3192/3742
f 3192/3234/3798 3176/3206/3764 3117/3143/3682
f 3272/3304/3890 3489/3316/3915 3279/3311/3903
f 3498/3317/3916 3279/3311/3903 3489/3316/3915
f 3498/3317/3916 2944/2945/3450 3279/3311/3903
f 2944/2945/3450 2932/2924/3429 3279/3311/3903
f 2944/2945/3450 2935/2929/3434 2932/2924/3429
f 3272/3304/3890 2938/2932/3437 3490/3318/3917
f 3248/3284/3864 3490/3318/3917 2938/2932/3437
f 3281/3313/3908 3287/3319/3918 3273/3305/3893
f 3283/3320/3919 3273/3305/3893 3287/3319/3918
f 3283/3320/3919 3288/3321/3920 3273/3305/3893
f 3273/3305/3910 3288/3321/3921 3289/3322/3922
f 3273/3305/3910 3289/3322/3922 3285/3315/3911
f 3283/3320/3919 3290/3323/3923 3288/3321/3920
f 3285/3315/3911 3266/3297/3877 3267/3298/3878
f 3284/3324/3924 3266/3297/3877 3285/3315/3911
f 3284/3324/3924 3285/3315/3911 3289/3322/3922
f 3284/3324/3924 3289/3322/3922 3291/3325/3925
f 3292/3326/3926 3266/3297/3877 3284/3324/3924
f 3292/3326/3926 3284/3324/3924 3291/3325/3925
f 3292/3326/3926 3293/3327/3927 3266/3297/3877
f 3268/3299/3879 3266/3297/3877 3293/3327/3927
f 3294/3328/3928 3277/3309/3912 3286/7/3914
f 3294/3328/3928 3215/3251/3885 3277/3309/3912
f 3294/3328/3928 3286/7/3914 3295/6/3929
f 3498/3317/3916 2952/2959/3464 2944/2945/3450
f 3498/3317/3916 3499/3066/3588 2952/2959/3464
f 3296/3329/3930 3289/3322/3922 3288/3321/3921
f 3297/3330/3931 3288/3321/3920 3290/3323/3923
f 3296/3329/3930 3298/3331/3932 3289/3322/3922
f 3299/3332/3933 3291/3325/3925 3289/3322/3922
f 3292/3326/3926 3291/3325/3925 3300/3333/3934
f 3301/3334/3935 3300/3333/3934 3291/3325/3925
f 3301/3334/3935 3291/3325/3925 3299/3332/3933
f 3299/3332/3933 3289/3322/3922 3298/3331/3932
f 3292/3326/3926 3300/3333/3934 3302/3335/3936
f 3301/3334/3935 3302/3335/3936 3300/3333/3934
f 3292/3326/3926 3302/3335/3936 3030/3040/3559
f 3292/3326/3926 3030/3040/3559 3303/3336/3937
f 3268/3299/3879 3293/3327/3927 3303/3336/3937
f 3292/3326/3926 3303/3336/3937 3293/3327/3927
f 3296/3329/3938 3288/3321/3920 3304/3337/3939
f 3297/3330/3931 3304/3337/3939 3288/3321/3920
f 3296/3329/3930 3304/3337/3940 3443/3338/3941
f 3296/3329/3930 3443/3338/3941 3298/3331/3932
f 3297/3330/3931 3305/3339/3942 3304/3337/3939
f 3299/3332/3933 3298/3331/3932 3306/3340/3943
f 3298/3331/3932 3443/3338/3941 3306/3340/3943
f 3299/3332/3933 3306/3340/3943 3447/3341/3944
f 3301/3334/3935 3299/3332/3933 3447/3341/3944
f 3301/3334/3935 3447/3341/3944 3462/3342/3945
f 3301/3334/3935 3462/3342/3945 3302/3335/3936
f 3030/3040/3559 3302/3335/3936 3031/3037/3556
f 3031/3037/3556 3302/3335/3936 3462/3342/3945
f 3030/3040/3559 3043/3053/3573 3303/3336/3937
f 3307/3343/3946 3303/3336/3937 3043/3053/3573
f 3307/3343/3946 3308/3344/3947 3303/3336/3937
f 3268/3299/3879 3303/3336/3937 3308/3344/3947
f 3126/3153/3694 3286/7/3914 3160/3192/3913
f 3139/5/3719 3286/7/3914 3126/3153/3694
f 3126/3153/3694 3160/3192/3913 3128/3155/3696
f 3309/3345/3948 3304/3337/3939 3305/3339/3942
f 3309/3345/3948 3310/3346/3949 3304/3337/3939
f 3031/3037/3556 3462/3342/3945 3473/3347/3950
f 3307/3343/3946 3311/3348/3951 3275/3307/3896
f 3307/3343/3946 3275/3307/3896 3308/3344/3947
f 3268/3299/3879 3308/3344/3947 3275/3307/3896
f 3268/3299/3879 3275/3307/3896 3258/3290/3870
f 3309/3345/3948 3312/3349/3952 3310/3346/3949
f 3053/3061/3583 3307/3343/3946 3043/3053/3573
f 3053/3061/3583 3311/3348/3951 3307/3343/3946
f 3313/3350/3953 3275/3307/3896 3311/3348/3951
f 3314/3351/3954 3313/3350/3953 3311/3348/3951
f 3053/3061/3583 3314/3351/3954 3311/3348/3951
f 3315/3352/3955 3310/3346/3949 3312/3349/3952
f 3315/3352/3955 3321/3353/3956 3310/3346/3949
f 3053/3061/3583 3316/3354/3957 3314/3351/3954
f 3053/3061/3583 3061/3075/3597 3316/3354/3957
f 3314/3351/3954 3317/3355/3958 3313/3350/3953
f 3313/3350/3953 3317/3355/3958 3318/3356/3959
f 3313/3350/3953 3318/3356/3959 3275/3307/3896
f 3191/3220/3781 3275/3307/3896 3318/3356/3959
f 3314/3351/3954 3319/3357/3960 3317/3355/3958
f 3314/3351/3954 3316/3354/3957 3320/3358/3961
f 3314/3351/3954 3320/3358/3961 3319/3357/3960
f 3191/3220/3781 3318/3356/3959 3181/3211/3772
f 3315/3352/3955 3322/3359/3962 3321/3353/3956
f 2775/3360/3963 3320/3358/3961 3316/3354/3957
f 3085/3102/3627 2775/3360/3963 3316/3354/3957
f 3085/3102/3627 3316/3354/3957 3061/3075/3597
f 3323/3361/3964 3318/3356/3959 3317/3355/3958
f 3323/3361/3964 3317/3355/3958 3324/3362/3965
f 3319/3357/3960 3324/3362/3965 3317/3355/3958
f 3323/3361/3964 3182/3212/3773 3318/3356/3959
f 3182/3212/3773 3181/3211/3772 3318/3356/3959
f 2775/3360/3963 3325/3363/3966 3320/3358/3961
f 3157/3189/3737 3181/3211/3772 3182/3212/3773
f 3326/3364/3967 3321/3353/3956 3322/3359/3962
f 3085/3102/3627 2774/2774/3266 2775/3360/3963
f 2775/3360/3963 3327/3365/3968 3325/3363/3966
f 2775/3360/3963 2774/2774/3266 3327/3365/3968
f 3323/3361/3964 3324/3362/3965 3096/3115/3643
f 3319/3357/3960 3320/3358/3961 3324/3362/3965
f 3182/3212/3773 3323/3361/3964 3173/3203/3761
f 3325/3363/3966 3327/3365/3968 2780/2839/3335
f 3325/3363/3966 2780/2839/3335 3328/3366/3969
f 3325/3363/3966 3328/3366/3969 3320/3358/3961
f 3329/2827/3322 2780/2839/3335 3327/3365/3968
f 3329/2827/3322 3327/3365/3968 2772/2765/3257
f 2772/2765/3257 3327/3365/3968 2774/2774/3266
f 2967/2983/3488 3096/3115/3643 3324/3362/3965
f 3173/3203/3761 3323/3361/3964 3096/3115/3643
f 3075/3089/3612 3330/3367/3970 3096/3115/3643
f 3173/3203/3761 3096/3115/3643 3330/3367/3970
f 3329/2827/3322 2772/2765/3257 2773/2773/3265
f 3329/2827/3322 2773/2773/3265 2777/2812/3305
f 3324/3362/3965 3331/3368/3971 2967/2983/3488
f 3324/3362/3965 3320/3358/3961 3331/3368/3971
f 3328/3366/3969 3331/3368/3971 3320/3358/3961
f 3158/3190/3740 3173/3203/3761 3330/3367/3970
f 3158/3190/3740 3330/3367/3970 3332/3369/3972
f 3077/3091/3614 3332/3369/3972 3330/3367/3970
f 3077/3091/3614 3330/3367/3970 3075/3089/3612
f 3328/3366/3969 2780/2839/3335 2779/2838/3334
f 2776/2799/3291 2777/2812/3305 2773/2773/3265
f 2863/2923/3428 2967/2983/3488 3331/3368/3971
f 2942/2943/3448 2967/2983/3488 2863/2923/3428
f 2863/2923/3428 3331/3368/3971 2917/2890/3394
f 2911/2883/3386 2917/2890/3394 3331/3368/3971
f 2911/2883/3386 3331/3368/3971 3328/3366/3969
f 2911/2883/3386 3328/3366/3969 2779/2838/3334
f 3158/3190/3740 3332/3369/3972 3116/3148/3973
f 3158/3190/3740 3116/3148/3973 3149/3178/3738
f 3077/3091/3614 3097/3116/3644 3332/3369/3972
f 2911/2883/3386 2779/2838/3334 2781/2862/3360
f 2778/2837/3333 2781/2862/3360 2779/2838/3334
f 3116/3148/3689 3332/3369/3974 3110/3134/3671
f 3102/3123/3655 3110/3134/3671 3332/3369/3974
f 3102/3123/3975 3332/3369/3975 3097/3116/3975
f 3076/3090/3613 3097/3116/3644 3077/3091/3614
f 2744/2820/3313 2731/3370/3976 2762/9/3977
f 2744/2820/3313 2762/9/3977 2748/2815/3308
f 3334/8/3978 3335/3371/3979 2762/9/3977
f 2748/2815/3308 2762/9/3977 2749/2816/3309
f 3336/3372/3980 2749/2816/3309 2762/9/3977
f 3336/3372/3980 2762/9/3977 3335/3371/3979
f 3336/3372/3980 2739/2802/3294 2749/2816/3309
f 2749/2816/3309 2739/2802/3294 2738/2801/3293
f 3337/3373/3981 2734/2795/3287 2739/2802/3294
f 3337/3373/3981 2803/2782/3274 2734/2795/3287
f 3337/3373/3981 3338/3374/3982 2803/2782/3274
f 2725/2775/3267 2803/2782/3274 3338/3374/3982
f 2725/2775/3267 2573/2729/3220 2788/2719/3210
f 2717/2762/3253 3339/3375/3983 2723/2771/3263
f 2717/2762/3253 3340/3376/3984 3339/3375/3983
f 2717/2762/3253 2719/2764/3256 3340/3376/3984
f 2862/2919/3424 2723/2771/3263 3339/3375/3983
f 2862/2919/3424 3339/3375/3983 3340/3376/3984
f 2862/2919/3424 3340/3376/3984 3341/3377/3985
f 3342/3378/3986 3341/3377/3987 3340/3376/3984
f 3342/3378/3986 3340/3376/3984 3343/3379/3988
f 3344/3380/3989 3343/3379/3988 3340/3376/3984
f 3344/3380/3989 3340/3376/3984 2719/2764/3256
f 3344/3380/3989 2719/2764/3256 3345/3381/3990
f 3346/3382/3991 3345/3381/3990 2719/2764/3256
f 3346/3382/3991 2719/2764/3256 2699/2735/3226
f 2703/2734/3225 2699/2735/3226 2719/2764/3256
f 2703/2734/3225 2719/2764/3256 2710/2752/3243
f 3342/3378/3986 3347/3383/3992 3341/3377/3987
f 3346/3382/3991 2699/2735/3226 3348/3384/3993
f 2868/2936/3441 2862/2919/3424 3341/3377/3985
f 2868/2936/3441 3341/3377/3985 2879/2963/3468
f 3349/3385/3994 2879/2963/3536 3341/3377/3987
f 3349/3385/3994 3341/3377/3987 3347/3383/3992
f 3350/3386/3995 3348/3384/3993 2699/2735/3226
f 3350/3386/3995 2699/2735/3226 2549/2694/3185
f 2565/2732/3223 2549/2694/3185 2699/2735/3226
f 3349/3385/3994 3351/3387/3996 2879/2963/3536
f 3350/3386/3995 2549/2694/3185 2550/2695/3186
f 2896/3013/3524 2879/2963/3536 3351/3387/3996
f 2551/2671/3162 2549/2694/3185 2565/2732/3223
f 2551/2671/3162 2565/2732/3223 2556/2708/3199
f 3238/3267/3843 3352/3388/3997 3494/3268/3844
f 3238/3267/3843 3093/3111/3639 3352/3388/3997
f 3093/3111/3639 3353/3389/3998 3352/3388/3997
f 3093/3111/3639 3084/3112/3640 3353/3389/3998
f 3084/3112/3640 3094/3113/3641 3353/3389/3998
f 3084/3112/3640 3070/3084/3607 3051/3059/3582
f 3084/3112/3640 3051/3059/3582 3052/3060/3581
f 2553/2697/3188 2569/2724/3215 2547/2698/3189
f 2707/2739/3230 2547/2698/3189 2569/2724/3215
f 2707/2739/3230 2716/2761/3252 2547/2698/3189
f 2716/2761/3252 2555/2704/3195 2547/2698/3189
f 2541/2675/3166 2547/2698/3189 2555/2704/3195
f 2707/2739/3230 2714/2757/3248 2716/2761/3252
f 2716/2761/3252 2563/2728/3219 2555/2704/3195
f 2541/2675/3166 2555/2704/3195 2543/2674/3165
f 2563/2728/3219 2554/2703/3194 2555/2704/3195
f 2726/2778/3270 2714/2757/3248 2713/2756/3247
f 3354/3390/3999 2726/2778/3270 2713/2756/3247
f 3354/3390/3999 2713/2756/3247 2706/2744/3235
f 2701/2738/3229 2706/2744/3235 2713/2756/3247
f 3354/3390/3999 2730/2787/3279 2726/2778/3270
f 3354/3390/3999 2743/2809/3301 2730/2787/3279
f 3354/3390/3999 3355/3391/4000 2743/2809/3301
f 3354/3390/3999 3356/3392/4001 3355/3391/4000
f 3354/3390/3999 2706/2744/3235 2705/2742/3233
f 3354/3390/3999 2705/2742/3233 3356/3392/4001
f 2742/2808/3300 2743/2809/3301 3355/3391/4000
f 2742/2808/3300 3355/3391/4000 3357/3393/4002
f 2890/2986/3492 3357/3393/4002 3355/3391/4000
f 2890/2986/3492 3355/3391/4000 3358/3394/4003
f 3359/3395/4004 3358/3394/4003 3355/3391/4000
f 3359/3395/4004 3355/3391/4000 3356/3392/4001
f 3359/3395/4004 3356/3392/4001 2705/2742/3233
f 2704/2743/3234 3359/3395/4004 2705/2742/3233
f 2742/2808/3300 3357/3393/4002 2751/2818/3311
f 2890/2986/3492 2751/2818/3311 3357/3393/4002
f 2890/2986/3492 2887/2978/3483 2751/2818/3311
f 2890/2986/3492 3358/3394/4003 3360/3396/4005
f 3359/3395/4004 3360/3396/4005 3358/3394/4003
f 3359/3395/4004 2712/2754/3245 3360/3396/4005
f 2704/2743/3234 2712/2754/3245 3359/3395/4004
f 2851/2896/3400 2751/2818/3311 2887/2978/3483
f 2750/2819/3312 2751/2818/3311 2851/2896/3400
f 2889/2984/3489 2890/2986/3492 3360/3396/4005
f 2889/2984/3489 3360/3396/4005 2892/2998/3504
f 2899/3027/3543 2892/2998/3504 3360/3396/4005
f 2899/3027/3543 3360/3396/4005 2712/2754/3245
f 2883/2933/3438 2851/2896/3400 2887/2978/3483
f 2724/2766/3258 2899/3027/3543 2712/2754/3245
f 2724/2766/3258 2712/2754/3245 2711/2753/3244
f 2851/2896/3400 2846/2876/3374 2750/2819/3312
f 2755/2833/3329 2750/2819/3312 2846/2876/3374
f 2895/3006/3514 2898/3014/3525 2894/2993/3499
f 2895/3006/3514 3058/3072/3594 2898/3014/3525
f 2895/3006/3514 3022/3031/3548 3058/3072/3594
f 3049/3071/3593 3024/3033/3550 3038/3047/3566
f 2702/2740/3231 2572/2727/3218 2728/2784/3276
f 2562/2717/3208 2728/2784/3276 2572/2727/3218
f 2763/2848/3385 2859/2908/4006 2847/2879/3379
f 2763/2848/3385 3361/3397/4007 2859/2908/4006
f 2763/2848/3385 2756/2836/4008 3361/3397/4007
f 2852/2891/3395 2859/2908/3413 3361/3397/4009
f 2852/2891/3395 3361/3397/4009 2850/2885/3388
f 3362/3398/4010 2850/2885/3388 3361/3397/4009
f 3362/3398/4010 3361/3397/4009 2753/2825/4011
f 2752/2824/3319 2753/2825/3320 3361/3397/4007
f 2752/2824/3319 3361/3397/4007 2756/2836/4008
f 3362/3398/4010 2753/2825/4011 2745/2810/3303
f 3362/3398/4010 2745/2810/3303 2746/2813/3306
f 3362/3398/4010 2758/2841/3337 2850/2885/3388
f 3362/3398/4010 2746/2813/3306 2758/2841/3337
f 2763/2848/3345 2841/2872/3370 2767/2860/3358
f 2763/2848/3345 2767/2860/3358 2764/2849/3346
f 2852/2891/3395 2844/2874/3372 2855/2900/3405
f 2769/2864/3362 2844/2874/3372 2852/2891/3395
f 2559/2712/3203 2568/2723/3214 2558/2711/3202
f 2559/2712/3203 3363/3399/4012 2568/2723/3214
f 2559/2712/3203 3364/3400/4013 3363/3399/4012
f 2559/2712/3203 3365/3401/4014 3364/3400/4013
f 2559/2712/3203 3366/3402/4015 3365/3401/4014
f 2559/2712/3203 2545/2688/3179 3366/3402/4015
f 2559/2712/3203 2540/2673/3164 2545/2688/3179
f 2559/2712/3203 2546/2676/3167 2540/2673/3164
f 2567/2722/3213 2568/2723/3214 3363/3399/4012
f 2567/2722/3213 3363/3399/4012 3367/3403/4016
f 3368/3404/4017 3367/3403/4016 3363/3399/4012
f 3368/3404/4017 3363/3399/4012 3369/3405/4018
f 3370/3406/4019 3369/3405/4018 3363/3399/4012
f 3370/3406/4019 3363/3399/4012 3364/3400/4013
f 3370/3406/4019 3364/3400/4013 3365/3401/4014
f 2552/2696/3187 3365/3401/4020 3366/3402/4015
f 2552/2696/3187 3366/3402/4015 2545/2688/3179
f 2552/2696/3187 3371/3407/4021 3365/3401/4020
f 3372/3408/4022 3365/3401/4020 3371/3407/4021
f 3372/3408/4022 3373/3409/4023 3365/3401/4020
f 3370/3406/4019 3365/3401/4014 3373/3409/4024
f 2567/2722/3213 3367/3403/4016 2733/2793/3285
f 3368/3404/4017 2733/2793/3285 3367/3403/4016
f 2567/2722/3213 2733/2793/3285 2727/2789/3281
f 2567/2722/3213 2727/2789/3281 2700/2737/3228
f 3368/3404/4017 3374/3410/4025 2733/2793/3285
f 3370/3406/4019 3373/3409/4024 3375/3411/4026
f 3372/3408/4022 3375/3411/4027 3373/3409/4023
f 2552/2696/3187 2557/2709/3200 3371/3407/4021
f 3372/3408/4022 3371/3407/4021 2557/2709/3200
f 3372/3408/4022 3376/3412/4028 3375/3411/4027
f 3372/3408/4022 3377/3413/4029 3376/3412/4028
f 3372/3408/4022 2708/3414/4030 3377/3413/4029
f 3372/3408/4022 2557/2709/3200 2708/3414/4030
f 3378/3415/4031 3368/3404/4017 3369/3405/4018
f 3378/3415/4031 3374/3410/4025 3368/3404/4017
f 3378/3415/4031 3369/3405/4018 3379/3416/4032
f 3380/3417/4033 3379/3416/4032 3369/3405/4018
f 3380/3417/4033 3369/3405/4018 3370/3406/4019
f 3380/3417/4033 3370/3406/4019 3375/3411/4026
f 3381/3418/4034 2733/2793/3285 3374/3410/4025
f 3382/3419/4035 3375/3411/4027 3376/3412/4028
f 3382/3419/4035 3376/3412/4028 3377/3413/4029
f 3382/3419/4035 3383/3420/4036 3375/3411/4027
f 3380/3417/4033 3375/3411/4026 3383/3420/4037
f 3382/3419/4035 3377/3413/4029 3384/3421/4038
f 3384/3421/4038 3377/3413/4029 3385/3422/4039
f 2708/3414/4030 3385/3422/4039 3377/3413/4029
f 3381/3418/4034 3386/3423/4040 2733/2793/3285
f 2733/2793/3285 3386/3423/4040 2732/2792/3284
f 2708/3414/4030 3387/3424/4041 3385/3422/4039
f 2708/3414/4030 2570/2725/3216 3387/3424/4041
f 2708/3414/4030 2557/2709/3200 2570/2725/3216
f 3384/3421/4038 3385/3422/4039 3388/3425/4042
f 2747/2814/3307 2732/2792/3284 3386/3423/4040
f 2737/2791/3283 2732/2792/3284 2747/2814/3307
f 2747/2814/3307 3386/3423/4040 3389/3426/4043
f 3390/3427/4044 3388/3425/4042 3385/3422/4039
f 3390/3427/4044 3385/3422/4039 2880/2964/3469
f 2880/2964/3469 3385/3422/4039 3387/3424/4041
f 2880/2964/3469 3387/3424/4041 2570/2725/3216
f 2880/2964/3469 2570/2725/3216 2885/2970/3475
f 2747/2814/3307 3389/3426/4043 2757/2840/3336
f 3390/3427/4044 2880/2964/3469 2876/2955/3460
f 3390/3427/4044 2876/2955/3460 3391/3428/4045
f 3392/3429/4046 3391/3428/4045 2876/2955/3460
f 3392/3429/4046 2876/2955/3460 2873/2941/3446
f 3392/3429/4046 2873/2941/3446 2865/2928/3433
f 3392/3429/4046 2865/2928/3433 2881/3430/4047
f 2866/2921/3426 2881/3430/4047 2865/2928/3433
f 2866/2921/3426 2874/2942/3447 2881/3430/4047
f 2564/2720/3211 2698/2733/3224 2709/2751/3242
f 2564/2720/3211 2709/2751/3242 2697/2730/3221
f 2872/2939/3444 2697/2730/3221 2709/2751/3255
f 2872/2939/3444 2709/2751/3255 2718/2763/3254
f 2872/2939/3444 2875/2954/3459 2697/2730/3221
f 2560/2714/3205 2697/2730/3221 2875/2954/3459
f 2560/2714/3205 2561/2715/3206 2697/2730/3221
f 2544/2684/3175 2697/2730/3221 2561/2715/3206
f 2544/2684/3175 2548/2691/3182 2539/2652/3141
f 2542/2677/3168 2539/2652/3141 2548/2691/3182
f 2755/2833/3329 2741/2807/4048 2740/2806/3298
f 2755/2833/3329 2761/2846/3343 2741/2807/4048
f 2736/2797/3289 2741/2807/3299 2735/2796/3288
f 2735/2796/3288 2741/2807/3299 3209/3239/3812
f 3195/3225/3786 3209/3239/3804 2741/2807/4048
f 3195/3225/3786 2741/2807/4048 2761/2846/3343
f 2736/2797/3289 2735/2796/3288 2729/2786/3278
f 3187/3222/3783 3195/3225/3786 2761/2846/3343
f 3187/3222/3783 2761/2846/3343 3196/3431/4049
f 2760/2845/3342 3196/3431/4049 2761/2846/3343
f 3233/3263/3837 3147/3176/3721 3141/3167/3710
f 3233/3263/3837 3234/3264/3838 3147/3176/3721
f 3200/3238/3803 3164/3241/3806 3234/3264/3838
f 3147/3176/3721 3234/3264/3838 3153/3185/3733
f 3164/3241/3806 3153/3185/3733 3234/3264/3838
f 3148/3177/3722 3165/3196/3747 3142/3168/3711
f 3042/3052/3572 3029/3039/3558 3028/3038/3557
f 2754/2832/3328 2722/2769/3261 2720/2767/3259
f 2754/2832/3328 2720/2767/3259 3236/3270/3846
f 2754/2832/3328 3236/3270/3846 3240/3271/3847
f 2754/2832/3328 3240/3271/3847 2759/2858/3356
f 3236/3270/3846 2720/2767/3259 2721/2768/3260
f 2770/2868/3366 2759/2858/3356 3240/3271/3847
f 2770/2868/3366 3240/3271/3847 3262/3293/3873
f 3235/3265/3839 3262/3293/3873 3240/3271/3847
f 3235/3265/3839 3240/3271/3847 3224/3256/3828
f 2770/2868/3366 3253/3285/3865 2845/2875/3373
f 2770/2868/3366 3262/3293/3873 3253/3285/3865
f 2765/2857/3355 2770/2868/3366 2845/2875/3373
f 3254/3286/3866 2845/2875/3373 3253/3285/3865
f 2715/2760/3251 2562/2717/3208 2571/2716/3207
f 2877/2958/3463 2867/2944/3449 2857/2904/3409
f 2877/2958/3463 2857/2904/3409 2871/2938/3443
f 2877/2958/3463 2871/2938/3443 2886/2971/3476
f 2857/2904/3409 2867/2944/3449 2863/2923/3428
f 2870/2937/3442 2886/2971/3476 2871/2938/3443
f 2857/2904/3409 2860/2917/3422 2871/2938/3443
f 2861/2918/3423 2871/2938/3443 2860/2917/3422
f 2870/2937/3442 2884/2969/3474 2886/2971/3476
f 2842/2878/3376 2854/2877/3375 2860/2917/3422
f 2842/2878/3376 2860/2917/3422 2856/2903/3408
f 3169/3200/3755 3162/3194/3765 3393/3432/4050
f 3206/3235/3799 3393/3432/4050 3162/3194/3765
f 2768/2863/3361 2858/2906/3411 2843/2873/3371
f 3394/3433/4051 3072/3085/3608 3132/3160/3702
f 3072/3085/3608 3394/3433/4051 3060/3074/3596
f 2840/2871/3382 2849/2882/3384 2848/2881/3391
f 3395/3434/4052 3005/3103/3628 3004/3086/3609
f 3395/3434/4052 3004/3086/3609 3396/3435/4053
f 3397/3436/4054 3395/3434/4052 3396/3435/4053
f 3397/3436/4054 3396/3435/4053 3398/3437/4055
f 3399/3438/4056 3397/3436/4057 3398/3437/4058
f 3399/3438/4056 3398/3437/4058 3500/3439/4059
f 3399/3438/4056 3500/3439/4059 3493/3440/4060
f 3399/3438/4056 3493/3440/4060 3400/3441/4061
f 3401/3442/4062 3400/3441/4063 3493/3440/4060
f 3401/3442/4062 3493/3440/4060 3487/3443/4064
f 3401/3442/4062 3487/3443/4064 3478/3444/4065
f 3401/3442/4062 3478/3444/4065 3402/3445/4066
f 3403/3446/4067 3402/3445/4066 3478/3444/4065
f 3403/3446/4067 3478/3444/4065 3466/3447/4068
f 3403/3446/4067 3466/3447/4068 3457/3448/4069
f 3403/3446/4067 3457/3448/4069 3404/3449/4070
f 3405/3450/4071 3404/3449/4070 3457/3448/4069
f 3405/3450/4071 3457/3448/4069 3406/3451/4072
f 3405/3450/4071 3406/3451/4072 3442/3452/4073
f 3405/3450/4071 3442/3452/4073 3407/3453/4074
f 3408/3454/4075 3407/3453/4074 3442/3452/4073
f 3408/3454/4075 3442/3452/4073 3434/3455/4076
f 3408/3454/4075 3434/3455/4076 3427/3456/4077
f 3408/3454/4075 3427/3456/4077 3409/3457/4078
f 3410/3458/4079 3409/3457/4078 3427/3456/4077
f 3410/3458/4079 3427/3456/4077 3411/3459/4080
f 3412/3460/4081 3410/3458/4079 3411/3459/4080
f 3412/3460/4081 3411/3459/4080 3424/3461/4082
f 3413/3462/4083 3008/3120/3649 3010/3131/3668
f 3413/3462/4083 3012/3140/3678 3008/3120/3649
f 3413/3462/4083 3010/3131/3668 3414/3463/4084
f 3193/3221/3782 3414/3463/4084 3010/3131/3668
f 3415/3464/4085 3278/3310/3900 3261/3302/3883
f 3415/3464/4085 3261/3302/3883 3416/3465/4086
f 3417/3466/4087 3416/3465/4086 3261/3302/3883
f 3417/3466/4087 3261/3302/3883 3215/3251/3885
f 3417/3466/4087 3215/3251/3885 3418/3467/4088
f 3294/3328/3928 3418/3467/4088 3215/3251/3885
f 3000/3051/3570 3419/3468/4089 3002/3100/3625
f 3000/3051/3570 3480/3469/4090 3419/3468/4089
f 3000/3051/3570 2907/3015/3526 3480/3469/4090
f 2907/3015/3526 3482/3017/3528 3480/3469/4090
f 2580/2663/3152 2581/2687/3178 2545/2688/3179
f 2900/2894/3398 2784/2866/3364 2901/2895/3399
f 2576/2606/3092 2579/2620/3106 2574/2592/3078
f 2575/2595/3081 2578/2609/3095 2577/2594/3080
f 3009/3130/3666 3175/3205/3791 3016/3172/3716
f 3009/3130/3666 3013/3138/3675 3175/3205/3791
f 3009/3130/3666 3016/3172/3716 3014/3151/3692
f 3009/3130/3666 3014/3151/3692 3011/3137/3674
f 3185/3215/3855 3019/3182/3727 3174/3204/3792
f 3015/3171/3715 3159/3191/3741 3018/3180/3725
f 3189/3218/3779 3181/3211/3772 3167/3198/3752
f 3189/3218/3779 3167/3198/3752 3172/3208/4091
f 3189/3218/3779 3172/3208/4091 3202/3230/3794
f 3001/3082/3605 3007/3119/3648 3003/3093/3616
f 3212/3243/3808 3136/3164/3706 3201/3229/3793
f 3198/3227/3789 3136/3164/3706 3212/3243/3808
f 3420/3470/4092 3421/3471/4093 3422/3472/4094
f 3420/3470/4092 3422/3472/4094 3423/3473/4095
f 3420/3470/4096 3411/3459/4080 3421/3471/4097
f 3420/3470/4096 3424/3461/4082 3411/3459/4080
f 3420/3470/4098 3423/3473/4099 3321/3353/3956
f 3421/3471/4093 3425/3474/4100 3422/3472/4094
f 3421/3471/4093 3426/3475/4101 3425/3474/4100
f 3421/3471/4097 3411/3459/4080 3427/3456/4077
f 3421/3471/4097 3427/3456/4077 3426/3475/4102
f 3423/3473/4099 3310/3346/3949 3321/3353/3956
f 3423/3473/4099 3428/3476/4103 3310/3346/3949
f 3423/3473/4095 3422/3472/4094 3429/3477/4104
f 3423/3473/4095 3429/3477/4104 3428/3476/4105
f 3422/3472/4094 3425/3474/4100 3430/3478/4106
f 3422/3472/4094 3430/3478/4106 3431/3479/4107
f 3422/3472/4094 3431/3479/4107 3432/3480/4108
f 3422/3472/4094 3432/3480/4108 3429/3477/4104
f 3433/3481/4109 3430/3478/4106 3425/3474/4100
f 3434/3455/4110 3425/3474/4100 3426/3475/4101
f 3434/3455/4076 3426/3475/4102 3427/3456/4077
f 3428/3476/4105 3429/3477/4104 3435/3482/4111
f 3435/3482/4111 3429/3477/4104 3432/3480/4108
f 3436/3483/4112 3430/3478/4106 3433/3481/4109
f 3436/3483/4112 3437/3484/4113 3430/3478/4106
f 3431/3479/4107 3430/3478/4106 3437/3484/4113
f 3435/3482/4111 3432/3480/4108 3438/3485/4114
f 3433/3481/4109 3425/3474/4100 3439/3486/4115
f 3434/3455/4110 3439/3486/4115 3425/3474/4100
f 3433/3481/4109 3439/3486/4115 3440/3487/4116
f 3436/3483/4112 3433/3481/4109 3440/3487/4116
f 3434/3455/4110 3441/3488/4117 3439/3486/4115
f 3434/3455/4076 3442/3452/4073 3441/3488/4118
f 3428/3476/4103 3304/3337/3939 3310/3346/3949
f 3428/3476/4105 3435/3482/4111 3443/3338/3941
f 3428/3476/4105 3443/3338/3941 3304/3337/3940
f 3435/3482/4111 3438/3485/4114 3306/3340/3943
f 3435/3482/4111 3306/3340/3943 3443/3338/3941
f 3436/3483/4112 3440/3487/4116 3444/3489/4119
f 3431/3479/4107 3445/3490/4120 3432/3480/4108
f 3438/3485/4114 3432/3480/4108 3445/3490/4120
f 3431/3479/4107 3446/3491/4121 3445/3490/4120
f 3431/3479/4107 3437/3484/4113 3446/3491/4121
f 3438/3485/4114 3447/3341/3944 3306/3340/3943
f 3438/3485/4114 3448/3492/4122 3447/3341/3944
f 3438/3485/4114 3445/3490/4120 3448/3492/4122
f 3449/3493/4123 3440/3487/4116 3439/3486/4115
f 3449/3493/4123 3439/3486/4115 3450/3494/4124
f 3406/3451/4125 3450/3494/4124 3439/3486/4115
f 3406/3451/4125 3439/3486/4115 3441/3488/4117
f 3406/3451/4072 3441/3488/4118 3442/3452/4073
f 3451/3495/4126 3444/3489/4119 3440/3487/4116
f 3451/3495/4126 3440/3487/4116 3449/3493/4123
f 3452/3496/4127 3436/3483/4112 3444/3489/4119
f 3452/3496/4127 3437/3484/4113 3436/3483/4112
f 3453/3497/4128 3444/3489/4119 3451/3495/4126
f 3446/3491/4121 3437/3484/4113 3454/3498/4129
f 3452/3496/4127 3454/3498/4129 3437/3484/4113
f 3449/3493/4123 3450/3494/4124 3455/3499/4130
f 3451/3495/4126 3449/3493/4123 3455/3499/4130
f 3406/3451/4125 3456/3500/4131 3450/3494/4124
f 3406/3451/4072 3457/3448/4069 3456/3500/4132
f 3451/3495/4126 3455/3499/4130 3458/3501/4133
f 3453/3497/4128 3451/3495/4126 3458/3501/4133
f 3452/3496/4127 3459/3502/4134 3454/3498/4129
f 3452/3496/4127 3444/3489/4119 3459/3502/4134
f 3453/3497/4128 3459/3502/4134 3444/3489/4119
f 3453/3497/4128 3460/3503/4135 3459/3502/4134
f 3446/3491/4121 3461/3504/4136 3445/3490/4120
f 3448/3492/4122 3445/3490/4120 3461/3504/4136
f 3446/3491/4121 3454/3498/4129 3461/3504/4136
f 3448/3492/4122 3462/3342/3945 3447/3341/3944
f 3448/3492/4122 3461/3504/4136 3462/3342/3945
f 3463/3505/4137 3455/3499/4130 3450/3494/4124
f 3464/3506/4138 3463/3505/4137 3450/3494/4124
f 3464/3506/4138 3450/3494/4124 3456/3500/4131
f 3464/3506/4139 3456/3500/4132 3457/3448/4069
f 3465/3507/4140 3458/3501/4133 3455/3499/4130
f 3463/3505/4137 3465/3507/4140 3455/3499/4130
f 3464/3506/4139 3457/3448/4069 3466/3447/4068
f 3467/3508/4141 3453/3497/4128 3458/3501/4133
f 3467/3508/4141 3460/3503/4135 3453/3497/4128
f 3468/3509/4142 3461/3504/4136 3454/3498/4129
f 3469/3510/4143 3468/3509/4142 3454/3498/4129
f 3469/3510/4143 3454/3498/4129 3459/3502/4134
f 3470/3511/4144 3459/3502/4134 3460/3503/4135
f 3470/3511/4144 3469/3510/4143 3459/3502/4134
f 3467/3508/4141 3471/3512/4145 3460/3503/4135
f 3472/3513/4146 3460/3503/4135 3471/3512/4145
f 3472/3513/4146 3470/3511/4144 3460/3503/4135
f 3473/3347/3950 3462/3342/3945 3461/3504/4136
f 3473/3347/3950 3461/3504/4136 3474/3514/4147
f 3468/3509/4142 3474/3514/4147 3461/3504/4136
f 3464/3506/4138 3475/3515/4148 3463/3505/4137
f 3463/3505/4137 3475/3515/4148 3476/3516/4149
f 3463/3505/4137 3476/3516/4149 3465/3507/4140
f 3464/3506/4138 3477/3517/4150 3475/3515/4148
f 3464/3506/4139 3466/3447/4068 3478/3444/4065
f 3464/3506/4139 3478/3444/4065 3477/3517/4151
f 3465/3507/4140 3479/3518/4152 3458/3501/4133
f 3467/3508/4141 3458/3501/4133 3479/3518/4152
f 3465/3507/4140 3476/3516/4149 3479/3518/4152
f 3469/3510/4143 3002/3100/3625 3468/3509/4142
f 3468/3509/4142 3002/3100/3625 3419/3468/4089
f 3468/3509/4142 3419/3468/4089 3480/3469/4090
f 3468/3509/4142 3480/3469/4090 3474/3514/4147
f 3473/3347/3950 3474/3514/4147 3480/3469/4090
f 3470/3511/4144 3094/3113/3641 3469/3510/4143
f 3469/3510/4143 3094/3113/3641 3002/3100/3625
f 3472/3513/4146 3353/3389/3998 3470/3511/4144
f 3470/3511/4144 3353/3389/3998 3094/3113/3641
f 3472/3513/4146 3352/3388/3997 3353/3389/3998
f 3472/3513/4146 3481/3519/4153 3352/3388/3997
f 3472/3513/4146 3471/3512/4145 3481/3519/4153
f 3473/3347/3950 3480/3469/4090 3482/3017/3528
f 3031/3037/3556 3473/3347/3950 3482/3017/3528
f 3483/3520/4154 3476/3516/4149 3475/3515/4148
f 3483/3520/4154 3475/3515/4148 3484/3521/4155
f 3485/3522/4156 3484/3521/4155 3475/3515/4148
f 3485/3522/4156 3475/3515/4148 3477/3517/4150
f 3485/3522/4157 3477/3517/4151 3478/3444/4065
f 3486/3523/4158 3479/3518/4152 3476/3516/4149
f 3486/3523/4158 3476/3516/4149 3483/3520/4154
f 3485/3522/4157 3478/3444/4065 3487/3443/4064
f 3488/3524/4159 3467/3508/4141 3479/3518/4152
f 3488/3524/4159 3471/3512/4145 3467/3508/4141
f 3488/3524/4159 3479/3518/4152 3489/3316/3915
f 3486/3523/4158 3489/3316/3915 3479/3518/4152
f 3481/3519/4153 3471/3512/4145 3490/3318/3917
f 3488/3524/4159 3490/3318/3917 3471/3512/4145
f 3483/3520/4154 3484/3521/4155 3491/3525/4160
f 3485/3522/4156 3491/3525/4160 3484/3521/4155
f 3485/3522/4156 3492/3526/4161 3491/3525/4160
f 3485/3522/4157 3487/3443/4064 3493/3440/4060
f 3485/3522/4157 3493/3440/4060 3492/3526/4162
f 3481/3519/4153 3494/3268/3844 3352/3388/3997
f 3481/3519/4153 3248/3284/3864 3494/3268/3844
f 3481/3519/4153 3490/3318/3917 3248/3284/3864
f 3495/3064/3586 3483/3520/4154 3491/3525/4160
f 3495/3064/3586 3491/3525/4160 3496/3065/3587
f 3497/3527/4163 3496/3065/3587 3491/3525/4160
f 3497/3527/4163 3491/3525/4160 3492/3526/4161
f 3497/3527/4164 3492/3526/4162 3493/3440/4060
f 3498/3317/3916 3486/3523/4158 3483/3520/4154
f 3498/3317/3916 3489/3316/3915 3486/3523/4158
f 3498/3317/3916 3483/3520/4154 3499/3066/3588
f 3495/3064/3586 3499/3066/3588 3483/3520/4154
f 3497/3527/4164 3493/3440/4060 3500/3439/4059
f 3272/3304/3890 3488/3524/4159 3489/3316/3915
f 3272/3304/3890 3490/3318/3917 3488/3524/4159
f 3248/3284/3864 3239/3269/3845 3494/3268/3844
f 3497/3527/4163 3501/3528/4165 3496/3065/3587
f 3497/3527/4164 3500/3439/4059 3398/3437/4058
f 3497/3527/4164 3398/3437/4058 3501/3528/4166
f 3501/3528/4165 3502/3529/4167 3496/3065/3587
f 3502/3529/4167 3063/3077/3599 3496/3065/3587
f 3501/3528/4168 3396/3435/4053 3502/3529/4169
f 3501/3528/4168 3398/3437/4055 3396/3435/4053
f 3502/3529/4169 3396/3435/4053 3004/3086/3609
f 3502/3529/4169 3004/3086/3609 3063/3077/3600
f 3547/3530/4170 3536/3531/4171 3551/3532/4172
f 3551/3532/4172 3548/3533/4173 3550/3534/4174
f 3755/3535/4175 3533/3536/4176 3534/3537/4177
f 3755/3535/4175 3535/3538/4178 3547/3530/4170
f 3551/3532/4172 3755/3535/4175 3547/3530/4170
f 3712/3539/4179 3722/3540/4179 3549/3541/4179
f 3550/3534/4180 3567/3542/4181 3551/3532/4182
f 3549/3541/4183 3532/3543/4184 3735/3544/4185
f 3549/3541/4183 3735/3544/4185 3533/3536/4176
f 3555/3545/4186 3531/3546/4187 3722/3540/4188
f 3722/3540/4188 3531/3546/4187 3532/3543/4184
f 3555/3545/4186 3556/3547/4189 3554/3548/4190
f 3555/3545/4191 3700/3549/4192 3556/3547/4193
f 3552/3550/4194 3736/3551/4195 3722/3540/4196
f 3722/3540/4196 3558/3552/4197 3555/3545/4191
f 3554/3548/4190 3559/3553/4198 3555/3545/4186
f 3554/3548/4190 3756/3554/4199 3559/3553/4198
f 3560/3555/4200 3761/3556/4201 3554/3548/4190
f 3761/3556/4201 3530/3557/4202 3554/3548/4190
f 3554/3548/4190 3562/3558/4203 3560/3555/4200
f 3751/3559/4204 3548/3533/4173 3537/3560/4205
f 3561/3561/4206 3537/3560/4205 3538/3562/4207
f 3752/3563/4208 3538/3562/4209 3539/3564/4210
f 3566/3565/4211 3539/3564/4210 3540/3566/4212
f 3562/3558/4213 3731/3567/4214 3564/3568/4215
f 3751/3559/4216 3567/3542/4181 3550/3534/4180
f 3582/3569/4217 3528/3570/4218 3560/3555/4200
f 3569/3571/4219 3527/3572/4220 3683/3573/4221
f 3683/3573/4221 3568/3574/4222 3582/3569/4217
f 3573/3575/4223 3755/3535/4224 3698/3576/4225
f 3698/3576/4225 3553/3577/4226 3572/3578/4227
f 3699/3579/4228 3575/3580/4229 3574/3581/4230
f 3567/3542/4181 3684/3582/4231 3572/3578/4227
f 3524/3583/4232 3525/3584/4233 3763/3585/4234
f 3763/3585/4234 3526/3586/4235 3569/3571/4219
f 3701/3587/4236 3524/3583/4232 3570/3588/4237
f 3576/3589/4238 3716/3590/4239 3701/3587/4236
f 3570/3588/4240 3763/3585/4241 3577/3591/4242
f 3573/3575/4223 3737/3592/4243 3712/3539/4244
f 3712/3539/4244 3557/3593/4245 3552/3550/4194
f 3702/3594/4246 3579/3595/4247 3737/3592/4243
f 3737/3592/4243 3579/3595/4247 3557/3593/4245
f 3555/3545/4191 3563/3596/4248 3700/3549/4192
f 3700/3549/4192 3563/3596/4248 3556/3547/4193
f 3558/3552/4197 3753/3597/4249 3563/3596/4248
f 3753/3597/4249 3581/3598/4250 3717/3599/4251
f 3683/3573/4252 3582/3569/4253 3706/3600/4254
f 3582/3569/4253 3693/3601/4255 3584/3602/4256
f 3732/3603/4257 3564/3568/4215 3693/3601/4255
f 3577/3591/4242 3701/3587/4258 3570/3588/4240
f 3771/3604/4259 3576/3589/4260 3701/3587/4258
f 3585/3605/4261 3764/3606/4262 3586/3607/4263
f 3771/3604/4259 3587/3608/4264 3764/3606/4262
f 3585/3605/4261 3742/3609/4265 3576/3589/4260
f 3750/3610/4266 3589/3611/4267 3742/3609/4265
f 3742/3609/4268 3523/3612/4269 3576/3589/4238
f 3589/3611/4270 3522/3613/4271 3742/3609/4268
f 3776/3614/4272 3521/3615/4273 3589/3611/4270
f 3590/3616/4274 3520/3617/4275 3776/3614/4272
f 3588/3618/4276 3776/3614/4277 3589/3611/4267
f 3685/3619/4278 3590/3616/4279 3776/3614/4277
f 3592/3620/4280 3729/3621/4281 3593/3622/4282
f 3685/3619/4278 3594/3623/4283 3729/3621/4281
f 3592/3620/4280 3718/3624/4284 3590/3616/4279
f 3773/3625/4285 3519/3626/4286 3590/3616/4274
f 3591/3627/4287 3518/3628/4288 3773/3625/4285
f 3597/3629/4289 3517/3630/4290 3591/3627/4287
f 3718/3624/4284 3599/3631/4291 3773/3625/4292
f 3599/3631/4293 3598/3632/4294 3597/3629/4289
f 3598/3632/4294 3600/3633/4295 3597/3629/4289
f 3595/3634/4296 3602/3635/4297 3687/3636/4298
f 3687/3636/4298 3602/3635/4297 3601/3637/4299
f 3772/3638/4300 3540/3566/4212 3541/3639/4301
f 3571/3640/4302 3541/3639/4301 3603/3641/4303
f 3566/3565/4304 3772/3638/4305 3752/3563/4306
f 3571/3640/4307 3684/3582/4231 3772/3638/4305
f 3684/3582/4231 3752/3563/4306 3772/3638/4305
f 3702/3594/4246 3698/3576/4225 3574/3581/4230
f 3698/3576/4225 3699/3579/4228 3574/3581/4230
f 3604/3642/4308 3719/3643/4309 3605/3644/4310
f 3697/3645/4311 3578/3646/4312 3719/3643/4309
f 3580/3647/4313 3557/3593/4245 3579/3595/4247
f 3606/3648/4314 3688/3649/4315 3604/3642/4308
f 3564/3568/4215 3581/3598/4250 3583/3650/4316
f 3583/3650/4316 3607/3651/4317 3608/3652/4318
f 3569/3571/4319 3706/3600/4254 3609/3653/4320
f 3577/3591/4242 3766/3654/4321 3587/3608/4264
f 3763/3585/4241 3609/3653/4320 3766/3654/4321
f 3609/3653/4320 3689/3655/4322 3610/3656/4323
f 3706/3600/4254 3611/3657/4324 3689/3655/4322
f 3750/3610/4266 3586/3607/4263 3765/3658/4325
f 3588/3618/4276 3765/3658/4325 3594/3623/4283
f 3595/3634/4296 3593/3622/4282 3602/3635/4297
f 3718/3624/4284 3592/3620/4280 3593/3622/4282
f 3593/3622/4282 3627/3659/4326 3602/3635/4297
f 3687/3636/4327 3544/3660/4328 3598/3632/4294
f 3601/3637/4329 3726/3661/4330 3687/3636/4327
f 3629/3662/4331 3612/3663/4332 3601/3637/4329
f 3613/3664/4333 3713/3665/4334 3629/3662/4331
f 3730/3666/4335 3603/3641/4303 3542/3667/4335
f 3730/3666/4335 3615/3668/4336 3617/3669/4337
f 3617/3669/4337 3543/3670/4338 3605/3644/4339
f 3605/3644/4339 3616/3671/4340 3618/3672/4341
f 3719/3643/4309 3575/3580/4229 3730/3666/4342
f 3719/3643/4309 3574/3581/4230 3575/3580/4229
f 3578/3646/4312 3697/3645/4311 3579/3595/4247
f 3697/3645/4311 3604/3642/4308 3688/3649/4315
f 3606/3648/4314 3705/3673/4343 3688/3649/4315
f 3688/3649/4315 3581/3598/4250 3580/3647/4313
f 3695/3674/4344 3621/3675/4345 3606/3648/4314
f 3584/3602/4256 3739/3676/4346 3611/3657/4324
f 3693/3601/4255 3583/3650/4316 3739/3676/4346
f 3633/3677/4347 3714/3678/4348 3608/3652/4318
f 3714/3678/4348 3611/3657/4324 3739/3676/4346
f 3587/3608/4264 3690/3679/4349 3623/3680/4350
f 3766/3654/4321 3610/3656/4323 3690/3679/4349
f 3728/3681/4351 3625/3682/4352 3690/3679/4349
f 3624/3683/4353 3690/3679/4349 3610/3656/4323
f 3586/3607/4263 3764/3606/4262 3635/3684/4354
f 3593/3622/4282 3740/3685/4355 3627/3659/4326
f 3729/3621/4281 3594/3623/4283 3740/3685/4355
f 3626/3686/4356 3740/3685/4355 3594/3623/4283
f 3601/3637/4299 3602/3635/4297 3629/3662/4357
f 3613/3664/4358 3602/3635/4297 3628/3687/4359
f 3759/3688/4360 3620/3689/4361 3606/3648/4314
f 3605/3644/4310 3759/3688/4360 3604/3642/4308
f 3759/3688/4360 3618/3672/4362 3619/3690/4363
f 3619/3690/4363 3618/3672/4362 3770/3691/4364
f 3630/3692/4365 3770/3691/4364 3631/3693/4366
f 3608/3652/4318 3621/3675/4345 3633/3677/4347
f 3696/3694/4367 3633/3677/4347 3621/3675/4345
f 3727/3695/4368 3610/3656/4323 3689/3655/4322
f 3622/3696/4369 3689/3655/4322 3611/3657/4324
f 3624/3683/4353 3720/3697/4370 3634/3698/4371
f 3727/3695/4368 3622/3696/4369 3720/3697/4370
f 3748/3699/4372 3635/3684/4354 3764/3606/4262
f 3625/3682/4352 3764/3606/4262 3623/3680/4350
f 3626/3686/4356 3765/3658/4325 3691/3700/4373
f 3765/3658/4325 3635/3684/4354 3691/3700/4373
f 3627/3659/4326 3707/3701/4374 3602/3635/4297
f 3627/3659/4326 3754/3702/4375 3707/3701/4374
f 3707/3701/4374 3653/3703/4376 3724/3704/4377
f 3707/3701/4374 3724/3704/4377 3628/3687/4359
f 3628/3687/4378 3741/3705/4379 3613/3664/4333
f 3724/3704/4380 3638/3706/4381 3768/3707/4382
f 3724/3704/4380 3637/3708/4383 3628/3687/4378
f 3620/3689/4361 3630/3692/4365 3639/3709/4384
f 3639/3709/4384 3695/3674/4344 3620/3689/4361
f 3743/3710/4385 3632/3711/4386 3695/3674/4344
f 3714/3678/4348 3633/3677/4347 3708/3712/4387
f 3641/3713/4388 3708/3712/4387 3633/3677/4347
f 3703/3714/4389 3642/3715/4390 3708/3712/4387
f 3643/3716/4391 3728/3681/4351 3634/3698/4371
f 3725/3717/4392 3644/3718/4393 3728/3681/4351
f 3645/3719/4394 3682/3720/4395 3635/3684/4354
f 3692/3721/4396 3646/3722/4397 3682/3720/4395
f 3769/3723/4398 3627/3659/4326 3740/3685/4355
f 3618/3672/4341 3762/3724/4399 3770/3691/4400
f 3770/3691/4400 3648/3725/4401 3631/3693/4402
f 3631/3693/4402 3686/3726/4403 3758/3727/4404
f 3758/3727/4404 3545/3728/4405 3655/3729/4406
f 3640/3730/4407 3696/3694/4367 3632/3711/4386
f 3760/3731/4408 3633/3677/4347 3696/3694/4367
f 3656/3732/4409 3760/3731/4408 3640/3730/4407
f 3738/3733/4410 3641/3713/4388 3760/3731/4408
f 3642/3715/4390 3720/3697/4370 3622/3696/4369
f 3650/3734/4411 3711/3735/4412 3642/3715/4390
f 3711/3735/4412 3643/3716/4391 3720/3697/4370
f 3644/3718/4393 3748/3699/4372 3625/3682/4352
f 3744/3736/4413 3645/3719/4394 3748/3699/4372
f 3651/3737/4414 3744/3736/4413 3644/3718/4393
f 3721/3738/4415 3645/3719/4394 3744/3736/4413
f 3652/3739/4416 3769/3723/4398 3710/3740/4417
f 3769/3723/4398 3626/3686/4356 3646/3722/4397
f 3677/3741/4418 3710/3740/4417 3646/3722/4397
f 3710/3740/4417 3680/3742/4419 3652/3739/4416
f 3636/3743/4420 3647/3744/4421 3652/3739/4416
f 3758/3727/4422 3639/3709/4384 3630/3692/4365
f 3655/3729/4423 3743/3710/4385 3639/3709/4384
f 3774/3745/4424 3640/3730/4407 3743/3710/4385
f 3655/3729/4406 3715/3746/4425 3774/3745/4426
f 3774/3745/4426 3657/3747/4427 3656/3732/4428
f 3654/3748/4429 3704/3749/4430 3745/3750/4431
f 3704/3749/4430 3638/3706/4381 3653/3703/4432
f 3757/3751/4433 3658/3752/4434 3654/3748/4429
f 3665/3753/4435 3746/3754/4436 3757/3751/4433
f 3656/3732/4428 3507/3755/4437 3738/3733/4438
f 3738/3733/4438 3508/3756/4439 3649/3757/4440
f 3649/3757/4440 3509/3758/4441 3723/3759/4442
f 3723/3759/4442 3660/3760/4443 3650/3734/4444
f 3654/3748/4445 3754/3702/4375 3663/3761/4446
f 3754/3702/4375 3636/3743/4420 3661/3762/4447
f 3661/3762/4447 3775/3763/4448 3662/3764/4449
f 3749/3765/4450 3679/3766/4451 3775/3763/4448
f 3649/3757/4452 3703/3714/4389 3641/3713/4388
f 3723/3759/4453 3642/3715/4390 3703/3714/4389
f 3665/3753/4435 3664/3767/4454 3673/3768/4455
f 3757/3751/4456 3709/3769/4457 3665/3753/4435
f 3757/3751/4456 3654/3748/4445 3709/3769/4457
f 3654/3748/4445 3663/3761/4446 3709/3769/4457
f 3711/3735/4458 3660/3760/4443 3514/3770/4459
f 3666/3771/4460 3514/3770/4459 3510/3772/4461
f 3651/3737/4462 3515/3773/4463 3667/3774/4464
f 3694/3775/4465 3666/3771/4460 3515/3773/4463
f 3666/3771/4466 3725/3717/4392 3643/3716/4391
f 3694/3775/4467 3644/3718/4393 3725/3717/4392
f 3673/3768/4455 3669/3776/4468 3747/3777/4469
f 3663/3761/4446 3671/3778/4470 3664/3767/4471
f 3663/3761/4446 3662/3764/4449 3671/3778/4470
f 3664/3767/4471 3672/3779/4472 3673/3768/4473
f 3675/14/4474 3676/3780/4475 3734/12/4476
f 3673/3768/4477 3675/14/4478 3674/11/4479
f 3671/3778/4470 3662/3764/4449 3675/14/4480
f 3668/3781/4481 3546/3782/4482 3511/3783/4483
f 3721/3738/4484 3667/3774/4464 3546/3782/4482
f 3733/3784/4485 3678/3785/4486 3677/3741/4487
f 3668/3781/4481 3505/3786/4488 3733/3784/4485
f 3675/14/4474 3504/16/4489 3676/3780/4475
f 3775/3763/4490 3679/3766/4491 3516/3787/4492
f 3668/3781/4493 3692/3721/4396 3645/3719/4394
f 3733/3784/4494 3646/3722/4397 3692/3721/4396
f 3767/3788/4495 3652/3739/4416 3680/3742/4419
f 3767/3788/4495 3749/3765/4450 3652/3739/4416
f 3767/3788/4496 3681/3789/4497 3512/3790/4498
f 3679/3766/4491 3512/3790/4498 3513/3791/4499
f 3677/3741/4487 3506/3792/4500 3777/3793/4501
f 3506/3792/4500 3681/3789/4497 3680/3742/4502
f 3547/3530/4170 3535/3538/4178 3536/3531/4171
f 3551/3532/4172 3536/3531/4171 3548/3533/4173
f 3755/3535/4175 3549/3541/4183 3533/3536/4176
f 3755/3535/4175 3534/3537/4177 3535/3538/4178
f 3755/3535/4503 3573/3575/4504 3549/3541/4505
f 3573/3575/4504 3712/3539/4506 3549/3541/4505
f 3712/3539/4507 3552/3550/4507 3722/3540/4507
f 3755/3535/4224 3551/3532/4182 3553/3577/4226
f 3551/3532/4182 3567/3542/4181 3553/3577/4226
f 3549/3541/4183 3722/3540/4188 3532/3543/4184
f 3555/3545/4186 3559/3553/4198 3531/3546/4187
f 3552/3550/4194 3557/3593/4245 3736/3551/4195
f 3722/3540/4196 3736/3551/4195 3558/3552/4197
f 3554/3548/4190 3530/3557/4202 3756/3554/4199
f 3560/3555/4200 3529/3794/4508 3761/3556/4201
f 3554/3548/4190 3556/3547/4189 3731/3567/4509
f 3554/3548/4190 3731/3567/4509 3562/3558/4203
f 3751/3559/4204 3550/3534/4174 3548/3533/4173
f 3561/3561/4206 3751/3559/4204 3537/3560/4205
f 3752/3563/4208 3561/3561/4510 3538/3562/4209
f 3566/3565/4211 3752/3563/4208 3539/3564/4210
f 3556/3547/4193 3563/3596/4248 3731/3567/4214
f 3561/3561/4511 3565/3795/4512 3751/3559/4216
f 3751/3559/4216 3565/3795/4512 3567/3542/4181
f 3565/3795/4512 3561/3561/4511 3752/3563/4306
f 3582/3569/4217 3568/3574/4222 3528/3570/4218
f 3560/3555/4200 3528/3570/4218 3529/3794/4508
f 3569/3571/4219 3526/3586/4235 3527/3572/4220
f 3683/3573/4221 3527/3572/4220 3568/3574/4222
f 3560/3555/4200 3562/3558/4513 3732/3603/4514
f 3560/3555/4200 3732/3603/4514 3582/3569/4217
f 3572/3578/4227 3553/3577/4226 3567/3542/4181
f 3698/3576/4225 3755/3535/4224 3553/3577/4226
f 3699/3579/4228 3572/3578/4227 3575/3580/4229
f 3572/3578/4227 3684/3582/4231 3575/3580/4229
f 3570/3588/4237 3524/3583/4232 3763/3585/4234
f 3763/3585/4234 3525/3584/4233 3526/3586/4235
f 3701/3587/4236 3716/3590/4239 3524/3583/4232
f 3576/3589/4238 3523/3612/4269 3716/3590/4239
f 3712/3539/4244 3737/3592/4243 3557/3593/4245
f 3573/3575/4223 3702/3594/4246 3737/3592/4243
f 3702/3594/4246 3578/3646/4312 3579/3595/4247
f 3555/3545/4191 3558/3552/4197 3563/3596/4248
f 3563/3596/4248 3753/3597/4249 3717/3599/4251
f 3753/3597/4249 3580/3647/4313 3581/3598/4250
f 3732/3603/4257 3562/3558/4213 3564/3568/4215
f 3569/3571/4319 3683/3573/4252 3706/3600/4254
f 3582/3569/4253 3732/3603/4257 3693/3601/4255
f 3693/3601/4255 3564/3568/4215 3583/3650/4316
f 3577/3591/4242 3771/3604/4259 3701/3587/4258
f 3771/3604/4259 3585/3605/4261 3576/3589/4260
f 3585/3605/4261 3771/3604/4259 3764/3606/4262
f 3771/3604/4259 3577/3591/4242 3587/3608/4264
f 3585/3605/4261 3750/3610/4266 3742/3609/4265
f 3750/3610/4266 3588/3618/4276 3589/3611/4267
f 3742/3609/4268 3522/3613/4271 3523/3612/4269
f 3589/3611/4270 3521/3615/4273 3522/3613/4271
f 3776/3614/4272 3520/3617/4275 3521/3615/4273
f 3590/3616/4274 3519/3626/4286 3520/3617/4275
f 3599/3631/4293 3591/3627/4287 3773/3625/4285
f 3588/3618/4276 3685/3619/4278 3776/3614/4277
f 3685/3619/4278 3592/3620/4280 3590/3616/4279
f 3592/3620/4280 3685/3619/4278 3729/3621/4281
f 3685/3619/4278 3588/3618/4276 3594/3623/4283
f 3773/3625/4285 3518/3628/4288 3519/3626/4286
f 3591/3627/4287 3596/3796/4515 3518/3628/4288
f 3599/3631/4293 3597/3629/4289 3591/3627/4287
f 3591/3627/4287 3517/3630/4290 3596/3796/4515
f 3590/3616/4279 3718/3624/4284 3773/3625/4292
f 3718/3624/4284 3595/3634/4296 3599/3631/4291
f 3598/3632/4516 3599/3631/4516 3595/3634/4516
f 3598/3632/4294 3544/3660/4328 3600/3633/4295
f 3598/3632/4294 3595/3634/4517 3687/3636/4327
f 3772/3638/4300 3566/3565/4211 3540/3566/4212
f 3571/3640/4302 3772/3638/4300 3541/3639/4301
f 3571/3640/4307 3575/3580/4229 3684/3582/4231
f 3684/3582/4231 3567/3542/4181 3565/3795/4512
f 3684/3582/4231 3565/3795/4512 3752/3563/4306
f 3702/3594/4246 3574/3581/4230 3578/3646/4312
f 3702/3594/4246 3573/3575/4223 3698/3576/4225
f 3698/3576/4225 3572/3578/4227 3699/3579/4228
f 3604/3642/4308 3697/3645/4311 3719/3643/4309
f 3578/3646/4312 3574/3581/4230 3719/3643/4309
f 3580/3647/4313 3753/3597/4249 3736/3551/4195
f 3753/3597/4249 3558/3552/4197 3736/3551/4195
f 3580/3647/4313 3736/3551/4195 3557/3593/4245
f 3688/3649/4315 3580/3647/4313 3579/3595/4247
f 3564/3568/4215 3717/3599/4251 3581/3598/4250
f 3564/3568/4215 3731/3567/4214 3717/3599/4251
f 3731/3567/4214 3563/3596/4248 3717/3599/4251
f 3583/3650/4316 3581/3598/4250 3705/3673/4343
f 3583/3650/4316 3705/3673/4343 3607/3651/4317
f 3706/3600/4254 3582/3569/4253 3584/3602/4256
f 3577/3591/4242 3763/3585/4241 3766/3654/4321
f 3763/3585/4241 3569/3571/4319 3609/3653/4320
f 3609/3653/4320 3706/3600/4254 3689/3655/4322
f 3706/3600/4254 3584/3602/4256 3611/3657/4324
f 3750/3610/4266 3585/3605/4261 3586/3607/4263
f 3588/3618/4276 3750/3610/4266 3765/3658/4325
f 3765/3658/4325 3586/3607/4263 3635/3684/4354
f 3595/3634/4296 3718/3624/4284 3593/3622/4282
f 3687/3636/4327 3726/3661/4330 3544/3660/4328
f 3601/3637/4329 3612/3663/4332 3726/3661/4330
f 3613/3664/4333 3614/3797/4518 3713/3665/4334
f 3629/3662/4331 3713/3665/4334 3612/3663/4332
f 3730/3666/4335 3571/3640/4302 3603/3641/4303
f 3730/3666/4335 3542/3667/4335 3615/3668/4336
f 3617/3669/4337 3615/3668/4336 3543/3670/4338
f 3605/3644/4339 3543/3670/4338 3616/3671/4340
f 3617/3669/4519 3719/3643/4309 3730/3666/4342
f 3730/3666/4342 3575/3580/4229 3571/3640/4307
f 3617/3669/4519 3605/3644/4310 3719/3643/4309
f 3579/3595/4247 3697/3645/4311 3688/3649/4315
f 3606/3648/4314 3607/3651/4317 3705/3673/4343
f 3688/3649/4315 3705/3673/4343 3581/3598/4250
f 3620/3689/4361 3695/3674/4344 3606/3648/4314
f 3606/3648/4314 3621/3675/4345 3607/3651/4317
f 3584/3602/4256 3693/3601/4255 3739/3676/4346
f 3739/3676/4346 3583/3650/4316 3608/3652/4318
f 3714/3678/4348 3622/3696/4369 3611/3657/4324
f 3608/3652/4318 3714/3678/4348 3739/3676/4346
f 3587/3608/4264 3766/3654/4321 3690/3679/4349
f 3766/3654/4321 3609/3653/4320 3610/3656/4323
f 3624/3683/4353 3728/3681/4351 3690/3679/4349
f 3690/3679/4349 3625/3682/4352 3623/3680/4350
f 3764/3606/4262 3587/3608/4264 3623/3680/4350
f 3593/3622/4282 3729/3621/4281 3740/3685/4355
f 3613/3664/4358 3629/3662/4357 3602/3635/4297
f 3604/3642/4308 3759/3688/4360 3606/3648/4314
f 3759/3688/4360 3619/3690/4363 3620/3689/4361
f 3759/3688/4360 3605/3644/4310 3618/3672/4362
f 3630/3692/4365 3619/3690/4363 3770/3691/4364
f 3608/3652/4318 3607/3651/4317 3621/3675/4345
f 3632/3711/4386 3696/3694/4367 3621/3675/4345
f 3727/3695/4368 3624/3683/4353 3610/3656/4323
f 3622/3696/4369 3727/3695/4368 3689/3655/4322
f 3624/3683/4353 3727/3695/4368 3720/3697/4370
f 3625/3682/4352 3748/3699/4372 3764/3606/4262
f 3626/3686/4356 3594/3623/4283 3765/3658/4325
f 3748/3699/4372 3645/3719/4394 3635/3684/4354
f 3602/3635/4297 3707/3701/4374 3628/3687/4359
f 3627/3659/4326 3636/3743/4420 3754/3702/4375
f 3707/3701/4374 3754/3702/4375 3653/3703/4376
f 3628/3687/4378 3637/3708/4383 3741/3705/4379
f 3613/3664/4333 3741/3705/4379 3614/3797/4518
f 3724/3704/4380 3653/3703/4432 3638/3706/4381
f 3724/3704/4380 3768/3707/4382 3637/3708/4383
f 3620/3689/4361 3619/3690/4363 3630/3692/4365
f 3695/3674/4344 3632/3711/4386 3621/3675/4345
f 3639/3709/4384 3743/3710/4385 3695/3674/4344
f 3743/3710/4385 3640/3730/4407 3632/3711/4386
f 3622/3696/4369 3714/3678/4348 3708/3712/4387
f 3641/3713/4388 3703/3714/4389 3708/3712/4387
f 3708/3712/4387 3642/3715/4390 3622/3696/4369
f 3728/3681/4351 3624/3683/4353 3634/3698/4371
f 3643/3716/4391 3725/3717/4392 3728/3681/4351
f 3728/3681/4351 3644/3718/4393 3625/3682/4352
f 3635/3684/4354 3682/3720/4395 3691/3700/4373
f 3691/3700/4373 3682/3720/4395 3626/3686/4356
f 3645/3719/4394 3692/3721/4396 3682/3720/4395
f 3682/3720/4395 3646/3722/4397 3626/3686/4356
f 3769/3723/4398 3647/3744/4421 3627/3659/4326
f 3626/3686/4356 3769/3723/4398 3740/3685/4355
f 3618/3672/4341 3616/3671/4340 3762/3724/4399
f 3770/3691/4400 3762/3724/4399 3648/3725/4401
f 3631/3693/4402 3648/3725/4401 3686/3726/4403
f 3758/3727/4404 3686/3726/4403 3545/3728/4405
f 3640/3730/4407 3760/3731/4408 3696/3694/4367
f 3760/3731/4408 3641/3713/4388 3633/3677/4347
f 3656/3732/4409 3738/3733/4410 3760/3731/4408
f 3738/3733/4410 3649/3757/4452 3641/3713/4388
f 3720/3697/4370 3643/3716/4391 3634/3698/4371
f 3642/3715/4390 3711/3735/4412 3720/3697/4370
f 3711/3735/4412 3666/3771/4466 3643/3716/4391
f 3644/3718/4393 3744/3736/4413 3748/3699/4372
f 3651/3737/4414 3721/3738/4415 3744/3736/4413
f 3721/3738/4415 3668/3781/4493 3645/3719/4394
f 3652/3739/4416 3647/3744/4421 3769/3723/4398
f 3710/3740/4417 3769/3723/4398 3646/3722/4397
f 3677/3741/4418 3777/3793/4520 3710/3740/4417
f 3710/3740/4417 3777/3793/4520 3680/3742/4419
f 3636/3743/4420 3627/3659/4326 3647/3744/4421
f 3654/3748/4445 3745/3750/4521 3754/3702/4375
f 3754/3702/4375 3745/3750/4521 3653/3703/4376
f 3631/3693/4366 3758/3727/4422 3630/3692/4365
f 3758/3727/4422 3655/3729/4423 3639/3709/4384
f 3655/3729/4423 3774/3745/4424 3743/3710/4385
f 3774/3745/4424 3656/3732/4409 3640/3730/4407
f 3655/3729/4406 3545/3728/4405 3715/3746/4425
f 3774/3745/4426 3715/3746/4425 3657/3747/4427
f 3745/3750/4431 3704/3749/4430 3653/3703/4432
f 3654/3748/4429 3658/3752/4434 3704/3749/4430
f 3757/3751/4433 3746/3754/4436 3658/3752/4434
f 3665/3753/4435 3747/3777/4469 3746/3754/4436
f 3747/3777/4469 3659/3798/4522 3746/3754/4436
f 3656/3732/4428 3657/3747/4427 3507/3755/4437
f 3738/3733/4438 3507/3755/4437 3508/3756/4439
f 3649/3757/4440 3508/3756/4439 3509/3758/4441
f 3723/3759/4442 3509/3758/4441 3660/3760/4443
f 3663/3761/4446 3754/3702/4375 3661/3762/4447
f 3661/3762/4447 3749/3765/4450 3775/3763/4448
f 3661/3762/4447 3636/3743/4420 3749/3765/4450
f 3649/3757/4452 3723/3759/4453 3703/3714/4389
f 3723/3759/4453 3650/3734/4411 3642/3715/4390
f 3747/3777/4469 3665/3753/4435 3673/3768/4455
f 3665/3753/4435 3709/3769/4457 3664/3767/4454
f 3709/3769/4457 3663/3761/4446 3664/3767/4471
f 3711/3735/4458 3650/3734/4444 3660/3760/4443
f 3666/3771/4460 3711/3735/4458 3514/3770/4459
f 3651/3737/4462 3694/3775/4465 3515/3773/4463
f 3515/3773/4463 3666/3771/4460 3510/3772/4461
f 3666/3771/4466 3694/3775/4467 3725/3717/4392
f 3694/3775/4467 3651/3737/4414 3644/3718/4393
f 3747/3777/4469 3669/3776/4468 3659/3798/4522
f 3673/3768/4455 3670/13/4523 3669/3776/4468
f 3663/3761/4446 3661/3762/4447 3662/3764/4449
f 3664/3767/4471 3671/3778/4470 3672/3779/4472
f 3673/3768/4524 3674/11/4524 3670/13/4524
f 3673/3768/4477 3672/3779/4525 3675/14/4478
f 3672/3779/4525 3671/3778/4526 3675/14/4478
f 3675/14/4527 3662/3764/4528 3516/3787/4492
f 3668/3781/4481 3721/3738/4484 3546/3782/4482
f 3721/3738/4484 3651/3737/4462 3667/3774/4464
f 3733/3784/4485 3505/3786/4488 3678/3785/4486
f 3668/3781/4481 3511/3783/4483 3505/3786/4488
f 3675/14/4527 3516/3787/4492 3503/15/4529
f 3516/3787/4492 3679/3766/4491 3513/3791/4499
f 3662/3764/4528 3775/3763/4490 3516/3787/4492
f 3668/3781/4493 3733/3784/4494 3692/3721/4396
f 3733/3784/4494 3677/3741/4418 3646/3722/4397
f 3767/3788/4495 3679/3766/4451 3749/3765/4450
f 3652/3739/4416 3749/3765/4450 3636/3743/4420
f 3767/3788/4496 3680/3742/4502 3681/3789/4497
f 3679/3766/4491 3767/3788/4496 3512/3790/4498
f 3777/3793/4501 3506/3792/4500 3680/3742/4502
f 3677/3741/4487 3678/3785/4486 3506/3792/4500
f 3930/3799/4530 3914/3800/4531 3780/3801/4532
f 3888/3802/4533 3781/3803/4534 3956/3804/4535
f 3784/3805/4536 3782/3806/4537 3783/3807/4538
f 3817/3808/4539 3946/3809/4540 3892/3810/4541
f 3917/3811/4542 3788/3812/4543 3933/3813/4544
f 3789/3814/4545 3933/3813/4544 3788/3812/4543
f 3958/3815/4546 3790/3816/4547 3933/3813/4544
f 3792/3817/4548 3902/3818/4549 3791/3819/4550
f 3902/3818/4549 3786/3820/4551 3791/3819/4550
f 3787/3821/4552 3903/3822/4553 3918/3823/4554
f 3903/3822/4553 3793/3824/4555 3904/3825/4556
f 3918/3823/4554 3904/3825/4556 3794/3826/4557
f 3917/3811/4542 3796/3827/4558 3788/3812/4543
f 3787/3821/4552 3995/3828/4559 3917/3811/4542
f 3787/3821/4552 3971/3829/4560 3995/3828/4559
f 3797/3830/4561 3968/3831/4562 3960/3832/4563
f 3960/3832/4563 3855/3833/4564 3799/3834/4565
f 3994/3835/4566 3799/3834/4565 3855/3833/4564
f 3871/3836/4567 3905/3837/4568 3994/3835/4566
f 3798/3838/4569 3920/3839/4570 3968/3831/4562
f 3798/3838/4569 3961/3840/4571 3969/3841/4572
f 3969/3841/4572 3801/3842/4573 3802/3843/4574
f 3799/3834/4565 3980/3844/4575 3960/3832/4563
f 3980/3844/4575 3804/3845/4576 3797/3830/4561
f 3906/3846/4577 3907/3847/4578 3805/3848/4579
f 3806/3849/4580 3935/3850/4581 3906/3846/4577
f 3935/3850/4581 3807/3851/4582 3907/3847/4578
f 3919/3852/4583 3962/3853/4584 3808/3854/4585
f 3806/3849/4580 3906/3846/4577 3919/3852/4583
f 3906/3846/4577 3809/3855/4586 3962/3853/4584
f 3806/3849/4580 3919/3852/4583 3936/3856/4587
f 3936/3856/4587 3808/3854/4585 3810/3857/4588
f 3807/3851/4582 3996/3858/4589 3907/3847/4578
f 3947/3859/4590 3795/3860/4591 3996/3858/4589
f 3996/3858/4589 3795/3860/4591 3934/3861/4592
f 3907/3847/4578 3934/3861/4592 3805/3848/4579
f 3806/3849/4580 3908/3862/4593 3935/3850/4581
f 3908/3862/4593 3858/3863/4594 3807/3851/4582
f 3981/3864/4595 3813/3865/4596 3926/3866/4597
f 3815/3867/4598 3926/3866/4597 3778/3868/4599
f 3985/3869/4600 3992/3870/4601 3881/3871/4602
f 3985/3869/4603 3778/3868/4604 3926/3866/4605
f 3985/3869/4603 3813/3865/4606 3992/3870/4607
f 3893/3872/4608 3818/3873/4609 3950/3874/4610
f 3792/3817/4548 3950/3874/4610 3820/3875/4611
f 3786/3820/4551 3909/3876/4612 3903/3822/4553
f 3902/3818/4549 3792/3817/4548 3909/3876/4612
f 3903/3822/4553 3909/3876/4612 3793/3824/4555
f 3937/3877/4613 3780/3801/4532 3949/3878/4614
f 3818/3873/4609 3949/3878/4614 3819/3879/4615
f 3893/3872/4608 3791/3819/4550 3959/3880/4616
f 3818/3873/4609 3959/3880/4616 3816/3881/4617
f 3822/3882/4618 3971/3829/4560 3894/3883/4619
f 3971/3829/4560 3811/3884/4620 3894/3883/4619
f 3951/3885/4621 3796/3827/4558 3822/3882/4618
f 3822/3882/4618 3894/3883/4619 3957/3886/4622
f 3894/3883/4619 3823/3887/4623 3957/3886/4622
f 3825/3888/4624 3821/3889/4625 3866/3890/4626
f 3875/3891/4627 3991/3892/4628 3874/3893/4629
f 3824/3894/4630 3991/3892/4631 3986/3895/4632
f 3824/3894/4633 3963/3896/4634 3821/3889/4625
f 3824/3894/4633 3789/3814/4545 3963/3896/4634
f 3827/3897/4635 3958/3815/4546 3789/3814/4545
f 3827/3897/4635 3790/3816/4547 3958/3815/4546
f 3827/3897/4636 3986/3895/4637 3988/3898/4638
f 3878/3899/4639 3986/3895/4640 3876/3900/4641
f 3938/3901/4642 3934/3861/4592 3795/3860/4591
f 3829/3902/4643 3997/3903/4644 3938/3901/4642
f 3972/3904/4645 3805/3848/4579 3997/3903/4644
f 3997/3903/4644 3805/3848/4579 3934/3861/4592
f 3921/3905/4646 3938/3901/4642 3918/3823/4554
f 3918/3823/4554 3795/3860/4591 3787/3821/4552
f 3922/3906/4647 3781/3803/4534 3784/3805/4648
f 3832/3907/4649 3897/3908/4650 3922/3906/4647
f 3973/3909/4651 3830/3910/4652 3832/3907/4649
f 3851/3911/4653 3964/3912/4654 3973/3909/4651
f 3897/3908/4650 3834/3913/4655 3781/3803/4534
f 3830/3910/4652 3913/3914/4656 3897/3908/4650
f 3900/3915/4657 3831/3916/4658 3851/3911/4653
f 3849/3917/4659 3884/3918/4660 3900/3915/4657
f 3835/3919/4661 3984/3920/4662 3976/3921/4663
f 3976/3921/4663 3836/3922/4664 3842/3923/4665
f 3884/3918/4660 3838/3924/4666 3831/3916/4658
f 3835/3919/4661 3911/3925/4667 3884/3918/4660
f 3842/3923/4665 3975/3926/4668 3939/3927/4669
f 3975/3926/4668 3802/3843/4574 3801/3842/4573
f 3836/3922/4664 3940/3928/4670 3975/3926/4668
f 3940/3928/4670 3840/3929/4671 3802/3843/4574
f 3801/3842/4573 3965/3930/4672 3939/3927/4669
f 3993/3931/4673 3882/3932/4674 3845/3933/4675
f 3843/3934/4676 3955/3935/4677 3993/3931/4673
f 3955/3935/4677 3844/3936/4678 3882/3932/4674
f 3800/3937/4679 3882/3932/4674 3844/3936/4678
f 3905/3837/4568 3845/3933/4675 3882/3932/4674
f 3810/3857/4588 3978/3938/4680 3936/3856/4587
f 3936/3856/4587 3812/3939/4681 3806/3849/4580
f 3846/3940/4682 3955/3935/4677 3941/3941/4683
f 3941/3941/4683 3810/3857/4588 3808/3854/4585
f 3844/3936/4678 3924/3942/4684 3800/3937/4679
f 3846/3940/4682 3952/3943/4685 3924/3942/4684
f 3800/3937/4679 3890/3944/4686 3799/3834/4565
f 3924/3942/4684 3953/3945/4687 3890/3944/4686
f 3797/3830/4561 3896/3946/4688 3961/3840/4571
f 3961/3840/4571 3841/3947/4689 3801/3842/4573
f 3842/3923/4665 3912/3948/4690 3976/3921/4663
f 3912/3948/4690 3837/3949/4691 3835/3919/4661
f 3964/3912/4654 3833/3950/4692 3830/3910/4652
f 3831/3916/4658 3915/3951/4693 3964/3912/4654
f 3956/3804/4535 3834/3913/4655 3974/3952/4694
f 3970/3953/4695 3778/3868/4599 3895/3954/4696
f 3898/3955/4697 3815/3867/4598 3970/3953/4695
f 3959/3880/4616 3814/3956/4698 3948/3957/4699
f 3816/3881/4617 3948/3957/4699 3813/3865/4596
f 3791/3819/4550 3790/3816/4547 3814/3956/4698
f 3895/3954/4700 3817/3808/4701 3892/3810/4702
f 3992/3870/4607 3814/3956/4703 3977/3958/4704
f 3881/3871/4602 3977/3958/4705 3848/3959/4706
f 3977/3958/4705 3828/3960/4707 3988/3898/4638
f 3848/3959/4706 3988/3898/4638 3878/3899/4639
f 3839/3961/4708 3984/3920/4709 3883/3962/4710
f 3883/3962/4710 3849/3917/4711 3850/3963/4712
f 3840/3929/4713 3940/3928/4714 3899/3964/4715
f 3850/3963/4712 3900/3915/4716 3852/3965/4717
f 3850/3963/4712 3901/3966/4718 3883/3962/4710
f 3883/3962/4710 4005/3967/4719 3839/3961/4708
f 3987/3968/4720 3857/3969/4721 3854/3970/4722
f 3987/3968/4720 3856/3971/4723 3998/3972/4724
f 3928/3973/4725 3858/3863/4726 3885/3974/4727
f 3812/3939/4681 3927/3975/4728 3908/3862/4593
f 3927/3975/4729 3862/3976/4730 3916/3977/4731
f 3858/3863/4726 3916/3977/4731 3863/3978/4732
f 3832/3907/4733 3990/3979/4734 3872/3980/4735
f 3922/3906/4736 3783/3807/4538 3990/3979/4734
f 3851/3911/4737 3925/3981/4738 3852/3965/4717
f 3957/3886/4739 3860/3982/4740 3967/3983/4741
f 3822/3882/4618 3957/3886/4622 3864/3984/4742
f 3967/3983/4741 3867/3985/4743 4000/3986/4744
f 3967/3983/4741 3868/3987/4745 3864/3984/4746
f 3845/3933/4747 3931/3988/4748 3869/3989/4749
f 3871/3836/4750 3931/3988/4748 3923/3990/4751
f 3991/3892/4752 3866/3890/4753 3865/3991/4754
f 3851/3911/4653 3973/3909/4651 3925/3981/4755
f 3984/3920/4662 3839/3961/4756 3836/3922/4664
f 3854/3970/4757 3969/3841/4572 3987/3968/4758
f 3987/3968/4758 3802/3843/4574 3840/3929/4671
f 3871/3836/4567 3923/3990/4759 3845/3933/4675
f 3843/3934/4676 3942/3992/4760 3978/3938/4680
f 3978/3938/4680 3859/3993/4761 3812/3939/4681
f 3928/3973/4762 3807/3851/4582 3858/3863/4594
f 3928/3973/4762 3811/3884/4620 3947/3859/4590
f 3982/3994/4763 3822/3882/4618 3864/3984/4742
f 3866/3890/4626 3910/3995/4764 3982/3994/4763
f 3826/3996/4765 3951/3885/4621 3910/3995/4764
f 3874/3893/4629 3991/3892/4628 3870/3997/4766
f 3937/3877/4613 3816/3881/4617 3981/3864/4595
f 3779/3998/4767 3981/3864/4595 3815/3867/4598
f 3963/3896/4634 3788/3812/4543 3951/3885/4621
f 3951/3885/4621 3788/3812/4543 3796/3827/4558
f 3876/3900/4641 3986/3895/4640 3875/3891/4627
f 3783/3807/4538 4003/3999/4768 4004/4000/4769
f 3925/3981/4738 3872/3980/4735 3889/4001/4770
f 3852/3965/4717 3889/4001/4770 4006/4002/4771
f 3852/3965/4717 3853/4003/4772 3850/3963/4712
f 3840/3929/4713 3899/3964/4715 3856/3971/4723
f 3899/3964/4715 4005/3967/4719 3891/4004/4773
f 3920/3839/4774 3943/4005/4775 3855/3833/4776
f 3854/3970/4722 3979/4006/4777 3920/3839/4774
f 3994/3835/4778 3886/4007/4779 3871/3836/4750
f 3855/3833/4776 3932/4008/4780 3994/3835/4778
f 3861/4009/4781 3999/4010/4782 3983/4011/4783
f 3993/3931/4784 3869/3989/4749 3999/4010/4782
f 3859/3993/4785 3989/4012/4786 3862/3976/4730
f 3942/3992/4787 3983/4011/4783 3989/4012/4786
f 3885/3974/4727 3863/3978/4732 3929/4013/4788
f 3860/3982/4789 3929/4013/4788 3867/3985/4790
f 3864/3984/4746 3954/4014/4791 3982/3994/4792
f 3982/3994/4792 3966/4015/4793 3865/3991/4754
f 3865/3991/4754 3966/4015/4793 3870/3997/4794
f 3870/3997/4766 3873/4016/4795 3874/3893/4629
f 3874/3893/4629 4001/4017/4796 3875/3891/4627
f 3875/3891/4627 3877/4018/4797 3876/3900/4641
f 3876/3900/4641 3887/4019/4798 3878/3899/4639
f 3878/3899/4639 3879/4020/4799 3848/3959/4706
f 3848/3959/4706 3944/4021/4800 3881/3871/4602
f 3881/3871/4602 4002/4022/4801 3985/3869/4600
f 3985/3869/4600 3785/4023/4802 3817/3808/4539
f 3779/3998/4767 3898/3955/4697 3930/3799/4530
f 3888/3802/4533 3784/3805/4648 3781/3803/4534
f 3784/3805/4536 3888/3802/4803 3782/3806/4537
f 3817/3808/4539 3785/4023/4802 3946/3809/4540
f 3786/3820/4551 3787/3821/4552 3917/3811/4542
f 3786/3820/4551 3917/3811/4542 3933/3813/4544
f 3789/3814/4545 3958/3815/4546 3933/3813/4544
f 3933/3813/4544 3790/3816/4547 3786/3820/4551
f 3787/3821/4552 3786/3820/4551 3903/3822/4553
f 3918/3823/4554 3903/3822/4553 3904/3825/4556
f 3917/3811/4542 3995/3828/4559 3796/3827/4558
f 3787/3821/4552 3795/3860/4591 3971/3829/4560
f 3995/3828/4559 3971/3829/4560 3796/3827/4558
f 3797/3830/4561 3798/3838/4569 3968/3831/4562
f 3960/3832/4563 3968/3831/4562 3855/3833/4564
f 3994/3835/4566 3905/3837/4568 3799/3834/4565
f 3905/3837/4568 3800/3937/4679 3799/3834/4565
f 3798/3838/4569 3854/3970/4757 3920/3839/4570
f 3968/3831/4562 3920/3839/4570 3855/3833/4564
f 3798/3838/4569 3797/3830/4561 3961/3840/4571
f 3969/3841/4572 3961/3840/4571 3801/3842/4573
f 3960/3832/4563 3980/3844/4575 3797/3830/4561
f 3799/3834/4565 3890/3944/4686 3980/3844/4575
f 3890/3944/4686 3803/4024/4804 3980/3844/4575
f 3906/3846/4577 3935/3850/4581 3907/3847/4578
f 3919/3852/4583 3906/3846/4577 3962/3853/4584
f 3906/3846/4577 3805/3848/4579 3809/3855/4586
f 3936/3856/4587 3919/3852/4583 3808/3854/4585
f 3807/3851/4582 3947/3859/4590 3996/3858/4589
f 3947/3859/4590 3811/3884/4620 3795/3860/4591
f 3907/3847/4578 3996/3858/4589 3934/3861/4592
f 3935/3850/4581 3908/3862/4593 3807/3851/4582
f 3806/3849/4580 3812/3939/4681 3908/3862/4593
f 3981/3864/4595 3816/3881/4617 3813/3865/4596
f 3815/3867/4598 3981/3864/4595 3926/3866/4597
f 3985/3869/4603 3817/3808/4701 3778/3868/4604
f 3985/3869/4603 3926/3866/4605 3813/3865/4606
f 3792/3817/4548 3893/3872/4608 3950/3874/4610
f 3950/3874/4610 3818/3873/4609 3819/3879/4615
f 3786/3820/4551 3902/3818/4549 3909/3876/4612
f 3909/3876/4612 3792/3817/4548 3820/3875/4611
f 3937/3877/4613 3779/3998/4767 3930/3799/4530
f 3937/3877/4613 3930/3799/4530 3780/3801/4532
f 3818/3873/4609 3937/3877/4613 3949/3878/4614
f 3893/3872/4608 3792/3817/4548 3791/3819/4550
f 3818/3873/4609 3893/3872/4608 3959/3880/4616
f 3822/3882/4618 3796/3827/4558 3971/3829/4560
f 3971/3829/4560 3795/3860/4591 3811/3884/4620
f 3826/3996/4765 3821/3889/4625 3951/3885/4621
f 3894/3883/4619 3811/3884/4620 3823/3887/4623
f 3825/3888/4624 3824/3894/4633 3821/3889/4625
f 3866/3890/4626 3821/3889/4625 3826/3996/4765
f 3875/3891/4627 3986/3895/4640 3991/3892/4628
f 3824/3894/4630 3825/3888/4805 3991/3892/4631
f 3824/3894/4633 3827/3897/4635 3789/3814/4545
f 3827/3897/4635 3828/3960/4806 3790/3816/4547
f 3828/3960/4707 3827/3897/4636 3988/3898/4638
f 3878/3899/4639 3988/3898/4638 3986/3895/4640
f 3814/3956/4698 3790/3816/4547 3828/3960/4806
f 3938/3901/4642 3997/3903/4644 3934/3861/4592
f 3829/3902/4643 3972/3904/4645 3997/3903/4644
f 3972/3904/4645 3809/3855/4586 3805/3848/4579
f 3794/3826/4557 3921/3905/4646 3918/3823/4554
f 3921/3905/4646 3829/3902/4643 3938/3901/4642
f 3918/3823/4554 3938/3901/4642 3795/3860/4591
f 3922/3906/4647 3897/3908/4650 3781/3803/4534
f 3832/3907/4649 3830/3910/4652 3897/3908/4650
f 3973/3909/4651 3964/3912/4654 3830/3910/4652
f 3851/3911/4653 3831/3916/4658 3964/3912/4654
f 3897/3908/4650 3913/3914/4656 3834/3913/4655
f 3830/3910/4652 3833/3950/4692 3913/3914/4656
f 3900/3915/4657 3884/3918/4660 3831/3916/4658
f 3849/3917/4659 3835/3919/4661 3884/3918/4660
f 3835/3919/4661 3849/3917/4659 3984/3920/4662
f 3976/3921/4663 3984/3920/4662 3836/3922/4664
f 3884/3918/4660 3911/3925/4667 3838/3924/4666
f 3835/3919/4661 3837/3949/4691 3911/3925/4667
f 3842/3923/4665 3836/3922/4664 3975/3926/4668
f 3939/3927/4669 3975/3926/4668 3801/3842/4573
f 3836/3922/4664 3839/3961/4756 3940/3928/4670
f 3975/3926/4668 3940/3928/4670 3802/3843/4574
f 3801/3842/4573 3841/3947/4689 3965/3930/4672
f 3939/3927/4669 3965/3930/4672 3842/3923/4665
f 3993/3931/4673 3955/3935/4677 3882/3932/4674
f 3843/3934/4676 3810/3857/4588 3955/3935/4677
f 3800/3937/4679 3905/3837/4568 3882/3932/4674
f 3905/3837/4568 3871/3836/4567 3845/3933/4675
f 3861/4009/4807 3843/3934/4676 3993/3931/4673
f 3810/3857/4588 3843/3934/4676 3978/3938/4680
f 3936/3856/4587 3978/3938/4680 3812/3939/4681
f 3846/3940/4682 3844/3936/4678 3955/3935/4677
f 3941/3941/4683 3955/3935/4677 3810/3857/4588
f 3844/3936/4678 3846/3940/4682 3924/3942/4684
f 3924/3942/4684 3952/3943/4685 3847/4025/4808
f 3800/3937/4679 3924/3942/4684 3890/3944/4686
f 3924/3942/4684 3847/4025/4808 3953/3945/4687
f 3890/3944/4686 3953/3945/4687 3803/4024/4804
f 3797/3830/4561 3804/3845/4576 3896/3946/4688
f 3961/3840/4571 3896/3946/4688 3841/3947/4689
f 3976/3921/4663 3912/3948/4690 3835/3919/4661
f 3964/3912/4654 3915/3951/4693 3833/3950/4692
f 3831/3916/4658 3838/3924/4666 3915/3951/4693
f 3956/3804/4535 3781/3803/4534 3834/3913/4655
f 3970/3953/4695 3815/3867/4598 3778/3868/4599
f 3898/3955/4697 3779/3998/4767 3815/3867/4598
f 3959/3880/4616 3791/3819/4550 3814/3956/4698
f 3816/3881/4617 3959/3880/4616 3948/3957/4699
f 3791/3819/4550 3786/3820/4551 3790/3816/4547
f 3895/3954/4700 3778/3868/4604 3817/3808/4701
f 3992/3870/4607 3813/3865/4606 3948/3957/4809
f 3992/3870/4607 3948/3957/4809 3814/3956/4703
f 3881/3871/4602 3992/3870/4601 3977/3958/4705
f 3977/3958/4810 3814/3956/4810 3828/3960/4810
f 3848/3959/4706 3977/3958/4705 3988/3898/4638
f 3883/3962/4710 3984/3920/4709 3849/3917/4711
f 3899/3964/4715 3940/3928/4714 3839/3961/4708
f 3850/3963/4712 3849/3917/4711 3900/3915/4716
f 3852/3965/4717 3900/3915/4716 3851/3911/4737
f 3850/3963/4712 3853/4003/4772 3901/3966/4718
f 3883/3962/4710 3901/3966/4718 4005/3967/4719
f 3987/3968/4720 3998/3972/4724 3857/3969/4721
f 3987/3968/4720 3840/3929/4713 3856/3971/4723
f 3860/3982/4789 3928/3973/4725 3885/3974/4727
f 3812/3939/4681 3859/3993/4761 3927/3975/4728
f 3908/3862/4593 3927/3975/4728 3858/3863/4594
f 3927/3975/4729 3859/3993/4785 3862/3976/4730
f 3858/3863/4726 3927/3975/4729 3916/3977/4731
f 3922/3906/4736 3784/3805/4536 3783/3807/4538
f 3832/3907/4733 3922/3906/4736 3990/3979/4734
f 3990/3979/4734 3783/3807/4538 4004/4000/4769
f 3864/3984/4746 3957/3886/4739 3967/3983/4741
f 3865/3991/4754 3866/3890/4753 3982/3994/4792
f 3957/3886/4622 3823/3887/4623 3860/3982/4811
f 3967/3983/4741 3860/3982/4740 3867/3985/4743
f 3967/3983/4741 4000/3986/4744 3868/3987/4745
f 3845/3933/4747 3923/3990/4751 3931/3988/4748
f 3871/3836/4750 3886/4007/4779 3931/3988/4748
f 3870/3997/4794 3991/3892/4752 3865/3991/4754
f 3991/3892/4752 3825/3888/4812 3866/3890/4753
f 3925/3981/4755 3973/3909/4651 3832/3907/4649
f 3854/3970/4757 3798/3838/4569 3969/3841/4572
f 3987/3968/4758 3969/3841/4572 3802/3843/4574
f 3843/3934/4676 3861/4009/4807 3942/3992/4760
f 3978/3938/4680 3942/3992/4760 3859/3993/4761
f 3928/3973/4762 3860/3982/4811 3823/3887/4623
f 3928/3973/4762 3947/3859/4590 3807/3851/4582
f 3928/3973/4762 3823/3887/4623 3811/3884/4620
f 3982/3994/4763 3910/3995/4764 3822/3882/4618
f 3866/3890/4626 3826/3996/4765 3910/3995/4764
f 3910/3995/4764 3951/3885/4621 3822/3882/4618
f 3937/3877/4613 3818/3873/4609 3816/3881/4617
f 3779/3998/4767 3937/3877/4613 3981/3864/4595
f 3821/3889/4625 3963/3896/4634 3951/3885/4621
f 3963/3896/4634 3789/3814/4545 3788/3812/4543
f 3827/3897/4813 3824/3894/4630 3986/3895/4632
f 3783/3807/4538 3782/3806/4537 4003/3999/4768
f 3852/3965/4717 3925/3981/4738 3889/4001/4770
f 3925/3981/4738 3832/3907/4733 3872/3980/4735
f 3852/3965/4717 4006/4002/4771 3945/4026/4814
f 3852/3965/4717 3945/4026/4814 3853/4003/4772
f 3899/3964/4715 3839/3961/4708 4005/3967/4719
f 3856/3971/4723 3899/3964/4715 3891/4004/4773
f 3920/3839/4774 3979/4006/4777 3943/4005/4775
f 3854/3970/4722 3857/3969/4721 3979/4006/4777
f 3994/3835/4778 3932/4008/4780 3886/4007/4779
f 3855/3833/4776 3943/4005/4775 3932/4008/4780
f 3861/4009/4781 3993/3931/4784 3999/4010/4782
f 3993/3931/4784 3845/3933/4747 3869/3989/4749
f 3859/3993/4785 3942/3992/4787 3989/4012/4786
f 3942/3992/4787 3861/4009/4781 3983/4011/4783
f 3885/3974/4727 3858/3863/4726 3863/3978/4732
f 3860/3982/4789 3885/3974/4727 3929/4013/4788
f 3864/3984/4746 3868/3987/4745 3954/4014/4791
f 3982/3994/4792 3954/4014/4791 3966/4015/4793
f 3870/3997/4766 3966/4015/4815 3873/4016/4795
f 3874/3893/4629 3873/4016/4795 4001/4017/4796
f 3875/3891/4627 4001/4017/4796 3877/4018/4797
f 3876/3900/4641 3877/4018/4797 3887/4019/4798
f 3878/3899/4639 3887/4019/4798 3879/4020/4799
f 3848/3959/4706 3879/4020/4799 3880/4027/4816
f 3848/3959/4706 3880/4027/4816 3944/4021/4800
f 3881/3871/4602 3944/4021/4800 4007/4028/4817
f 3881/3871/4602 4007/4028/4817 4002/4022/4801
f 3985/3869/4600 4002/4022/4801 3785/4023/4802
f 4308/4029/4818 4008/4030/4819 4009/4031/4820
f 4371/4032/4821 4010/4033/4822 4054/4034/4823
f 4579/4035/4824 4011/4036/4825 4436/4037/4826
f 4312/4038/4827 4436/4037/4826 4012/4039/4828
f 4024/4040/4829 4576/4041/4830 4013/4042/4831
f 4580/4043/4832 4015/4044/4833 4545/4045/4834
f 4580/4043/4835 4223/4046/4836 4486/4047/4837
f 4372/4048/4838 4016/4049/4839 4017/4050/4840
f 4018/4051/4841 4330/4052/4842 4581/4053/4843
f 4581/4053/4843 4019/4054/4844 4512/4055/4845
f 4391/4056/4846 4017/4050/4847 4020/4057/4848
f 4023/4058/4849 4376/4059/4850 4377/4060/4851
f 4378/4061/4852 4666/4062/4853 4376/4059/4850
f 4540/4063/4854 4025/4064/4855 4026/4065/4856
f 4520/4066/4857 4027/4067/4858 4028/4068/4859
f 4029/4069/4860 4302/4070/4861 4032/4071/4862
f 4541/4072/4863 4030/4073/4864 4302/4070/4861
f 4332/4074/4865 4034/4075/4866 4029/4069/4860
f 4303/4076/4867 4368/4077/4868 4035/4078/4869
f 4032/4071/4862 4368/4077/4868 4303/4076/4867
f 4368/4077/4868 4031/4079/4870 4036/4080/4871
f 4031/4079/4870 4521/4081/4872 4304/4082/4873
f 4304/4082/4873 4037/4083/4874 4046/4084/4875
f 4038/4085/4876 4541/4072/4863 4029/4069/4860
f 4038/4085/4876 4431/4086/4877 4541/4072/4863
f 4431/4086/4877 4039/4087/4878 4541/4072/4863
f 4040/4088/4879 4582/4089/4880 4469/4090/4881
f 4369/4091/4882 4368/4077/4868 4582/4089/4880
f 4469/4090/4881 4036/4080/4871 4041/4092/4883
f 4042/4093/4884 4583/4094/4885 4506/4095/4886
f 4395/4096/4887 4469/4090/4881 4583/4094/4885
f 4469/4090/4881 4446/4097/4888 4583/4094/4885
f 4583/4094/4885 4043/4098/4889 4506/4095/4886
f 4044/4099/4890 4369/4091/4882 4040/4088/4879
f 4369/4091/4882 4045/4100/4891 4035/4078/4869
f 4041/4092/4883 4353/4101/4892 4448/4102/4893
f 4353/4101/4892 4046/4084/4875 4047/4103/4894
f 4321/4104/4895 4049/4105/4896 4048/4106/4897
f 4054/4034/4823 4343/4107/4898 4321/4104/4895
f 4048/4106/4897 4051/4108/4899 4050/4109/4900
f 4052/4110/4901 4343/4107/4898 4305/4111/4902
f 4305/4111/4902 4010/4033/4822 4014/4112/4903
f 4054/4034/4823 4321/4104/4895 4384/4113/4904
f 4321/4104/4895 4048/4106/4897 4053/4114/4905
f 4038/4085/4876 4584/4115/4906 4431/4086/4877
f 4402/4116/4907 4436/4037/4826 4584/4115/4906
f 4436/4037/4826 4488/4117/4908 4584/4115/4906
f 4584/4115/4906 4039/4087/4878 4431/4086/4877
f 4432/4118/4909 4402/4116/4907 4038/4085/4876
f 4055/4119/4910 4585/4120/4911 4432/4118/4909
f 4056/4121/4912 4450/4122/4913 4585/4120/4911
f 4585/4120/4911 4012/4039/4828 4402/4116/4907
f 4488/4117/4908 4414/4123/4914 4039/4087/4878
f 4011/4036/4825 4471/4124/4915 4488/4117/4908
f 4471/4124/4915 4058/4125/4916 4414/4123/4914
f 4285/4126/4917 4449/4127/4918 4059/4128/4919
f 4285/4126/4917 4543/4129/4920 4586/4130/4921
f 4586/4130/4921 4061/4131/4922 4490/4132/4923
f 4449/4127/4918 4490/4132/4923 4062/4133/4924
f 4059/4128/4919 4587/4134/4925 4525/4135/4926
f 4449/4127/4918 4306/4136/4927 4587/4134/4925
f 4587/4134/4925 4063/4137/4928 4323/4138/4929
f 4525/4135/4926 4323/4138/4929 4064/4139/4930
f 4060/4140/4931 4065/4141/4932 4066/4142/4933
f 4060/4140/4931 4331/4143/4934 4543/4129/4920
f 4490/4132/4923 4309/4144/4935 4062/4133/4924
f 4061/4131/4922 4588/4145/4936 4490/4132/4923
f 4491/4146/4937 4355/4147/4938 4588/4145/4936
f 4588/4145/4936 4069/4148/4939 4309/4144/4935
f 4067/4149/4940 4451/4150/4941 4331/4143/4934
f 4331/4143/4934 4071/4151/4942 4061/4131/4922
f 4070/4152/4943 4417/4153/4944 4072/4154/4945
f 4067/4149/4940 4073/4155/4946 4417/4153/4944
f 4071/4151/4942 4491/4146/4937 4061/4131/4922
f 4408/4156/4947 4068/4157/4948 4491/4146/4937
f 4070/4152/4943 4493/4158/4949 4451/4150/4941
f 4451/4150/4941 4076/4159/4950 4071/4151/4942
f 4075/4160/4951 4507/4161/4952 4493/4158/4949
f 4493/4158/4949 4077/4162/4953 4076/4159/4950
f 4076/4159/4950 4589/4163/4954 4447/4164/4955
f 4077/4162/4953 4325/4165/4956 4589/4163/4954
f 4589/4163/4954 4078/4166/4957 4286/4167/4958
f 4589/4163/4954 4079/4168/4959 4447/4164/4955
f 4028/4068/4859 4027/4067/4858 4080/4169/4960
f 4337/4170/4961 4507/4161/4952 4590/4171/4962
f 4590/4171/4962 4027/4067/4858 4383/4172/4963
f 4387/4173/4964 4340/4174/4965 4081/4175/4966
f 4082/4176/4967 4591/4177/4968 4387/4173/4964
f 4338/4178/4969 4357/4179/4970 4591/4177/4968
f 4591/4177/4968 4084/4180/4971 4340/4174/4965
f 4081/4175/4966 4592/4181/4972 4387/4173/4964
f 4509/4182/4973 4506/4095/4886 4592/4181/4972
f 4592/4181/4972 4043/4098/4889 4527/4183/4974
f 4387/4173/4964 4527/4183/4974 4082/4176/4967
f 4340/4174/4965 4389/4184/4975 4081/4175/4966
f 4340/4174/4965 4434/4185/4976 4593/4186/4977
f 4434/4185/4976 4453/4187/4978 4593/4186/4977
f 4389/4184/4975 4453/4187/4978 4086/4188/4979
f 4339/4189/4980 4338/4178/4969 4082/4176/4967
f 4087/4190/4981 4594/4191/4982 4339/4189/4980
f 4419/4192/4983 4358/4193/4984 4594/4191/4982
f 4594/4191/4982 4083/4194/4985 4338/4178/4969
f 4357/4179/4970 4090/4195/4986 4084/4180/4971
f 4083/4194/4985 4528/4196/4987 4357/4179/4970
f 4311/4197/4988 4327/4198/4989 4495/4199/4990
f 4539/4200/4991 4323/4138/4929 4063/4137/4928
f 4539/4200/4991 4327/4198/4989 4595/4201/4992
f 4595/4201/4992 4092/4202/4993 4513/4203/4994
f 4595/4201/4992 4064/4139/4930 4323/4138/4929
f 4094/4204/4995 4596/4205/4996 4409/4206/4997
f 4399/4207/4998 4380/4208/4999 4596/4205/4996
f 4596/4205/4996 4092/4202/4993 4311/4197/4988
f 4409/4206/4997 4311/4197/4988 4091/4209/5000
f 4095/4210/5001 4495/4199/4990 4443/4211/5002
f 4443/4211/5002 4093/4212/5003 4200/4213/5004
f 4495/4199/4990 4410/4214/5005 4096/4215/5006
f 4091/4209/5000 4096/4215/5006 4097/4216/5007
f 4098/4217/5008 4597/4218/5009 4363/4219/5010
f 4435/4220/5011 4456/4221/5012 4597/4218/5009
f 4597/4218/5009 4100/4222/5013 4403/4223/5014
f 4363/4219/5010 4403/4223/5014 4101/4224/5015
f 4458/4225/5016 4511/4226/5017 4102/4227/5018
f 4099/4228/5019 4598/4229/5020 4458/4225/5016
f 4435/4220/5011 4437/4230/5021 4598/4229/5020
f 4598/4229/5020 4103/4231/5022 4511/4226/5017
f 4104/4232/5023 4599/4233/5024 4473/4234/5025
f 4438/4235/5026 4363/4219/5010 4599/4233/5024
f 4599/4233/5024 4101/4224/5015 4422/4236/5027
f 4473/4234/5025 4422/4236/5027 4105/4237/5028
f 4456/4221/5012 4405/4238/5029 4100/4222/5013
f 4456/4221/5012 4459/4239/5030 4405/4238/5029
f 4405/4238/5029 4273/4240/5031 4563/4241/5032
f 4405/4238/5029 4563/4241/5032 4199/4242/5033
f 4101/4224/5015 4600/4243/5034 4423/4244/5035
f 4403/4223/5014 4100/4222/5013 4600/4243/5034
f 4600/4243/5034 4106/4245/5036 4317/4246/5037
f 4423/4244/5035 4317/4246/5037 4107/4247/5038
f 4109/4248/5039 4555/4249/5040 4108/4250/5041
f 4113/4251/5042 4374/4252/5043 4112/4253/5044
f 4392/4254/5045 4108/4250/5041 4601/4255/5046
f 4601/4255/5046 4108/4250/5041 4374/4252/5043
f 4108/4250/5041 4558/4256/5047 4114/4257/5048
f 4117/4258/5049 4119/4259/5050 4116/4260/5051
f 4114/4257/5048 4118/4261/5052 4117/4258/5049
f 4121/4262/5053 4474/4263/5054 4120/4264/5055
f 4497/4265/5056 4116/4260/5051 4474/4263/5054
f 4013/4042/4831 4551/4266/5057 4024/4040/4829
f 4123/4267/5058 4602/4268/5059 4299/4269/5060
f 4393/4270/5061 4342/4271/5062 4602/4268/5059
f 4602/4268/5059 4125/4272/5063 4122/4273/5064
f 4393/4270/5061 4127/4274/5065 4124/4275/5066
f 4289/4276/5067 4290/4277/5068 4107/4247/5038
f 4122/4273/5064 4361/4278/5069 4289/4276/5067
f 4361/4278/5069 4128/4279/5070 4290/4277/5068
f 4299/4269/5060 4406/4280/5071 4123/4267/5058
f 4122/4273/5064 4424/4281/5072 4299/4269/5060
f 4424/4281/5072 4112/4253/5044 4406/4280/5071
f 4125/4272/5063 4129/4282/5073 4130/4283/5074
f 4530/4284/5075 4133/4285/5076 4131/4286/5077
f 4132/4287/5078 4499/4288/5079 4530/4284/5075
f 4445/4289/5080 4439/4290/5081 4530/4284/5075
f 4530/4284/5075 4126/4291/5082 4132/4287/5078
f 4133/4285/5076 4531/4292/5083 4131/4286/5077
f 4531/4292/5083 4134/4293/5084 4135/4294/5085
f 4132/4287/5078 4603/4295/5086 4499/4288/5079
f 4500/4296/5087 4292/4297/5088 4603/4295/5086
f 4603/4295/5086 4137/4298/5089 4315/4299/5090
f 4499/4288/5079 4315/4299/5090 4133/4285/5076
f 4132/4287/5078 4291/4300/5091 4282/4301/5092
f 4282/4301/5092 4121/4262/5053 4120/4264/5055
f 4089/4302/5093 4604/4303/5094 4529/4304/5095
f 4359/4305/5096 4358/4193/4984 4604/4303/5094
f 4604/4303/5094 4088/4306/5097 4399/4207/4998
f 4529/4304/5095 4399/4207/4998 4094/4204/4995
f 4089/4302/5093 4394/4307/5098 4167/4308/5099
f 4089/4302/5093 4529/4304/5095 4394/4307/5098
f 4394/4307/5098 4094/4204/4995 4293/4309/5100
f 4047/4103/4894 4307/4310/5101 4324/4311/5102
f 4047/4103/4894 4324/4311/5102 4139/4312/5103
f 4324/4311/5102 4059/4128/4919 4532/4313/5104
f 4046/4084/4875 4356/4314/5105 4307/4310/5101
f 4307/4310/5101 4073/4155/4946 4066/4142/4933
f 4046/4084/4875 4335/4315/5106 4356/4314/5105
f 4335/4315/5106 4072/4154/4945 4417/4153/4944
f 4356/4314/5105 4417/4153/4944 4073/4155/4946
f 4037/4083/4874 4508/4316/5107 4335/4315/5106
f 4508/4316/5107 4080/4169/4960 4072/4154/4945
f 4057/4317/5108 4508/4316/5107 4058/4125/4916
f 4489/4318/5109 4080/4169/4960 4508/4316/5107
f 4605/4319/5110 4028/4068/4859 4489/4318/5109
f 4413/4320/5111 4489/4318/5109 4057/4317/5108
f 4140/4321/5112 4130/4283/5074 4129/4282/5073
f 4382/4322/5113 4129/4282/5073 4142/4323/5114
f 4547/4324/5115 4141/4325/5116 4140/4321/5117
f 4130/4283/5074 4461/4326/5118 4515/4327/5119
f 4515/4327/5119 4146/4328/5120 4145/4329/5121
f 4038/4085/4876 4475/4330/5122 4440/4331/5123
f 4475/4330/5122 4134/4293/5084 4440/4331/5123
f 4029/4069/4860 4147/4332/5124 4475/4330/5122
f 4147/4332/5124 4135/4294/5085 4475/4330/5122
f 4038/4085/4876 4606/4333/5125 4432/4118/4909
f 4134/4293/5084 4606/4333/5125 4440/4331/5123
f 4134/4293/5084 4412/4334/5126 4606/4333/5125
f 4432/4118/4909 4412/4334/5126 4055/4119/4910
f 4105/4237/5028 4354/4335/5127 4473/4234/5025
f 4473/4234/5025 4150/4336/5128 4104/4232/5023
f 4149/4337/5129 4607/4338/5130 4354/4335/5127
f 4407/4339/5131 4453/4187/4978 4607/4338/5130
f 4607/4338/5130 4085/4340/5132 4462/4341/5133
f 4354/4335/5127 4462/4341/5133 4150/4336/5128
f 4104/4232/5023 4151/4342/5134 4533/4343/5135
f 4533/4343/5135 4151/4342/5134 4152/4344/5136
f 4476/4345/5137 4128/4279/5070 4145/4329/5121
f 4149/4337/5129 4498/4346/5138 4476/4345/5137
f 4245/4347/5139 4441/4348/5140 4153/4349/5141
f 4554/4350/5142 4156/4351/5143 4441/4348/5140
f 4154/4352/5144 4396/4353/5145 4573/4354/5146
f 4573/4354/5146 4157/4355/5147 4248/4356/5148
f 4518/4357/5149 4159/4358/5150 4571/4359/5151
f 4157/4355/5147 4571/4359/5151 4248/4356/5148
f 4517/4360/5152 4518/4357/5149 4157/4355/5147
f 4102/4227/5018 4511/4226/5017 4517/4360/5152
f 4511/4226/5017 4158/4361/5153 4518/4357/5149
f 4478/4362/5154 4161/4363/5155 4159/4358/5150
f 4548/4364/5156 4222/4365/5157 4333/4366/5158
f 4160/4367/5159 4333/4366/5158 4161/4363/5155
f 4463/4368/5160 4163/4369/5161 4162/4370/5162
f 4344/4371/5163 4253/4372/5164 4465/4373/5165
f 4164/4374/5166 4465/4373/5165 4163/4369/5161
f 4166/4375/5167 4344/4371/5163 4164/4374/5166
f 4479/4376/5168 4165/4377/5169 4344/4371/5163
f 4165/4377/5169 4560/4378/5170 4253/4372/5164
f 4362/4379/5171 4169/4380/5172 4168/4381/5173
f 4556/4382/5174 4259/4383/5175 4169/4380/5172
f 4312/4038/4827 4450/4122/4913 4608/4384/5176
f 4608/4384/5176 4056/4121/4912 4420/4385/5177
f 4420/4385/5177 4385/4386/5178 4609/4387/5179
f 4377/4060/4851 4385/4386/5178 4023/4058/4849
f 4009/4031/4820 4610/4388/5180 4365/4389/5181
f 4008/4030/4819 4346/4390/5182 4610/4388/5180
f 4610/4388/5183 4649/4391/5184 4170/4392/5185
f 4610/4388/5183 4170/4392/5185 4365/4389/5186
f 4171/4393/5187 4365/4389/5186 4170/4392/5185
f 4680/4394/5188 4170/4392/5189 4649/4391/5190
f 4650/4395/5191 4611/4396/5192 4680/4394/5188
f 4287/4397/5193 4552/4398/5194 4611/4396/5192
f 4136/4399/5195 4612/4400/5196 4292/4297/5088
f 4297/4401/5197 4173/4402/5198 4612/4400/5199
f 4612/4400/5199 4173/4402/5198 4381/4403/5200
f 4292/4297/5088 4381/4403/5201 4137/4298/5089
f 4174/4404/5202 4173/4402/5198 4442/4405/5203
f 4442/4405/5203 4172/4406/5204 4347/4407/5205
f 4442/4405/5203 4347/4407/5205 4175/4408/5206
f 4172/4406/5204 4613/4409/5207 4348/4410/5208
f 4297/4401/5209 4298/4411/5210 4613/4409/5211
f 4613/4409/5211 4176/4412/5212 4523/4413/5213
f 4348/4410/5208 4523/4413/5213 4177/4414/5214
f 4137/4298/5089 4334/4415/5215 4375/4416/5216
f 4381/4403/5200 4178/4417/5217 4334/4415/5218
f 4375/4416/5216 4334/4415/5215 4148/4418/5219
f 4370/4419/5220 4574/4420/5221 4243/4421/5222
f 4370/4419/5220 4385/4386/5178 4614/4422/5223
f 4574/4420/5221 4056/4121/4912 4055/4119/4910
f 4243/4421/5224 4615/4423/5225 4565/4424/5226
f 4574/4420/5221 4412/4334/5126 4615/4423/5227
f 4615/4423/5227 4148/4418/5219 4334/4415/5215
f 4565/4424/5226 4334/4415/5218 4178/4417/5217
f 4179/4425/5228 4147/4332/5124 4034/4075/4866
f 4569/4426/5229 4179/4425/5230 4230/4427/5231
f 4033/4428/5232 4537/4429/5233 4034/4075/4866
f 4183/4430/5234 4184/4431/5235 4480/4432/5236
f 4480/4432/5236 4147/4332/5124 4180/4433/5237
f 4044/4099/4890 4185/4434/5238 4542/4435/5239
f 4542/4435/5239 4186/4436/5240 4045/4100/4891
f 4045/4100/4891 4186/4436/5240 4033/4428/5232
f 4188/4437/5241 4481/4438/5242 4187/4439/5243
f 4188/4437/5241 4044/4099/4890 4481/4438/5242
f 4185/4434/5244 4190/4440/5245 4186/4436/5246
f 4565/4424/5226 4552/4398/5194 4243/4421/5247
f 4178/4417/5217 4171/4393/5248 4565/4424/5226
f 4171/4393/5248 4170/4392/5189 4552/4398/5194
f 4173/4402/5198 4283/4441/5249 4178/4417/5217
f 4308/4029/4818 4009/4031/4820 4477/4442/5250
f 4191/4443/5251 4577/4444/5252 4556/4382/5174
f 4202/4445/5253 4410/4214/5005 4095/4210/5001
f 4264/4446/5254 4577/4444/5252 4192/4447/5255
f 4446/4097/4888 4320/4448/5256 4043/4098/4889
f 4041/4092/4883 4616/4449/5257 4446/4097/4888
f 4448/4102/4893 4139/4312/5103 4616/4449/5257
f 4616/4449/5257 4139/4312/5103 4320/4448/5256
f 4082/4176/4967 4617/4450/5258 4339/4189/4980
f 4043/4098/4889 4617/4450/5258 4527/4183/4974
f 4320/4448/5256 4425/4451/5259 4617/4450/5258
f 4339/4189/4980 4425/4451/5259 4087/4190/4981
f 4193/4452/5260 4349/4453/5261 4418/4454/5262
f 4366/4455/5263 4187/4439/5243 4349/4453/5261
f 4418/4454/5262 4349/4453/5261 4194/4456/5264
f 4195/4457/5265 4418/4454/5262 4194/4456/5264
f 4195/4457/5265 4502/4458/5266 4418/4454/5262
f 4366/4455/5267 4198/4459/5268 4188/4437/5269
f 4193/4452/5270 4300/4460/5271 4366/4455/5272
f 4398/4461/5273 4509/4182/4973 4081/4175/4966
f 4194/4456/5264 4618/4462/5274 4398/4461/5273
f 4349/4453/5261 4042/4093/4884 4618/4462/5274
f 4618/4462/5274 4042/4093/4884 4509/4182/4973
f 4111/4463/5275 4110/4464/5276 4466/4465/5277
f 4110/4464/5276 4100/4222/5013 4405/4238/5029
f 4110/4464/5276 4405/4238/5029 4199/4242/5033
f 4443/4211/5002 4202/4445/5253 4095/4210/5001
f 4203/4466/5278 4444/4467/5279 4400/4468/5280
f 4069/4148/4939 4428/4469/5281 4485/4470/5282
f 4485/4470/5282 4204/4471/5283 4203/4466/5278
f 4068/4157/4948 4503/4472/5284 4355/4147/4938
f 4355/4147/4938 4205/4473/5285 4069/4148/4939
f 4207/4474/5286 4428/4469/5281 4483/4475/5287
f 4483/4475/5287 4205/4473/5285 4208/4476/5288
f 4306/4136/4927 4203/4466/5278 4063/4137/4928
f 4062/4133/4924 4619/4477/5289 4306/4136/4927
f 4309/4144/4935 4485/4470/5282 4619/4477/5289
f 4209/4478/5290 4074/4479/5291 4319/4480/5292
f 4319/4480/5292 4074/4479/5291 4210/4481/5293
f 4209/4478/5290 4562/4482/5294 4549/4483/5295
f 4209/4478/5290 4212/4484/5296 4562/4482/5294
f 4549/4483/5295 4562/4482/5294 4267/4485/5297
f 4213/4486/5298 4472/4487/5299 4404/4488/5300
f 4404/4488/5300 4211/4489/5301 4210/4481/5293
f 4319/4480/5292 4214/4490/5302 4209/4478/5290
f 4216/4491/5303 4575/4492/5304 4401/4493/5305
f 4575/4492/5304 4051/4108/4899 4401/4493/5305
f 4215/4494/5306 4217/4495/5307 4429/4496/5308
f 4401/4493/5305 4429/4496/5308 4216/4491/5303
f 4050/4109/4900 4051/4108/4899 4214/4490/5302
f 4215/4494/5306 4322/4497/5309 4052/4110/4901
f 4401/4493/5305 4049/4105/4896 4322/4497/5309
f 4620/4498/5310 4014/4112/4903 4010/4033/4822
f 4479/4376/5168 4085/4340/5132 4434/4185/4976
f 4479/4376/5168 4084/4180/4971 4090/4195/4986
f 4150/4336/5128 4379/4499/5311 4151/4342/5134
f 4462/4341/5133 4166/4375/5167 4379/4499/5311
f 4215/4494/5306 4538/4500/5312 4217/4495/5307
f 4052/4110/4901 4218/4501/5313 4538/4500/5312
f 4014/4112/5314 4553/4502/5315 4305/4111/5316
f 4503/4472/5284 4206/4503/5317 4219/4504/5318
f 4549/4483/5295 4206/4503/5317 4209/4478/5290
f 4566/4505/5319 4206/4503/5317 4549/4483/5295
f 4202/4445/5253 4191/4443/5251 4410/4214/5005
f 4079/4168/4959 4404/4488/5300 4526/4506/5320
f 4526/4506/5320 4210/4481/5293 4074/4479/5291
f 4078/4166/4957 4350/4507/5321 4286/4167/4958
f 4286/4167/4958 4213/4486/5298 4079/4168/4959
f 4071/4151/4942 4447/4164/4955 4408/4156/4947
f 4447/4164/4955 4074/4479/5291 4408/4156/4947
f 4221/4508/5322 4384/4113/4904 4350/4507/5321
f 4350/4507/5321 4053/4114/4905 4213/4486/5298
f 4054/4034/4823 4329/4509/5323 4371/4032/4821
f 4090/4195/4986 4528/4196/4987 4165/4377/5169
f 4528/4196/4987 4167/4308/5099 4560/4378/5170
f 4567/4510/5324 4548/4364/5156 4160/4367/5159
f 4152/4344/5136 4548/4364/5156 4567/4510/5324
f 4152/4344/5136 4222/4365/5157 4548/4364/5156
f 4151/4342/5134 4463/4368/5160 4222/4365/5157
f 4379/4499/5311 4164/4374/5166 4463/4368/5160
f 4103/4231/5022 4567/4510/5324 4158/4361/5153
f 4567/4510/5324 4160/4367/5159 4478/4362/5154
f 4444/4467/5279 4201/4511/5325 4200/4213/5004
f 4051/4108/4899 4270/4512/5326 4268/4513/5327
f 4209/4478/5290 4214/4490/5302 4212/4484/5296
f 4214/4490/5302 4268/4513/5327 4345/4514/5328
f 4020/4057/4848 4329/4509/5323 4078/4166/4957
f 4496/4515/5329 4020/4057/4848 4017/4050/4847
f 4330/4052/4842 4018/4051/4841 4020/4057/4848
f 4020/4057/4848 4325/4165/4956 4391/4056/4846
f 4325/4165/4956 4077/4162/4953 4337/4170/4961
f 4017/4050/5330 4572/4516/5331 4496/4515/5332
f 4496/4515/5332 4224/4517/5333 4019/4054/5334
f 4572/4516/5335 4310/4518/5336 4224/4517/5337
f 4016/4049/5338 4621/4519/5339 4572/4516/5335
f 4621/4519/5339 4223/4046/5340 4545/4045/5341
f 4621/4519/5339 4015/4044/5342 4310/4518/5336
f 4019/4054/5334 4351/4520/5343 4512/4055/5344
f 4015/4044/5345 4622/4521/5346 4310/4518/5347
f 4622/4521/5346 4224/4517/5348 4310/4518/5347
f 4223/4046/5349 4623/4522/5350 4486/4047/5351
f 4430/4523/5352 4457/4524/5353 4623/4522/5350
f 4188/4437/5269 4367/19/5354 4185/4434/5244
f 4198/4459/5268 4504/4525/5355 4189/17/5356
f 4182/4526/5357 4570/4527/5358 4537/4429/5359
f 4537/4429/5359 4230/4427/5231 4179/4425/5230
f 4186/4436/5246 4226/4528/5360 4182/4526/5357
f 4226/4528/5360 4284/4529/5361 4570/4527/5358
f 4570/4527/5358 4227/4530/5362 4230/4427/5231
f 4234/4531/5363 4382/4322/5364 4143/4532/5365
f 4550/4533/5366 4140/4321/5117 4382/4322/5364
f 4143/4532/5365 4505/4534/5367 4234/4531/5363
f 4426/4535/5368 4233/4536/5369 4505/4534/5367
f 4237/4537/5370 4336/4538/5371 4146/4328/5372
f 4557/4539/5373 4196/4540/5374 4336/4538/5371
f 4146/4328/5372 4578/4541/5375 4237/4537/5370
f 4461/4326/5376 4236/4542/5377 4578/4541/5375
f 4196/4540/5374 4301/4543/5378 4502/4458/5379
f 4502/4458/5379 4197/4544/5380 4193/4452/5381
f 4145/4329/5121 4336/4538/5382 4482/4545/5383
f 4482/4545/5383 4196/4540/5384 4195/4457/5265
f 4367/19/5354 4229/4546/5385 4190/4440/5245
f 4227/4530/5362 4569/4426/5229 4230/4427/5231
f 4647/4547/5386 4181/4548/5387 4569/4426/5229
f 4231/4549/5388 4546/4550/5389 4181/4548/5387
f 4231/4549/5388 4233/4536/5369 4546/4550/5389
f 4235/4551/5390 4550/4533/5366 4234/4531/5363
f 4643/4552/5391 4144/4553/5392 4550/4533/5366
f 4232/4554/5393 4505/4534/5367 4233/4536/5369
f 4487/4555/5394 4234/4531/5363 4505/4534/5367
f 4640/4556/5395 4547/4324/5396 4144/4553/5392
f 4645/4557/5397 4236/4542/5377 4547/4324/5115
f 4238/4558/5398 4557/4539/5373 4237/4537/5370
f 4559/4559/5399 4228/4560/5400 4557/4539/5373
f 4239/4561/5401 4301/4543/5378 4228/4560/5400
f 4301/4543/5378 4240/4562/5402 4197/4544/5380
f 4197/4544/5403 4646/4563/5404 4300/4460/5271
f 4300/4460/5405 4225/4564/5406 4198/4459/5268
f 4641/4565/5407 4578/4541/5375 4236/4542/5377
f 4644/4566/5408 4237/4537/5370 4578/4541/5375
f 4190/4440/5245 4564/4567/5409 4467/4568/5410
f 4467/4568/5410 4639/4569/5411 4226/4528/5360
f 4183/4430/5234 4426/4535/5412 4184/4431/5235
f 4184/4431/5235 4445/4289/5080 4131/4286/5077
f 4426/4535/5412 4127/4274/5065 4445/4289/5080
f 4099/4228/5019 4624/4570/5413 4459/4239/5030
f 4102/4227/5018 4624/4570/5413 4458/4225/5016
f 4624/4570/5413 4156/4351/5143 4568/4571/5414
f 4459/4239/5030 4568/4571/5414 4273/4240/5031
f 4053/4114/4905 4048/4106/4897 4472/4487/5299
f 4472/4487/5299 4050/4109/4900 4211/4489/5301
f 4093/4212/5003 4539/4200/4991 4400/4468/5280
f 4400/4468/5280 4063/4137/4928 4203/4466/5278
f 4410/4214/5005 4191/4443/5251 4096/4215/5006
f 4036/4080/4871 4304/4082/4873 4353/4101/4892
f 4039/4087/4878 4521/4081/4872 4030/4073/4864
f 4521/4081/4872 4058/4125/4916 4037/4083/4874
f 4625/4572/5415 4057/4317/5108 4471/4124/4915
f 4360/4573/5416 4471/4124/4915 4011/4036/4825
f 4525/4135/4926 4532/4313/5104 4059/4128/4919
f 4064/4139/4930 4626/4574/5417 4525/4135/4926
f 4328/4575/5418 4425/4451/5259 4626/4574/5417
f 4626/4574/5417 4139/4312/5103 4532/4313/5104
f 4088/4306/5097 4627/4576/5419 4380/4208/4999
f 4419/4192/4983 4328/4575/5418 4627/4576/5419
f 4627/4576/5419 4064/4139/4930 4513/4203/4994
f 4380/4208/4999 4513/4203/4994 4092/4202/4993
f 4293/4309/5100 4362/4379/5171 4138/4577/5420
f 4094/4204/4995 4409/4206/4997 4293/4309/5100
f 4409/4206/4997 4097/4216/5007 4362/4379/5171
f 4365/4389/5186 4283/4441/5421 4468/4578/5422
f 4009/4031/4820 4468/4578/5422 4022/4579/5423
f 4468/4578/5422 4442/4405/5424 4397/4580/5425
f 4177/4414/5214 4628/4581/5426 4241/4582/5427
f 4628/4581/5426 4021/4583/5428 4534/4584/5429
f 4628/4581/5426 4022/4579/5423 4464/4585/5430
f 4241/4582/5427 4397/4580/5425 4470/4586/5431
f 4464/4585/5430 4022/4579/5423 4397/4580/5425
f 4397/4580/5425 4175/4408/5432 4470/4586/5431
f 4347/4407/5205 4348/4410/5433 4470/4586/5434
f 4241/4582/5435 4348/4410/5433 4177/4414/5436
f 4013/4042/4831 4629/4587/5437 4318/4588/5438
f 4296/4589/5439 4501/4590/5440 4629/4587/5437
f 4629/4587/5437 4177/4414/5214 4523/4413/5213
f 4318/4588/5438 4523/4413/5213 4176/4412/5212
f 4136/4399/5195 4282/4301/5092 4298/4411/5210
f 4298/4411/5210 4120/4264/5055 4176/4412/5212
f 4318/4588/5438 4551/4266/5057 4013/4042/4831
f 4176/4412/5212 4474/4263/5054 4318/4588/5438
f 4474/4263/5054 4116/4260/5051 4551/4266/5057
f 4126/4291/5082 4291/4300/5091 4132/4287/5078
f 4416/4591/5441 4121/4262/5053 4291/4300/5091
f 4242/4592/5442 4497/4265/5056 4121/4262/5053
f 4522/4593/5443 4117/4258/5049 4497/4265/5056
f 4123/4267/5058 4416/4591/5441 4126/4291/5082
f 4406/4280/5071 4242/4592/5442 4416/4591/5441
f 4289/4276/5067 4424/4281/5072 4122/4273/5064
f 4107/4247/5038 4317/4246/5037 4289/4276/5067
f 4317/4246/5037 4113/4251/5042 4424/4281/5072
f 4106/4245/5036 4392/4254/5045 4113/4251/5042
f 4110/4464/5276 4341/4594/5444 4392/4254/5045
f 4437/4230/5021 4535/4595/5445 4103/4231/5022
f 4098/4217/5008 4630/4596/5446 4437/4230/5021
f 4438/4235/5026 4533/4343/5135 4630/4596/5446
f 4630/4596/5446 4152/4344/5136 4535/4595/5445
f 4648/4597/5447 4631/4598/5448 4681/4599/5449
f 4378/4061/4852 4370/4419/5220 4631/4598/5448
f 4631/4598/5448 4243/4421/5222 4287/4397/5450
f 4681/4599/5451 4287/4397/5451 4650/4395/5451
f 4651/4600/5452 4555/4249/5453 4109/4248/5454
f 4524/4601/5455 4244/4602/5456 4555/4249/5453
f 4247/4603/5457 4245/4347/5458 4154/4352/5459
f 4159/4358/5460 4251/4604/5461 4249/4605/5462
f 4326/4606/5463 4386/4607/5464 4571/4359/5465
f 4386/4607/5464 4248/4356/5466 4571/4359/5465
f 4162/4370/5467 4163/4369/5468 4251/4604/5461
f 4364/4608/5469 4465/4373/5470 4253/4372/5471
f 4675/4609/5472 4255/4610/5473 4465/4373/5470
f 4167/4308/5474 4256/4611/5475 4254/4612/5476
f 4168/4381/5477 4260/4613/5478 4256/4611/5475
f 4256/4611/5475 4257/4614/5479 4258/4615/5480
f 4259/4383/5481 4262/4616/5482 4260/4613/5478
f 4262/4616/5482 4263/4617/5483 4260/4613/5478
f 4262/4616/5482 4259/4383/5481 4264/4446/5484
f 4192/4447/5485 4279/4618/5486 4264/4446/5487
f 4202/4445/5488 4433/4619/5489 4220/4620/5490
f 4201/4511/5491 4433/4619/5489 4443/4211/5492
f 4659/4621/5493 4433/4619/5489 4201/4511/5491
f 4373/4622/5494 4220/4620/5490 4433/4619/5489
f 4208/4476/5495 4678/4623/5496 4483/4475/5497
f 4483/4475/5497 4266/4624/5498 4207/4474/5499
f 4212/4484/5500 4313/4625/5501 4562/4482/5502
f 4562/4482/5502 4661/4626/5503 4267/4485/5504
f 4268/4513/5505 4270/4512/5506 4345/4514/5507
f 4345/4514/5507 4270/4512/5506 4277/4627/5508
f 4217/4495/5509 4427/4628/5510 4429/4496/5511
f 4216/4491/5512 4632/4629/5513 4561/4630/5514
f 4561/4630/5514 4272/4631/5515 4270/4512/5506
f 4492/4632/5516 4026/4065/5517 4014/4112/5314
f 4662/4633/5518 4568/4571/5519 4155/4634/5520
f 4670/4635/5521 4273/4240/5522 4568/4571/5519
f 4275/4636/5523 4466/4465/5524 4199/4242/5525
f 4288/4637/5526 4111/4463/5527 4466/4465/5524
f 4025/4064/4855 4553/4502/5528 4026/4065/4856
f 4536/4638/5529 4218/4501/5530 4553/4502/5528
f 4218/4501/5530 4679/4639/5531 4538/4500/5532
f 4538/4500/5532 4276/4640/5533 4217/4495/5509
f 4427/4628/5510 4271/4641/5534 4216/4491/5512
f 4415/4642/5535 4277/4627/5508 4270/4512/5506
f 4316/4643/5536 4212/4484/5500 4345/4514/5507
f 4267/4485/5504 4294/4644/5537 4566/4505/5538
f 4566/4505/5538 4278/4645/5539 4219/4504/5540
f 4219/4504/5540 4633/4646/5541 4503/4472/5542
f 4633/4646/5541 4660/4647/5543 4208/4476/5495
f 4207/4474/5499 4484/4648/5544 4444/4467/5545
f 4444/4467/5545 4659/4621/5493 4201/4511/5491
f 4220/4620/5490 4658/4649/5546 4192/4447/5485
f 4279/4618/5547 4262/4616/5482 4264/4446/5548
f 4260/4613/5478 4390/4650/5549 4256/4611/5475
f 4676/4651/5550 4364/4608/5469 4254/4612/5476
f 4251/4604/5461 4326/4606/5463 4249/4605/5462
f 4251/4604/5461 4388/4652/5551 4326/4606/5463
f 4246/4653/5552 4247/4603/5553 4154/4352/5554
f 4250/4654/5555 4573/4354/5556 4248/4356/5466
f 4455/4655/5557 4246/4653/5552 4573/4354/5556
f 4655/4656/5558 4554/4350/5559 4245/4347/5560
f 4554/4350/5559 4662/4633/5518 4155/4634/5520
f 4274/4657/5561 4563/4241/5562 4273/4240/5522
f 4669/4658/5563 4199/4242/5525 4563/4241/5562
f 4111/4463/5527 4671/4659/5564 4341/4594/5565
f 4671/4659/5564 4109/4248/5454 4341/4594/5565
f 4652/4660/5566 4558/4256/5567 4244/4602/5456
f 4558/4256/5567 4665/4661/5568 4115/4662/5569
f 4115/4662/5569 4295/4663/5570 4118/4261/5571
f 4118/4261/5571 4653/4664/5572 4119/4259/5573
f 4119/4259/5573 4667/4665/5574 4551/4266/5575
f 4551/4266/5575 4281/4666/5576 4024/4040/5577
f 4024/4040/5577 4668/4667/5578 4576/4041/5579
f 4153/4349/5141 4634/4668/5580 4396/4353/5145
f 4441/4348/5140 4516/4669/5581 4634/4668/5580
f 4634/4668/5580 4102/4227/5018 4517/4360/5152
f 4396/4353/5145 4517/4360/5152 4157/4355/5147
f 4112/4253/5044 4522/4593/5443 4242/4592/5442
f 4374/4252/5043 4114/4257/5048 4522/4593/5443
f 4576/4041/4830 4296/4589/5439 4013/4042/4831
f 4635/4670/5582 4021/4583/5428 4296/4589/5439
f 4454/4671/5583 4251/4604/5461 4163/4369/5468
f 4060/4140/4931 4066/4142/4933 4073/4155/4946
f 4075/4160/4951 4072/4154/4945 4080/4169/4960
f 4133/4285/5076 4636/4672/5584 4314/4673/5585
f 4315/4299/5090 4375/4416/5216 4636/4672/5584
f 4636/4672/5584 4148/4418/5219 4134/4293/5084
f 4181/4548/5387 4480/4432/5586 4180/4433/5587
f 4546/4550/5389 4183/4430/5588 4480/4432/5586
f 4135/4294/5085 4184/4431/5235 4531/4292/5083
f 4124/4275/5066 4142/4323/5114 4129/4282/5073
f 4128/4279/5070 4515/4327/5119 4145/4329/5121
f 4128/4279/5070 4361/4278/5069 4515/4327/5119
f 4361/4278/5069 4125/4272/5063 4515/4327/5119
f 4482/4545/5383 4476/4345/5137 4145/4329/5121
f 4195/4457/5265 4411/4674/5589 4482/4545/5383
f 4476/4345/5137 4407/4339/5131 4149/4337/5129
f 4086/4188/4979 4398/4461/5273 4389/4184/4975
f 4411/4674/5589 4194/4456/5264 4398/4461/5273
f 4187/4439/5243 4395/4096/4887 4042/4093/4884
f 4481/4438/5242 4040/4088/4879 4395/4096/4887
f 4035/4078/4869 4033/4428/5232 4303/4076/4867
f 4303/4076/4867 4033/4428/5232 4332/4074/4865
f 4303/4076/4867 4332/4074/4865 4032/4071/4862
f 4105/4237/5028 4637/4675/5590 4498/4346/5138
f 4422/4236/5027 4423/4244/5035 4637/4675/5590
f 4637/4675/5590 4107/4247/5038 4290/4277/5068
f 4498/4346/5138 4290/4277/5068 4128/4279/5070
f 4371/4032/4821 4494/4676/5591 4010/4033/4822
f 4579/4035/4824 4360/4573/5416 4011/4036/4825
f 4312/4038/4827 4579/4035/4824 4436/4037/4826
f 4580/4043/4832 4510/4677/5592 4015/4044/4833
f 4580/4043/4835 4545/4045/5593 4223/4046/4836
f 4372/4048/4838 4457/4524/5594 4016/4049/4839
f 4581/4053/4843 4330/4052/4842 4019/4054/4844
f 4391/4056/4846 4372/4048/5595 4017/4050/4847
f 4477/4442/5250 4022/4579/5423 4534/4584/5429
f 4534/4584/5429 4021/4583/5428 4514/4678/5596
f 4023/4058/4849 4378/4061/4852 4376/4059/4850
f 4378/4061/4852 4648/4597/5447 4666/4062/4853
f 4540/4063/4854 4519/4679/5597 4025/4064/4855
f 4520/4066/4857 4383/4172/4963 4027/4067/4858
f 4029/4069/4860 4541/4072/4863 4302/4070/4861
f 4302/4070/4861 4030/4073/4864 4031/4079/4870
f 4032/4071/4862 4332/4074/4865 4029/4069/4860
f 4332/4074/4865 4033/4428/5232 4034/4075/4866
f 4032/4071/4862 4302/4070/4861 4368/4077/4868
f 4368/4077/4868 4302/4070/4861 4031/4079/4870
f 4031/4079/4870 4030/4073/4864 4521/4081/4872
f 4304/4082/4873 4521/4081/4872 4037/4083/4874
f 4541/4072/4863 4039/4087/4878 4030/4073/4864
f 4040/4088/4879 4369/4091/4882 4582/4089/4880
f 4369/4091/4882 4035/4078/4869 4368/4077/4868
f 4582/4089/4880 4368/4077/4868 4036/4080/4871
f 4469/4090/4881 4582/4089/4880 4036/4080/4871
f 4042/4093/4884 4395/4096/4887 4583/4094/4885
f 4395/4096/4887 4040/4088/4879 4469/4090/4881
f 4469/4090/4881 4041/4092/4883 4446/4097/4888
f 4583/4094/4885 4446/4097/4888 4043/4098/4889
f 4044/4099/4890 4542/4435/5239 4369/4091/4882
f 4369/4091/4882 4542/4435/5239 4045/4100/4891
f 4041/4092/4883 4036/4080/4871 4353/4101/4892
f 4448/4102/4893 4353/4101/4892 4047/4103/4894
f 4321/4104/4895 4343/4107/4898 4049/4105/4896
f 4054/4034/4823 4010/4033/4822 4343/4107/4898
f 4048/4106/4897 4049/4105/4896 4051/4108/4899
f 4052/4110/4901 4322/4497/5309 4343/4107/4898
f 4322/4497/5309 4049/4105/4896 4343/4107/4898
f 4305/4111/4902 4343/4107/4898 4010/4033/4822
f 4384/4113/4904 4321/4104/4895 4053/4114/4905
f 4038/4085/4876 4402/4116/4907 4584/4115/4906
f 4402/4116/4907 4012/4039/4828 4436/4037/4826
f 4436/4037/4826 4011/4036/4825 4488/4117/4908
f 4584/4115/4906 4488/4117/4908 4039/4087/4878
f 4432/4118/4909 4585/4120/4911 4402/4116/4907
f 4055/4119/4910 4056/4121/4912 4585/4120/4911
f 4585/4120/4911 4450/4122/4913 4012/4039/4828
f 4488/4117/4908 4471/4124/4915 4414/4123/4914
f 4471/4124/4915 4057/4317/5108 4058/4125/4916
f 4285/4126/4917 4586/4130/4921 4449/4127/4918
f 4285/4126/4917 4060/4140/4931 4543/4129/4920
f 4586/4130/4921 4543/4129/4920 4061/4131/4922
f 4449/4127/4918 4586/4130/4921 4490/4132/4923
f 4059/4128/4919 4449/4127/4918 4587/4134/4925
f 4449/4127/4918 4062/4133/4924 4306/4136/4927
f 4587/4134/4925 4306/4136/4927 4063/4137/4928
f 4525/4135/4926 4587/4134/4925 4323/4138/4929
f 4060/4140/4931 4285/4126/4917 4065/4141/4932
f 4285/4126/4917 4059/4128/4919 4065/4141/4932
f 4066/4142/4933 4065/4141/4932 4307/4310/5101
f 4060/4140/4931 4067/4149/4940 4331/4143/4934
f 4543/4129/4920 4331/4143/4934 4061/4131/4922
f 4490/4132/4923 4588/4145/4936 4309/4144/4935
f 4061/4131/4922 4491/4146/4937 4588/4145/4936
f 4491/4146/4937 4068/4157/4948 4355/4147/4938
f 4588/4145/4936 4355/4147/4938 4069/4148/4939
f 4067/4149/4940 4070/4152/4943 4451/4150/4941
f 4331/4143/4934 4451/4150/4941 4071/4151/4942
f 4070/4152/4943 4067/4149/4940 4417/4153/4944
f 4071/4151/4942 4408/4156/4947 4491/4146/4937
f 4408/4156/4947 4074/4479/5291 4068/4157/4948
f 4070/4152/4943 4075/4160/4951 4493/4158/4949
f 4451/4150/4941 4493/4158/4949 4076/4159/4950
f 4075/4160/4951 4027/4067/4858 4507/4161/4952
f 4493/4158/4949 4507/4161/4952 4077/4162/4953
f 4076/4159/4950 4077/4162/4953 4589/4163/4954
f 4589/4163/4954 4325/4165/4956 4078/4166/4957
f 4589/4163/4954 4286/4167/4958 4079/4168/4959
f 4027/4067/4858 4075/4160/4951 4080/4169/4960
f 4337/4170/4961 4077/4162/4953 4507/4161/4952
f 4590/4171/4962 4507/4161/4952 4027/4067/4858
f 4387/4173/4964 4591/4177/4968 4340/4174/4965
f 4082/4176/4967 4338/4178/4969 4591/4177/4968
f 4338/4178/4969 4083/4194/4985 4357/4179/4970
f 4591/4177/4968 4357/4179/4970 4084/4180/4971
f 4081/4175/4966 4509/4182/4973 4592/4181/4972
f 4509/4182/4973 4042/4093/4884 4506/4095/4886
f 4592/4181/4972 4506/4095/4886 4043/4098/4889
f 4387/4173/4964 4592/4181/4972 4527/4183/4974
f 4340/4174/4965 4593/4186/4977 4389/4184/4975
f 4340/4174/4965 4084/4180/4971 4434/4185/4976
f 4434/4185/4976 4085/4340/5132 4453/4187/4978
f 4389/4184/4975 4593/4186/4977 4453/4187/4978
f 4339/4189/4980 4594/4191/4982 4338/4178/4969
f 4087/4190/4981 4419/4192/4983 4594/4191/4982
f 4419/4192/4983 4088/4306/5097 4358/4193/4984
f 4594/4191/4982 4358/4193/4984 4083/4194/4985
f 4357/4179/4970 4528/4196/4987 4090/4195/4986
f 4083/4194/4985 4359/4305/5096 4528/4196/4987
f 4359/4305/5096 4089/4302/5093 4528/4196/4987
f 4091/4209/5000 4311/4197/4988 4495/4199/4990
f 4311/4197/4988 4092/4202/4993 4327/4198/4989
f 4495/4199/4990 4327/4198/4989 4093/4212/5003
f 4539/4200/4991 4595/4201/4992 4323/4138/4929
f 4539/4200/4991 4093/4212/5003 4327/4198/4989
f 4595/4201/4992 4327/4198/4989 4092/4202/4993
f 4595/4201/4992 4513/4203/4994 4064/4139/4930
f 4094/4204/4995 4399/4207/4998 4596/4205/4996
f 4399/4207/4998 4088/4306/5097 4380/4208/4999
f 4596/4205/4996 4380/4208/4999 4092/4202/4993
f 4409/4206/4997 4596/4205/4996 4311/4197/4988
f 4443/4211/5002 4495/4199/4990 4093/4212/5003
f 4091/4209/5000 4495/4199/4990 4096/4215/5006
f 4495/4199/4990 4095/4210/5001 4410/4214/5005
f 4098/4217/5008 4435/4220/5011 4597/4218/5009
f 4435/4220/5011 4099/4228/5019 4456/4221/5012
f 4597/4218/5009 4456/4221/5012 4100/4222/5013
f 4363/4219/5010 4597/4218/5009 4403/4223/5014
f 4458/4225/5016 4598/4229/5020 4511/4226/5017
f 4099/4228/5019 4435/4220/5011 4598/4229/5020
f 4435/4220/5011 4098/4217/5008 4437/4230/5021
f 4598/4229/5020 4437/4230/5021 4103/4231/5022
f 4104/4232/5023 4438/4235/5026 4599/4233/5024
f 4438/4235/5026 4098/4217/5008 4363/4219/5010
f 4599/4233/5024 4363/4219/5010 4101/4224/5015
f 4473/4234/5025 4599/4233/5024 4422/4236/5027
f 4456/4221/5012 4099/4228/5019 4459/4239/5030
f 4405/4238/5029 4459/4239/5030 4273/4240/5031
f 4101/4224/5015 4403/4223/5014 4600/4243/5034
f 4600/4243/5034 4100/4222/5013 4106/4245/5036
f 4423/4244/5035 4600/4243/5034 4317/4246/5037
f 4108/4250/5041 4555/4249/5040 4244/4602/5598
f 4110/4464/5276 4111/4463/5275 4341/4594/5444
f 4113/4251/5042 4601/4255/5046 4374/4252/5043
f 4113/4251/5042 4392/4254/5045 4601/4255/5046
f 4392/4254/5045 4109/4248/5039 4108/4250/5041
f 4108/4250/5041 4244/4602/5598 4558/4256/5047
f 4114/4257/5048 4558/4256/5047 4115/4662/5599
f 4117/4258/5049 4118/4261/5052 4119/4259/5050
f 4114/4257/5048 4115/4662/5599 4118/4261/5052
f 4121/4262/5053 4497/4265/5056 4474/4263/5054
f 4497/4265/5056 4117/4258/5049 4116/4260/5051
f 4551/4266/5057 4116/4260/5051 4119/4259/5050
f 4299/4269/5060 4602/4268/5059 4122/4273/5064
f 4123/4267/5058 4393/4270/5061 4602/4268/5059
f 4393/4270/5061 4124/4275/5066 4342/4271/5062
f 4602/4268/5059 4342/4271/5062 4125/4272/5063
f 4123/4267/5058 4439/4290/5081 4393/4270/5061
f 4123/4267/5058 4126/4291/5082 4439/4290/5081
f 4393/4270/5061 4439/4290/5081 4127/4274/5065
f 4289/4276/5067 4361/4278/5069 4290/4277/5068
f 4361/4278/5069 4122/4273/5064 4125/4272/5063
f 4299/4269/5060 4424/4281/5072 4406/4280/5071
f 4424/4281/5072 4113/4251/5042 4112/4253/5044
f 4342/4271/5062 4124/4275/5066 4129/4282/5073
f 4125/4272/5063 4342/4271/5062 4129/4282/5073
f 4530/4284/5075 4499/4288/5079 4133/4285/5076
f 4131/4286/5077 4445/4289/5080 4530/4284/5075
f 4445/4289/5080 4127/4274/5065 4439/4290/5081
f 4530/4284/5075 4439/4290/5081 4126/4291/5082
f 4133/4285/5076 4314/4673/5585 4531/4292/5083
f 4531/4292/5083 4314/4673/5585 4134/4293/5084
f 4132/4287/5078 4500/4296/5087 4603/4295/5086
f 4500/4296/5087 4136/4399/5195 4292/4297/5088
f 4603/4295/5086 4292/4297/5088 4137/4298/5089
f 4499/4288/5079 4603/4295/5086 4315/4299/5090
f 4282/4301/5092 4291/4300/5091 4121/4262/5053
f 4089/4302/5093 4359/4305/5096 4604/4303/5094
f 4359/4305/5096 4083/4194/4985 4358/4193/4984
f 4604/4303/5094 4358/4193/4984 4088/4306/5097
f 4529/4304/5095 4604/4303/5094 4399/4207/4998
f 4394/4307/5098 4529/4304/5095 4094/4204/4995
f 4394/4307/5098 4293/4309/5100 4138/4577/5420
f 4065/4141/4932 4324/4311/5102 4307/4310/5101
f 4047/4103/4894 4046/4084/4875 4307/4310/5101
f 4324/4311/5102 4065/4141/4932 4059/4128/4919
f 4139/4312/5103 4324/4311/5102 4532/4313/5104
f 4307/4310/5101 4356/4314/5105 4073/4155/4946
f 4046/4084/4875 4037/4083/4874 4335/4315/5106
f 4356/4314/5105 4335/4315/5106 4417/4153/4944
f 4037/4083/4874 4058/4125/4916 4508/4316/5107
f 4335/4315/5106 4508/4316/5107 4072/4154/4945
f 4057/4317/5108 4489/4318/5109 4508/4316/5107
f 4489/4318/5109 4028/4068/4859 4080/4169/4960
f 4605/4319/5110 4520/4066/4857 4028/4068/4859
f 4413/4320/5111 4605/4319/5110 4489/4318/5109
f 4140/4321/5112 4141/4325/5600 4130/4283/5074
f 4143/4532/5601 4382/4322/5113 4142/4323/5114
f 4382/4322/5113 4140/4321/5112 4129/4282/5073
f 4144/4553/5392 4547/4324/5115 4140/4321/5117
f 4547/4324/5115 4236/4542/5377 4141/4325/5116
f 4130/4283/5074 4141/4325/5600 4461/4326/5118
f 4515/4327/5119 4461/4326/5118 4146/4328/5120
f 4038/4085/4876 4029/4069/4860 4475/4330/5122
f 4475/4330/5122 4135/4294/5085 4134/4293/5084
f 4029/4069/4860 4034/4075/4866 4147/4332/5124
f 4038/4085/4876 4440/4331/5123 4606/4333/5125
f 4134/4293/5084 4148/4418/5219 4412/4334/5126
f 4432/4118/4909 4606/4333/5125 4412/4334/5126
f 4105/4237/5028 4149/4337/5129 4354/4335/5127
f 4473/4234/5025 4354/4335/5127 4150/4336/5128
f 4149/4337/5129 4407/4339/5131 4607/4338/5130
f 4407/4339/5131 4086/4188/4979 4453/4187/4978
f 4607/4338/5130 4453/4187/4978 4085/4340/5132
f 4354/4335/5127 4607/4338/5130 4462/4341/5133
f 4104/4232/5023 4150/4336/5128 4151/4342/5134
f 4476/4345/5137 4498/4346/5138 4128/4279/5070
f 4149/4337/5129 4105/4237/5028 4498/4346/5138
f 4154/4352/5144 4245/4347/5139 4153/4349/5141
f 4245/4347/5139 4554/4350/5142 4441/4348/5140
f 4554/4350/5142 4155/4634/5602 4156/4351/5143
f 4154/4352/5144 4153/4349/5141 4396/4353/5145
f 4573/4354/5146 4396/4353/5145 4157/4355/5147
f 4518/4357/5149 4158/4361/5153 4159/4358/5150
f 4157/4355/5147 4518/4357/5149 4571/4359/5151
f 4517/4360/5152 4511/4226/5017 4518/4357/5149
f 4511/4226/5017 4103/4231/5022 4158/4361/5153
f 4158/4361/5153 4478/4362/5154 4159/4358/5150
f 4478/4362/5154 4160/4367/5159 4161/4363/5155
f 4160/4367/5159 4548/4364/5156 4333/4366/5158
f 4333/4366/5158 4222/4365/5157 4162/4370/5162
f 4463/4368/5160 4164/4374/5166 4163/4369/5161
f 4222/4365/5157 4463/4368/5160 4162/4370/5162
f 4344/4371/5163 4165/4377/5169 4253/4372/5164
f 4164/4374/5166 4344/4371/5163 4465/4373/5165
f 4166/4375/5167 4479/4376/5168 4344/4371/5163
f 4479/4376/5168 4090/4195/4986 4165/4377/5169
f 4167/4308/5099 4394/4307/5098 4138/4577/5420
f 4167/4308/5099 4138/4577/5420 4168/4381/5173
f 4138/4577/5420 4362/4379/5171 4168/4381/5173
f 4362/4379/5171 4097/4216/5007 4169/4380/5172
f 4097/4216/5007 4096/4215/5006 4556/4382/5174
f 4097/4216/5007 4556/4382/5174 4169/4380/5172
f 4096/4215/5006 4191/4443/5251 4556/4382/5174
f 4312/4038/4827 4012/4039/4828 4450/4122/4913
f 4608/4384/5176 4450/4122/4913 4056/4121/4912
f 4420/4385/5177 4056/4121/4912 4385/4386/5178
f 4377/4060/4851 4609/4387/5179 4385/4386/5178
f 4009/4031/4820 4008/4030/4819 4610/4388/5180
f 4610/4388/5183 4346/4390/5603 4649/4391/5184
f 4680/4394/5188 4611/4396/5192 4170/4392/5189
f 4650/4395/5191 4287/4397/5193 4611/4396/5192
f 4287/4397/5193 4243/4421/5247 4552/4398/5194
f 4170/4392/5189 4611/4396/5192 4552/4398/5194
f 4136/4399/5195 4297/4401/5209 4612/4400/5196
f 4297/4401/5197 4172/4406/5204 4173/4402/5198
f 4292/4297/5088 4612/4400/5196 4381/4403/5201
f 4442/4405/5203 4173/4402/5198 4172/4406/5204
f 4172/4406/5204 4297/4401/5197 4613/4409/5207
f 4297/4401/5209 4136/4399/5195 4298/4411/5210
f 4613/4409/5211 4298/4411/5210 4176/4412/5212
f 4348/4410/5208 4613/4409/5207 4523/4413/5213
f 4137/4298/5089 4381/4403/5201 4334/4415/5215
f 4381/4403/5200 4173/4402/5198 4178/4417/5217
f 4370/4419/5220 4614/4422/5223 4574/4420/5221
f 4370/4419/5220 4023/4058/4849 4385/4386/5178
f 4614/4422/5223 4385/4386/5178 4056/4121/4912
f 4574/4420/5221 4614/4422/5223 4056/4121/4912
f 4243/4421/5224 4574/4420/5604 4615/4423/5225
f 4574/4420/5221 4055/4119/4910 4412/4334/5126
f 4615/4423/5227 4412/4334/5126 4148/4418/5219
f 4565/4424/5226 4615/4423/5225 4334/4415/5218
f 4179/4425/5228 4180/4433/5237 4147/4332/5124
f 4569/4426/5229 4181/4548/5387 4180/4433/5587
f 4569/4426/5229 4180/4433/5587 4179/4425/5230
f 4033/4428/5232 4182/4526/5605 4537/4429/5233
f 4034/4075/4866 4537/4429/5233 4179/4425/5228
f 4480/4432/5236 4184/4431/5235 4147/4332/5124
f 4542/4435/5239 4185/4434/5238 4186/4436/5240
f 4033/4428/5232 4186/4436/5240 4182/4526/5605
f 4188/4437/5241 4185/4434/5238 4044/4099/4890
f 4185/4434/5244 4367/19/5354 4190/4440/5245
f 4565/4424/5226 4171/4393/5248 4552/4398/5194
f 4178/4417/5217 4283/4441/5249 4171/4393/5248
f 4173/4402/5198 4174/4404/5202 4283/4441/5249
f 4477/4442/5250 4009/4031/4820 4022/4579/5423
f 4556/4382/5174 4577/4444/5252 4259/4383/5175
f 4264/4446/5254 4259/4383/5175 4577/4444/5252
f 4192/4447/5255 4577/4444/5252 4191/4443/5251
f 4446/4097/4888 4616/4449/5257 4320/4448/5256
f 4041/4092/4883 4448/4102/4893 4616/4449/5257
f 4448/4102/4893 4047/4103/4894 4139/4312/5103
f 4082/4176/4967 4527/4183/4974 4617/4450/5258
f 4043/4098/4889 4320/4448/5256 4617/4450/5258
f 4320/4448/5256 4139/4312/5103 4425/4451/5259
f 4339/4189/4980 4617/4450/5258 4425/4451/5259
f 4193/4452/5260 4366/4455/5263 4349/4453/5261
f 4366/4455/5263 4188/4437/5241 4187/4439/5243
f 4195/4457/5265 4196/4540/5384 4502/4458/5266
f 4418/4454/5262 4502/4458/5266 4193/4452/5260
f 4366/4455/5267 4300/4460/5405 4198/4459/5268
f 4193/4452/5270 4197/4544/5403 4300/4460/5271
f 4398/4461/5273 4618/4462/5274 4509/4182/4973
f 4194/4456/5264 4349/4453/5261 4618/4462/5274
f 4349/4453/5261 4187/4439/5243 4042/4093/4884
f 4466/4465/5277 4110/4464/5276 4199/4242/5033
f 4110/4464/5276 4106/4245/5036 4100/4222/5013
f 4200/4213/5004 4201/4511/5325 4443/4211/5002
f 4203/4466/5278 4204/4471/5283 4444/4467/5279
f 4400/4468/5280 4444/4467/5279 4200/4213/5004
f 4069/4148/4939 4205/4473/5285 4428/4469/5281
f 4485/4470/5282 4428/4469/5281 4204/4471/5283
f 4068/4157/4948 4206/4503/5317 4503/4472/5284
f 4355/4147/4938 4503/4472/5284 4205/4473/5285
f 4207/4474/5286 4204/4471/5283 4428/4469/5281
f 4483/4475/5287 4428/4469/5281 4205/4473/5285
f 4306/4136/4927 4619/4477/5289 4203/4466/5278
f 4062/4133/4924 4309/4144/4935 4619/4477/5289
f 4309/4144/4935 4069/4148/4939 4485/4470/5282
f 4619/4477/5289 4485/4470/5282 4203/4466/5278
f 4210/4481/5293 4211/4489/5301 4319/4480/5292
f 4209/4478/5290 4206/4503/5317 4074/4479/5291
f 4206/4503/5317 4068/4157/4948 4074/4479/5291
f 4213/4486/5298 4053/4114/4905 4472/4487/5299
f 4404/4488/5300 4472/4487/5299 4211/4489/5301
f 4211/4489/5301 4050/4109/4900 4214/4490/5302
f 4319/4480/5292 4211/4489/5301 4214/4490/5302
f 4216/4491/5303 4561/4630/5606 4575/4492/5304
f 4561/4630/5606 4270/4512/5326 4575/4492/5304
f 4401/4493/5305 4215/4494/5306 4429/4496/5308
f 4215/4494/5306 4401/4493/5305 4322/4497/5309
f 4401/4493/5305 4051/4108/4899 4049/4105/4896
f 4620/4498/5310 4492/4632/5607 4014/4112/4903
f 4494/4676/5591 4620/4498/5310 4010/4033/4822
f 4479/4376/5168 4166/4375/5167 4085/4340/5132
f 4479/4376/5168 4434/4185/4976 4084/4180/4971
f 4150/4336/5128 4462/4341/5133 4379/4499/5311
f 4462/4341/5133 4085/4340/5132 4166/4375/5167
f 4218/4501/5313 4052/4110/4901 4305/4111/4902
f 4215/4494/5306 4052/4110/4901 4538/4500/5312
f 4305/4111/5316 4553/4502/5315 4218/4501/5608
f 4014/4112/5314 4026/4065/5517 4553/4502/5315
f 4208/4476/5288 4205/4473/5285 4503/4472/5284
f 4267/4485/5297 4566/4505/5319 4549/4483/5295
f 4566/4505/5319 4219/4504/5318 4206/4503/5317
f 4202/4445/5253 4192/4447/5255 4191/4443/5251
f 4202/4445/5488 4220/4620/5490 4192/4447/5485
f 4079/4168/4959 4213/4486/5298 4404/4488/5300
f 4526/4506/5320 4404/4488/5300 4210/4481/5293
f 4078/4166/4957 4221/4508/5322 4350/4507/5321
f 4286/4167/4958 4350/4507/5321 4213/4486/5298
f 4071/4151/4942 4076/4159/4950 4447/4164/4955
f 4447/4164/4955 4079/4168/4959 4526/4506/5320
f 4447/4164/4955 4526/4506/5320 4074/4479/5291
f 4221/4508/5322 4054/4034/4823 4384/4113/4904
f 4350/4507/5321 4384/4113/4904 4053/4114/4905
f 4371/4032/4821 4329/4509/5323 4018/4051/4841
f 4054/4034/4823 4221/4508/5322 4329/4509/5323
f 4165/4377/5169 4528/4196/4987 4560/4378/5170
f 4528/4196/4987 4089/4302/5093 4167/4308/5099
f 4152/4344/5136 4151/4342/5134 4222/4365/5157
f 4151/4342/5134 4379/4499/5311 4463/4368/5160
f 4379/4499/5311 4166/4375/5167 4164/4374/5166
f 4158/4361/5153 4567/4510/5324 4478/4362/5154
f 4103/4231/5022 4535/4595/5445 4567/4510/5324
f 4535/4595/5445 4152/4344/5136 4567/4510/5324
f 4204/4471/5283 4207/4474/5286 4444/4467/5279
f 4051/4108/4899 4575/4492/5304 4270/4512/5326
f 4214/4490/5302 4051/4108/4899 4268/4513/5327
f 4212/4484/5296 4214/4490/5302 4345/4514/5328
f 4020/4057/4848 4018/4051/4841 4329/4509/5323
f 4078/4166/4957 4329/4509/5323 4221/4508/5322
f 4496/4515/5329 4330/4052/4842 4020/4057/4848
f 4496/4515/5329 4019/4054/4844 4330/4052/4842
f 4391/4056/4846 4325/4165/4956 4337/4170/4961
f 4020/4057/4848 4078/4166/4957 4325/4165/4956
f 4017/4050/5330 4016/4049/5609 4572/4516/5331
f 4496/4515/5332 4572/4516/5331 4224/4517/5333
f 4572/4516/5335 4621/4519/5339 4310/4518/5336
f 4016/4049/5338 4430/4523/5610 4621/4519/5339
f 4621/4519/5339 4430/4523/5610 4223/4046/5340
f 4621/4519/5339 4545/4045/5341 4015/4044/5342
f 4019/4054/5334 4224/4517/5333 4351/4520/5343
f 4015/4044/5345 4510/4677/5611 4622/4521/5346
f 4622/4521/5346 4351/4520/5612 4224/4517/5348
f 4223/4046/5349 4430/4523/5352 4623/4522/5350
f 4430/4523/5352 4016/4049/5613 4457/4524/5353
f 4188/4437/5269 4198/4459/5268 4189/17/5356
f 4188/4437/5269 4189/17/5356 4367/19/5354
f 4198/4459/5268 4225/4564/5406 4504/4525/5355
f 4189/17/5356 4504/4525/5355 4638/20/5614
f 4182/4526/5357 4226/4528/5360 4570/4527/5358
f 4537/4429/5359 4570/4527/5358 4230/4427/5231
f 4186/4436/5246 4467/4568/5410 4226/4528/5360
f 4186/4436/5246 4190/4440/5245 4467/4568/5410
f 4226/4528/5360 4639/4569/5411 4284/4529/5361
f 4570/4527/5358 4284/4529/5361 4227/4530/5362
f 4234/4531/5363 4550/4533/5366 4382/4322/5364
f 4550/4533/5366 4144/4553/5392 4140/4321/5117
f 4143/4532/5365 4426/4535/5368 4505/4534/5367
f 4426/4535/5368 4183/4430/5588 4233/4536/5369
f 4237/4537/5370 4557/4539/5373 4336/4538/5371
f 4557/4539/5373 4228/4560/5400 4196/4540/5374
f 4146/4328/5372 4461/4326/5376 4578/4541/5375
f 4461/4326/5376 4141/4325/5116 4236/4542/5377
f 4196/4540/5374 4228/4560/5400 4301/4543/5378
f 4502/4458/5379 4301/4543/5378 4197/4544/5380
f 4145/4329/5121 4146/4328/5120 4336/4538/5382
f 4482/4545/5383 4336/4538/5382 4196/4540/5384
f 4367/19/5354 4352/18/5615 4229/4546/5385
f 4227/4530/5362 4647/4547/5386 4569/4426/5229
f 4647/4547/5386 4231/4549/5388 4181/4548/5387
f 4231/4549/5388 4232/4554/5393 4233/4536/5369
f 4235/4551/5390 4643/4552/5391 4550/4533/5366
f 4643/4552/5391 4640/4556/5395 4144/4553/5392
f 4232/4554/5393 4487/4555/5394 4505/4534/5367
f 4487/4555/5394 4235/4551/5390 4234/4531/5363
f 4640/4556/5395 4645/4557/5616 4547/4324/5396
f 4645/4557/5397 4641/4565/5407 4236/4542/5377
f 4238/4558/5398 4559/4559/5399 4557/4539/5373
f 4559/4559/5399 4239/4561/5401 4228/4560/5400
f 4239/4561/5401 4642/4680/5617 4301/4543/5378
f 4301/4543/5378 4642/4680/5617 4240/4562/5402
f 4197/4544/5403 4240/4562/5618 4646/4563/5404
f 4300/4460/5405 4646/4563/5619 4225/4564/5406
f 4641/4565/5407 4644/4566/5408 4578/4541/5375
f 4644/4566/5408 4238/4558/5398 4237/4537/5370
f 4190/4440/5245 4229/4546/5385 4564/4567/5409
f 4467/4568/5410 4564/4567/5409 4639/4569/5620
f 4426/4535/5621 4143/4532/5601 4142/4323/5114
f 4184/4431/5235 4426/4535/5412 4445/4289/5080
f 4426/4535/5412 4142/4323/5114 4127/4274/5065
f 4568/4571/5414 4156/4351/5143 4155/4634/5602
f 4099/4228/5019 4458/4225/5016 4624/4570/5413
f 4102/4227/5018 4516/4669/5581 4624/4570/5413
f 4624/4570/5413 4516/4669/5581 4156/4351/5143
f 4459/4239/5030 4624/4570/5413 4568/4571/5414
f 4472/4487/5299 4048/4106/4897 4050/4109/4900
f 4200/4213/5004 4093/4212/5003 4400/4468/5280
f 4400/4468/5280 4539/4200/4991 4063/4137/4928
f 4036/4080/4871 4031/4079/4870 4304/4082/4873
f 4353/4101/4892 4304/4082/4873 4046/4084/4875
f 4039/4087/4878 4414/4123/4914 4521/4081/4872
f 4521/4081/4872 4414/4123/4914 4058/4125/4916
f 4625/4572/5415 4413/4320/5111 4057/4317/5108
f 4360/4573/5416 4625/4572/5415 4471/4124/4915
f 4525/4135/4926 4626/4574/5417 4532/4313/5104
f 4064/4139/4930 4328/4575/5418 4626/4574/5417
f 4328/4575/5418 4087/4190/4981 4425/4451/5259
f 4626/4574/5417 4425/4451/5259 4139/4312/5103
f 4088/4306/5097 4419/4192/4983 4627/4576/5419
f 4419/4192/4983 4087/4190/4981 4328/4575/5418
f 4627/4576/5419 4328/4575/5418 4064/4139/4930
f 4380/4208/4999 4627/4576/5419 4513/4203/4994
f 4293/4309/5100 4409/4206/4997 4362/4379/5171
f 4409/4206/4997 4091/4209/5000 4097/4216/5007
f 4009/4031/4820 4365/4389/5181 4468/4578/5422
f 4365/4389/5186 4171/4393/5187 4283/4441/5421
f 4468/4578/5422 4283/4441/5421 4174/4404/5622
f 4468/4578/5422 4397/4580/5425 4022/4579/5423
f 4468/4578/5422 4174/4404/5622 4442/4405/5424
f 4442/4405/5424 4175/4408/5432 4397/4580/5425
f 4241/4582/5427 4628/4581/5426 4464/4585/5430
f 4177/4414/5214 4501/4590/5440 4628/4581/5426
f 4628/4581/5426 4501/4590/5440 4021/4583/5428
f 4628/4581/5426 4534/4584/5429 4022/4579/5423
f 4241/4582/5427 4464/4585/5430 4397/4580/5425
f 4470/4586/5434 4175/4408/5206 4347/4407/5205
f 4347/4407/5205 4172/4406/5204 4348/4410/5433
f 4241/4582/5435 4470/4586/5434 4348/4410/5433
f 4013/4042/4831 4296/4589/5439 4629/4587/5437
f 4296/4589/5439 4021/4583/5428 4501/4590/5440
f 4629/4587/5437 4501/4590/5440 4177/4414/5214
f 4318/4588/5438 4629/4587/5437 4523/4413/5213
f 4136/4399/5195 4500/4296/5087 4282/4301/5092
f 4500/4296/5087 4132/4287/5078 4282/4301/5092
f 4298/4411/5210 4282/4301/5092 4120/4264/5055
f 4318/4588/5438 4474/4263/5054 4551/4266/5057
f 4176/4412/5212 4120/4264/5055 4474/4263/5054
f 4126/4291/5082 4416/4591/5441 4291/4300/5091
f 4416/4591/5441 4242/4592/5442 4121/4262/5053
f 4242/4592/5442 4522/4593/5443 4497/4265/5056
f 4522/4593/5443 4114/4257/5048 4117/4258/5049
f 4123/4267/5058 4406/4280/5071 4416/4591/5441
f 4406/4280/5071 4112/4253/5044 4242/4592/5442
f 4289/4276/5067 4317/4246/5037 4424/4281/5072
f 4317/4246/5037 4106/4245/5036 4113/4251/5042
f 4106/4245/5036 4110/4464/5276 4392/4254/5045
f 4392/4254/5045 4341/4594/5444 4109/4248/5039
f 4437/4230/5021 4630/4596/5446 4535/4595/5445
f 4098/4217/5008 4438/4235/5026 4630/4596/5446
f 4438/4235/5026 4104/4232/5023 4533/4343/5135
f 4630/4596/5446 4533/4343/5135 4152/4344/5136
f 4648/4597/5447 4378/4061/4852 4631/4598/5448
f 4378/4061/4852 4023/4058/4849 4370/4419/5220
f 4631/4598/5448 4370/4419/5220 4243/4421/5222
f 4681/4599/5449 4631/4598/5448 4287/4397/5450
f 4651/4600/5452 4524/4601/5455 4555/4249/5453
f 4524/4601/5455 4652/4660/5566 4244/4602/5456
f 4119/4259/5573 4653/4664/5572 4674/4681/5623
f 4119/4259/5573 4674/4681/5623 4654/4682/5624
f 4247/4603/5457 4655/4656/5625 4245/4347/5458
f 4571/4359/5465 4159/4358/5460 4249/4605/5462
f 4246/4653/5626 4154/4352/5626 4573/4354/5626
f 4159/4358/5460 4161/4363/5627 4251/4604/5461
f 4249/4605/5462 4326/4606/5463 4571/4359/5465
f 4386/4607/5464 4250/4654/5555 4248/4356/5466
f 4161/4363/5627 4333/4366/5628 4251/4604/5461
f 4333/4366/5628 4162/4370/5467 4251/4604/5461
f 4252/4683/5629 4452/4684/5630 4251/4604/5461
f 4452/4684/5630 4656/4685/5631 4251/4604/5461
f 4253/4372/5632 4560/4378/5633 4254/4612/5476
f 4560/4378/5633 4167/4308/5474 4254/4612/5476
f 4364/4608/5469 4675/4609/5472 4465/4373/5470
f 4465/4373/5470 4255/4610/5473 4163/4369/5468
f 4167/4308/5474 4168/4381/5477 4256/4611/5475
f 4168/4381/5477 4169/4380/5634 4260/4613/5478
f 4256/4611/5475 4258/4615/5480 4254/4612/5476
f 4169/4380/5634 4259/4383/5481 4260/4613/5478
f 4261/4686/5635 4421/4687/5636 4260/4613/5478
f 4421/4687/5636 4657/4688/5637 4260/4613/5478
f 4279/4618/5547 4460/4689/5638 4262/4616/5482
f 4262/4616/5482 4460/4689/5638 4263/4617/5483
f 4192/4447/5485 4658/4649/5546 4544/4690/5639
f 4192/4447/5485 4544/4690/5639 4279/4618/5486
f 4202/4445/5488 4443/4211/5492 4433/4619/5489
f 4659/4621/5493 4373/4622/5494 4433/4619/5489
f 4373/4622/5494 4265/4691/5640 4220/4620/5490
f 4208/4476/5495 4660/4647/5543 4678/4623/5496
f 4483/4475/5497 4678/4623/5496 4266/4624/5498
f 4212/4484/5500 4269/4692/5641 4313/4625/5501
f 4562/4482/5502 4313/4625/5501 4661/4626/5503
f 4429/4496/5511 4427/4628/5510 4216/4491/5512
f 4216/4491/5512 4271/4641/5534 4632/4629/5513
f 4561/4630/5514 4632/4629/5513 4272/4631/5515
f 4492/4632/5516 4540/4063/5642 4026/4065/5517
f 4662/4633/5518 4670/4635/5521 4568/4571/5519
f 4670/4635/5521 4274/4657/5561 4273/4240/5522
f 4275/4636/5523 4288/4637/5526 4466/4465/5524
f 4288/4637/5526 4663/4693/5643 4111/4463/5527
f 4025/4064/4855 4536/4638/5529 4553/4502/5528
f 4536/4638/5529 4664/4694/5644 4218/4501/5530
f 4218/4501/5530 4664/4694/5644 4679/4639/5531
f 4538/4500/5532 4679/4639/5531 4276/4640/5533
f 4217/4495/5509 4276/4640/5533 4427/4628/5510
f 4272/4631/5515 4415/4642/5535 4270/4512/5506
f 4277/4627/5508 4316/4643/5536 4345/4514/5507
f 4316/4643/5536 4269/4692/5641 4212/4484/5500
f 4267/4485/5504 4661/4626/5503 4294/4644/5537
f 4566/4505/5538 4294/4644/5537 4278/4645/5539
f 4219/4504/5540 4278/4645/5539 4633/4646/5541
f 4503/4472/5542 4633/4646/5541 4208/4476/5495
f 4207/4474/5499 4266/4624/5498 4484/4648/5544
f 4444/4467/5545 4484/4648/5544 4659/4621/5493
f 4220/4620/5490 4265/4691/5640 4672/4695/5645
f 4220/4620/5490 4672/4695/5645 4658/4649/5546
f 4263/4617/5483 4261/4686/5635 4260/4613/5478
f 4260/4613/5478 4657/4688/5637 4390/4650/5549
f 4256/4611/5475 4390/4650/5549 4257/4614/5479
f 4254/4612/5476 4258/4615/5480 4676/4651/5550
f 4254/4612/5476 4364/4608/5469 4253/4372/5471
f 4251/4604/5461 4656/4685/5631 4388/4652/5551
f 4280/4696/5646 4247/4603/5553 4246/4653/5552
f 4250/4654/5555 4455/4655/5557 4573/4354/5556
f 4455/4655/5557 4280/4696/5646 4246/4653/5552
f 4655/4656/5558 4673/4697/5647 4554/4350/5559
f 4554/4350/5559 4673/4697/5647 4662/4633/5518
f 4274/4657/5561 4669/4658/5563 4563/4241/5562
f 4669/4658/5563 4275/4636/5523 4199/4242/5525
f 4111/4463/5527 4663/4693/5643 4671/4659/5564
f 4671/4659/5564 4651/4600/5452 4109/4248/5454
f 4652/4660/5566 4677/4698/5648 4558/4256/5567
f 4558/4256/5567 4677/4698/5648 4665/4661/5568
f 4115/4662/5569 4665/4661/5568 4295/4663/5570
f 4118/4261/5571 4295/4663/5570 4653/4664/5572
f 4119/4259/5573 4654/4682/5624 4667/4665/5574
f 4551/4266/5575 4667/4665/5574 4281/4666/5576
f 4024/4040/5577 4281/4666/5576 4668/4667/5578
f 4153/4349/5141 4441/4348/5140 4634/4668/5580
f 4441/4348/5140 4156/4351/5143 4516/4669/5581
f 4634/4668/5580 4516/4669/5581 4102/4227/5018
f 4396/4353/5145 4634/4668/5580 4517/4360/5152
f 4112/4253/5044 4374/4252/5043 4522/4593/5443
f 4374/4252/5043 4108/4250/5041 4114/4257/5048
f 4576/4041/4830 4635/4670/5582 4296/4589/5439
f 4635/4670/5582 4514/4678/5596 4021/4583/5428
f 4255/4610/5473 4454/4671/5583 4163/4369/5468
f 4454/4671/5583 4252/4683/5629 4251/4604/5461
f 4067/4149/4940 4060/4140/4931 4073/4155/4946
f 4075/4160/4951 4070/4152/4943 4072/4154/4945
f 4133/4285/5076 4315/4299/5090 4636/4672/5584
f 4315/4299/5090 4137/4298/5089 4375/4416/5216
f 4636/4672/5584 4375/4416/5216 4148/4418/5219
f 4314/4673/5585 4636/4672/5584 4134/4293/5084
f 4181/4548/5387 4546/4550/5389 4480/4432/5586
f 4546/4550/5389 4233/4536/5369 4183/4430/5588
f 4135/4294/5085 4147/4332/5124 4184/4431/5235
f 4131/4286/5077 4531/4292/5083 4184/4431/5235
f 4124/4275/5066 4127/4274/5065 4142/4323/5114
f 4515/4327/5119 4125/4272/5063 4130/4283/5074
f 4482/4545/5383 4411/4674/5589 4476/4345/5137
f 4411/4674/5589 4086/4188/4979 4407/4339/5131
f 4476/4345/5137 4411/4674/5589 4407/4339/5131
f 4081/4175/4966 4389/4184/4975 4398/4461/5273
f 4086/4188/4979 4411/4674/5589 4398/4461/5273
f 4411/4674/5589 4195/4457/5265 4194/4456/5264
f 4187/4439/5243 4481/4438/5242 4395/4096/4887
f 4481/4438/5242 4044/4099/4890 4040/4088/4879
f 4035/4078/4869 4045/4100/4891 4033/4428/5232
f 4105/4237/5028 4422/4236/5027 4637/4675/5590
f 4422/4236/5027 4101/4224/5015 4423/4244/5035
f 4637/4675/5590 4423/4244/5035 4107/4247/5038
f 4498/4346/5138 4637/4675/5590 4290/4277/5068
f 4639/4569/5649 4235/4551/5649 4231/4549/5649
f 4639/4569/5650 4231/4549/5650 4284/4529/5650
f 4284/4529/5651 4647/4547/5651 4227/4530/5651
f 4231/4549/5652 4647/4547/5652 4284/4529/5652
f 4231/4549/5653 4487/4555/5653 4232/4554/5653
f 4235/4551/5654 4487/4555/5654 4231/4549/5654
f 4645/4557/5655 4352/18/5655 4641/4565/5655
f 4641/4565/5656 4638/20/5656 4644/4566/5656
f 4644/4566/5657 4504/4525/5657 4238/4558/5657
f 4238/4558/5658 4225/4564/5658 4559/4559/5658
f 4559/4559/5659 4225/4564/5659 4239/4561/5659
f 4239/4561/5660 4225/4564/5660 4642/4680/5660
f 4642/4680/5661 4646/4563/5661 4240/4562/5661
f 4225/4564/5662 4646/4563/5662 4642/4680/5662
f 4225/4564/5663 4238/4558/5663 4504/4525/5663
f 4504/4525/5664 4644/4566/5664 4638/20/5664
f 4638/20/5665 4641/4565/5665 4352/18/5665
f 4682/4699/5666 4684/4700/5667 4685/4701/5668
f 4696/4702/5669 4695/4703/5670 4747/4704/5671
f 4802/4705/5672 4690/4706/5673 4830/4707/5674
f 4805/4708/5675 4682/4699/5666 4804/4709/5676
f 4691/4710/5677 4694/4711/5678 4695/4703/5670
f 4742/4712/5679 4740/4713/5680 4746/4714/5681
f 4840/4715/5682 4905/4716/5683 4908/4717/5684
f 4733/4718/5685 4701/4719/5686 4705/4720/5687
f 4966/4721/5688 4975/4722/5689 4976/4723/5690
f 4690/4706/5673 4692/4724/5691 4693/4725/5692
f 4735/4726/5693 4692/4724/5691 4697/4727/5694
f 4832/4728/5695 4833/4729/5696 4834/4730/5697
f 4795/4731/5698 4782/4732/5699 4776/4733/5700
f 4706/4734/5701 4698/4735/5702 4701/4719/5686
f 4717/4736/5703 4711/4737/5704 4716/4738/5705
f 4809/4739/5706 4807/4740/5707 4808/4741/5708
f 4728/4742/5709 4734/4743/5710 4729/4744/5711
f 4702/4745/5712 4712/4746/5713 4703/4747/5714
f 4701/4719/5686 4699/4748/5715 4700/4749/5716
f 4753/4750/5717 4806/4751/5718 4831/4752/5719
f 4732/4753/5720 4706/4734/5721 4733/4718/5722
f 4770/4754/5723 4773/4755/5724 4771/4756/5725
f 4711/4737/5704 4712/4746/5713 4713/4757/5726
f 4766/4758/5727 4764/4759/5728 4767/4760/5729
f 4708/4761/5730 4710/4762/5731 4711/4737/5704
f 4781/4763/5732 4776/4733/5700 4782/4732/5699
f 4714/4764/5733 4709/4765/5734 4708/4761/5730
f 4713/4757/5726 4719/4766/5735 4718/4767/5736
f 4693/4725/5692 4737/4768/5737 4829/4769/5738
f 4754/4770/5739 4750/4771/5740 4753/4750/5717
f 4728/4742/5709 4726/4772/5741 4731/4773/5742
f 4715/4774/5743 4755/4775/5744 4756/4776/5745
f 4724/4777/5746 4704/4778/5747 4725/4779/5748
f 4723/4780/5749 4721/4781/5750 4722/4782/5751
f 4725/4779/5748 4720/4783/5752 4724/4777/5746
f 4720/4783/5753 4726/4772/5754 4727/4784/5755
f 4727/4784/5756 4729/4744/5711 4730/4785/5757
f 4724/4777/5758 4727/4784/5755 4730/4785/5759
f 4739/4786/5760 4735/4726/5693 4736/4787/5761
f 4733/4718/5722 4729/4744/5711 4732/4753/5720
f 4771/4756/5725 4763/4788/5762 4770/4754/5723
f 4736/4787/5761 4697/4727/5694 4734/4743/5710
f 4718/4767/5736 4711/4737/5704 4713/4757/5726
f 4739/4786/5760 4812/4789/5763 4821/4790/5764
f 4731/4773/5742 4736/4787/5761 4728/4742/5709
f 4734/4743/5710 4696/4702/5669 4741/4791/5765
f 4970/4792/5766 4969/4793/5767 5049/4794/5768
f 4686/4795/5769 4747/4704/5671 4695/4703/5670
f 4705/4720/5770 4700/4749/5716 4704/4778/5747
f 4702/4745/5712 4707/4796/5771 4719/4766/5735
f 4743/4797/5772 4746/4714/5681 4745/4798/5773
f 4741/4791/5765 4729/4744/5711 4734/4743/5710
f 4742/4712/5679 4732/4753/5720 4741/4791/5765
f 4845/4799/5774 4846/4800/5775 4874/4801/5776
f 4998/4802/5777 4987/4803/5778 5000/4804/5779
f 5141/4805/5780 5132/4806/5781 5139/4807/5782
f 4743/4797/5772 4707/4796/5783 4706/4734/5721
f 4748/4808/5784 4745/4798/5773 4746/4714/5681
f 4866/4809/5785 4864/4810/5786 4953/4811/5787
f 4860/4812/5788 4868/4813/5789 4861/4814/5790
f 4751/4815/5791 4688/4816/5792 4750/4771/5740
f 4801/4817/5793 4689/4818/5794 4751/4815/5791
f 4774/4819/5795 4775/4820/5796 4776/4733/5797
f 4755/4775/5744 4771/4756/5798 4757/4821/5799
f 4922/4822/5800 4920/4823/5801 4923/4824/5802
f 4760/4825/5803 4708/4761/5730 4717/4736/5703
f 4799/4826/5804 4718/4767/5805 4800/4827/5806
f 4768/4828/5807 4751/4815/5791 4754/4770/5739
f 4754/4770/5739 4762/4829/5808 4768/4828/5807
f 4765/4830/5809 4763/4788/5762 4764/4759/5728
f 4791/4831/5810 4776/4733/5797 4775/4820/5796
f 4769/4832/5811 4772/4833/5812 4770/4754/5723
f 4788/4834/5813 4792/4835/5814 4789/4836/5815
f 4752/4837/5816 4766/4758/5727 4797/4838/5817
f 4757/4821/5799 4773/4755/5818 4774/4819/5795
f 4980/4839/5819 4985/4840/5820 4982/4841/5821
f 4723/4780/5749 4722/4782/5751 4807/4740/5707
f 4778/4842/5822 4831/4752/5719 5007/4843/5823
f 4838/4844/5824 4905/4716/5825 4839/4845/5826
f 4778/4842/5822 4780/4846/5827 4761/4847/5828
f 4776/4733/5700 4777/4848/5829 4774/4819/5830
f 4768/4828/5807 4762/4829/5808 4765/4830/5809
f 4784/4849/5831 4780/4846/5827 4783/4850/5832
f 4775/4820/5833 4772/4833/5812 4785/4851/5834
f 4931/4852/5835 4952/4853/5836 4865/4854/5837
f 4789/4836/5815 4787/4855/5838 4788/4834/5813
f 4783/4850/5832 4779/4856/5839 4787/4855/5838
f 4842/4857/5840 4792/4835/5814 4843/4858/5841
f 4793/4859/5842 4789/4836/5815 4792/4835/5814
f 4791/4831/5843 4785/4851/5834 4790/4860/5844
f 4786/4861/5845 4783/4850/5832 4789/4836/5815
f 4794/4862/5846 4776/4733/5797 4791/4831/5810
f 4786/4861/5845 4790/4860/5844 4785/4851/5834
f 4814/4863/5847 4808/4741/5708 4851/4864/5848
f 4703/4747/5714 4698/4735/5702 4702/4745/5712
f 4821/4790/5764 4813/4865/5849 4824/4866/5850
f 4798/4867/5851 4752/4837/5816 4797/4838/5817
f 4799/4826/5804 4766/4758/5727 4767/4760/5729
f 4841/4868/5852 4899/4869/5853 4901/4870/5854
f 4716/4738/5855 4767/4760/5729 4717/4736/5856
f 4809/4739/5857 4815/4871/5858 4811/4872/5859
f 4779/4856/5839 5007/4843/5823 4896/4873/5860
f 4769/4832/5811 4761/4847/5828 4780/4846/5827
f 4744/4874/5861 4746/4714/5681 4740/4713/5680
f 4796/4875/5862 4748/4808/5784 4744/4874/5861
f 4801/4817/5793 4765/4830/5809 4766/4758/5727
f 4788/4834/5813 4787/4855/5838 4899/4869/5853
f 4705/4720/5687 4730/4785/5759 4733/4718/5685
f 4719/4766/5863 4745/4798/5773 4749/4876/5864
f 4815/4871/5858 4853/4877/5865 4828/4878/5866
f 4752/4837/5816 4683/4879/5867 4689/4818/5794
f 4800/4827/5806 4797/4838/5817 4799/4826/5804
f 4983/4880/5868 4986/4881/5869 4984/4882/5870
f 4694/4711/5678 4802/4705/5672 4687/4883/5871
f 5007/4843/5823 4982/4841/5821 4987/4803/5778
f 4750/4771/5740 4805/4708/5675 4806/4751/5718
f 4826/4884/5872 4869/4885/5873 4849/4886/5874
f 4818/4887/5875 4824/4866/5850 4819/4888/5876
f 4747/4704/5671 4741/4791/5765 4696/4702/5669
f 4731/4773/5742 4810/4889/5877 4812/4789/5763
f 4811/4872/5859 4723/4780/5878 4809/4739/5857
f 4812/4789/5763 4811/4872/5879 4813/4865/5849
f 4829/4769/5738 4817/4890/5880 4823/4891/5881
f 4853/4877/5882 4851/4864/5848 4852/4892/5883
f 4817/4890/5880 4818/4887/5875 4816/4893/5884
f 4737/4768/5737 4738/4894/5885 4817/4890/5880
f 4816/4893/5884 4819/4888/5876 4820/4895/5886
f 4821/4790/5764 4738/4894/5885 4739/4786/5760
f 4823/4891/5881 4816/4893/5884 4822/4896/5887
f 4826/4884/5872 4819/4888/5876 4824/4866/5850
f 4867/4897/5888 4862/4898/5889 4866/4809/5890
f 4827/4899/5891 4824/4866/5850 4813/4865/5849
f 5002/4900/5892 5000/4804/5779 5020/4901/5893
f 4978/4902/5894 4973/4903/5895 4989/4904/5896
f 4719/4766/5863 4800/4827/5806 4718/4767/5805
f 4872/4905/5897 4865/4854/5837 4952/4853/5836
f 4829/4769/5738 4830/4707/5674 4693/4725/5692
f 4868/4813/5789 4847/4906/5898 4849/4886/5874
f 4837/4907/5899 4842/4857/5840 4844/4908/5900
f 4794/4862/5846 4833/4729/5901 4795/4731/5902
f 4836/4909/5903 4835/4910/5904 4794/4862/5905
f 4909/4911/5906 4910/4912/5907 4926/4913/5908
f 4839/4845/5826 4835/4910/5909 4838/4844/5824
f 4839/4845/5910 4834/4730/5697 4833/4729/5696
f 4764/4759/5728 4717/4736/5856 4767/4760/5729
f 4971/4914/5911 4972/4915/5912 4995/4916/5913
f 4918/4917/5914 4921/4918/5915 4919/4919/5916
f 4836/4909/5903 4793/4859/5842 4842/4857/5840
f 4907/4920/5917 4904/4921/5918 4906/4922/5919
f 4865/4854/5837 4867/4897/5920 4931/4852/5835
f 4820/4895/5886 4822/4896/5887 4816/4893/5884
f 4825/4923/5921 4820/4895/5886 4819/4888/5876
f 4794/4862/5905 4790/4860/5844 4836/4909/5903
f 4897/4924/5922 5001/4925/5923 4898/4926/5924
f 4981/4927/5925 4803/4928/5926 4956/4929/5927
f 4859/4930/5928 4855/4931/5929 4857/4932/5930
f 4922/4822/5931 4866/4809/5890 4927/4933/5932
f 4855/4931/5933 4852/4892/5883 4854/4934/5934
f 4855/4931/5929 4828/4878/5866 4853/4877/5865
f 4861/4814/5790 4859/4930/5935 4860/4812/5788
f 5029/4935/5936 5021/4936/5937 5026/4937/5938
f 4863/4938/5939 4857/4932/5930 4862/4898/5889
f 4862/4898/5940 4856/4939/5941 4864/4810/5786
f 4863/4938/5942 4860/4812/5788 4859/4930/5935
f 4971/4914/5911 5019/4940/5943 5018/4941/5944
f 4849/4886/5874 4825/4923/5921 4826/4884/5872
f 4861/4814/5790 4849/4886/5874 4869/4885/5873
f 4945/4942/5945 4938/4943/5946 4947/4944/5947
f 4848/4945/5948 4850/4946/5949 4870/4947/5950
f 4850/4946/5949 4872/4905/5897 4871/4948/5951
f 4875/4949/5952 4873/4950/5953 4874/4801/5776
f 4877/4951/5954 4874/4801/5776 4873/4950/5953
f 4916/4952/5955 4890/4953/5956 4892/4954/5957
f 4870/4947/5950 4871/4948/5951 4880/4955/5958
f 4848/4945/5948 4874/4801/5776 4846/4800/5775
f 4879/4956/5959 4880/4955/5958 4881/4957/5960
f 4887/4958/5961 4883/4959/5962 4884/4960/5963
f 4984/4882/5870 4979/4961/5964 4983/4880/5868
f 4882/4962/5965 4886/4963/5966 4889/4964/5967
f 4884/4960/5963 4881/4957/5960 4880/4955/5958
f 4891/4965/5968 4893/4966/5969 4950/4967/5970
f 4888/4968/5971 4886/4963/5966 4887/4958/5961
f 4890/4953/5956 4885/4969/5972 4888/4968/5971
f 4892/4954/5957 4888/4968/5971 4929/4970/5973
f 5000/4804/5779 4982/4841/5821 4985/4840/5820
f 5017/4971/5974 5015/4972/5975 5016/4973/5976
f 4894/4974/5977 4822/4896/5887 4895/4975/5978
f 4998/4802/5777 5003/4976/5979 4999/4977/5980
f 4902/4978/5981 4844/4908/5900 4915/4979/5982
f 4921/4918/5983 4910/4912/5984 4919/4919/5985
f 4785/4851/5834 4784/4849/5831 4786/4861/5845
f 4895/4975/5978 4845/4799/5774 4877/4951/5954
f 4938/4943/5946 5012/4980/5986 5014/4981/5987
f 4941/4982/5988 4901/4870/5854 4943/4983/5989
f 4897/4924/5922 4899/4869/5853 4787/4855/5838
f 4906/4922/5990 4903/4984/5991 4917/4985/5992
f 4903/4984/5991 4915/4979/5982 4911/4986/5993
f 4837/4907/5899 4838/4844/5994 4835/4910/5904
f 4902/4978/5981 4904/4921/5995 4838/4844/5994
f 4950/4967/5970 4945/4942/5945 4948/4987/5996
f 4908/4717/5684 4907/4920/5997 4909/4911/5906
f 4940/4988/5998 4915/4979/5982 4844/4908/5900
f 4978/4902/5894 4974/4989/5999 4975/4722/5689
f 4925/4990/6000 4927/4933/6001 4928/4991/6002
f 4756/4776/5745 4757/4821/6003 4758/4992/6004
f 4917/4985/5992 4911/4986/5993 4912/4993/6005
f 4918/4917/5914 4912/4993/6005 4916/4952/5955
f 4919/4919/5985 4907/4920/5917 4906/4922/5919
f 4919/4919/5916 4917/4985/5992 4918/4917/5914
f 4922/4822/5800 4931/4852/5835 4867/4897/5920
f 4813/4865/5849 4815/4871/6006 4827/4899/5891
f 4929/4970/5973 4887/4958/5961 4930/4994/6007
f 4916/4952/5955 4920/4823/5801 4918/4917/5914
f 4946/4995/6008 4893/4966/5969 4914/4996/6009
f 4924/4997/6010 4926/4913/5908 4910/4912/5907
f 4930/4994/6007 4923/4824/5802 4929/4970/5973
f 4923/4824/5802 4892/4954/5957 4929/4970/5973
f 4841/4868/5852 4843/4858/5841 4792/4835/5814
f 4934/4998/6011 5008/4999/6012 5011/5000/6013
f 4954/5001/6014 4830/4707/5674 4955/5002/6015
f 4900/5003/6016 4943/4983/6017 4901/4870/5854
f 4935/5004/6018 4934/4998/6011 4937/5005/6019
f 4949/5006/6020 4950/4967/5970 4948/4987/5996
f 4932/5007/6021 4933/5008/6022 4943/4983/6017
f 4940/4988/5998 4943/4983/5989 4933/5008/6023
f 4933/5008/6023 4936/5009/6024 4940/4988/5998
f 4937/5005/6019 4939/5010/6025 4935/5004/6018
f 4997/5011/6026 4787/4855/5838 4896/4873/5860
f 4946/4995/6008 4939/5010/6027 4945/4942/5945
f 4944/5012/6028 4935/5004/6029 4939/5010/6027
f 4913/5013/6030 4936/5009/6024 4944/5012/6028
f 4889/4964/5967 4891/4965/5968 4949/5006/6020
f 4988/5014/6031 4991/5015/6032 4993/5016/6033
f 4889/4964/5967 4965/5017/6034 4882/4962/5965
f 4930/4994/6007 4951/5018/6035 4952/4853/5836
f 4994/5019/6036 4996/5020/6037 4962/5021/6038
f 4927/4933/6001 4953/4811/5787 4928/4991/6002
f 4947/4944/5947 5014/4981/5987 5017/4971/5974
f 4952/4853/5836 4871/4948/5951 4872/4905/5897
f 4951/5018/6035 4880/4955/5958 4871/4948/5951
f 5077/5022/6039 5134/5023/6040 5133/5024/6041
f 4875/4949/5952 4870/4947/5950 4879/4956/5959
f 4876/5025/6042 4879/4956/5959 4878/5026/6043
f 4857/4932/6044 4854/4934/5934 4856/4939/5941
f 4802/4705/5672 4956/4929/5927 4803/4928/5926
f 4898/4926/5924 4901/4870/5854 4899/4869/5853
f 4961/5027/6045 4958/5028/6046 4959/5029/6047
f 4955/5002/6015 4957/5030/6048 4954/5001/6014
f 4965/5017/6034 4970/4792/5766 4963/5031/6049
f 4963/5031/6049 5049/4794/5768 4968/5032/6050
f 4963/5031/6049 4964/5033/6051 4965/5017/6034
f 4977/5034/6052 4978/4902/5894 4994/5019/6036
f 4964/5033/6051 4882/4962/5965 4965/5017/6034
f 4964/5033/6051 4963/5031/6049 4966/4721/5688
f 5018/4941/5944 4970/4792/5766 4971/4914/5911
f 4974/4989/5999 4877/4951/5954 4975/4722/5689
f 4975/4722/5689 4873/4950/5953 4976/4723/5690
f 4977/5034/6052 4895/4975/5978 4974/4989/5999
f 4896/4873/5860 4987/4803/5778 4997/5011/6026
f 4844/4908/5900 4843/4858/5841 4940/4988/5998
f 4912/4993/6005 4913/5013/6030 4914/4996/6009
f 4980/4839/5819 4805/4708/5675 4979/4961/5964
f 4979/4961/5964 4804/4709/5676 4981/4927/5925
f 4980/4839/5819 4831/4752/5719 4806/4751/5718
f 4770/4754/5723 4762/4829/5808 4769/4832/5811
f 4876/5025/6042 4976/4723/5690 4873/4950/5953
f 4984/4882/5870 4986/4881/5869 4985/4840/5820
f 4898/4926/5924 5006/5035/6053 4900/5003/6016
f 4993/5016/6033 4957/5030/6048 4992/5036/6054
f 4956/4929/5927 4990/5037/6055 4981/4927/5925
f 4962/5021/6038 4958/5028/6046 4994/5019/6036
f 4803/4928/5926 4687/4883/5871 4802/4705/5672
f 5027/5038/6056 5055/5039/6057 5028/5040/6058
f 4955/5002/6015 4894/4974/5977 4977/5034/6052
f 4916/4952/5955 4914/4996/6009 4893/4966/5969
f 4994/5019/6036 4989/4904/5896 4996/5020/6037
f 5009/5041/6059 5006/5035/6053 5005/5042/6060
f 4999/4977/5980 5004/5043/6061 5001/4925/5923
f 4999/4977/5980 4997/5011/6026 4998/4802/5777
f 5001/4925/5923 5005/5042/6060 5006/5035/6053
f 4972/4915/5912 4949/5006/6020 4995/4916/5913
f 5008/4999/6012 4900/5003/6016 5006/5035/6053
f 5012/4980/5986 5010/5044/6062 5013/5045/6063
f 5008/4999/6012 5010/5044/6062 5011/5000/6013
f 4937/5005/6019 5011/5000/6013 5012/4980/5986
f 5014/4981/5987 5013/5045/6063 5015/4972/5975
f 4881/4957/5960 4878/5026/6043 4879/4956/5959
f 4958/5028/6046 4977/5034/6052 4994/5019/6036
f 4948/4987/5996 4947/4944/5947 4995/4916/5913
f 4846/4800/5775 4847/4906/5898 4848/4945/5948
f 4827/4899/5891 4828/4878/6064 4869/4885/5873
f 4995/4916/5913 5017/4971/5974 4971/4914/5911
f 5020/4901/5893 4985/4840/5820 4986/4881/5869
f 5063/5046/6065 5128/5047/6066 5065/5048/6067
f 5103/5049/6068 5139/4807/6069 5119/5050/6070
f 5032/5051/6071 5137/5052/6072 5138/5053/6073
f 5042/5054/6074 5037/5055/6075 5038/5056/6076
f 5093/5057/6077 5132/4806/5781 5125/5058/6078
f 5064/5059/6079 5067/5060/6080 5062/5061/6081
f 5039/5062/6082 5038/5056/6083 5043/5063/6084
f 5050/5064/6085 4967/5065/6086 5034/5066/6087
f 5036/5067/6088 5038/5056/6076 5037/5055/6075
f 5037/5055/6075 5131/5068/6089 5036/5067/6088
f 5034/5066/6087 5033/5069/6090 5045/5070/6091
f 5095/5071/6092 5072/5072/6093 5071/5073/6094
f 5032/5051/6071 5033/5069/6095 4967/5065/6096
f 5066/5074/6097 5035/5075/6098 5088/5076/6099
f 5107/5077/6100 5098/5078/6101 5140/5079/6102
f 4969/4793/6103 5052/5080/6104 5051/5081/6105
f 5054/5082/6106 5091/5083/6107 5057/5084/6108
f 5035/5075/6109 5043/5063/6084 5038/5056/6083
f 5042/5054/6110 5039/5062/6082 5041/5085/6111
f 5024/5086/6112 5021/4936/6113 5022/5087/6114
f 5099/5088/6115 5053/5089/6116 5046/5090/6117
f 5079/5091/6118 5078/5092/6119 5080/5093/6120
f 5047/5094/6121 5032/5051/6071 5046/5090/6117
f 5123/5095/6122 5082/5096/6123 5078/5092/6119
f 5047/5094/6124 5045/5070/6091 5033/5069/6090
f 5023/5097/6125 5021/4936/6113 5030/5098/6126
f 5060/5099/6127 5058/5100/6128 5061/5101/6129
f 5112/5102/6130 5120/5103/6131 5119/5050/6070
f 5129/5104/6132 5095/5071/6133 5128/5047/6134
f 5118/5105/6135 5123/5095/6136 5133/5024/6137
f 4749/4876/5864 4798/4867/5851 4800/4827/5806
f 5110/5106/6138 5109/5107/6139 5138/5053/6140
f 5126/5108/6141 5131/5068/6142 5091/5083/6143
f 5140/5079/6144 5024/5086/6112 5136/5109/6145
f 5105/5110/6146 5140/5079/6102 5136/5109/6147
f 5109/5107/6139 5115/5111/6148 5138/5053/6140
f 5105/5110/6146 5107/5077/6100 5140/5079/6102
f 4689/4818/5794 4682/4699/5666 4688/4816/5792
f 5093/5057/6077 5136/5109/6149 5132/4806/5781
f 5038/5056/6076 5036/5067/6088 5035/5075/6098
f 5023/5097/6125 5030/5098/6126 5058/5100/6150
f 5056/5112/6151 5027/5038/6056 5042/5054/6110
f 5107/5077/6100 5092/5113/6152 5098/5078/6101
f 5096/5114/6153 5134/5023/6154 5095/5071/6133
f 5093/5057/6155 5105/5110/6146 5136/5109/6147
f 5083/5115/6156 5051/5081/6105 5086/5116/6157
f 5059/5117/6158 5058/5100/6128 5060/5099/6127
f 5058/5100/6150 5053/5089/6116 5023/5097/6125
f 5058/5100/6150 5046/5090/6117 5053/5089/6116
f 5114/5118/6159 5108/5119/6160 5106/5120/6161
f 4804/4709/5676 4685/4701/5668 4803/4928/5926
f 5065/5048/6067 5095/5071/6092 5071/5073/6094
f 5112/5102/6130 5119/5050/6070 5099/5088/6162
f 5064/5059/6079 5108/5119/6163 5063/5046/6065
f 5069/5121/6164 5063/5046/6065 5065/5048/6067
f 5048/5122/6165 5047/5094/6124 5059/5117/6158
f 5135/5123/6166 5133/5024/6137 5134/5023/6154
f 5101/5124/6167 5084/5125/6168 5082/5096/6123
f 5068/5126/6169 5067/5060/6170 5070/5127/6171
f 5090/5128/6172 5062/5061/6173 5089/5129/6174
f 5089/5129/6174 5062/5061/6173 5068/5126/6169
f 5030/5098/6175 5061/5101/6129 5058/5100/6128
f 5076/5130/6176 5133/5024/6041 5123/5095/6122
f 5096/5114/6153 5135/5123/6166 5134/5023/6154
f 5118/5105/6135 5117/5131/6177 5123/5095/6136
f 5122/5132/6178 5101/5124/6179 5123/5095/6136
f 5075/5133/6180 5076/5130/6176 5079/5091/6118
f 5031/5134/6181 5113/5135/6182 5137/5052/6072
f 5022/5087/6114 5139/4807/6183 5132/4806/6184
f 5081/5136/6185 5079/5091/6186 5080/5093/6187
f 5074/5137/6188 5077/5022/6039 5075/5133/6180
f 5082/5096/6123 5080/5093/6120 5078/5092/6119
f 5083/5115/6189 5082/5096/6123 5084/5125/6168
f 5106/5120/6190 5036/5067/6088 5131/5068/6089
f 5080/5093/6187 5087/5138/6191 5081/5136/6185
f 5085/5139/6192 5080/5093/6187 5083/5115/6156
f 5025/5140/6193 5027/5038/6056 5028/5040/6058
f 5031/5134/6181 4968/5032/6194 5049/4794/6195
f 5097/5141/6196 5102/5142/6197 5101/5124/6179
f 5104/5143/6198 5106/5120/6161 5131/5068/6142
f 5122/5132/6178 5097/5141/6196 5101/5124/6179
f 5031/5134/6181 4967/5065/6096 4968/5032/6194
f 5124/5144/6199 5111/5145/6200 5113/5135/6201
f 5117/5131/6177 5122/5132/6178 5123/5095/6136
f 5110/5106/6138 5138/5053/6140 5137/5052/6202
f 5119/5050/6203 5023/5097/6125 5053/5089/6116
f 5103/5049/6068 5141/4805/6204 5139/4807/6069
f 5102/5142/6197 5113/5135/6201 5101/5124/6179
f 5100/5146/6205 5112/5102/6130 5099/5088/6162
f 5115/5111/6148 5099/5088/6162 5138/5053/6140
f 4687/4883/5871 4695/4703/5670 4694/4711/5678
f 5102/5142/6197 5124/5144/6199 5113/5135/6201
f 5103/5049/6068 5119/5050/6070 5120/5103/6131
f 5125/5058/6078 5132/4806/5781 5141/4805/5780
f 5111/5145/6200 5137/5052/6202 5113/5135/6201
f 5074/5137/6188 5071/5073/6094 5072/5072/6093
f 5027/5038/6206 5054/5082/6106 5042/5054/6074
f 5065/5048/6067 5073/5147/6207 5069/5121/6164
f 5126/5108/6141 5130/5148/6208 5131/5068/6142
f 5127/5149/6209 5126/5108/6141 5091/5083/6143
f 5114/5118/6159 5106/5120/6161 5142/5150/6210
f 4691/4710/5677 4697/4727/5694 4692/4724/5691
f 5114/5118/6159 5116/5151/6211 5108/5119/6160
f 5116/5151/6211 5121/5152/6212 5108/5119/6160
f 4740/4713/5680 4684/4700/5667 4744/4874/5861
f 5022/5087/6114 5136/5109/6145 5024/5086/6112
f 5084/5125/6168 5049/4794/6195 4969/4793/6213
f 5092/5113/6152 5091/5083/6143 5098/5078/6101
f 5098/5078/6214 5044/5153/6215 5140/5079/6144
f 5049/4794/6216 5050/5064/6085 5052/5080/6104
f 5108/5119/6163 5066/5074/6097 5106/5120/6190
f 4685/4701/5668 4686/4795/5769 4687/4883/5871
f 5046/5090/6117 5138/5053/6073 5099/5088/6115
f 5088/5076/6099 5035/5075/6098 5036/5067/6088
f 5092/5113/6152 5127/5149/6209 5091/5083/6143
f 4683/4879/5867 4744/4874/5861 4684/4700/5667
f 5094/5154/6217 5110/5106/6138 5137/5052/6202
f 5100/5146/6205 5099/5088/6162 5115/5111/6148
f 5111/5145/6200 5094/5154/6217 5137/5052/6202
f 5121/5152/6212 5128/5047/6134 5108/5119/6160
f 5121/5152/6212 5129/5104/6132 5128/5047/6134
f 5096/5114/6153 5095/5071/6133 5129/5104/6132
f 5135/5123/6166 5118/5105/6135 5133/5024/6137
f 5104/5143/6198 5131/5068/6142 5130/5148/6208
f 5104/5143/6198 5142/5150/6210 5106/5120/6161
f 4959/5029/6047 4958/5028/6046 4960/5155/6218
f 4759/5156/6219 4714/4764/5733 4760/4825/5803
f 4758/4992/6004 4774/4819/5830 4777/4848/5829
f 4983/4880/5868 4981/4927/5925 4990/5037/6055
f 4869/4885/5873 4858/5157/6220 4861/4814/5790
f 4911/4986/5993 4942/5158/6221 4913/5013/6030
f 4944/5012/6028 4914/4996/6009 4913/5013/6030
f 4992/5036/6054 4957/5030/6048 4961/5027/6045
f 4966/4721/5688 4967/5065/6222 4973/4903/5895
f 4924/4997/6223 4922/4822/5931 4927/4933/5932
f 4887/4958/5961 4884/4960/5963 4951/5018/6035
f 4991/5015/6032 4954/5001/6014 4957/5030/6048
f 4763/4788/5762 4760/4825/6224 4764/4759/5728
f 4753/4750/5717 4761/4847/5828 4754/4770/5739
f 4682/4699/5666 4683/4879/5867 4684/4700/5667
f 4830/4707/5674 4690/4706/5673 4693/4725/5692
f 4696/4702/5669 4691/4710/5677 4695/4703/5670
f 4802/4705/5672 4694/4711/5678 4690/4706/5673
f 4805/4708/5675 4688/4816/5792 4682/4699/5666
f 4691/4710/5677 4690/4706/5673 4694/4711/5678
f 4742/4712/5679 4747/4704/5671 4740/4713/5680
f 4840/4715/5682 4839/4845/5910 4905/4716/5683
f 4733/4718/5685 4706/4734/5701 4701/4719/5686
f 4966/4721/5688 4978/4902/5894 4975/4722/5689
f 4690/4706/5673 4691/4710/5677 4692/4724/5691
f 4735/4726/5693 4737/4768/5737 4692/4724/5691
f 4832/4728/5695 4795/4731/5698 4833/4729/5696
f 4795/4731/5698 4832/4728/5695 4782/4732/5699
f 4706/4734/5701 4707/4796/5771 4698/4735/5702
f 4717/4736/5703 4708/4761/5730 4711/4737/5704
f 4809/4739/5706 4723/4780/5749 4807/4740/5707
f 4728/4742/5709 4736/4787/5761 4734/4743/5710
f 4702/4745/5712 4713/4757/5726 4712/4746/5713
f 4701/4719/5686 4698/4735/5702 4699/4748/5715
f 4753/4750/5717 4750/4771/5740 4806/4751/5718
f 4732/4753/5720 4743/4797/5772 4706/4734/5721
f 4770/4754/5723 4772/4833/5812 4773/4755/5724
f 4711/4737/5704 4710/4762/5731 4712/4746/5713
f 4766/4758/5727 4765/4830/5809 4764/4759/5728
f 4708/4761/5730 4709/4765/5734 4710/4762/5731
f 4714/4764/5733 4715/4774/5743 4709/4765/5734
f 4713/4757/5726 4702/4745/5712 4719/4766/5735
f 4693/4725/5692 4692/4724/5691 4737/4768/5737
f 4754/4770/5739 4751/4815/5791 4750/4771/5740
f 4728/4742/5709 4727/4784/5756 4726/4772/5741
f 4715/4774/5743 4714/4764/5733 4755/4775/5744
f 4724/4777/5746 4705/4720/5770 4704/4778/5747
f 4723/4780/5749 4720/4783/5752 4721/4781/5750
f 4725/4779/5748 4721/4781/5750 4720/4783/5752
f 4720/4783/5753 4723/4780/5878 4726/4772/5754
f 4727/4784/5756 4728/4742/5709 4729/4744/5711
f 4724/4777/5758 4720/4783/5753 4727/4784/5755
f 4739/4786/5760 4738/4894/5885 4735/4726/5693
f 4733/4718/5722 4730/4785/5757 4729/4744/5711
f 4771/4756/5725 4759/5156/6225 4763/4788/5762
f 4736/4787/5761 4735/4726/5693 4697/4727/5694
f 4718/4767/5736 4716/4738/5705 4711/4737/5704
f 4739/4786/5760 4731/4773/5742 4812/4789/5763
f 4731/4773/5742 4739/4786/5760 4736/4787/5761
f 4734/4743/5710 4697/4727/5694 4696/4702/5669
f 4686/4795/5769 4740/4713/5680 4747/4704/5671
f 4705/4720/5770 4701/4719/5686 4700/4749/5716
f 4702/4745/5712 4698/4735/5702 4707/4796/5771
f 4743/4797/5772 4742/4712/5679 4746/4714/5681
f 4741/4791/5765 4732/4753/5720 4729/4744/5711
f 4742/4712/5679 4743/4797/5772 4732/4753/5720
f 4845/4799/5774 4820/4895/5886 4846/4800/5775
f 4998/4802/5777 4997/5011/6026 4987/4803/5778
f 4743/4797/5772 4745/4798/5773 4707/4796/5783
f 4748/4808/5784 4749/4876/5864 4745/4798/5773
f 4866/4809/5785 4862/4898/5940 4864/4810/5786
f 4860/4812/5788 4872/4905/5897 4868/4813/5789
f 4751/4815/5791 4689/4818/5794 4688/4816/5792
f 4801/4817/5793 4752/4837/5816 4689/4818/5794
f 4774/4819/5795 4773/4755/5818 4775/4820/5796
f 4755/4775/5744 4759/5156/6219 4771/4756/5798
f 4922/4822/5800 4921/4918/5915 4920/4823/5801
f 4760/4825/5803 4714/4764/5733 4708/4761/5730
f 4799/4826/5804 4716/4738/5855 4718/4767/5805
f 4768/4828/5807 4801/4817/5793 4751/4815/5791
f 4754/4770/5739 4761/4847/5828 4762/4829/5808
f 4765/4830/5809 4762/4829/5808 4763/4788/5762
f 4769/4832/5811 4784/4849/5831 4772/4833/5812
f 4788/4834/5813 4841/4868/5852 4792/4835/5814
f 4752/4837/5816 4801/4817/5793 4766/4758/5727
f 4757/4821/5799 4771/4756/5798 4773/4755/5818
f 4980/4839/5819 4984/4882/5870 4985/4840/5820
f 4778/4842/5822 4753/4750/5717 4831/4752/5719
f 4838/4844/5824 4904/4921/5918 4905/4716/5825
f 4778/4842/5822 4779/4856/5839 4780/4846/5827
f 4776/4733/5700 4781/4763/5732 4777/4848/5829
f 4784/4849/5831 4769/4832/5811 4780/4846/5827
f 4775/4820/5833 4773/4755/5724 4772/4833/5812
f 4931/4852/5835 4930/4994/6007 4952/4853/5836
f 4789/4836/5815 4783/4850/5832 4787/4855/5838
f 4783/4850/5832 4780/4846/5827 4779/4856/5839
f 4842/4857/5840 4793/4859/5842 4792/4835/5814
f 4793/4859/5842 4786/4861/5845 4789/4836/5815
f 4791/4831/5843 4775/4820/5833 4785/4851/5834
f 4786/4861/5845 4784/4849/5831 4783/4850/5832
f 4794/4862/5846 4795/4731/5902 4776/4733/5797
f 4786/4861/5845 4793/4859/5842 4790/4860/5844
f 4814/4863/5847 4809/4739/5706 4808/4741/5708
f 4703/4747/5714 4699/4748/5715 4698/4735/5702
f 4821/4790/5764 4812/4789/5763 4813/4865/5849
f 4798/4867/5851 4796/4875/5862 4752/4837/5816
f 4799/4826/5804 4797/4838/5817 4766/4758/5727
f 4841/4868/5852 4788/4834/5813 4899/4869/5853
f 4716/4738/5855 4799/4826/5804 4767/4760/5729
f 4810/4889/6226 4726/4772/5754 4723/4780/5878
f 4809/4739/5857 4814/4863/6227 4815/4871/5858
f 4779/4856/5839 4778/4842/5822 5007/4843/5823
f 4769/4832/5811 4762/4829/5808 4761/4847/5828
f 4744/4874/5861 4748/4808/5784 4746/4714/5681
f 4796/4875/5862 4798/4867/5851 4748/4808/5784
f 4801/4817/5793 4768/4828/5807 4765/4830/5809
f 4705/4720/5687 4724/4777/5758 4730/4785/5759
f 4719/4766/5863 4707/4796/5783 4745/4798/5773
f 4815/4871/5858 4814/4863/6227 4853/4877/5865
f 4752/4837/5816 4796/4875/5862 4683/4879/5867
f 4800/4827/5806 4798/4867/5851 4797/4838/5817
f 4983/4880/5868 4988/5014/6031 4986/4881/5869
f 5007/4843/5823 4831/4752/5719 4982/4841/5821
f 4750/4771/5740 4688/4816/5792 4805/4708/5675
f 4826/4884/5872 4827/4899/5891 4869/4885/5873
f 4818/4887/5875 4821/4790/5764 4824/4866/5850
f 4747/4704/5671 4742/4712/5679 4741/4791/5765
f 4731/4773/5742 4726/4772/5741 4810/4889/5877
f 4811/4872/5859 4810/4889/6226 4723/4780/5878
f 4812/4789/5763 4810/4889/5877 4811/4872/5879
f 4829/4769/5738 4737/4768/5737 4817/4890/5880
f 4853/4877/5882 4814/4863/5847 4851/4864/5848
f 4817/4890/5880 4738/4894/5885 4818/4887/5875
f 4737/4768/5737 4735/4726/5693 4738/4894/5885
f 4816/4893/5884 4818/4887/5875 4819/4888/5876
f 4821/4790/5764 4818/4887/5875 4738/4894/5885
f 4823/4891/5881 4817/4890/5880 4816/4893/5884
f 4826/4884/5872 4825/4923/5921 4819/4888/5876
f 4867/4897/5888 4863/4938/5939 4862/4898/5889
f 4827/4899/5891 4826/4884/5872 4824/4866/5850
f 5002/4900/5892 4998/4802/5777 5000/4804/5779
f 4978/4902/5894 4966/4721/5688 4973/4903/5895
f 4719/4766/5863 4749/4876/5864 4800/4827/5806
f 4872/4905/5897 4860/4812/5788 4865/4854/5837
f 4829/4769/5738 4894/4974/5977 4830/4707/5674
f 4868/4813/5789 4850/4946/5949 4847/4906/5898
f 4837/4907/5899 4836/4909/5903 4842/4857/5840
f 4794/4862/5846 4835/4910/5909 4833/4729/5901
f 4836/4909/5903 4837/4907/5899 4835/4910/5904
f 4909/4911/5906 4907/4920/5997 4910/4912/5907
f 4839/4845/5826 4833/4729/5901 4835/4910/5909
f 4839/4845/5910 4840/4715/5682 4834/4730/5697
f 4764/4759/5728 4760/4825/6224 4717/4736/5856
f 4918/4917/5914 4920/4823/5801 4921/4918/5915
f 4836/4909/5903 4790/4860/5844 4793/4859/5842
f 4907/4920/5917 4905/4716/5825 4904/4921/5918
f 4865/4854/5837 4863/4938/5942 4867/4897/5920
f 4820/4895/5886 4845/4799/5774 4822/4896/5887
f 4825/4923/5921 4846/4800/5775 4820/4895/5886
f 4794/4862/5905 4791/4831/5843 4790/4860/5844
f 4897/4924/5922 4999/4977/5980 5001/4925/5923
f 4981/4927/5925 4804/4709/5676 4803/4928/5926
f 4859/4930/5928 4858/5157/6228 4855/4931/5929
f 4922/4822/5931 4867/4897/5888 4866/4809/5890
f 4855/4931/5933 4853/4877/5882 4852/4892/5883
f 4855/4931/5929 4858/5157/6228 4828/4878/5866
f 4861/4814/5790 4858/5157/6220 4859/4930/5935
f 5029/4935/5936 5030/5098/6175 5021/4936/5937
f 4863/4938/5939 4859/4930/5928 4857/4932/5930
f 4862/4898/5940 4857/4932/6044 4856/4939/5941
f 4863/4938/5942 4865/4854/5837 4860/4812/5788
f 4971/4914/5911 5017/4971/5974 5019/4940/5943
f 4849/4886/5874 4847/4906/5898 4825/4923/5921
f 4861/4814/5790 4868/4813/5789 4849/4886/5874
f 4945/4942/5945 4939/5010/6025 4938/4943/5946
f 4848/4945/5948 4847/4906/5898 4850/4946/5949
f 4850/4946/5949 4868/4813/5789 4872/4905/5897
f 4875/4949/5952 4876/5025/6042 4873/4950/5953
f 4877/4951/5954 4845/4799/5774 4874/4801/5776
f 4916/4952/5955 4893/4966/5969 4890/4953/5956
f 4870/4947/5950 4850/4946/5949 4871/4948/5951
f 4848/4945/5948 4875/4949/5952 4874/4801/5776
f 4879/4956/5959 4870/4947/5950 4880/4955/5958
f 4887/4958/5961 4886/4963/5966 4883/4959/5962
f 4984/4882/5870 4980/4839/5819 4979/4961/5964
f 4882/4962/5965 4883/4959/5962 4886/4963/5966
f 4884/4960/5963 4883/4959/5962 4881/4957/5960
f 4891/4965/5968 4890/4953/5956 4893/4966/5969
f 4888/4968/5971 4885/4969/5972 4886/4963/5966
f 4889/4964/5967 4886/4963/5966 4885/4969/5972
f 4890/4953/5956 4891/4965/5968 4885/4969/5972
f 4892/4954/5957 4890/4953/5956 4888/4968/5971
f 5000/4804/5779 4987/4803/5778 4982/4841/5821
f 4894/4974/5977 4829/4769/5738 4823/4891/5881
f 5017/4971/5974 5014/4981/5987 5015/4972/5975
f 4894/4974/5977 4823/4891/5881 4822/4896/5887
f 4998/4802/5777 5002/4900/5892 5003/4976/5979
f 4902/4978/5981 4837/4907/5899 4844/4908/5900
f 4921/4918/5983 4924/4997/6223 4910/4912/5984
f 4785/4851/5834 4772/4833/5812 4784/4849/5831
f 4895/4975/5978 4822/4896/5887 4845/4799/5774
f 4938/4943/5946 4937/5005/6019 5012/4980/5986
f 4941/4982/5988 4841/4868/5852 4901/4870/5854
f 4787/4855/5838 4779/4856/5839 4896/4873/5860
f 4897/4924/5922 4898/4926/5924 4899/4869/5853
f 4906/4922/5990 4904/4921/5995 4903/4984/5991
f 4903/4984/5991 4902/4978/5981 4915/4979/5982
f 4837/4907/5899 4902/4978/5981 4838/4844/5994
f 4902/4978/5981 4903/4984/5991 4904/4921/5995
f 4950/4967/5970 4946/4995/6008 4945/4942/5945
f 4908/4717/5684 4905/4716/5683 4907/4920/5997
f 4940/4988/5998 4942/5158/6221 4915/4979/5982
f 4925/4990/6000 4924/4997/6010 4927/4933/6001
f 4756/4776/5745 4755/4775/5744 4757/4821/6003
f 4917/4985/5992 4903/4984/5991 4911/4986/5993
f 4918/4917/5914 4917/4985/5992 4912/4993/6005
f 4919/4919/5985 4910/4912/5984 4907/4920/5917
f 4919/4919/5916 4906/4922/5990 4917/4985/5992
f 4940/4988/5998 4936/5009/6024 4942/5158/6221
f 4922/4822/5800 4923/4824/5802 4931/4852/5835
f 4813/4865/5849 4811/4872/5879 4815/4871/6006
f 4929/4970/5973 4888/4968/5971 4887/4958/5961
f 4964/5033/6051 4876/5025/6042 4878/5026/6043
f 4916/4952/5955 4892/4954/5957 4920/4823/5801
f 4946/4995/6008 4950/4967/5970 4893/4966/5969
f 4924/4997/6010 4925/4990/6000 4926/4913/5908
f 4930/4994/6007 4931/4852/5835 4923/4824/5802
f 4923/4824/5802 4920/4823/5801 4892/4954/5957
f 4841/4868/5852 4941/4982/5988 4843/4858/5841
f 4934/4998/6011 4932/5007/6021 5008/4999/6012
f 4954/5001/6014 4802/4705/5672 4830/4707/5674
f 4900/5003/6016 4932/5007/6021 4943/4983/6017
f 4935/5004/6018 4933/5008/6022 4934/4998/6011
f 4949/5006/6020 4891/4965/5968 4950/4967/5970
f 4932/5007/6021 4934/4998/6011 4933/5008/6022
f 4940/4988/5998 4941/4982/5988 4943/4983/5989
f 4933/5008/6023 4935/5004/6029 4936/5009/6024
f 4937/5005/6019 4938/4943/5946 4939/5010/6025
f 4940/4988/5998 4843/4858/5841 4941/4982/5988
f 4997/5011/6026 4897/4924/5922 4787/4855/5838
f 4946/4995/6008 4944/5012/6028 4939/5010/6027
f 4944/5012/6028 4936/5009/6024 4935/5004/6029
f 4913/5013/6030 4942/5158/6221 4936/5009/6024
f 4889/4964/5967 4885/4969/5972 4891/4965/5968
f 4988/5014/6031 4990/5037/6055 4991/5015/6032
f 4889/4964/5967 4972/4915/5912 4965/5017/6034
f 4930/4994/6007 4887/4958/5961 4951/5018/6035
f 4927/4933/6001 4866/4809/5785 4953/4811/5787
f 4947/4944/5947 4938/4943/5946 5014/4981/5987
f 4952/4853/5836 4951/5018/6035 4871/4948/5951
f 4951/5018/6035 4884/4960/5963 4880/4955/5958
f 4882/4962/5965 4881/4957/5960 4883/4959/5962
f 5077/5022/6039 5072/5072/6093 5134/5023/6040
f 4875/4949/5952 4848/4945/5948 4870/4947/5950
f 4876/5025/6042 4875/4949/5952 4879/4956/5959
f 4857/4932/6044 4855/4931/5933 4854/4934/5934
f 4802/4705/5672 4954/5001/6014 4956/4929/5927
f 4898/4926/5924 4900/5003/6016 4901/4870/5854
f 4961/5027/6045 4957/5030/6048 4958/5028/6046
f 4955/5002/6015 4958/5028/6046 4957/5030/6048
f 4965/5017/6034 4972/4915/5912 4970/4792/5766
f 4963/5031/6049 4970/4792/5766 5049/4794/5768
f 4977/5034/6052 4974/4989/5999 4978/4902/5894
f 4964/5033/6051 4878/5026/6043 4882/4962/5965
f 4971/4914/5911 4970/4792/5766 4972/4915/5912
f 4968/5032/6050 4967/5065/6222 4963/5031/6049
f 5018/4941/5944 4969/4793/5767 4970/4792/5766
f 4974/4989/5999 4895/4975/5978 4877/4951/5954
f 5016/4973/5976 5019/4940/5943 5017/4971/5974
f 4975/4722/5689 4877/4951/5954 4873/4950/5953
f 4977/5034/6052 4894/4974/5977 4895/4975/5978
f 4896/4873/5860 5007/4843/5823 4987/4803/5778
f 4844/4908/5900 4842/4857/5840 4843/4858/5841
f 4912/4993/6005 4911/4986/5993 4913/5013/6030
f 4980/4839/5819 4806/4751/5718 4805/4708/5675
f 4979/4961/5964 4805/4708/5675 4804/4709/5676
f 4980/4839/5819 4982/4841/5821 4831/4752/5719
f 4770/4754/5723 4763/4788/5762 4762/4829/5808
f 4988/5014/6031 4983/4880/5868 4990/5037/6055
f 4976/4723/5690 4964/5033/6051 4966/4721/5688
f 4876/5025/6042 4964/5033/6051 4976/4723/5690
f 4898/4926/5924 5001/4925/5923 5006/5035/6053
f 4993/5016/6033 4991/5015/6032 4957/5030/6048
f 4956/4929/5927 4991/5015/6032 4990/5037/6055
f 4962/5021/6038 4960/5155/6218 4958/5028/6046
f 4803/4928/5926 4685/4701/5668 4687/4883/5871
f 4955/5002/6015 4830/4707/5674 4894/4974/5977
f 4916/4952/5955 4912/4993/6005 4914/4996/6009
f 4994/5019/6036 4978/4902/5894 4989/4904/5896
f 5009/5041/6059 5008/4999/6012 5006/5035/6053
f 4999/4977/5980 5003/4976/5979 5004/5043/6061
f 4999/4977/5980 4897/4924/5922 4997/5011/6026
f 5001/4925/5923 5004/5043/6061 5005/5042/6060
f 4972/4915/5912 4889/4964/5967 4949/5006/6020
f 5008/4999/6012 4932/5007/6021 4900/5003/6016
f 5012/4980/5986 5011/5000/6013 5010/5044/6062
f 5008/4999/6012 5009/5041/6059 5010/5044/6062
f 4937/5005/6019 4934/4998/6011 5011/5000/6013
f 5014/4981/5987 5012/4980/5986 5013/5045/6063
f 4881/4957/5960 4882/4962/5965 4878/5026/6043
f 4958/5028/6046 4955/5002/6015 4977/5034/6052
f 4995/4916/5913 4947/4944/5947 5017/4971/5974
f 4949/5006/6020 4948/4987/5996 4995/4916/5913
f 4948/4987/5996 4945/4942/5945 4947/4944/5947
f 4846/4800/5775 4825/4923/5921 4847/4906/5898
f 4827/4899/5891 4815/4871/6006 4828/4878/6064
f 5020/4901/5893 5000/4804/5779 4985/4840/5820
f 5063/5046/6065 5108/5119/6163 5128/5047/6066
f 5032/5051/6071 5031/5134/6181 5137/5052/6072
f 5042/5054/6074 5057/5084/6108 5037/5055/6075
f 5064/5059/6079 5063/5046/6065 5067/5060/6080
f 5050/5064/6085 4968/5032/6229 4967/5065/6086
f 5091/5083/6107 5037/5055/6075 5057/5084/6108
f 5037/5055/6075 5091/5083/6107 5131/5068/6089
f 5034/5066/6087 4967/5065/6086 5033/5069/6090
f 5095/5071/6092 5134/5023/6040 5072/5072/6093
f 5066/5074/6097 5062/5061/6081 5035/5075/6098
f 4969/4793/6103 5049/4794/6216 5052/5080/6104
f 5054/5082/6106 5098/5078/6214 5091/5083/6107
f 5035/5075/6109 5040/5159/6230 5043/5063/6084
f 5027/5038/6206 5024/5086/6112 5044/5153/6215
f 5042/5054/6110 5038/5056/6083 5039/5062/6082
f 5024/5086/6112 5027/5038/6206 5021/4936/6113
f 5099/5088/6115 5119/5050/6203 5053/5089/6116
f 5079/5091/6118 5076/5130/6176 5078/5092/6119
f 5047/5094/6121 5033/5069/6095 5032/5051/6071
f 5123/5095/6122 5101/5124/6167 5082/5096/6123
f 5047/5094/6124 5048/5122/6165 5045/5070/6091
f 5023/5097/6125 5022/5087/6114 5021/4936/6113
f 5042/5054/6074 5054/5082/6106 5057/5084/6108
f 5078/5092/6119 5076/5130/6176 5123/5095/6122
f 4749/4876/5864 4748/4808/5784 4798/4867/5851
f 5140/5079/6144 5044/5153/6215 5024/5086/6112
f 4689/4818/5794 4683/4879/5867 4682/4699/5666
f 5035/5075/6109 5090/5128/6172 5040/5159/6230
f 4969/4793/6213 5083/5115/6189 5084/5125/6168
f 5056/5112/6151 5055/5039/6057 5027/5038/6056
f 5070/5127/6171 5067/5060/6170 5069/5121/6231
f 5083/5115/6156 4969/4793/6103 5051/5081/6105
f 5059/5117/6158 5047/5094/6124 5058/5100/6128
f 5062/5061/6081 5066/5074/6097 5064/5059/6079
f 5058/5100/6150 5047/5094/6121 5046/5090/6117
f 4804/4709/5676 4682/4699/5666 4685/4701/5668
f 5065/5048/6067 5128/5047/6066 5095/5071/6092
f 5069/5121/6164 5067/5060/6080 5063/5046/6065
f 5101/5124/6167 5113/5135/6182 5084/5125/6168
f 5068/5126/6169 5062/5061/6173 5067/5060/6170
f 5090/5128/6172 5035/5075/6109 5062/5061/6173
f 5030/5098/6175 5029/4935/5936 5061/5101/6129
f 5082/5096/6123 5083/5115/6189 5080/5093/6120
f 5076/5130/6176 5077/5022/6039 5133/5024/6041
f 5075/5133/6180 5077/5022/6039 5076/5130/6176
f 5031/5134/6181 5084/5125/6168 5113/5135/6182
f 5022/5087/6114 5023/5097/6125 5139/4807/6183
f 5041/5085/6111 5056/5112/6151 5042/5054/6110
f 5074/5137/6188 5072/5072/6093 5077/5022/6039
f 5106/5120/6190 5088/5076/6099 5036/5067/6088
f 5085/5139/6192 5087/5138/6191 5080/5093/6187
f 5086/5116/6157 5085/5139/6192 5083/5115/6156
f 5025/5140/6193 5021/4936/5937 5027/5038/6056
f 5031/5134/6181 5032/5051/6071 4967/5065/6096
f 5119/5050/6203 5139/4807/6183 5023/5097/6125
f 5021/4936/5937 5025/5140/6193 5026/4937/5938
f 4687/4883/5871 4686/4795/5769 4695/4703/5670
f 5074/5137/6188 5073/5147/6207 5071/5073/6094
f 5027/5038/6206 5044/5153/6215 5054/5082/6106
f 5065/5048/6067 5071/5073/6094 5073/5147/6207
f 4691/4710/5677 4696/4702/5669 4697/4727/5694
f 4740/4713/5680 4686/4795/5769 4684/4700/5667
f 5022/5087/6114 5132/4806/6184 5136/5109/6145
f 5084/5125/6168 5031/5134/6181 5049/4794/6195
f 5098/5078/6214 5054/5082/6106 5044/5153/6215
f 5049/4794/6216 4968/5032/6229 5050/5064/6085
f 5108/5119/6163 5064/5059/6079 5066/5074/6097
f 4685/4701/5668 4684/4700/5667 4686/4795/5769
f 5046/5090/6117 5032/5051/6071 5138/5053/6073
f 4683/4879/5867 4796/4875/5862 4744/4874/5861
f 5106/5120/6190 5066/5074/6097 5088/5076/6099
f 4759/5156/6219 4755/4775/5744 4714/4764/5733
f 4758/4992/6004 4757/4821/6003 4774/4819/5830
f 4983/4880/5868 4979/4961/5964 4981/4927/5925
f 4869/4885/5873 4828/4878/6064 4858/5157/6220
f 4911/4986/5993 4915/4979/5982 4942/5158/6221
f 4944/5012/6028 4946/4995/6008 4914/4996/6009
f 4966/4721/5688 4963/5031/6049 4967/5065/6222
f 4924/4997/6223 4921/4918/5983 4922/4822/5931
f 4991/5015/6032 4956/4929/5927 4954/5001/6014
f 4763/4788/5762 4759/5156/6225 4760/4825/6224
f 4753/4750/5717 4778/4842/5822 4761/4847/5828
f 5143/5160/6232 5650/5161/6233 5145/5162/6234
f 5146/5163/6235 5438/5164/6236 5145/5162/6237
f 5438/5164/6236 5609/5165/6238 5145/5162/6237
f 5145/5162/6237 5609/5165/6238 5143/5160/6239
f 5146/5163/6240 5148/5166/6241 5572/5167/6242
f 5162/5168/6243 5572/5167/6242 5150/5169/6244
f 5651/5170/6245 5149/5171/6246 5572/5167/6247
f 5151/5172/6248 5572/5167/6247 5148/5166/6249
f 5148/5166/6250 5650/5161/6233 5151/5172/6251
f 5650/5161/6233 5144/5173/6252 5652/5174/6253
f 5650/5161/6233 5153/5175/6254 5440/5176/6255
f 5151/5172/6251 5440/5176/6255 5154/5177/6256
f 5154/5177/6256 5158/5178/6257 5631/5179/6258
f 5440/5176/6255 5654/5180/6259 5158/5178/6257
f 5152/5181/6260 5154/5177/6261 5475/5182/6262
f 5475/5182/6262 5154/5177/6261 5157/5183/6263
f 5158/5178/6264 5443/5184/6265 5631/5179/6266
f 5631/5179/6266 5157/5183/6263 5154/5177/6261
f 5161/5185/6267 5475/5182/6262 5611/5186/6268
f 5611/5186/6268 5157/5183/6263 5160/5187/6269
f 5162/5168/6270 5438/5164/6236 5146/5163/6235
f 5163/5188/6271 5477/5189/6272 5438/5164/6236
f 5162/5168/6270 5478/5190/6273 5163/5188/6271
f 5164/5191/6274 5512/5192/6275 5478/5190/6273
f 5150/5169/6276 5651/5170/6245 5718/5193/6277
f 5651/5170/6245 5152/5181/6260 5161/5185/6267
f 5718/5193/6277 5161/5185/6267 5166/5194/6278
f 5158/5178/6257 5445/5195/6279 5168/5196/6280
f 5158/5178/6257 5719/5197/6281 5445/5195/6279
f 5168/5196/6280 5447/5198/6282 5174/5199/6283
f 5445/5195/6279 5479/5200/6284 5447/5198/6282
f 5168/5196/6285 5159/5201/6286 5158/5178/6264
f 5171/5202/6287 5614/5203/6288 5543/5204/6289
f 5543/5204/6289 5173/5205/6290 5159/5201/6286
f 5686/5206/6291 5175/5207/6292 5728/5208/6293
f 5174/5199/6294 5171/5202/6287 5168/5196/6285
f 5447/5198/6282 5571/5209/6295 5714/5210/6296
f 5714/5210/6296 5177/5211/6297 5176/5212/6298
f 5159/5201/6286 5600/5213/6299 5443/5184/6265
f 5443/5184/6265 5160/5187/6269 5157/5183/6263
f 5173/5205/6290 5576/5214/6300 5600/5213/6299
f 5600/5213/6299 5179/5215/6301 5160/5187/6269
f 5176/5212/6302 5686/5206/6291 5714/5210/6303
f 5714/5210/6303 5686/5206/6291 5174/5199/6294
f 5180/5216/6304 5665/5217/6305 5446/5218/6306
f 5180/5216/6304 5182/5219/6307 5175/5207/6292
f 5164/5191/6308 5150/5169/6244 5688/5220/6309
f 5688/5220/6310 5150/5169/6276 5167/5221/6311
f 5193/5222/6312 5688/5220/6309 5721/5223/6313
f 5688/5220/6310 5167/5221/6311 5527/5224/6314
f 5721/5223/6315 5527/5224/6314 5183/5225/6316
f 5665/5217/6317 5687/5226/6318 5185/5227/6319
f 5176/5212/6298 5687/5226/6318 5665/5217/6317
f 5176/5212/6298 5720/5228/6320 5687/5226/6318
f 5687/5226/6318 5720/5228/6320 5184/5229/6321
f 5687/5226/6318 5184/5229/6321 5664/5230/6322
f 5687/5226/6318 5664/5230/6322 5186/5231/6323
f 5172/5232/6324 5175/5207/6292 5182/5219/6307
f 5172/5232/6324 5627/5233/6325 5187/5234/6326
f 5182/5219/6307 5188/5235/6327 5627/5233/6325
f 5166/5194/6278 5611/5186/6268 5500/5236/6328
f 5500/5236/6328 5160/5187/6269 5179/5215/6301
f 5630/5237/6329 5629/5238/6330 5189/5239/6331
f 5190/5240/6332 5729/5241/6333 5630/5237/6329
f 5502/5242/6334 5500/5236/6328 5729/5241/6333
f 5729/5241/6333 5179/5215/6301 5629/5238/6330
f 5684/5243/6335 5181/5244/6336 5446/5218/6306
f 5198/5245/6337 5684/5243/6335 5185/5227/6338
f 5191/5246/6339 5182/5219/6307 5181/5244/6336
f 5614/5203/6288 5187/5234/6326 5685/5247/6340
f 5614/5203/6288 5178/5248/6341 5173/5205/6290
f 5192/5249/6342 5730/5250/6343 5187/5234/6326
f 5715/5251/6344 5580/5252/6345 5730/5250/6343
f 5730/5250/6343 5178/5248/6341 5685/5247/6340
f 5164/5191/6274 5528/5253/6346 5512/5192/6275
f 5528/5253/6346 5194/5254/6347 5574/5255/6348
f 5512/5192/6275 5574/5255/6348 5165/5256/6349
f 5542/5257/6350 5195/5258/6351 5667/5259/6352
f 5193/5222/6353 5667/5259/6352 5194/5254/6347
f 5185/5227/6319 5687/5226/6318 5577/5260/6354
f 5577/5260/6354 5186/5231/6323 5196/5261/6355
f 5197/5262/6356 5577/5260/6354 5575/5263/6357
f 5183/5225/6316 5502/5242/6334 5190/5240/6332
f 5527/5224/6314 5166/5194/6278 5502/5242/6334
f 5190/5240/6332 5731/5264/6358 5183/5225/6316
f 5668/5265/6359 5669/5266/6360 5731/5264/6358
f 5731/5264/6358 5200/5267/6361 5632/5268/6362
f 5202/5269/6363 5188/5235/6327 5191/5246/6339
f 5187/5234/6326 5682/5270/6364 5192/5249/6342
f 5627/5233/6325 5201/5271/6365 5682/5270/6364
f 5451/5272/6366 5202/5269/6363 5684/5243/6335
f 5209/5273/6367 5451/5272/6366 5198/5245/6337
f 5205/5274/6368 5632/5268/6369 5200/5267/6370
f 5542/5257/6371 5721/5223/6313 5632/5268/6369
f 5206/5275/6372 5732/5276/6373 5207/5277/6374
f 5578/5278/6375 5200/5267/6370 5732/5276/6373
f 5732/5276/6376 5200/5267/6361 5716/5279/6377
f 5577/5260/6354 5209/5273/6378 5198/5245/6379
f 5210/5280/6380 5577/5260/6354 5579/5281/6381
f 5504/5282/6382 5208/5283/6383 5577/5260/6354
f 5579/5281/6381 5577/5260/6354 5197/5262/6356
f 5204/5284/6384 5208/5283/6383 5214/5285/6385
f 5208/5283/6383 5476/5286/6386 5214/5285/6385
f 5214/5285/6385 5213/5287/6387 5233/5288/6388
f 5230/5289/6389 5214/5285/6385 5233/5288/6388
f 5204/5284/6390 5439/5290/6391 5451/5272/6366
f 5451/5272/6366 5203/5291/6392 5202/5269/6363
f 5578/5278/6393 5215/5292/6394 5466/5293/6395
f 5205/5274/6396 5466/5293/6395 5195/5258/6351
f 5617/5294/6397 5216/5295/6398 5481/5296/6399
f 5206/5275/6400 5481/5296/6399 5215/5292/6394
f 5217/5297/6401 5480/5298/6402 5223/5299/6403
f 5223/5299/6404 5700/5300/6405 5217/5297/6406
f 5207/5277/6374 5617/5294/6407 5206/5275/6372
f 5670/5301/6408 5223/5299/6409 5617/5294/6407
f 5219/5302/6410 5482/5303/6411 5220/5304/6412
f 5670/5301/6413 5221/5305/6414 5482/5303/6411
f 5223/5299/6409 5219/5302/6410 5222/5306/6415
f 5576/5214/6300 5629/5238/6330 5179/5215/6301
f 5178/5248/6341 5618/5307/6416 5576/5214/6300
f 5618/5307/6416 5189/5239/6331 5629/5238/6330
f 5225/5308/6417 5733/5309/6418 5529/5310/6419
f 5619/5311/6420 5618/5307/6416 5733/5309/6418
f 5733/5309/6418 5224/5312/6421 5484/5313/6422
f 5529/5310/6419 5484/5313/6422 5226/5314/6423
f 5203/5291/6392 5682/5270/6364 5201/5271/6365
f 5203/5291/6392 5227/5315/6424 5682/5270/6364
f 5439/5290/6391 5227/5315/6424 5203/5291/6392
f 5530/5316/6425 5441/5317/6426 5734/5318/6427
f 5734/5318/6427 5224/5312/6421 5715/5251/6344
f 5227/5315/6424 5715/5251/6344 5192/5249/6342
f 5230/5289/6389 5231/5319/6428 5229/5320/6429
f 5250/5321/6430 5232/5322/6431 5544/5323/6432
f 5544/5323/6432 5229/5320/6429 5231/5319/6428
f 5233/5288/6388 5234/5324/6433 5231/5319/6428
f 5231/5319/6428 5701/5325/6434 5544/5323/6432
f 5544/5323/6432 5235/5326/6435 5250/5321/6430
f 5716/5279/6377 5199/5327/6436 5683/5328/6437
f 5207/5277/6438 5683/5328/6437 5221/5305/6414
f 5236/5329/6439 5735/5330/6440 5557/5331/6441
f 5221/5305/6414 5683/5328/6437 5735/5330/6440
f 5683/5328/6437 5672/5332/6442 5735/5330/6440
f 5557/5331/6441 5672/5332/6442 5237/5333/6443
f 5220/5304/6412 5222/5306/6415 5219/5302/6410
f 5220/5304/6412 5241/5334/6444 5239/5335/6445
f 5239/5335/6446 5573/5336/6447 5222/5306/6448
f 5573/5336/6447 5240/5337/6449 5218/5338/6450
f 5239/5335/6446 5531/5339/6451 5452/5340/6452
f 5452/5340/6452 5242/5341/6453 5485/5342/6454
f 5452/5340/6452 5485/5342/6454 5240/5337/6449
f 5189/5239/6331 5736/5343/6455 5630/5237/6329
f 5619/5311/6420 5671/5344/6456 5736/5343/6455
f 5736/5343/6455 5199/5327/6436 5668/5265/6359
f 5630/5237/6329 5668/5265/6359 5190/5240/6332
f 5581/5345/6457 5532/5346/6458 5243/5347/6459
f 5237/5333/6443 5737/5348/6460 5581/5345/6457
f 5672/5332/6442 5671/5344/6456 5737/5348/6460
f 5737/5348/6460 5225/5308/6417 5532/5346/6458
f 5229/5320/6461 5613/5349/6462 5439/5290/6391
f 5613/5349/6462 5228/5350/6463 5530/5316/6425
f 5439/5290/6391 5530/5316/6425 5227/5315/6424
f 5232/5322/6464 5486/5351/6465 5613/5349/6462
f 5486/5351/6465 5245/5352/6466 5582/5353/6467
f 5613/5349/6462 5582/5353/6467 5228/5350/6463
f 5221/5305/6414 5558/5354/6468 5482/5303/6411
f 5482/5303/6411 5238/5355/6469 5220/5304/6412
f 5246/5356/6470 5738/5357/6471 5247/5358/6472
f 5673/5359/6473 5558/5354/6468 5738/5357/6471
f 5738/5357/6471 5236/5329/6439 5547/5360/6474
f 5559/5361/6475 5582/5353/6467 5245/5352/6466
f 5226/5314/6423 5739/5362/6476 5559/5361/6475
f 5484/5313/6422 5441/5317/6426 5739/5362/6476
f 5739/5362/6476 5228/5350/6463 5582/5353/6467
f 5245/5352/6466 5740/5363/6477 5559/5361/6475
f 5533/5364/6478 5702/5365/6479 5740/5363/6477
f 5740/5363/6477 5249/5366/6480 5560/5367/6481
f 5559/5361/6475 5560/5367/6481 5226/5314/6423
f 5487/5368/6482 5244/5369/6483 5620/5370/6484
f 5250/5321/6430 5620/5370/6484 5232/5322/6431
f 5250/5321/6430 5453/5371/6485 5487/5368/6482
f 5487/5368/6482 5252/5372/6486 5251/5373/6487
f 5251/5373/6487 5621/5374/6488 5653/5375/6489
f 5653/5375/6489 5254/5376/6490 5253/5377/6491
f 5529/5310/6419 5532/5346/6458 5225/5308/6417
f 5226/5314/6423 5741/5378/6492 5529/5310/6419
f 5560/5367/6481 5723/5379/6493 5741/5378/6492
f 5741/5378/6492 5243/5347/6459 5532/5346/6458
f 5561/5380/6494 5454/5381/6495 5255/5382/6496
f 5256/5383/6497 5742/5384/6498 5561/5380/6494
f 5703/5385/6499 5723/5379/6493 5742/5384/6498
f 5742/5384/6498 5249/5366/6480 5454/5381/6495
f 5244/5369/6500 5717/5386/6501 5486/5351/6465
f 5717/5386/6501 5248/5387/6502 5533/5364/6478
f 5486/5351/6465 5533/5364/6478 5245/5352/6466
f 5503/5388/6503 5534/5389/6504 5260/5390/6505
f 5257/5391/6506 5743/5392/6507 5503/5388/6503
f 5704/5393/6508 5717/5386/6501 5743/5392/6507
f 5743/5392/6507 5258/5394/6509 5534/5389/6504
f 5258/5394/6510 5653/5375/6489 5253/5377/6491
f 5448/5395/6511 5251/5373/6487 5653/5375/6489
f 5260/5390/6512 5674/5396/6513 5259/5397/6514
f 5534/5389/6515 5253/5377/6491 5674/5396/6513
f 5628/5398/6516 5263/5399/6517 5531/5339/6451
f 5531/5339/6451 5261/5400/6518 5563/5401/6519
f 5531/5339/6451 5563/5401/6519 5242/5341/6453
f 5488/5402/6520 5265/5403/6521 5263/5399/6517
f 5263/5399/6517 5262/5404/6522 5675/5405/6523
f 5263/5399/6517 5675/5405/6523 5261/5400/6518
f 5263/5399/6524 5673/5359/6473 5246/5356/6470
f 5628/5398/6525 5238/5355/6469 5673/5359/6473
f 5246/5356/6470 5488/5402/6526 5263/5399/6524
f 5564/5406/6527 5265/5403/6528 5488/5402/6526
f 5253/5377/6491 5705/5407/6529 5674/5396/6513
f 5674/5396/6513 5266/5408/6530 5259/5397/6514
f 5259/5397/6514 5583/5409/6531 5565/5410/6532
f 5565/5410/6532 5268/5411/6533 5267/5412/6534
f 5562/5413/6535 5704/5393/6508 5257/5391/6506
f 5255/5382/6496 5744/5414/6536 5562/5413/6535
f 5454/5381/6495 5702/5365/6479 5744/5414/6536
f 5744/5414/6536 5248/5387/6502 5704/5393/6508
f 5489/5415/6537 5562/5413/6535 5257/5391/6506
f 5269/5416/6538 5745/5417/6539 5489/5415/6537
f 5706/5418/6540 5566/5419/6541 5745/5417/6539
f 5745/5417/6539 5255/5382/6496 5562/5413/6535
f 5584/5420/6542 5703/5385/6499 5256/5383/6497
f 5271/5421/6543 5746/5422/6544 5584/5420/6542
f 5590/5423/6545 5581/5345/6457 5746/5422/6544
f 5746/5422/6544 5243/5347/6459 5703/5385/6499
f 5272/5424/6546 5747/5425/6547 5585/5426/6548
f 5490/5427/6549 5456/5428/6550 5747/5425/6547
f 5747/5425/6547 5271/5421/6543 5584/5420/6542
f 5585/5426/6548 5584/5420/6542 5256/5383/6497
f 5247/5358/6472 5748/5429/6551 5594/5430/6552
f 5547/5360/6474 5557/5331/6441 5748/5429/6551
f 5748/5429/6551 5237/5333/6443 5590/5423/6545
f 5594/5430/6552 5590/5423/6545 5271/5421/6543
f 5267/5412/6553 5586/5431/6554 5565/5410/6532
f 5565/5410/6532 5260/5390/6512 5259/5397/6514
f 5276/5432/6555 5622/5433/6556 5275/5434/6557
f 5622/5433/6556 5274/5435/6558 5267/5412/6553
f 5274/5435/6559 5749/5436/6560 5586/5431/6561
f 5608/5437/6562 5489/5415/6537 5749/5436/6560
f 5749/5436/6560 5257/5391/6506 5503/5388/6503
f 5586/5431/6561 5503/5388/6503 5260/5390/6505
f 5276/5432/6563 5750/5438/6564 5615/5439/6565
f 5676/5440/6566 5707/5441/6567 5750/5438/6564
f 5750/5438/6564 5269/5416/6538 5608/5437/6562
f 5615/5439/6565 5608/5437/6562 5274/5435/6559
f 5256/5383/6497 5751/5442/6568 5585/5426/6548
f 5561/5380/6494 5566/5419/6541 5751/5442/6568
f 5566/5419/6541 5455/5443/6569 5751/5442/6568
f 5585/5426/6548 5455/5443/6569 5272/5424/6546
f 5491/5444/6570 5623/5445/6571 5278/5446/6572
f 5272/5424/6546 5752/5447/6573 5491/5444/6570
f 5752/5447/6573 5270/5448/6574 5457/5449/6575
f 5623/5445/6571 5457/5449/6575 5279/5450/6576
f 5280/5451/6577 5753/5452/6578 5535/5453/6579
f 5587/5454/6580 5594/5430/6552 5753/5452/6578
f 5753/5452/6578 5271/5421/6543 5456/5428/6550
f 5753/5452/6578 5273/5455/6581 5535/5453/6579
f 5247/5358/6472 5564/5406/6527 5246/5356/6470
f 5587/5454/6580 5264/5456/6582 5564/5406/6527
f 5492/5457/6583 5536/5458/6584 5281/5459/6585
f 5492/5457/6583 5535/5453/6579 5536/5458/6584
f 5535/5453/6579 5282/5460/6586 5536/5458/6584
f 5267/5412/6534 5677/5461/6587 5622/5433/6588
f 5622/5433/6588 5283/5462/6589 5275/5434/6590
f 5567/5463/6591 5283/5462/6589 5545/5464/6592
f 5284/5465/6593 5545/5464/6592 5292/5466/6594
f 5285/5467/6595 5567/5463/6596 5284/5465/6597
f 5610/5468/6598 5275/5434/6557 5567/5463/6596
f 5610/5468/6598 5676/5440/6566 5276/5432/6563
f 5285/5467/6595 5754/5469/6599 5610/5468/6598
f 5444/5470/6600 5708/5471/6601 5754/5469/6599
f 5754/5469/6599 5277/5472/6602 5676/5440/6566
f 5709/5473/6603 5588/5474/6604 5287/5475/6605
f 5709/5473/6603 5678/5476/6606 5444/5470/6600
f 5588/5474/6604 5444/5470/6600 5285/5467/6595
f 5710/5477/6607 5708/5471/6601 5493/5478/6608
f 5493/5478/6608 5286/5479/6609 5679/5480/6610
f 5493/5478/6608 5679/5480/6610 5290/5481/6611
f 5459/5482/6612 5292/5466/6594 5460/5483/6613
f 5291/5484/6614 5460/5483/6613 5293/5485/6615
f 5711/5486/6616 5293/5485/6615 5494/5487/6617
f 5294/5488/6618 5494/5487/6617 5295/5489/6619
f 5287/5475/6605 5459/5482/6612 5291/5484/6614
f 5588/5474/6604 5284/5465/6597 5459/5482/6612
f 5296/5490/6620 5711/5486/6616 5294/5488/6618
f 5712/5491/6621 5291/5484/6614 5711/5486/6616
f 5495/5492/6622 5299/5493/6623 5568/5494/6624
f 5297/5495/6625 5568/5494/6624 5300/5496/6626
f 5301/5497/6627 5569/5498/6628 5298/5499/6629
f 5300/5496/6626 5496/5500/6630 5297/5495/6625
f 5496/5500/6630 5303/5501/6631 5713/5502/6632
f 5496/5500/6630 5713/5502/6632 5304/5503/6633
f 5305/5504/6634 5495/5492/6622 5297/5495/6625
f 5497/5505/6635 5537/5506/6636 5495/5492/6622
f 5297/5495/6625 5498/5507/6637 5305/5504/6634
f 5496/5500/6630 5461/5508/6638 5755/5509/6639
f 5755/5509/6639 5307/5510/6640 5498/5507/6637
f 5538/5511/6641 5295/5489/6619 5570/5512/6642
f 5308/5513/6643 5570/5512/6642 5309/5514/6644
f 5626/5515/6645 5309/5514/6644 5680/5516/6646
f 5301/5497/6627 5680/5516/6646 5302/5517/6647
f 5310/5518/6648 5538/5511/6641 5308/5513/6643
f 5642/5519/6649 5294/5488/6618 5538/5511/6641
f 5539/5520/6650 5301/5497/6627 5537/5506/6636
f 5537/5506/6636 5301/5497/6627 5298/5499/6629
f 5301/5497/6627 5311/5521/6651 5626/5515/6645
f 5626/5515/6645 5310/5518/6648 5308/5513/6643
f 5306/5522/6652 5756/5523/6653 5539/5520/6650
f 5540/5524/6654 5499/5525/6655 5756/5523/6653
f 5499/5525/6655 5462/5526/6656 5756/5523/6653
f 5539/5520/6650 5462/5526/6656 5311/5521/6651
f 5277/5472/6602 5757/5527/6657 5707/5441/6567
f 5710/5477/6607 5458/5528/6658 5757/5527/6657
f 5757/5527/6657 5270/5448/6574 5706/5418/6540
f 5707/5441/6567 5706/5418/6540 5269/5416/6538
f 5681/5529/6659 5289/5530/6660 5314/5531/6661
f 5279/5450/6576 5458/5528/6658 5681/5529/6659
f 5287/5475/6605 5758/5532/6662 5709/5473/6603
f 5296/5490/6620 5758/5532/6662 5712/5491/6621
f 5639/5533/6663 5288/5534/6664 5758/5532/6662
f 5758/5532/6662 5288/5534/6664 5709/5473/6603
f 5310/5518/6648 5759/5535/6665 5642/5519/6649
f 5696/5536/6666 5463/5537/6667 5759/5535/6665
f 5759/5535/6665 5315/5538/6668 5639/5533/6663
f 5642/5519/6649 5639/5533/6663 5296/5490/6620
f 5315/5538/6668 5464/5539/6669 5288/5534/6664
f 5509/5540/6670 5640/5541/6671 5317/5542/6672
f 5305/5504/6634 5760/5543/6673 5509/5540/6670
f 5498/5507/6637 5591/5544/6674 5760/5543/6673
f 5640/5541/6671 5591/5544/6674 5318/5545/6675
f 5319/5546/6676 5761/5547/6677 5697/5548/6678
f 5641/5549/6679 5640/5541/6671 5761/5547/6677
f 5761/5547/6677 5318/5545/6675 5655/5550/6680
f 5697/5548/6678 5655/5550/6680 5320/5551/6681
f 5509/5540/6670 5497/5505/6635 5305/5504/6634
f 5317/5542/6672 5762/5552/6682 5509/5540/6670
f 5762/5552/6682 5312/5553/6683 5540/5524/6654
f 5762/5552/6682 5306/5522/6652 5497/5505/6635
f 5311/5521/6651 5696/5536/6666 5310/5518/6648
f 5462/5526/6656 5316/5554/6684 5696/5536/6666
f 5313/5555/6685 5763/5556/6686 5516/5557/6687
f 5516/5557/6687 5776/5558/6688 5316/5554/6684
f 5678/5476/6606 5679/5480/6610 5286/5479/6609
f 5288/5534/6664 5764/5559/6689 5678/5476/6606
f 5764/5559/6689 5290/5481/6611 5679/5480/6610
f 5290/5481/6611 5764/5559/6689 5765/5560/6690
f 5464/5539/6669 5463/5537/6667 5766/5561/6691
f 5766/5561/6691 5316/5554/6684 5776/5558/6688
f 5493/5478/6608 5314/5531/6661 5289/5530/6660
f 5493/5478/6608 5321/5562/6692 5518/5563/6693
f 5314/5531/6661 5518/5563/6693 5322/5564/6694
f 5317/5542/6672 5767/5565/6695 5507/5566/6696
f 5641/5549/6679 5698/5567/6697 5767/5565/6695
f 5767/5565/6695 5323/5568/6698 5510/5569/6699
f 5507/5566/6696 5510/5569/6699 5312/5553/6683
f 5319/5546/6676 5656/5570/6700 5698/5567/6697
f 5698/5567/6697 5324/5571/6701 5323/5568/6698
f 5643/5572/6702 5510/5569/6699 5323/5568/6698
f 5643/5572/6702 5519/5573/6703 5768/5574/6704
f 5768/5574/6704 5313/5555/6685 5499/5525/6655
f 5768/5574/6704 5312/5553/6683 5510/5569/6699
f 5325/5575/6705 5769/5576/6706 5519/5573/6703
f 5519/5573/6703 5769/5576/6706 5313/5555/6685
f 5555/5577/6707 5326/5578/6708 5353/5579/6709
f 5592/5580/6710 5555/5577/6707 5353/5579/6709
f 5278/5446/6572 5770/5581/6711 5491/5444/6570
f 5624/5582/6712 5282/5460/6586 5770/5581/6711
f 5770/5581/6711 5273/5455/6581 5490/5427/6549
f 5491/5444/6570 5490/5427/6549 5272/5424/6546
f 5327/5583/6713 5624/5582/6712 5644/5584/6714
f 5699/5585/6715 5328/5586/6716 5624/5582/6712
f 5644/5584/6714 5624/5582/6712 5278/5446/6572
f 5329/5587/6717 5492/5457/6583 5281/5459/6585
f 5517/5588/6718 5280/5451/6577 5492/5457/6583
f 5264/5456/6719 5556/5589/6720 5265/5403/6528
f 5517/5588/6721 5330/5590/6722 5556/5589/6720
f 5556/5589/6723 5330/5590/6724 5265/5403/6521
f 5330/5590/6724 5467/5591/6725 5265/5403/6521
f 5265/5403/6521 5467/5591/6725 5262/5404/6522
f 5332/5592/6726 5593/5593/6727 5330/5590/6724
f 5520/5594/6728 5290/5481/6611 5765/5560/6690
f 5334/5595/6729 5771/5596/6730 5335/5597/6731
f 5634/5598/6732 5522/5599/6733 5336/5600/6734
f 5337/5601/6735 5522/5599/6733 5634/5598/6732
f 5697/5548/6678 5320/5551/6681 5468/5602/6736
f 5697/5548/6678 5468/5602/6736 5338/5603/6737
f 5339/5604/6738 5697/5548/6678 5595/5605/6739
f 5595/5605/6739 5338/5603/6737 5340/5606/6740
f 5325/5575/6705 5643/5572/6702 5657/5607/6741
f 5657/5607/6741 5323/5568/6698 5324/5571/6701
f 5657/5607/6741 5324/5571/6701 5341/5608/6742
f 5335/5597/6731 5775/5609/6743 5337/5601/6735
f 5345/5610/6744 5337/5601/6735 5344/5611/6745
f 5551/5612/6746 5521/5613/6747 5779/5614/6748
f 5779/5614/6748 5321/5562/6692 5520/5594/6728
f 5635/5615/6749 5334/5595/6729 5346/5616/6750
f 5347/5617/6751 5521/5613/6747 5635/5615/6749
f 5552/5618/6752 5314/5531/6661 5322/5564/6694
f 5348/5619/6753 5681/5529/6659 5552/5618/6752
f 5348/5619/6753 5772/5620/6754 5279/5450/6576
f 5694/5621/6755 5644/5584/6714 5772/5620/6754
f 5772/5620/6754 5278/5446/6572 5623/5445/6571
f 5329/5587/6717 5332/5592/6756 5330/5590/6722
f 5349/5622/6757 5666/5623/6758 5332/5592/6756
f 5469/5624/6759 5351/5625/6760 5666/5623/6758
f 5339/5604/6738 5596/5626/6761 5656/5570/6700
f 5656/5570/6700 5341/5608/6742 5324/5571/6701
f 5325/5575/6705 5658/5627/6762 5326/5578/6708
f 5336/5600/6734 5778/5628/6763 5636/5629/6764
f 5870/5630/6765 5524/5631/6766 5777/5632/6767
f 5525/5633/6768 5356/5634/6769 5357/5635/6770
f 5358/5636/6771 5636/5629/6764 5525/5633/6768
f 5351/5625/6772 5659/5637/6773 5666/5623/6774
f 5666/5623/6774 5333/5638/6775 5332/5592/6726
f 5660/5639/6776 5351/5625/6772 5362/5640/6777
f 5352/5641/6778 5595/5605/6739 5597/5642/6779
f 5597/5642/6779 5340/5606/6740 5637/5643/6780
f 5597/5642/6779 5637/5643/6780 5361/5644/6781
f 5362/5640/6782 5523/5645/6783 5363/5646/6784
f 5363/5646/6785 5364/5647/6786 5695/5648/6787
f 5362/5640/6788 5695/5648/6787 5360/5649/6789
f 5342/5650/6790 5511/5651/6791 5524/5631/6766
f 5524/5631/6766 5357/5635/6770 5356/5634/6769
f 5511/5651/6791 5369/5652/6792 5662/5653/6793
f 5511/5651/6791 5368/5654/6794 5357/5635/6770
f 5366/5655/6795 5365/5656/6796 5342/5650/6790
f 5366/5655/6795 5343/5657/6797 5353/5579/6709
f 5662/5653/6798 5371/5658/6799 5368/5654/6800
f 5662/5653/6798 5370/5659/6801 5470/5660/6802
f 5663/5661/6803 5526/5662/6804 5372/5663/6805
f 5368/5654/6800 5371/5658/6799 5663/5661/6803
f 5371/5658/6799 5373/5664/6806 5526/5662/6804
f 5501/5665/6807 5375/5666/6808 5370/5659/6801
f 5599/5667/6809 5377/5668/6810 5638/5669/6811
f 5374/5670/6812 5638/5669/6811 5375/5666/6808
f 5365/5656/6813 5501/5665/6814 5369/5652/6792
f 5365/5656/6796 5366/5655/6795 5598/5671/6815
f 5365/5656/6813 5374/5670/6816 5501/5665/6814
f 5553/5672/6817 5336/5600/6734 5358/5636/6771
f 5344/5611/6745 5634/5598/6732 5553/5672/6817
f 5526/5662/6818 5358/5636/6771 5372/5663/6819
f 5378/5673/6820 5553/5672/6817 5526/5662/6818
f 5663/5661/6821 5357/5635/6770 5368/5654/6794
f 5372/5663/6819 5525/5633/6768 5663/5661/6821
f 5346/5616/6750 5541/5674/6822 5345/5610/6744
f 5334/5595/6729 5335/5597/6731 5541/5674/6822
f 5346/5616/6750 5380/5675/6823 5379/5676/6824
f 5380/5675/6825 5381/5677/6826 5382/5678/6827
f 5380/5675/6823 5345/5610/6744 5344/5611/6745
f 5380/5675/6825 5382/5678/6827 5607/5679/6828
f 5380/5675/6825 5607/5679/6828 5384/5680/6829
f 5376/5681/6830 5598/5671/6831 5367/5682/6832
f 5379/5676/6824 5635/5615/6749 5346/5616/6750
f 5379/5676/6824 5347/5617/6751 5635/5615/6749
f 5379/5676/6833 5380/5675/6825 5383/5683/6834
f 5383/5683/6834 5384/5680/6829 5471/5684/6835
f 5383/5683/6834 5471/5684/6835 5385/5685/6836
f 5322/5564/6694 5689/5686/6837 5386/5687/6838
f 5518/5563/6693 5347/5617/6751 5689/5686/6837
f 5383/5683/6839 5689/5686/6837 5347/5617/6751
f 5724/5688/6840 5386/5687/6838 5689/5686/6837
f 5386/5687/6838 5552/5618/6752 5322/5564/6694
f 5605/5689/6841 5348/5619/6753 5552/5618/6752
f 5724/5688/6842 5385/5685/6836 5474/5690/6843
f 5387/5691/6844 5474/5690/6843 5389/5692/6845
f 5648/5693/6846 5389/5692/6845 5725/5694/6847
f 5390/5695/6848 5725/5694/6847 5391/5696/6849
f 5392/5697/6850 5597/5642/6779 5612/5698/6851
f 5612/5698/6851 5361/5644/6781 5393/5699/6852
f 5596/5626/6761 5394/5700/6853 5341/5608/6742
f 5352/5641/6778 5513/5701/6854 5596/5626/6761
f 5690/5702/6855 5354/5703/6856 5657/5607/6741
f 5690/5702/6855 5341/5608/6742 5394/5700/6853
f 5355/5704/6857 5354/5703/6856 5395/5705/6858
f 5773/5706/6859 5397/5707/6860 5727/5708/6861
f 5367/5682/6832 5727/5708/6861 5376/5681/6830
f 5398/5709/6862 5601/5710/6863 5691/5711/6864
f 5691/5711/6865 5399/5712/6866 5549/5713/6867
f 5691/5711/6865 5549/5713/6867 5397/5707/6860
f 5727/5708/6868 5400/5714/6869 5434/5715/6870
f 5376/5681/6871 5434/5715/6870 5377/5668/6810
f 5387/5691/6872 5605/5689/6841 5386/5687/6838
f 5648/5693/6873 5388/5716/6874 5605/5689/6841
f 5390/5695/6875 5661/5717/6876 5388/5716/6874
f 5435/5718/6877 5402/5719/6878 5661/5717/6876
f 5392/5697/6850 5449/5720/6879 5513/5701/6854
f 5513/5701/6854 5410/5721/6880 5394/5700/6881
f 5397/5707/6882 5404/5722/6883 5400/5714/6869
f 5396/5723/6884 5398/5709/6862 5395/5705/6858
f 5406/5724/6885 5398/5709/6862 5396/5723/6884
f 5403/5725/6886 5612/5698/6887 5616/5726/6888
f 5616/5726/6888 5393/5699/6889 5407/5727/6890
f 5616/5726/6891 5437/5728/6892 5403/5725/6893
f 5403/5725/6893 5408/5729/6894 5506/5730/6895
f 5403/5725/6893 5514/5731/6896 5449/5720/6897
f 5449/5720/6897 5411/5732/6898 5410/5721/6899
f 5328/5586/6716 5536/5458/6584 5282/5460/6586
f 5436/5733/6900 5281/5459/6585 5536/5458/6584
f 5281/5459/6585 5349/5622/6757 5329/5587/6717
f 5692/5734/6901 5649/5735/6902 5436/5733/6900
f 5413/5736/6903 5436/5733/6900 5328/5586/6716
f 5394/5700/6881 5406/5724/6885 5690/5702/6855
f 5406/5724/6885 5396/5723/6884 5690/5702/6855
f 5410/5721/6899 5450/5737/6904 5406/5724/6905
f 5450/5737/6904 5411/5732/6898 5602/5738/6906
f 5450/5737/6904 5602/5738/6906 5415/5739/6907
f 5416/5740/6908 5450/5737/6904 5606/5741/6909
f 5606/5741/6909 5415/5739/6907 5550/5742/6910
f 5606/5741/6909 5550/5742/6910 5417/5743/6911
f 5416/5740/6912 5601/5710/6863 5398/5709/6862
f 5416/5740/6913 5399/5712/6866 5601/5710/6914
f 5606/5741/6909 5417/5743/6911 5405/5744/6915
f 5388/5716/6874 5694/5621/6755 5348/5619/6753
f 5661/5717/6876 5327/5583/6713 5694/5621/6755
f 5402/5719/6878 5699/5585/6715 5327/5583/6713
f 5625/5745/6916 5413/5736/6903 5699/5585/6715
f 5390/5695/6848 5472/5746/6917 5435/5718/6918
f 5435/5718/6918 5419/5747/6919 5401/5748/6920
f 5401/5748/6920 5603/5749/6921 5604/5750/6922
f 5420/5751/6923 5603/5749/6921 5421/5752/6924
f 5469/5624/6925 5412/5753/6926 5774/5754/6927
f 5774/5754/6927 5412/5753/6926 5645/5755/6928
f 5350/5756/6929 5645/5755/6928 5422/5757/6930
f 5726/5758/6931 5722/5759/6932 5423/5760/6933
f 5422/5757/6930 5645/5755/6928 5726/5758/6931
f 5645/5755/6928 5414/5761/6934 5722/5759/6932
f 5363/5646/6784 5350/5756/6929 5633/5762/6935
f 5633/5762/6935 5422/5757/6930 5424/5763/6936
f 5633/5762/6937 5425/5764/6938 5473/5765/6939
f 5363/5646/6785 5473/5765/6939 5364/5647/6786
f 5431/5766/6940 5546/5767/6941 5483/5768/6942
f 5424/5763/6943 5546/5767/6941 5425/5764/6938
f 5401/5748/6944 5625/5745/6916 5402/5719/6878
f 5604/5750/6945 5413/5736/6903 5625/5745/6916
f 5414/5761/6934 5646/5769/6946 5427/5770/6947
f 5692/5734/6901 5420/5751/6948 5646/5769/6946
f 5646/5769/6949 5421/5752/6924 5693/5771/6950
f 5427/5770/6951 5693/5771/6950 5428/5772/6952
f 5515/5773/6953 5428/5772/6952 5548/5774/6954
f 5429/5775/6955 5548/5774/6954 5430/5776/6956
f 5423/5760/6957 5483/5768/6958 5726/5758/6931
f 5726/5758/6931 5424/5763/6936 5422/5757/6930
f 5429/5775/6959 5431/5766/6960 5423/5760/6957
f 5427/5770/6947 5722/5759/6932 5414/5761/6934
f 5515/5773/6961 5423/5760/6933 5722/5759/6932
f 5426/5777/6962 5431/5766/6940 5433/5778/6963
f 5429/5775/6955 5430/5776/6956 5647/5779/6964
f 5432/5780/6965 5647/5779/6964 5433/5778/6966
f 5782/5781/6967 5878/5782/6968 5927/5783/6969
f 5927/5783/6969 5818/5784/6970 5835/5785/6971
f 5818/5784/6970 5879/5786/6972 5928/5787/6973
f 5928/5787/6973 5784/5788/6974 5785/5789/6975
f 5927/5783/6976 5931/5790/6977 5782/5781/6978
f 5835/5785/6979 5931/5790/6977 5927/5783/6976
f 5855/5791/6980 5781/5792/6981 5931/5790/6982
f 5928/5787/6983 5855/5791/6984 5835/5785/6979
f 5785/5789/6985 5855/5791/6984 5928/5787/6983
f 5786/5793/6986 5910/5794/6987 5844/5795/6988
f 5854/5796/6989 5930/5797/6990 5910/5794/6991
f 5910/5794/6991 5836/5798/6992 5856/5799/6993
f 5856/5799/6993 5929/5800/6994 5911/5801/6995
f 5911/5801/6995 5782/5781/6978 5931/5790/6977
f 5911/5801/6996 5931/5790/6982 5781/5792/6981
f 5856/5799/6997 5911/5801/6996 5844/5795/6988
f 5787/5802/6998 5883/5803/6999 5930/5797/7000
f 5930/5797/7000 5820/5804/7001 5836/5798/7002
f 5836/5798/7002 5882/5805/7003 5929/5800/7004
f 5882/5805/7003 5783/5806/7005 5782/5781/6967
f 5900/5807/7006 5857/5808/7007 5846/5809/7008
f 5845/5810/7009 5902/5811/7010 5900/5807/7006
f 5900/5807/7006 5847/5812/7011 5857/5808/7007
f 5857/5808/7007 5903/5813/7012 5901/5814/7013
f 5901/5814/7013 5790/5815/7014 5792/5816/7015
f 5785/5789/6975 5889/5817/7016 5926/5818/7017
f 5926/5818/7017 5828/5819/7018 5841/5820/7019
f 5841/5820/7019 5890/5821/7020 5912/5822/7021
f 5890/5821/7020 5789/5823/7022 5845/5810/7009
f 5841/5820/7019 5912/5822/7021 5898/5824/7023
f 5898/5824/7023 5845/5810/7009 5791/5825/7024
f 5791/5825/7025 5900/5807/7026 5893/5826/7027
f 5900/5807/7026 5846/5809/7028 5893/5826/7027
f 5858/5827/7029 5904/5828/7030 5848/5829/7031
f 5858/5827/7029 5848/5829/7031 5851/5830/7032
f 5842/5831/7033 5926/5818/7034 5859/5832/7035
f 5859/5832/7035 5898/5824/7023 5780/5833/7036
f 5795/5834/7037 5892/5835/7038 5921/5836/7039
f 5921/5836/7039 5829/5837/7040 5814/5838/7041
f 5814/5838/7041 5891/5839/7042 5875/5840/7043
f 5875/5840/7043 5788/5841/7044 5787/5802/6998
f 5853/5842/7045 5914/5843/7046 5786/5793/6986
f 5853/5842/7045 5913/5844/7047 5860/5845/7048
f 5853/5842/7045 5794/5846/7049 5913/5844/7047
f 5913/5844/7047 5795/5834/7050 5921/5836/7051
f 5860/5845/7052 5921/5836/7051 5814/5838/7053
f 5860/5845/7052 5875/5840/7054 5914/5843/7055
f 5914/5843/7055 5787/5802/7056 5854/5796/6989
f 5790/5815/7014 5924/5847/7057 5792/5816/7015
f 5908/5848/7058 5815/5849/7059 5924/5847/7057
f 5850/5850/7060 5876/5851/7061 5815/5849/7059
f 5909/5852/7062 5797/5853/7063 5876/5851/7061
f 5797/5853/7064 5861/5854/7065 5876/5851/7066
f 5876/5851/7066 5848/5829/7067 5815/5849/7068
f 5798/5855/7069 5851/5830/7032 5861/5854/7070
f 5861/5854/7070 5851/5830/7032 5848/5829/7031
f 5815/5849/7068 5848/5829/7067 5924/5847/7057
f 5924/5847/7057 5904/5828/7071 5792/5816/7015
f 5799/5856/7072 5862/5857/7073 5801/5858/7074
f 5862/5857/7073 5800/5859/7075 5833/5860/7076
f 5821/5861/7077 5863/5862/7078 5873/5863/7079
f 5884/5864/7080 5824/5865/7081 5863/5862/7078
f 5863/5862/7078 5799/5856/7072 5801/5858/7082
f 5915/5866/7083 5852/5867/7084 5804/5868/7085
f 5805/5869/7086 5915/5866/7083 5804/5868/7085
f 5880/5870/7087 5864/5871/7088 5915/5866/7083
f 5852/5867/7084 5864/5871/7088 5807/5872/7089
f 5824/5865/7081 5831/5873/7090 5799/5856/7072
f 5885/5874/7091 5865/5875/7092 5824/5865/7081
f 5825/5876/7093 5894/5877/7094 5865/5875/7092
f 5886/5878/7095 5804/5868/7085 5894/5877/7094
f 5865/5875/7092 5894/5877/7094 5831/5873/7090
f 5807/5872/7096 5866/5879/7097 5852/5867/7098
f 5834/5880/7099 5808/5881/7100 5866/5879/7097
f 5866/5879/7097 5778/5628/6763 5843/5882/7101
f 5852/5867/7098 5866/5879/7097 5804/5868/7102
f 5804/5868/7102 5843/5882/7101 5894/5877/7103
f 5894/5877/7103 5867/5883/7104 5831/5873/7090
f 5831/5873/7090 5822/5884/7105 5799/5856/7072
f 5899/5885/7106 5868/5886/7107 5777/5632/6767
f 5834/5880/7099 5807/5872/7096 5899/5885/7108
f 5899/5885/7108 5837/5887/7109 5868/5886/7110
f 5868/5886/7110 5897/5888/7111 5917/5889/7112
f 5917/5889/7112 5809/5890/7113 5816/5891/7114
f 5777/5632/6767 5917/5889/7112 5816/5891/7114
f 5809/5890/7115 5918/5892/7116 5923/5893/7117
f 5923/5893/7117 5869/5894/7118 5826/5895/7119
f 5810/5896/7120 5896/5897/7121 5918/5892/7116
f 5918/5892/7116 5832/5898/7122 5869/5894/7118
f 5869/5894/7118 5895/5899/7123 5922/5900/7124
f 5922/5900/7124 5793/5901/7125 5795/5834/7037
f 5806/5902/7126 5807/5872/7089 5864/5871/7088
f 5807/5872/7089 5827/5903/7127 5837/5887/7128
f 5837/5887/7128 5888/5904/7129 5897/5888/7130
f 5897/5888/7130 5810/5896/7120 5809/5890/7115
f 5870/5630/6765 5923/5893/7131 5826/5895/7132
f 5816/5891/7114 5923/5893/7131 5870/5630/6765
f 5794/5846/7049 5932/5905/7133 5907/5906/7134
f 5794/5846/7049 5826/5895/7132 5932/5905/7133
f 5932/5905/7133 5826/5895/7132 5922/5900/7135
f 5907/5906/7134 5922/5900/7135 5795/5834/7050
f 5797/5853/7063 5919/5907/7136 5877/5908/7137
f 5919/5907/7136 5817/5909/7138 5877/5908/7137
f 5796/5910/7139 5919/5907/7136 5797/5853/7063
f 5905/5911/7140 5849/5912/7141 5919/5907/7136
f 5849/5912/7141 5925/5913/7142 5817/5909/7138
f 5906/5914/7143 5823/5915/7144 5925/5913/7142
f 5812/5916/7145 5871/5917/7146 5925/5913/7147
f 5925/5913/7147 5871/5917/7146 5817/5909/7138
f 5871/5917/7148 5798/5855/7148 5877/5908/7148
f 5877/5908/7149 5798/5855/7150 5797/5853/7064
f 5920/5918/7151 5872/5919/7152 5839/5920/7153
f 5812/5916/7145 5872/5919/7152 5838/5921/7154
f 5840/5922/7155 5833/5860/7076 5872/5919/7152
f 5839/5920/7153 5833/5860/7076 5800/5859/7075
f 5823/5915/7144 5840/5922/7156 5812/5916/7157
f 5811/5923/7158 5873/5863/7079 5823/5915/7144
f 5873/5863/7079 5801/5858/7082 5840/5922/7156
f 5464/5539/6669 5766/5561/6691 5842/5831/7159
f 5764/5559/6689 5465/5924/7160 5780/5833/7036
f 5465/5924/7160 5464/5539/6669 5830/5925/7161
f 5765/5560/6690 5764/5559/6689 5893/5826/7027
f 5858/5827/7029 5765/5560/6690 5893/5826/7027
f 5858/5827/7029 5851/5830/7032 5765/5560/6690
f 5465/5924/7160 5830/5925/7161 5780/5833/7036
f 5766/5561/6691 5776/5558/6688 5781/5792/6981
f 5776/5558/6688 5763/5556/6686 5781/5792/6981
f 5766/5561/6691 5781/5792/6981 5842/5831/7159
f 5763/5556/6686 5769/5576/6706 5844/5795/6988
f 5326/5578/6708 5555/5577/6707 5786/5793/6986
f 5555/5577/6707 5853/5842/7045 5786/5793/6986
f 5769/5576/6706 5326/5578/6708 5786/5793/6986
f 5780/5833/7036 5893/5826/7027 5764/5559/6689
f 5769/5576/6706 5786/5793/6986 5844/5795/6988
f 5830/5925/7161 5464/5539/6669 5842/5831/7159
f 5763/5556/6686 5844/5795/6988 5781/5792/6981
f 5555/5577/6707 5592/5580/6710 5853/5842/7045
f 5592/5580/6710 5353/5579/6709 5794/5846/7049
f 5353/5579/6709 5343/5657/6797 5794/5846/7049
f 5343/5657/6797 5342/5650/6790 5870/5630/6765
f 5794/5846/7049 5853/5842/7045 5592/5580/6710
f 5505/5926/7162 5771/5596/6730 5839/5920/7153
f 5775/5609/6743 5916/5927/7163 5522/5599/6733
f 5779/5614/6748 5520/5594/6728 5798/5855/7069
f 5520/5594/6728 5765/5560/6690 5851/5830/7032
f 5551/5612/6746 5838/5921/7154 5920/5918/7151
f 5871/5917/7146 5838/5921/7154 5551/5612/6746
f 5520/5594/6728 5851/5830/7032 5798/5855/7069
f 5775/5609/6743 5505/5926/7162 5862/5857/7073
f 5920/5918/7151 5839/5920/7153 5771/5596/6730
f 5551/5612/6746 5920/5918/7151 5771/5596/6730
f 5871/5917/7146 5779/5614/6748 5798/5855/7069
f 5505/5926/7162 5839/5920/7153 5800/5859/7075
f 5870/5630/6765 5794/5846/7049 5343/5657/6797
f 5356/5634/6769 5808/5881/7100 5899/5885/7106
f 5505/5926/7162 5800/5859/7075 5862/5857/7073
f 5822/5884/7105 5775/5609/6743 5862/5857/7073
f 5775/5609/6743 5822/5884/7105 5916/5927/7163
f 5916/5927/7163 5867/5883/7104 5522/5599/6733
f 5779/5614/6748 5871/5917/7146 5551/5612/6746
f 5778/5628/6763 5808/5881/7100 5356/5634/6769
f 5356/5634/6769 5899/5885/7106 5777/5632/6767
f 5777/5632/6767 5816/5891/7114 5870/5630/6765
f 6025/5928/7164 5971/5929/7165 6026/5930/7166
f 6026/5930/7166 5972/5931/7167 6027/5932/7168
f 5934/5933/7169 5970/5934/7170 6025/5928/7164
f 6027/5932/7168 5935/5935/7171 5936/5936/7172
f 6030/5937/7173 5977/5938/7174 6029/5939/7175
f 6029/5939/7175 5976/5940/7176 6028/5941/7177
f 5937/5942/7178 5978/5943/7179 6030/5937/7173
f 6028/5941/7177 5934/5933/7169 5933/5944/7180
f 6007/5945/7181 6031/5946/7182 6008/5947/7183
f 6031/5946/7182 6011/5948/7184 6009/5949/7185
f 5940/5950/7186 6010/5951/7187 6007/5945/7181
f 6011/5948/7184 5941/5952/7188 6009/5949/7185
f 5995/5953/7189 5990/5954/7190 5996/5955/7191
f 5996/5955/7191 5991/5956/7192 5997/5957/7193
f 5936/5936/7172 5989/5958/7194 5995/5953/7189
f 5997/5957/7193 5940/5950/7186 5939/5959/7195
f 5994/5960/7196 5993/5961/7197 5962/5962/7198
f 5962/5962/7198 5992/5963/7199 5961/5964/7200
f 5943/5965/7201 5994/5960/7196 5963/5966/7202
f 5992/5963/7199 5938/5967/7203 5937/5942/7178
f 6018/5968/7204 6032/5969/7205 5964/5970/7206
f 6032/5969/7205 5966/5971/7207 5965/5972/7208
f 5941/5952/7188 5964/5970/7206 5942/5973/7209
f 6033/5974/7210 5946/5975/7211 5966/5971/7207
f 6034/5976/7212 6020/5977/7213 6019/5978/7214
f 6034/5976/7212 5979/5979/7215 6020/5977/7213
f 5948/5980/7216 6034/5976/7212 5947/5981/7217
f 5979/5979/7215 5950/5982/7218 6021/5983/7219
f 5973/5984/7220 6023/5985/7221 6022/5986/7222
f 5974/5987/7223 6024/5988/7224 6023/5985/7221
f 5952/5989/7225 6022/5986/7222 5951/5990/7226
f 5975/5991/7227 5954/5992/7228 6024/5988/7224
f 5980/5993/7229 5999/5994/7230 5998/5995/7231
f 5981/5996/7232 6000/5997/7233 5999/5994/7230
f 5949/5998/7234 5998/5995/7231 5950/5982/7218
f 5982/5999/7235 5952/5989/7225 6000/5997/7233
f 5984/6000/7236 6001/6001/7237 5983/6002/7238
f 5955/6003/7239 6003/6004/7240 5985/6005/7241
f 6003/6004/7240 6002/6006/7242 5984/6000/7236
f 6001/6001/7237 5944/6007/7243 5943/5965/7201
f 6004/6008/7244 5987/6009/7245 6005/6010/7246
f 6005/6010/7246 5988/6011/7247 6006/6012/7248
f 5953/6013/7249 6004/6008/7244 5954/5992/7228
f 5988/6011/7247 5956/6014/7250 5955/6003/7239
f 6012/6015/7251 6013/6016/7252 5967/6017/7253
f 6013/6016/7252 5969/6018/7254 5968/6019/7255
f 5945/6020/7256 5967/6017/7253 5946/5975/7211
f 6014/6021/7257 5958/6022/7258 5969/6018/7254
f 6035/6023/7259 6016/6024/7260 6017/6025/7261
f 5960/6026/7262 6015/6027/7263 6016/6024/7260
f 5957/6028/7264 6017/6025/7261 5958/6022/7258
f 5959/6029/7265 5947/5981/7217 6015/6027/7263
f 5143/5160/6232 5144/5173/6252 5650/5161/6233
f 5650/5161/6233 5148/5166/6250 5145/5162/6234
f 5438/5164/6236 5147/6030/7266 5609/5165/6238
f 5146/5163/6240 5145/5162/7267 5148/5166/6241
f 5162/5168/6243 5146/5163/6240 5572/5167/6242
f 5150/5169/6276 5572/5167/6247 5149/5171/6246
f 5151/5172/6248 5152/5181/6260 5651/5170/6245
f 5151/5172/6248 5651/5170/6245 5572/5167/6247
f 5151/5172/6251 5650/5161/6233 5440/5176/6255
f 5650/5161/6233 5652/5174/6253 5153/5175/6254
f 5440/5176/6255 5153/5175/6254 5442/6031/7268
f 5440/5176/6255 5442/6031/7268 5155/6032/7269
f 5154/5177/6256 5440/5176/6255 5158/5178/6257
f 5440/5176/6255 5155/6032/7269 5654/5180/6259
f 5158/5178/6257 5654/5180/6259 5156/6033/7270
f 5152/5181/6260 5151/5172/6248 5154/5177/6261
f 5158/5178/6264 5159/5201/6286 5443/5184/6265
f 5631/5179/6266 5443/5184/6265 5157/5183/6263
f 5161/5185/6267 5152/5181/6260 5475/5182/6262
f 5611/5186/6268 5475/5182/6262 5157/5183/6263
f 5162/5168/6270 5163/5188/6271 5438/5164/6236
f 5438/5164/6236 5477/5189/6272 5147/6030/7266
f 5162/5168/6270 5164/5191/6274 5478/5190/6273
f 5478/5190/6273 5512/5192/6275 5165/5256/6349
f 5150/5169/6276 5149/5171/6246 5651/5170/6245
f 5718/5193/6277 5651/5170/6245 5161/5185/6267
f 5167/5221/6311 5718/5193/6277 5166/5194/6278
f 5167/5221/6311 5150/5169/6276 5718/5193/6277
f 5158/5178/6257 5156/6033/7270 5719/5197/6281
f 5445/5195/6279 5719/5197/6281 5169/6034/7271
f 5168/5196/6280 5445/5195/6279 5447/5198/6282
f 5445/5195/6279 5169/6034/7271 5479/5200/6284
f 5447/5198/6282 5479/5200/6284 5170/6035/7272
f 5168/5196/6285 5543/5204/6289 5159/5201/6286
f 5168/5196/6285 5171/5202/6287 5543/5204/6289
f 5171/5202/6287 5172/5232/6324 5614/5203/6288
f 5543/5204/6289 5614/5203/6288 5173/5205/6290
f 5174/5199/6294 5686/5206/6291 5728/5208/6293
f 5728/5208/6293 5175/5207/6292 5171/5202/6287
f 5174/5199/6294 5728/5208/6293 5171/5202/6287
f 5714/5210/6296 5174/5199/6283 5447/5198/6282
f 5447/5198/6282 5170/6035/7272 5571/5209/6295
f 5714/5210/6296 5571/5209/6295 5177/5211/6297
f 5159/5201/6286 5173/5205/6290 5600/5213/6299
f 5443/5184/6265 5600/5213/6299 5160/5187/6269
f 5173/5205/6290 5178/5248/6341 5576/5214/6300
f 5600/5213/6299 5576/5214/6300 5179/5215/6301
f 5176/5212/6302 5180/5216/6304 5686/5206/6291
f 5686/5206/6291 5180/5216/6304 5175/5207/6292
f 5181/5244/6336 5180/5216/6304 5446/5218/6306
f 5180/5216/6304 5176/5212/6302 5665/5217/6305
f 5446/5218/6306 5665/5217/6305 5185/5227/6338
f 5180/5216/6304 5181/5244/6336 5182/5219/6307
f 5164/5191/6308 5162/5168/6243 5150/5169/6244
f 5193/5222/6312 5528/5253/7273 5688/5220/6309
f 5528/5253/7273 5164/5191/6308 5688/5220/6309
f 5721/5223/6315 5688/5220/6310 5527/5224/6314
f 5176/5212/6298 5177/5211/6297 5720/5228/6320
f 5172/5232/6324 5171/5202/6287 5175/5207/6292
f 5172/5232/6324 5182/5219/6307 5627/5233/6325
f 5166/5194/6278 5161/5185/6267 5611/5186/6268
f 5500/5236/6328 5611/5186/6268 5160/5187/6269
f 5630/5237/6329 5729/5241/6333 5629/5238/6330
f 5190/5240/6332 5502/5242/6334 5729/5241/6333
f 5502/5242/6334 5166/5194/6278 5500/5236/6328
f 5729/5241/6333 5500/5236/6328 5179/5215/6301
f 5185/5227/6338 5684/5243/6335 5446/5218/6306
f 5684/5243/6335 5191/5246/6339 5181/5244/6336
f 5684/5243/6335 5202/5269/6363 5191/5246/6339
f 5191/5246/6339 5188/5235/6327 5182/5219/6307
f 5614/5203/6288 5172/5232/6324 5187/5234/6326
f 5614/5203/6288 5685/5247/6340 5178/5248/6341
f 5187/5234/6326 5730/5250/6343 5685/5247/6340
f 5192/5249/6342 5715/5251/6344 5730/5250/6343
f 5715/5251/6344 5224/5312/6421 5580/5252/6345
f 5730/5250/6343 5580/5252/6345 5178/5248/6341
f 5528/5253/6346 5193/5222/6353 5194/5254/6347
f 5512/5192/6275 5528/5253/6346 5574/5255/6348
f 5542/5257/6350 5205/5274/6396 5195/5258/6351
f 5193/5222/6353 5542/5257/6350 5667/5259/6352
f 5198/5245/6379 5185/5227/6319 5577/5260/6354
f 5577/5260/6354 5687/5226/6318 5186/5231/6323
f 5196/5261/6355 5575/5263/6357 5577/5260/6354
f 5183/5225/6316 5527/5224/6314 5502/5242/6334
f 5527/5224/6314 5167/5221/6311 5166/5194/6278
f 5183/5225/6316 5731/5264/6358 5632/5268/6362
f 5190/5240/6332 5668/5265/6359 5731/5264/6358
f 5668/5265/6359 5199/5327/6436 5669/5266/6360
f 5731/5264/6358 5669/5266/6360 5200/5267/6361
f 5202/5269/6363 5201/5271/6365 5188/5235/6327
f 5202/5269/6363 5203/5291/6392 5201/5271/6365
f 5187/5234/6326 5627/5233/6325 5682/5270/6364
f 5627/5233/6325 5188/5235/6327 5201/5271/6365
f 5198/5245/6337 5451/5272/6366 5684/5243/6335
f 5209/5273/6367 5204/5284/6390 5451/5272/6366
f 5205/5274/6368 5542/5257/6371 5632/5268/6369
f 5542/5257/6371 5193/5222/6312 5721/5223/6313
f 5632/5268/6362 5721/5223/6315 5183/5225/6316
f 5206/5275/6372 5578/5278/6375 5732/5276/6373
f 5578/5278/6375 5205/5274/6368 5200/5267/6370
f 5207/5277/6438 5732/5276/6376 5716/5279/6377
f 5577/5260/6354 5208/5283/6383 5209/5273/6378
f 5210/5280/6380 5504/5282/6382 5577/5260/6354
f 5504/5282/6382 5211/6036/7274 5208/5283/6383
f 5204/5284/6384 5209/5273/6378 5208/5283/6383
f 5208/5283/6383 5211/6036/7274 5476/5286/6386
f 5214/5285/6385 5476/5286/6386 5212/6037/7275
f 5214/5285/6385 5212/6037/7275 5213/5287/6387
f 5230/5289/6389 5204/5284/6384 5214/5285/6385
f 5204/5284/6390 5230/5289/7276 5439/5290/6391
f 5451/5272/6366 5439/5290/6391 5203/5291/6392
f 5578/5278/6393 5206/5275/6400 5215/5292/6394
f 5205/5274/6396 5578/5278/6393 5466/5293/6395
f 5617/5294/6397 5223/5299/6403 5480/5298/6402
f 5617/5294/6397 5480/5298/6402 5216/5295/6398
f 5206/5275/6400 5617/5294/6397 5481/5296/6399
f 5217/5297/6401 5216/5295/6398 5480/5298/6402
f 5223/5299/6404 5222/5306/6448 5573/5336/6447
f 5573/5336/6447 5218/5338/6450 5700/5300/6405
f 5223/5299/6404 5573/5336/6447 5700/5300/6405
f 5207/5277/6374 5670/5301/6408 5617/5294/6407
f 5670/5301/6408 5219/5302/6410 5223/5299/6409
f 5219/5302/6410 5670/5301/6413 5482/5303/6411
f 5670/5301/6413 5207/5277/6438 5221/5305/6414
f 5576/5214/6300 5618/5307/6416 5629/5238/6330
f 5178/5248/6341 5580/5252/6345 5618/5307/6416
f 5580/5252/6345 5224/5312/6421 5618/5307/6416
f 5225/5308/6417 5619/5311/6420 5733/5309/6418
f 5619/5311/6420 5189/5239/6331 5618/5307/6416
f 5733/5309/6418 5618/5307/6416 5224/5312/6421
f 5529/5310/6419 5733/5309/6418 5484/5313/6422
f 5682/5270/6364 5227/5315/6424 5192/5249/6342
f 5230/5289/7276 5229/5320/6461 5439/5290/6391
f 5227/5315/6424 5530/5316/6425 5734/5318/6427
f 5530/5316/6425 5228/5350/6463 5441/5317/6426
f 5734/5318/6427 5441/5317/6426 5224/5312/6421
f 5227/5315/6424 5734/5318/6427 5715/5251/6344
f 5230/5289/6389 5233/5288/6388 5231/5319/6428
f 5544/5323/6432 5232/5322/6431 5229/5320/6429
f 5233/5288/6388 5213/5287/6387 5234/5324/6433
f 5231/5319/6428 5234/5324/6433 5701/5325/6434
f 5544/5323/6432 5701/5325/6434 5235/5326/6435
f 5716/5279/6377 5200/5267/6361 5669/5266/6360
f 5716/5279/6377 5669/5266/6360 5199/5327/6436
f 5207/5277/6438 5716/5279/6377 5683/5328/6437
f 5236/5329/6439 5221/5305/6414 5735/5330/6440
f 5683/5328/6437 5199/5327/6436 5672/5332/6442
f 5557/5331/6441 5735/5330/6440 5672/5332/6442
f 5220/5304/6412 5239/5335/6445 5222/5306/6415
f 5220/5304/6412 5238/5355/6469 5241/5334/6444
f 5239/5335/6446 5452/5340/6452 5573/5336/6447
f 5573/5336/6447 5452/5340/6452 5240/5337/6449
f 5239/5335/6446 5241/5334/7277 5531/5339/6451
f 5452/5340/6452 5531/5339/6451 5242/5341/6453
f 5189/5239/6331 5619/5311/6420 5736/5343/6455
f 5619/5311/6420 5225/5308/6417 5671/5344/6456
f 5736/5343/6455 5671/5344/6456 5199/5327/6436
f 5630/5237/6329 5736/5343/6455 5668/5265/6359
f 5581/5345/6457 5737/5348/6460 5532/5346/6458
f 5237/5333/6443 5672/5332/6442 5737/5348/6460
f 5672/5332/6442 5199/5327/6436 5671/5344/6456
f 5737/5348/6460 5671/5344/6456 5225/5308/6417
f 5229/5320/6461 5232/5322/6464 5613/5349/6462
f 5439/5290/6391 5613/5349/6462 5530/5316/6425
f 5232/5322/6464 5620/5370/7278 5486/5351/6465
f 5620/5370/7278 5244/5369/6500 5486/5351/6465
f 5613/5349/6462 5486/5351/6465 5582/5353/6467
f 5221/5305/6414 5236/5329/6439 5558/5354/6468
f 5482/5303/6411 5558/5354/6468 5238/5355/6469
f 5246/5356/6470 5673/5359/6473 5738/5357/6471
f 5673/5359/6473 5238/5355/6469 5558/5354/6468
f 5738/5357/6471 5558/5354/6468 5236/5329/6439
f 5247/5358/6472 5738/5357/6471 5547/5360/6474
f 5559/5361/6475 5739/5362/6476 5582/5353/6467
f 5226/5314/6423 5484/5313/6422 5739/5362/6476
f 5484/5313/6422 5224/5312/6421 5441/5317/6426
f 5739/5362/6476 5441/5317/6426 5228/5350/6463
f 5245/5352/6466 5533/5364/6478 5740/5363/6477
f 5533/5364/6478 5248/5387/6502 5702/5365/6479
f 5740/5363/6477 5702/5365/6479 5249/5366/6480
f 5559/5361/6475 5740/5363/6477 5560/5367/6481
f 5487/5368/6482 5251/5373/6487 5244/5369/6483
f 5250/5321/6430 5487/5368/6482 5620/5370/6484
f 5250/5321/6430 5235/5326/6435 5453/5371/6485
f 5487/5368/6482 5453/5371/6485 5252/5372/6486
f 5251/5373/6487 5252/5372/6486 5621/5374/6488
f 5653/5375/6489 5621/5374/6488 5254/5376/6490
f 5529/5310/6419 5741/5378/6492 5532/5346/6458
f 5226/5314/6423 5560/5367/6481 5741/5378/6492
f 5560/5367/6481 5249/5366/6480 5723/5379/6493
f 5741/5378/6492 5723/5379/6493 5243/5347/6459
f 5561/5380/6494 5742/5384/6498 5454/5381/6495
f 5256/5383/6497 5703/5385/6499 5742/5384/6498
f 5703/5385/6499 5243/5347/6459 5723/5379/6493
f 5742/5384/6498 5723/5379/6493 5249/5366/6480
f 5244/5369/6500 5448/5395/7279 5717/5386/6501
f 5448/5395/7279 5258/5394/6509 5717/5386/6501
f 5486/5351/6465 5717/5386/6501 5533/5364/6478
f 5503/5388/6503 5743/5392/6507 5534/5389/6504
f 5257/5391/6506 5704/5393/6508 5743/5392/6507
f 5704/5393/6508 5248/5387/6502 5717/5386/6501
f 5743/5392/6507 5717/5386/6501 5258/5394/6509
f 5258/5394/6510 5448/5395/6511 5653/5375/6489
f 5448/5395/6511 5244/5369/6483 5251/5373/6487
f 5260/5390/6512 5534/5389/6515 5674/5396/6513
f 5534/5389/6515 5258/5394/6510 5253/5377/6491
f 5241/5334/7277 5628/5398/6516 5531/5339/6451
f 5531/5339/6451 5263/5399/6517 5261/5400/6518
f 5263/5399/6517 5265/5403/6521 5262/5404/6522
f 5263/5399/6524 5628/5398/6525 5673/5359/6473
f 5628/5398/6525 5241/5334/6444 5238/5355/6469
f 5246/5356/6470 5564/5406/6527 5488/5402/6526
f 5564/5406/6527 5264/5456/6719 5265/5403/6528
f 5253/5377/6491 5254/5376/6490 5705/5407/6529
f 5674/5396/6513 5705/5407/6529 5266/5408/6530
f 5259/5397/6514 5266/5408/6530 5583/5409/6531
f 5565/5410/6532 5583/5409/6531 5268/5411/6533
f 5562/5413/6535 5744/5414/6536 5704/5393/6508
f 5255/5382/6496 5454/5381/6495 5744/5414/6536
f 5454/5381/6495 5249/5366/6480 5702/5365/6479
f 5744/5414/6536 5702/5365/6479 5248/5387/6502
f 5489/5415/6537 5745/5417/6539 5562/5413/6535
f 5269/5416/6538 5706/5418/6540 5745/5417/6539
f 5706/5418/6540 5270/5448/6574 5566/5419/6541
f 5745/5417/6539 5566/5419/6541 5255/5382/6496
f 5584/5420/6542 5746/5422/6544 5703/5385/6499
f 5271/5421/6543 5590/5423/6545 5746/5422/6544
f 5590/5423/6545 5237/5333/6443 5581/5345/6457
f 5746/5422/6544 5581/5345/6457 5243/5347/6459
f 5272/5424/6546 5490/5427/6549 5747/5425/6547
f 5490/5427/6549 5273/5455/6581 5456/5428/6550
f 5747/5425/6547 5456/5428/6550 5271/5421/6543
f 5585/5426/6548 5747/5425/6547 5584/5420/6542
f 5247/5358/6472 5547/5360/6474 5748/5429/6551
f 5547/5360/6474 5236/5329/6439 5557/5331/6441
f 5748/5429/6551 5557/5331/6441 5237/5333/6443
f 5594/5430/6552 5748/5429/6551 5590/5423/6545
f 5267/5412/6553 5274/5435/6558 5586/5431/6554
f 5565/5410/6532 5586/5431/6554 5260/5390/6512
f 5276/5432/6555 5615/5439/7280 5622/5433/6556
f 5622/5433/6556 5615/5439/7280 5274/5435/6558
f 5274/5435/6559 5608/5437/6562 5749/5436/6560
f 5608/5437/6562 5269/5416/6538 5489/5415/6537
f 5749/5436/6560 5489/5415/6537 5257/5391/6506
f 5586/5431/6561 5749/5436/6560 5503/5388/6503
f 5276/5432/6563 5676/5440/6566 5750/5438/6564
f 5676/5440/6566 5277/5472/6602 5707/5441/6567
f 5750/5438/6564 5707/5441/6567 5269/5416/6538
f 5615/5439/6565 5750/5438/6564 5608/5437/6562
f 5256/5383/6497 5561/5380/6494 5751/5442/6568
f 5561/5380/6494 5255/5382/6496 5566/5419/6541
f 5566/5419/6541 5270/5448/6574 5455/5443/6569
f 5585/5426/6548 5751/5442/6568 5455/5443/6569
f 5491/5444/6570 5752/5447/6573 5623/5445/6571
f 5272/5424/6546 5455/5443/6569 5752/5447/6573
f 5752/5447/6573 5455/5443/6569 5270/5448/6574
f 5623/5445/6571 5752/5447/6573 5457/5449/6575
f 5280/5451/6577 5587/5454/6580 5753/5452/6578
f 5587/5454/6580 5247/5358/6472 5594/5430/6552
f 5753/5452/6578 5594/5430/6552 5271/5421/6543
f 5753/5452/6578 5456/5428/6550 5273/5455/6581
f 5247/5358/6472 5587/5454/6580 5564/5406/6527
f 5587/5454/6580 5280/5451/6577 5264/5456/6582
f 5492/5457/6583 5280/5451/6577 5535/5453/6579
f 5535/5453/6579 5273/5455/6581 5282/5460/6586
f 5267/5412/6534 5268/5411/6533 5677/5461/6587
f 5622/5433/6588 5677/5461/6587 5283/5462/6589
f 5567/5463/6591 5275/5434/6590 5283/5462/6589
f 5284/5465/6593 5567/5463/6591 5545/5464/6592
f 5285/5467/6595 5610/5468/6598 5567/5463/6596
f 5610/5468/6598 5276/5432/6555 5275/5434/6557
f 5610/5468/6598 5754/5469/6599 5676/5440/6566
f 5285/5467/6595 5444/5470/6600 5754/5469/6599
f 5444/5470/6600 5286/5479/6609 5708/5471/6601
f 5754/5469/6599 5708/5471/6601 5277/5472/6602
f 5709/5473/6603 5444/5470/6600 5588/5474/6604
f 5709/5473/6603 5288/5534/6664 5678/5476/6606
f 5444/5470/6600 5678/5476/6606 5286/5479/6609
f 5289/5530/6660 5710/5477/6607 5493/5478/6608
f 5710/5477/6607 5277/5472/6602 5708/5471/6601
f 5493/5478/6608 5708/5471/6601 5286/5479/6609
f 5459/5482/6612 5284/5465/6593 5292/5466/6594
f 5291/5484/6614 5459/5482/6612 5460/5483/6613
f 5711/5486/6616 5291/5484/6614 5293/5485/6615
f 5294/5488/6618 5711/5486/6616 5494/5487/6617
f 5287/5475/6605 5588/5474/6604 5459/5482/6612
f 5588/5474/6604 5285/5467/6595 5284/5465/6597
f 5296/5490/6620 5712/5491/6621 5711/5486/6616
f 5712/5491/6621 5287/5475/6605 5291/5484/6614
f 5495/5492/6622 5298/5499/6629 5299/5493/6623
f 5297/5495/6625 5495/5492/6622 5568/5494/6624
f 5301/5497/6627 5302/5517/6647 5569/5498/6628
f 5298/5499/6629 5569/5498/6628 5299/5493/6623
f 5300/5496/6626 5589/6038/7281 5496/5500/6630
f 5496/5500/6630 5589/6038/7281 5303/5501/6631
f 5305/5504/6634 5497/5505/6635 5495/5492/6622
f 5497/5505/6635 5306/5522/6652 5537/5506/6636
f 5495/5492/6622 5537/5506/6636 5298/5499/6629
f 5297/5495/6625 5755/5509/6639 5498/5507/6637
f 5297/5495/6625 5496/5500/6630 5755/5509/6639
f 5496/5500/6630 5304/5503/6633 5461/5508/6638
f 5755/5509/6639 5461/5508/6638 5307/5510/6640
f 5538/5511/6641 5294/5488/6618 5295/5489/6619
f 5308/5513/6643 5538/5511/6641 5570/5512/6642
f 5626/5515/6645 5308/5513/6643 5309/5514/6644
f 5301/5497/6627 5626/5515/6645 5680/5516/6646
f 5310/5518/6648 5642/5519/6649 5538/5511/6641
f 5642/5519/6649 5296/5490/6620 5294/5488/6618
f 5537/5506/6636 5306/5522/6652 5539/5520/6650
f 5539/5520/6650 5311/5521/6651 5301/5497/6627
f 5626/5515/6645 5311/5521/6651 5310/5518/6648
f 5306/5522/6652 5540/5524/6654 5756/5523/6653
f 5540/5524/6654 5312/5553/6683 5499/5525/6655
f 5499/5525/6655 5313/5555/6685 5462/5526/6656
f 5539/5520/6650 5756/5523/6653 5462/5526/6656
f 5277/5472/6602 5710/5477/6607 5757/5527/6657
f 5710/5477/6607 5289/5530/6660 5458/5528/6658
f 5757/5527/6657 5458/5528/6658 5270/5448/6574
f 5707/5441/6567 5757/5527/6657 5706/5418/6540
f 5681/5529/6659 5458/5528/6658 5289/5530/6660
f 5279/5450/6576 5457/5449/6575 5458/5528/6658
f 5457/5449/6575 5270/5448/6574 5458/5528/6658
f 5287/5475/6605 5712/5491/6621 5758/5532/6662
f 5296/5490/6620 5639/5533/6663 5758/5532/6662
f 5639/5533/6663 5315/5538/6668 5288/5534/6664
f 5310/5518/6648 5696/5536/6666 5759/5535/6665
f 5696/5536/6666 5316/5554/6684 5463/5537/6667
f 5759/5535/6665 5463/5537/6667 5315/5538/6668
f 5642/5519/6649 5759/5535/6665 5639/5533/6663
f 5288/5534/6664 5464/5539/6669 5465/5924/7160
f 5509/5540/6670 5760/5543/6673 5640/5541/6671
f 5305/5504/6634 5498/5507/6637 5760/5543/6673
f 5498/5507/6637 5307/5510/6640 5591/5544/6674
f 5640/5541/6671 5760/5543/6673 5591/5544/6674
f 5319/5546/6676 5641/5549/6679 5761/5547/6677
f 5641/5549/6679 5317/5542/6672 5640/5541/6671
f 5761/5547/6677 5640/5541/6671 5318/5545/6675
f 5697/5548/6678 5761/5547/6677 5655/5550/6680
f 5509/5540/6670 5762/5552/6682 5497/5505/6635
f 5317/5542/6672 5507/5566/6696 5762/5552/6682
f 5762/5552/6682 5507/5566/6696 5312/5553/6683
f 5762/5552/6682 5540/5524/6654 5306/5522/6652
f 5311/5521/6651 5462/5526/6656 5696/5536/6666
f 5462/5526/6656 5313/5555/6685 5516/5557/6687
f 5462/5526/6656 5516/5557/6687 5316/5554/6684
f 5313/5555/6685 5769/5576/6706 5763/5556/6686
f 5516/5557/6687 5763/5556/6686 5776/5558/6688
f 5678/5476/6606 5764/5559/6689 5679/5480/6610
f 5288/5534/6664 5465/5924/7160 5764/5559/6689
f 5464/5539/6669 5315/5538/6668 5463/5537/6667
f 5766/5561/6691 5463/5537/6667 5316/5554/6684
f 5493/5478/6608 5518/5563/6693 5314/5531/6661
f 5493/5478/6608 5290/5481/6611 5321/5562/6692
f 5317/5542/6672 5641/5549/6679 5767/5565/6695
f 5641/5549/6679 5319/5546/6676 5698/5567/6697
f 5767/5565/6695 5698/5567/6697 5323/5568/6698
f 5507/5566/6696 5767/5565/6695 5510/5569/6699
f 5319/5546/6676 5339/5604/6738 5656/5570/6700
f 5698/5567/6697 5656/5570/6700 5324/5571/6701
f 5643/5572/6702 5768/5574/6704 5510/5569/6699
f 5643/5572/6702 5325/5575/6705 5519/5573/6703
f 5768/5574/6704 5519/5573/6703 5313/5555/6685
f 5768/5574/6704 5499/5525/6655 5312/5553/6683
f 5325/5575/6705 5326/5578/6708 5769/5576/6706
f 5278/5446/6572 5624/5582/6712 5770/5581/6711
f 5770/5581/6711 5282/5460/6586 5273/5455/6581
f 5491/5444/6570 5770/5581/6711 5490/5427/6549
f 5327/5583/6713 5699/5585/6715 5624/5582/6712
f 5624/5582/6712 5328/5586/6716 5282/5460/6586
f 5329/5587/6717 5517/5588/6718 5492/5457/6583
f 5517/5588/6718 5264/5456/6582 5280/5451/6577
f 5264/5456/6719 5517/5588/6721 5556/5589/6720
f 5517/5588/6721 5329/5587/6717 5330/5590/6722
f 5330/5590/6724 5331/6039/7282 5467/5591/6725
f 5332/5592/6726 5333/5638/6775 5593/5593/6727
f 5330/5590/6724 5593/5593/6727 5331/6039/7282
f 5520/5594/6728 5321/5562/6692 5290/5481/6611
f 5334/5595/6729 5551/5612/6746 5771/5596/6730
f 5335/5597/6731 5771/5596/6730 5505/5926/7162
f 5337/5601/6735 5775/5609/6743 5522/5599/6733
f 5339/5604/6738 5319/5546/6676 5697/5548/6678
f 5595/5605/6739 5697/5548/6678 5338/5603/6737
f 5657/5607/6741 5643/5572/6702 5323/5568/6698
f 5354/5703/6856 5325/5575/6705 5657/5607/6741
f 5335/5597/6731 5505/5926/7162 5775/5609/6743
f 5345/5610/6744 5541/5674/6822 5337/5601/6735
f 5541/5674/6822 5335/5597/6731 5337/5601/6735
f 5551/5612/6746 5334/5595/6729 5521/5613/6747
f 5779/5614/6748 5521/5613/6747 5321/5562/6692
f 5635/5615/6749 5521/5613/6747 5334/5595/6729
f 5347/5617/6751 5321/5562/6692 5521/5613/6747
f 5552/5618/6752 5681/5529/6659 5314/5531/6661
f 5348/5619/6753 5279/5450/6576 5681/5529/6659
f 5348/5619/6753 5694/5621/6755 5772/5620/6754
f 5694/5621/6755 5327/5583/6713 5644/5584/6714
f 5772/5620/6754 5644/5584/6714 5278/5446/6572
f 5772/5620/6754 5623/5445/6571 5279/5450/6576
f 5329/5587/6717 5349/5622/6757 5332/5592/6756
f 5349/5622/6757 5469/5624/6759 5666/5623/6758
f 5469/5624/6925 5350/5756/6929 5523/5645/6783
f 5469/5624/6759 5523/5645/6783 5351/5625/6760
f 5656/5570/6700 5596/5626/6761 5341/5608/6742
f 5339/5604/6738 5352/5641/6778 5596/5626/6761
f 5326/5578/6708 5658/5627/6762 5353/5579/6709
f 5325/5575/6705 5354/5703/6856 5658/5627/6762
f 5355/5704/6857 5658/5627/6762 5354/5703/6856
f 5658/5627/6762 5355/5704/6857 5353/5579/6709
f 5636/5629/6764 5778/5628/6763 5356/5634/6769
f 5336/5600/6734 5522/5599/6733 5778/5628/6763
f 5870/5630/6765 5342/5650/6790 5524/5631/6766
f 5777/5632/6767 5524/5631/6766 5356/5634/6769
f 5525/5633/6768 5636/5629/6764 5356/5634/6769
f 5358/5636/6771 5336/5600/6734 5636/5629/6764
f 5351/5625/6772 5359/6040/7283 5659/5637/6773
f 5666/5623/6774 5659/5637/6773 5333/5638/6775
f 5360/5649/7284 5660/5639/6776 5362/5640/6777
f 5660/5639/6776 5359/6040/7283 5351/5625/6772
f 5352/5641/6778 5339/5604/6738 5595/5605/6739
f 5597/5642/6779 5595/5605/6739 5340/5606/6740
f 5363/5646/6784 5523/5645/6783 5350/5756/6929
f 5362/5640/6782 5351/5625/6760 5523/5645/6783
f 5362/5640/6788 5363/5646/6785 5695/5648/6787
f 5342/5650/6790 5365/5656/6796 5511/5651/6791
f 5524/5631/6766 5511/5651/6791 5357/5635/6770
f 5511/5651/6791 5365/5656/6813 5369/5652/6792
f 5511/5651/6791 5662/5653/6793 5368/5654/6794
f 5343/5657/6797 5366/5655/6795 5342/5650/6790
f 5355/5704/6857 5366/5655/6795 5353/5579/6709
f 5355/5704/6857 5367/5682/7285 5366/5655/6795
f 5662/5653/6798 5369/5652/7286 5370/5659/6801
f 5662/5653/6798 5470/5660/6802 5371/5658/6799
f 5663/5661/6803 5371/5658/6799 5526/5662/6804
f 5371/5658/6799 5508/6041/7287 5373/5664/6806
f 5501/5665/6807 5374/5670/6812 5375/5666/6808
f 5369/5652/7286 5501/5665/6807 5370/5659/6801
f 5599/5667/6809 5376/5681/6871 5377/5668/6810
f 5374/5670/6812 5599/5667/6809 5638/5669/6811
f 5365/5656/6813 5598/5671/6831 5374/5670/6816
f 5553/5672/6817 5634/5598/6732 5336/5600/6734
f 5344/5611/6745 5337/5601/6735 5634/5598/6732
f 5526/5662/6818 5553/5672/6817 5358/5636/6771
f 5378/5673/6820 5344/5611/6745 5553/5672/6817
f 5663/5661/6821 5525/5633/6768 5357/5635/6770
f 5372/5663/6819 5358/5636/6771 5525/5633/6768
f 5346/5616/6750 5334/5595/6729 5541/5674/6822
f 5346/5616/6750 5345/5610/6744 5380/5675/6823
f 5526/5662/6804 5373/5664/6806 5554/6042/7288
f 5526/5662/6804 5554/6042/7288 5381/5677/6826
f 5380/5675/6825 5378/5673/7289 5526/5662/6804
f 5380/5675/6825 5526/5662/6804 5381/5677/6826
f 5378/5673/6820 5380/5675/6823 5344/5611/6745
f 5376/5681/6830 5599/5667/7290 5598/5671/6831
f 5599/5667/7290 5374/5670/6816 5598/5671/6831
f 5598/5671/6815 5366/5655/6795 5367/5682/7285
f 5379/5676/6824 5383/5683/6839 5347/5617/6751
f 5383/5683/6834 5380/5675/6825 5384/5680/6829
f 5322/5564/6694 5518/5563/6693 5689/5686/6837
f 5518/5563/6693 5321/5562/6692 5347/5617/6751
f 5383/5683/6839 5724/5688/6840 5689/5686/6837
f 5724/5688/6840 5387/5691/6872 5386/5687/6838
f 5386/5687/6838 5605/5689/6841 5552/5618/6752
f 5605/5689/6841 5388/5716/6874 5348/5619/6753
f 5724/5688/6842 5383/5683/6834 5385/5685/6836
f 5387/5691/6844 5724/5688/6842 5474/5690/6843
f 5648/5693/6846 5387/5691/6844 5389/5692/6845
f 5390/5695/6848 5648/5693/6846 5725/5694/6847
f 5392/5697/6850 5352/5641/6778 5597/5642/6779
f 5612/5698/6851 5597/5642/6779 5361/5644/6781
f 5596/5626/6761 5513/5701/6854 5394/5700/6853
f 5690/5702/6855 5396/5723/6884 5354/5703/6856
f 5690/5702/6855 5657/5607/6741 5341/5608/6742
f 5367/5682/7285 5355/5704/6857 5395/5705/6858
f 5395/5705/6858 5354/5703/6856 5396/5723/6884
f 5395/5705/6858 5773/5706/7291 5367/5682/7285
f 5395/5705/6858 5691/5711/6864 5773/5706/7291
f 5773/5706/6859 5691/5711/6865 5397/5707/6860
f 5367/5682/6832 5773/5706/6859 5727/5708/6861
f 5395/5705/6858 5398/5709/6862 5691/5711/6864
f 5691/5711/6865 5601/5710/6914 5399/5712/6866
f 5727/5708/6868 5397/5707/6882 5400/5714/6869
f 5376/5681/6871 5727/5708/6868 5434/5715/6870
f 5387/5691/6872 5648/5693/6873 5605/5689/6841
f 5648/5693/6873 5390/5695/6875 5388/5716/6874
f 5390/5695/6875 5435/5718/6877 5661/5717/6876
f 5435/5718/6877 5401/5748/6944 5402/5719/6878
f 5352/5641/6778 5392/5697/6850 5513/5701/6854
f 5392/5697/6850 5403/5725/6886 5449/5720/6879
f 5513/5701/6854 5449/5720/6879 5410/5721/6880
f 5549/5713/7292 5399/5712/7293 5404/5722/6883
f 5397/5707/6882 5549/5713/7292 5404/5722/6883
f 5405/5744/7294 5399/5712/7293 5418/6043/7295
f 5405/5744/7294 5404/5722/6883 5399/5712/7293
f 5406/5724/6885 5416/5740/6912 5398/5709/6862
f 5403/5725/6886 5392/5697/6850 5612/5698/6887
f 5616/5726/6888 5612/5698/6887 5393/5699/6889
f 5616/5726/6891 5407/5727/7296 5437/5728/6892
f 5403/5725/6893 5437/5728/6892 5408/5729/6894
f 5403/5725/6893 5506/5730/6895 5409/6044/7297
f 5403/5725/6893 5409/6044/7297 5514/5731/6896
f 5449/5720/6897 5514/5731/6896 5411/5732/6898
f 5328/5586/6716 5436/5733/6900 5536/5458/6584
f 5436/5733/6900 5412/5753/6926 5281/5459/6585
f 5281/5459/6585 5412/5753/6926 5349/5622/6757
f 5413/5736/6903 5692/5734/6901 5436/5733/6900
f 5692/5734/6901 5414/5761/6934 5649/5735/6902
f 5436/5733/6900 5649/5735/6902 5412/5753/6926
f 5394/5700/6881 5410/5721/6880 5406/5724/6885
f 5450/5737/6904 5410/5721/6899 5411/5732/6898
f 5416/5740/6908 5406/5724/6905 5450/5737/6904
f 5606/5741/6909 5450/5737/6904 5415/5739/6907
f 5416/5740/6913 5418/6043/7298 5399/5712/6866
f 5418/6043/7299 5416/5740/6908 5606/5741/6909
f 5418/6043/7299 5606/5741/6909 5405/5744/6915
f 5388/5716/6874 5661/5717/6876 5694/5621/6755
f 5661/5717/6876 5402/5719/6878 5327/5583/6713
f 5402/5719/6878 5625/5745/6916 5699/5585/6715
f 5699/5585/6715 5413/5736/6903 5328/5586/6716
f 5390/5695/6848 5391/5696/6849 5472/5746/6917
f 5435/5718/6918 5472/5746/6917 5419/5747/6919
f 5401/5748/6920 5419/5747/6919 5603/5749/6921
f 5420/5751/6923 5604/5750/6922 5603/5749/6921
f 5350/5756/6929 5469/5624/6925 5774/5754/6927
f 5469/5624/6925 5349/5622/6757 5412/5753/6926
f 5350/5756/6929 5774/5754/6927 5645/5755/6928
f 5726/5758/6931 5645/5755/6928 5722/5759/6932
f 5645/5755/6928 5412/5753/6926 5649/5735/6902
f 5645/5755/6928 5649/5735/6902 5414/5761/6934
f 5633/5762/6935 5350/5756/6929 5422/5757/6930
f 5633/5762/6937 5424/5763/6943 5425/5764/6938
f 5363/5646/6785 5633/5762/6937 5473/5765/6939
f 5431/5766/6940 5426/5777/6962 5546/5767/6941
f 5424/5763/6943 5483/5768/6942 5546/5767/6941
f 5401/5748/6944 5604/5750/6945 5625/5745/6916
f 5604/5750/6945 5420/5751/6948 5413/5736/6903
f 5414/5761/6934 5692/5734/6901 5646/5769/6946
f 5692/5734/6901 5413/5736/6903 5420/5751/6948
f 5646/5769/6949 5420/5751/6923 5421/5752/6924
f 5427/5770/6951 5646/5769/6949 5693/5771/6950
f 5515/5773/6953 5427/5770/6951 5428/5772/6952
f 5429/5775/6955 5515/5773/6953 5548/5774/6954
f 5423/5760/6957 5431/5766/6960 5483/5768/6958
f 5726/5758/6931 5483/5768/6958 5424/5763/6936
f 5429/5775/6959 5432/5780/7300 5431/5766/6960
f 5427/5770/6947 5515/5773/6961 5722/5759/6932
f 5515/5773/6961 5429/5775/7301 5423/5760/6933
f 5433/5778/6963 5431/5766/6940 5432/5780/7302
f 5432/5780/6965 5429/5775/6955 5647/5779/6964
f 5782/5781/6967 5783/5806/7005 5878/5782/6968
f 5927/5783/6969 5878/5782/6968 5818/5784/6970
f 5835/5785/6971 5818/5784/6970 5928/5787/6973
f 5928/5787/6973 5879/5786/6972 5784/5788/6974
f 5835/5785/6979 5855/5791/6984 5931/5790/6977
f 5785/5789/6985 5842/5831/7033 5855/5791/6984
f 5855/5791/7303 5842/5831/7303 5781/5792/7303
f 5786/5793/6986 5854/5796/7304 5910/5794/6987
f 5844/5795/6988 5910/5794/6987 5856/5799/6997
f 5854/5796/6989 5787/5802/7056 5930/5797/6990
f 5910/5794/6991 5930/5797/6990 5836/5798/6992
f 5856/5799/6993 5836/5798/6992 5929/5800/6994
f 5911/5801/6995 5929/5800/6994 5782/5781/6978
f 5844/5795/6988 5911/5801/6996 5781/5792/6981
f 5787/5802/6998 5788/5841/7044 5883/5803/6999
f 5930/5797/7000 5883/5803/6999 5820/5804/7001
f 5836/5798/7002 5820/5804/7001 5882/5805/7003
f 5929/5800/7004 5882/5805/7003 5782/5781/6967
f 5791/5825/7024 5845/5810/7009 5900/5807/7006
f 5845/5810/7009 5789/5823/7022 5902/5811/7010
f 5900/5807/7006 5902/5811/7010 5847/5812/7011
f 5857/5808/7007 5847/5812/7011 5903/5813/7012
f 5901/5814/7013 5903/5813/7012 5790/5815/7014
f 5846/5809/7008 5857/5808/7007 5901/5814/7013
f 5785/5789/6975 5784/5788/6974 5889/5817/7016
f 5926/5818/7017 5889/5817/7016 5828/5819/7018
f 5841/5820/7019 5828/5819/7018 5890/5821/7020
f 5912/5822/7021 5890/5821/7020 5845/5810/7009
f 5898/5824/7023 5912/5822/7021 5845/5810/7009
f 5780/5833/7036 5791/5825/7025 5893/5826/7027
f 5893/5826/7027 5846/5809/7028 5858/5827/7029
f 5858/5827/7029 5846/5809/7028 5904/5828/7030
f 5846/5809/7008 5901/5814/7013 5904/5828/7071
f 5904/5828/7071 5901/5814/7013 5792/5816/7015
f 5830/5925/7161 5859/5832/7035 5780/5833/7036
f 5830/5925/7161 5842/5831/7159 5859/5832/7035
f 5842/5831/7033 5785/5789/6985 5926/5818/7034
f 5859/5832/7035 5926/5818/7034 5841/5820/7019
f 5780/5833/7036 5898/5824/7023 5791/5825/7025
f 5859/5832/7035 5841/5820/7019 5898/5824/7023
f 5795/5834/7037 5793/5901/7125 5892/5835/7038
f 5921/5836/7039 5892/5835/7038 5829/5837/7040
f 5814/5838/7041 5829/5837/7040 5891/5839/7042
f 5875/5840/7043 5891/5839/7042 5788/5841/7044
f 5786/5793/6986 5914/5843/7046 5854/5796/7304
f 5853/5842/7045 5860/5845/7048 5914/5843/7046
f 5913/5844/7047 5794/5846/7049 5907/5906/7134
f 5913/5844/7047 5907/5906/7134 5795/5834/7050
f 5860/5845/7052 5913/5844/7047 5921/5836/7051
f 5860/5845/7052 5814/5838/7053 5875/5840/7054
f 5914/5843/7055 5875/5840/7054 5787/5802/7056
f 5790/5815/7014 5908/5848/7058 5924/5847/7057
f 5908/5848/7058 5850/5850/7060 5815/5849/7059
f 5850/5850/7060 5909/5852/7062 5876/5851/7061
f 5909/5852/7062 5796/5910/7139 5797/5853/7063
f 5797/5853/7064 5798/5855/7150 5861/5854/7065
f 5876/5851/7066 5861/5854/7065 5848/5829/7067
f 5924/5847/7057 5848/5829/7067 5904/5828/7071
f 5799/5856/7072 5822/5884/7105 5862/5857/7073
f 5862/5857/7073 5833/5860/7076 5801/5858/7074
f 5873/5863/7079 5863/5862/7078 5801/5858/7082
f 5802/6045/7305 5821/5861/7077 5873/5863/7079
f 5821/5861/7077 5884/5864/7080 5863/5862/7078
f 5884/5864/7080 5803/6046/7306 5824/5865/7081
f 5863/5862/7078 5824/5865/7081 5799/5856/7072
f 5915/5866/7083 5864/5871/7088 5852/5867/7084
f 5805/5869/7086 5880/5870/7087 5915/5866/7083
f 5880/5870/7087 5819/6047/7307 5864/5871/7088
f 5819/6047/7307 5881/6048/7308 5864/5871/7088
f 5881/6048/7308 5806/5902/7126 5864/5871/7088
f 5824/5865/7081 5865/5875/7092 5831/5873/7090
f 5803/6046/7306 5885/5874/7091 5824/5865/7081
f 5885/5874/7091 5825/5876/7093 5865/5875/7092
f 5825/5876/7093 5886/5878/7095 5894/5877/7094
f 5886/5878/7095 5805/5869/7086 5804/5868/7085
f 5807/5872/7096 5834/5880/7099 5866/5879/7097
f 5866/5879/7097 5808/5881/7100 5778/5628/6763
f 5843/5882/7101 5778/5628/6763 5522/5599/6733
f 5804/5868/7102 5866/5879/7097 5843/5882/7101
f 5894/5877/7103 5843/5882/7101 5867/5883/7104
f 5843/5882/7101 5522/5599/6733 5867/5883/7104
f 5831/5873/7090 5867/5883/7104 5916/5927/7163
f 5831/5873/7090 5916/5927/7163 5822/5884/7105
f 5808/5881/7100 5834/5880/7099 5899/5885/7106
f 5899/5885/7108 5807/5872/7096 5837/5887/7109
f 5868/5886/7110 5837/5887/7109 5897/5888/7111
f 5917/5889/7112 5897/5888/7111 5809/5890/7113
f 5777/5632/6767 5868/5886/7107 5917/5889/7112
f 5923/5893/7117 5918/5892/7116 5869/5894/7118
f 5809/5890/7115 5810/5896/7120 5918/5892/7116
f 5918/5892/7116 5896/5897/7121 5832/5898/7122
f 5869/5894/7118 5832/5898/7122 5895/5899/7123
f 5922/5900/7124 5895/5899/7123 5793/5901/7125
f 5826/5895/7119 5869/5894/7118 5922/5900/7124
f 5806/5902/7126 5887/6049/7309 5807/5872/7089
f 5807/5872/7089 5887/6049/7309 5827/5903/7127
f 5837/5887/7128 5827/5903/7127 5888/5904/7129
f 5897/5888/7130 5888/5904/7129 5810/5896/7120
f 5816/5891/7114 5809/5890/7113 5923/5893/7131
f 5794/5846/7049 5870/5630/6765 5826/5895/7132
f 5907/5906/7134 5932/5905/7133 5922/5900/7135
f 5796/5910/7139 5905/5911/7140 5919/5907/7136
f 5919/5907/7136 5849/5912/7141 5817/5909/7138
f 5849/5912/7141 5906/5914/7143 5925/5913/7142
f 5906/5914/7143 5811/5923/7158 5823/5915/7144
f 5925/5913/7142 5823/5915/7144 5812/5916/7157
f 5812/5916/7145 5838/5921/7154 5871/5917/7146
f 5817/5909/7138 5871/5917/7146 5877/5908/7137
f 5812/5916/7145 5840/5922/7155 5872/5919/7152
f 5920/5918/7151 5838/5921/7154 5872/5919/7152
f 5840/5922/7155 5801/5858/7074 5833/5860/7076
f 5839/5920/7153 5872/5919/7152 5833/5860/7076
f 5823/5915/7144 5873/5863/7079 5840/5922/7156
f 5811/5923/7158 5813/6050/7310 5873/5863/7079
f 5813/6050/7310 5874/6051/7311 5873/5863/7079
f 5874/6051/7311 5802/6045/7305 5873/5863/7079
f 6025/5928/7164 5970/5934/7170 5971/5929/7165
f 6026/5930/7166 5971/5929/7165 5972/5931/7167
f 5933/5944/7180 5934/5933/7169 6025/5928/7164
f 6027/5932/7168 5972/5931/7167 5935/5935/7171
f 6030/5937/7173 5978/5943/7179 5977/5938/7174
f 6029/5939/7175 5977/5938/7174 5976/5940/7176
f 5937/5942/7178 5938/5967/7203 5978/5943/7179
f 6028/5941/7177 5976/5940/7176 5934/5933/7169
f 6007/5945/7181 6010/5951/7187 6031/5946/7182
f 6008/5947/7183 6031/5946/7182 6009/5949/7185
f 5939/5959/7195 5940/5950/7186 6007/5945/7181
f 6009/5949/7185 5941/5952/7188 5942/5973/7209
f 5995/5953/7189 5989/5958/7194 5990/5954/7190
f 5996/5955/7191 5990/5954/7190 5991/5956/7192
f 5936/5936/7172 5935/5935/7171 5989/5958/7194
f 5997/5957/7193 5991/5956/7192 5940/5950/7186
f 5963/5966/7202 5994/5960/7196 5962/5962/7198
f 5962/5962/7198 5993/5961/7197 5992/5963/7199
f 5943/5965/7201 5944/6007/7243 5994/5960/7196
f 5961/5964/7200 5992/5963/7199 5937/5942/7178
f 5964/5970/7206 6032/5969/7205 5965/5972/7208
f 6032/5969/7205 6033/5974/7210 5966/5971/7207
f 5941/5952/7188 6018/5968/7204 5964/5970/7206
f 6033/5974/7210 5945/6020/7256 5946/5975/7211
f 6020/5977/7213 5979/5979/7215 6021/5983/7219
f 5947/5981/7217 6034/5976/7212 6019/5978/7214
f 5979/5979/7215 5949/5998/7234 5950/5982/7218
f 5973/5984/7220 5974/5987/7223 6023/5985/7221
f 5974/5987/7223 5975/5991/7227 6024/5988/7224
f 5952/5989/7225 5973/5984/7220 6022/5986/7222
f 5975/5991/7227 5953/6013/7249 5954/5992/7228
f 5980/5993/7229 5981/5996/7232 5999/5994/7230
f 5981/5996/7232 5982/5999/7235 6000/5997/7233
f 5949/5998/7234 5980/5993/7229 5998/5995/7231
f 6000/5997/7233 5952/5989/7225 5951/5990/7226
f 5985/6005/7241 6003/6004/7240 5984/6000/7236
f 5955/6003/7239 5956/6014/7250 6003/6004/7240
f 5984/6000/7236 6002/6006/7242 6001/6001/7237
f 5983/6002/7238 6001/6001/7237 5943/5965/7201
f 6004/6008/7244 5986/6052/7244 5987/6009/7245
f 6005/6010/7246 5987/6009/7245 5988/6011/7247
f 5953/6013/7249 5986/6052/7244 6004/6008/7244
f 6006/6012/7248 5988/6011/7247 5955/6003/7239
f 5967/6017/7253 6013/6016/7252 5968/6019/7255
f 6013/6016/7252 6014/6021/7257 5969/6018/7254
f 5945/6020/7256 6012/6015/7251 5967/6017/7253
f 6014/6021/7257 5957/6028/7264 5958/6022/7258
f 6035/6023/7259 5960/6026/7262 6016/6024/7260
f 5960/6026/7262 5959/6029/7265 6015/6027/7263
f 5957/6028/7264 6035/6023/7259 6017/6025/7261
f 5959/6029/7265 5948/5980/7216 5947/5981/7217
l 318 551
